ID,DESC_CLASIFICACION,COD_BARRIO,BARRIO,COD_DISTRITO,DISTRITO,ESTADO,COORD_GIS_X,COORD_GIS_Y,SISTEMA_COORD,LATITUD,LONGITUD,TIPO_VIA,NOM_VIA,NUM_VIA,COD_POSTAL,DIRECCION_AUX,NDP,FECHA_INSTALACION,CODIGO_INTERNO,CONTRATO_COD,MODELO,FX_CARGA
10047501,Aparcabicicletas,155,SAN PASCUAL,15,CIUDAD LINEAL,OPERATIVO,444489.152,4476437.442,ETRS89,,,CALLE,VIRGEN DEL VAL,3,28027,,31026187,2025-06-09T00:00:00Z,,MU24,,2026-01-10T00:00:00Z
10047503,Aparcabicicletas,155,SAN PASCUAL,15,CIUDAD LINEAL,OPERATIVO,444489.138,4476438.708,ETRS89,,,CALLE,VIRGEN DEL VAL,3,28027,,31026187,2025-06-09T00:00:00Z,,MU24,,2026-01-10T00:00:00Z
10047505,Aparcabicicletas,155,SAN PASCUAL,15,CIUDAD LINEAL,OPERATIVO,444490.461,4476441.751,ETRS89,,,CALLE,VIRGEN DEL VAL,3,28027,,31026187,2025-06-09T00:00:00Z,,MU24,,2026-01-10T00:00:00Z
10047507,Aparcabicicletas,155,SAN PASCUAL,15,CIUDAD LINEAL,OPERATIVO,444491.254,4476446.514,ETRS89,,,CALLE,VIRGEN DEL VAL,3,28027,,31026187,2025-06-09T00:00:00Z,,MU24,,2026-01-10T00:00:00Z
10047509,Aparcabicicletas,155,SAN PASCUAL,15,CIUDAD LINEAL,OPERATIVO,444492.313,4476449.159,ETRS89,,,CALLE,VIRGEN DEL VAL,3,28027,,31026187,2025-06-09T00:00:00Z,,MU24,,2026-01-10T00:00:00Z
10051016,Aparcabicicletas,53,CIUDAD JARDIN,5,CHAMARTIN,OPERATIVO,442926.073,4477527.629,ETRS89,,,CALLE,MARCENADO,16,28002,,11024068,2025-06-18T00:00:00Z,,MU24,MU-51,2026-01-10T00:00:00Z
10051018,Aparcabicicletas,53,CIUDAD JARDIN,5,CHAMARTIN,OPERATIVO,442925.903,4477528.394,ETRS89,,,CALLE,MARCENADO,16,28002,,11024068,2025-06-18T00:00:00Z,,MU24,MU-51,2026-01-10T00:00:00Z
10051020,Aparcabicicletas,53,CIUDAD JARDIN,5,CHAMARTIN,OPERATIVO,442925.789,4477528.961,ETRS89,,,CALLE,MARCENADO,16,28002,,11024068,2025-06-18T00:00:00Z,,MU24,MU-51,2026-01-10T00:00:00Z
10080469,Aparcabicicletas,26,PALOS DE LA FRONTERA,2,ARGANZUELA,OPERATIVO,441275.56,4472977.809,ETRS89,,,CALLE,RAFAEL DE RIEGO,12,28045,,20008384,2025-03-12T00:00:00Z,,MU24,MU-51,2026-01-10T00:00:00Z
10080473,Aparcabicicletas,26,PALOS DE LA FRONTERA,2,ARGANZUELA,OPERATIVO,441275.496,4472979.987,ETRS89,,,CALLE,RAFAEL DE RIEGO,12,28045,,20008384,2025-03-12T00:00:00Z,,MU24,MU-51,2026-01-10T00:00:00Z
10080484,Aparcabicicletas,63,CASTILLEJOS,6,TETUAN,OPERATIVO,440835.32,4479185.325,ETRS89,,,CALLE,Puerta del Sol,2,28020,,31030814,2025-07-03T00:00:00Z,,MU24,MU-51,2026-01-10T00:00:00Z
10080486,Aparcabicicletas,63,CASTILLEJOS,6,TETUAN,OPERATIVO,440832.445,4479186.236,ETRS89,,,CALLE,Puerta del Sol,2,28020,,20107008,2025-07-03T00:00:00Z,,MU24,MU-51,2026-01-10T00:00:00Z
10047502,Aparcabicicletas,155,SAN PASCUAL,15,CIUDAD LINEAL,OPERATIVO,444492.477,4476447.119,ETRS89,,,CALLE,VIRGEN DEL VAL,3,28027,,31026187,2025-06-09T00:00:00Z,,MU24,,2026-01-10T00:00:00Z
10047504,Aparcabicicletas,155,SAN PASCUAL,15,CIUDAD LINEAL,OPERATIVO,444489.931,4476440.296,ETRS89,,,CALLE,VIRGEN DEL VAL,3,28027,,31026187,2025-06-09T00:00:00Z,,MU24,,2026-01-10T00:00:00Z
10047506,Aparcabicicletas,155,SAN PASCUAL,15,CIUDAD LINEAL,OPERATIVO,444490.857,4476444.397,ETRS89,,,CALLE,VIRGEN DEL VAL,3,28027,,31026187,2025-06-09T00:00:00Z,,MU24,,2026-01-10T00:00:00Z
10047508,Aparcabicicletas,155,SAN PASCUAL,15,CIUDAD LINEAL,OPERATIVO,444491.783,4476447.704,ETRS89,,,CALLE,VIRGEN DEL VAL,3,28027,,31026187,2025-06-09T00:00:00Z,,MU24,,2026-01-10T00:00:00Z
10047510,Aparcabicicletas,155,SAN PASCUAL,15,CIUDAD LINEAL,OPERATIVO,444492.974,4476450.482,ETRS89,,,CALLE,VIRGEN DEL VAL,3,28027,,31026187,2025-06-09T00:00:00Z,,MU24,,2026-01-10T00:00:00Z
10051017,Aparcabicicletas,53,CIUDAD JARDIN,5,CHAMARTIN,OPERATIVO,442926.016,4477528.026,ETRS89,,,CALLE,MARCENADO,16,28002,,11024068,2025-06-18T00:00:00Z,,MU24,MU-51,2026-01-10T00:00:00Z
10051019,Aparcabicicletas,53,CIUDAD JARDIN,5,CHAMARTIN,OPERATIVO,442926.3,4477527.175,ETRS89,,,CALLE,MARCENADO,16,28002,,11024068,2025-06-18T00:00:00Z,,MU24,MU-51,2026-01-10T00:00:00Z
10080468,Aparcabicicletas,26,PALOS DE LA FRONTERA,2,ARGANZUELA,OPERATIVO,441275.048,4472972.619,ETRS89,,,CALLE,RAFAEL DE RIEGO,12,28045,,20008384,2025-03-12T00:00:00Z,,MU24,MU-51,2026-01-10T00:00:00Z
10080472,Aparcabicicletas,26,PALOS DE LA FRONTERA,2,ARGANZUELA,OPERATIVO,441274.92,4472971.017,ETRS89,,,CALLE,RAFAEL DE RIEGO,12,28045,,20008384,2025-03-12T00:00:00Z,,MU24,MU-51,2026-01-10T00:00:00Z
10080474,Aparcabicicletas,26,PALOS DE LA FRONTERA,2,ARGANZUELA,OPERATIVO,441275.24,4472974.157,ETRS89,,,CALLE,RAFAEL DE RIEGO,12,28045,,20008384,2025-03-12T00:00:00Z,,MU24,MU-51,2026-01-10T00:00:00Z
10080485,Aparcabicicletas,63,CASTILLEJOS,6,TETUAN,OPERATIVO,440837.182,4479184.867,ETRS89,,,CALLE,Puerta del Sol,2,28020,,20107008,2025-07-03T00:00:00Z,,MU24,MU-51,2026-01-10T00:00:00Z
10080487,Aparcabicicletas,63,CASTILLEJOS,6,TETUAN,OPERATIVO,440837.855,4479184.195,ETRS89,,,CALLE,Puerta del Sol,2,28020,,20107008,,,MU24,MU-51,2026-01-10T00:00:00Z
10080489,Aparcabicicletas,63,CASTILLEJOS,6,TETUAN,OPERATIVO,440832.445,4479186.236,ETRS89,,,CALLE,Puerta del Sol,2,28020,,20107008,2025-07-03T00:00:00Z,,MU24,MU-51,2026-01-10T00:00:00Z
10080492,Aparcabicicletas,63,CASTILLEJOS,6,TETUAN,OPERATIVO,440837.855,4479184.195,ETRS89,,,CALLE,Puerta del Sol,2,28020,,20107008,,,MU24,MU-51,2026-01-10T00:00:00Z
10095573,Aparcabicicletas,14,JUSTICIA,1,CENTRO,OPERATIVO,441272.567,4475138.568,ETRS89,,,CALLE,MARQUES DE LA ENSENADA,12,28004,,11005127,2025-09-25T00:00:00Z,,MU24,MU-51,2026-01-10T00:00:00Z
10095575,Aparcabicicletas,14,JUSTICIA,1,CENTRO,OPERATIVO,441272.914,4475139.564,ETRS89,,,CALLE,MARQUES DE LA ENSENADA,12,28004,,11005127,2025-09-25T00:00:00Z,,MU24,MU-51,2026-01-10T00:00:00Z
10037981,Aparcabicicletas,125,MOSCARDO,12,USERA,OPERATIVO,440339.099,4471219.865,ETRS89,,,CALLE,MONEDEROS,1,28026,,11084074,,,MU24,MU-51,2026-01-10T00:00:00Z
10037983,Aparcabicicletas,125,MOSCARDO,12,USERA,OPERATIVO,440337.644,4471218.434,ETRS89,,,CALLE,MONEDEROS,2,28026,,11084187,,,MU24,MU-51,2026-01-10T00:00:00Z
10080488,Aparcabicicletas,63,CASTILLEJOS,6,TETUAN,OPERATIVO,440834.137,4479185.779,ETRS89,,,CALLE,Puerta del Sol,2,28020,,20107008,2025-07-03T00:00:00Z,,MU24,MU-51,2026-01-10T00:00:00Z
10080490,Aparcabicicletas,63,CASTILLEJOS,6,TETUAN,OPERATIVO,440837.182,4479184.867,ETRS89,,,CALLE,Puerta del Sol,2,28020,,20107008,2025-07-03T00:00:00Z,,MU24,MU-51,2026-01-10T00:00:00Z
10095574,Aparcabicicletas,14,JUSTICIA,1,CENTRO,OPERATIVO,441272.048,4475137.351,ETRS89,,,CALLE,MARQUES DE LA ENSENADA,12,28004,,11005127,2025-09-25T00:00:00Z,,MU24,MU-51,2026-01-10T00:00:00Z
10037979,Aparcabicicletas,125,MOSCARDO,12,USERA,OPERATIVO,440339.952,4471220.413,ETRS89,,,CALLE,MONEDEROS,1,28026,,11084074,,,MU24,MU-51,2026-01-10T00:00:00Z
10037982,Aparcabicicletas,125,MOSCARDO,12,USERA,OPERATIVO,440338.244,4471219.095,ETRS89,,,CALLE,MONEDEROS,2,28026,,11084187,,,MU24,MU-51,2026-01-10T00:00:00Z
10037984,Aparcabicicletas,125,MOSCARDO,12,USERA,OPERATIVO,440336.96,4471217.773,ETRS89,,,CALLE,MONEDEROS,2,28026,,11084187,,,MU24,MU-51,2026-01-10T00:00:00Z
10083510,Aparcabicicletas,125,MOSCARDO,12,USERA,OPERATIVO,440253.481,4471095.11,ETRS89,,,CALLE,MIRASIERRA,37,28026,,11084199,,,MU24,MU-51,2026-01-10T00:00:00Z
10083512,Aparcabicicletas,125,MOSCARDO,12,USERA,OPERATIVO,440251.459,4471096.902,ETRS89,,,CALLE,MIRASIERRA,37,28026,,11084199,,,MU24,MU-51,2026-01-10T00:00:00Z
10083511,Aparcabicicletas,125,MOSCARDO,12,USERA,OPERATIVO,440252.975,4471095.447,ETRS89,,,CALLE,MIRASIERRA,37,28026,,11084199,,,MU24,MU-51,2026-01-10T00:00:00Z
10083524,Aparcabicicletas,125,MOSCARDO,12,USERA,OPERATIVO,440252.385,4471096.007,ETRS89,,,CALLE,MIRASIERRA,37,28026,,11084199,,,MU24,MU-51,2026-01-10T00:00:00Z
10117414,Aparcabicicletas,151,VENTAS,15,CIUDAD LINEAL,OPERATIVO,444412.015,4474594.808,ETRS89,,,CALLE,FELIX RODRIGUEZ DE LA FUENTE,91,28017,,20104890,2025-10-27T00:00:00Z,,MU24,,2026-01-10T00:00:00Z
10117416,Aparcabicicletas,151,VENTAS,15,CIUDAD LINEAL,OPERATIVO,444415.717,4474593.365,ETRS89,,,CALLE,FELIX RODRIGUEZ DE LA FUENTE,91,28017,,20104890,2025-10-27T00:00:00Z,,MU24,,2026-01-10T00:00:00Z
10117642,Aparcabicicletas,171,VILLAVERDE ALTO - CASCO HISTORICO DE VILLAVERDE,17,VILLAVERDE,OPERATIVO,440049.335,4466222.366,ETRS89,,,CALLE,AMADEO FERNANDEZ,1,28021,,11125652,,,MU24,MU-51,2026-01-10T00:00:00Z
10117647,Aparcabicicletas,171,VILLAVERDE ALTO - CASCO HISTORICO DE VILLAVERDE,17,VILLAVERDE,OPERATIVO,440049.029,4466215.93,ETRS89,,,CALLE,AMADEO FERNANDEZ,1,28021,,11125652,,,MU24,MU-51,2026-01-10T00:00:00Z
10119830,Aparcabicicletas,91,CASA DE CAMPO,9,MONCLOA-ARAVACA,OPERATIVO,438272.111,4475067.794,ETRS89,,,CALLE,SAN POL DE MAR,8,28008,,20016776,2025-11-06T00:00:00Z,,MU24,,2026-01-10T00:00:00Z
10119832,Aparcabicicletas,91,CASA DE CAMPO,9,MONCLOA-ARAVACA,OPERATIVO,438272.508,4475067.199,ETRS89,,,CALLE,SAN POL DE MAR,8,28008,,20016776,2025-11-06T00:00:00Z,,MU24,,2026-01-10T00:00:00Z
10120116,Aparcabicicletas,85,LA PAZ,8,FUENCARRAL-EL PARDO,OPERATIVO,440854.37,4481818.673,ETRS89,,,CALLE,SANTIAGO DE COMPOSTELA,10,28034,,11045892,2025-11-11T00:00:00Z,,MU24,,2026-01-10T00:00:00Z
10120119,Aparcabicicletas,85,LA PAZ,8,FUENCARRAL-EL PARDO,OPERATIVO,440319.214,4481470.121,ETRS89,,,CALLE,PEDRO RICO,51,28029,,20098058,2025-11-11T00:00:00Z,,MU24,,2026-01-10T00:00:00Z
10120121,Aparcabicicletas,85,LA PAZ,8,FUENCARRAL-EL PARDO,OPERATIVO,440316.171,4481468.931,ETRS89,,,CALLE,PEDRO RICO,51,28029,,20098058,2025-11-11T00:00:00Z,,MU24,,2026-01-10T00:00:00Z
10084390,Aparcabicicletas,63,CASTILLEJOS,6,TETUAN,OPERATIVO,440837.855,4479184.195,ETRS89,,,CALLE,Puerta del Sol,2,28020,,20107008,,,MU24,MU-51,2026-01-10T00:00:00Z
10117415,Aparcabicicletas,151,VENTAS,15,CIUDAD LINEAL,OPERATIVO,444414.526,4474593.696,ETRS89,,,CALLE,FELIX RODRIGUEZ DE LA FUENTE,91,28017,,20104890,2025-10-27T00:00:00Z,,MU24,,2026-01-10T00:00:00Z
10117641,Aparcabicicletas,171,VILLAVERDE ALTO - CASCO HISTORICO DE VILLAVERDE,17,VILLAVERDE,OPERATIVO,440049.148,4466220.258,ETRS89,,,CALLE,AMADEO FERNANDEZ,1,28021,,11125652,,,MU24,MU-51,2026-01-10T00:00:00Z
10117643,Aparcabicicletas,171,VILLAVERDE ALTO - CASCO HISTORICO DE VILLAVERDE,17,VILLAVERDE,OPERATIVO,440049.046,4466218.039,ETRS89,,,CALLE,AMADEO FERNANDEZ,1,28021,,11125652,,,MU24,MU-51,2026-01-10T00:00:00Z
10117648,Aparcabicicletas,171,VILLAVERDE ALTO - CASCO HISTORICO DE VILLAVERDE,17,VILLAVERDE,OPERATIVO,440049.097,4466213.82,ETRS89,,,CALLE,AMADEO FERNANDEZ,1,28021,,11125652,,,MU24,MU-51,2026-01-10T00:00:00Z
10119831,Aparcabicicletas,91,CASA DE CAMPO,9,MONCLOA-ARAVACA,OPERATIVO,438272.177,4475065.611,ETRS89,,,CALLE,SAN POL DE MAR,8,28008,,20016776,2025-11-06T00:00:00Z,,MU24,,2026-01-10T00:00:00Z
10119833,Aparcabicicletas,91,CASA DE CAMPO,9,MONCLOA-ARAVACA,OPERATIVO,438271.846,4475064.619,ETRS89,,,CALLE,SAN POL DE MAR,8,28008,,20016776,2025-11-06T00:00:00Z,,MU24,,2026-01-10T00:00:00Z
10120117,Aparcabicicletas,85,LA PAZ,8,FUENCARRAL-EL PARDO,OPERATIVO,440853.179,4481817.879,ETRS89,,,CALLE,SANTIAGO DE COMPOSTELA,10,28034,,11045892,2025-11-11T00:00:00Z,,MU24,,2026-01-10T00:00:00Z
10120120,Aparcabicicletas,85,LA PAZ,8,FUENCARRAL-EL PARDO,OPERATIVO,440318.42,4481469.195,ETRS89,,,CALLE,PEDRO RICO,51,28029,,20098058,2025-11-11T00:00:00Z,,MU24,,2026-01-10T00:00:00Z
10120122,Aparcabicicletas,85,LA PAZ,8,FUENCARRAL-EL PARDO,OPERATIVO,440321.331,4481470.915,ETRS89,,,CALLE,PEDRO RICO,51,28029,,20098058,2025-11-11T00:00:00Z,,MU24,,2026-01-10T00:00:00Z
10120123,Aparcabicicletas,85,LA PAZ,8,FUENCARRAL-EL PARDO,OPERATIVO,440313.79,4481467.079,ETRS89,,,CALLE,PEDRO RICO,51,28029,,20098058,2025-11-11T00:00:00Z,,MU24,,2026-01-10T00:00:00Z
10120126,Aparcabicicletas,85,LA PAZ,8,FUENCARRAL-EL PARDO,OPERATIVO,440793.17,4481774.709,ETRS89,,,CALLE,SANTIAGO DE COMPOSTELA,20,28034,,11045897,2025-11-11T00:00:00Z,,MU24,,2026-01-10T00:00:00Z
10120412,Aparcabicicletas,121,ORCASITAS,12,USERA,OPERATIVO,439415.74,4469079.516,ETRS89,,,CALLE,DEVA,7,28041,,11080484,,,MU24,MU-38,2026-01-10T00:00:00Z
10120414,Aparcabicicletas,121,ORCASITAS,12,USERA,OPERATIVO,439415.821,4469078.96,ETRS89,,,CALLE,DEVA,7,28041,,11080484,,,MU24,MU-38,2026-01-10T00:00:00Z
10122231,Aparcabicicletas,135,PORTAZGO,13,PUENTE DE VALLECAS,OPERATIVO,444945.293,4471405.891,ETRS89,,,CALLE,CARLOS SOLE,64,28038,,11101180,,,MU24,MU-51,2026-01-10T00:00:00Z
10122234,Aparcabicicletas,135,PORTAZGO,13,PUENTE DE VALLECAS,OPERATIVO,444938.862,4471408.603,ETRS89,,,CALLE,CARLOS SOLE,64,28038,,11101180,,,MU24,MU-51,2026-01-10T00:00:00Z
10122240,Aparcabicicletas,135,PORTAZGO,13,PUENTE DE VALLECAS,OPERATIVO,444933.777,4471409.528,ETRS89,,,CALLE,CARLOS SOLE,62,28038,,11101177,,,MU24,MU-51,2026-01-10T00:00:00Z
10122252,Aparcabicicletas,135,PORTAZGO,13,PUENTE DE VALLECAS,OPERATIVO,444935.218,4471409.295,ETRS89,,,CALLE,CARLOS SOLE,62,28038,,11101177,,,MU24,MU-51,2026-01-10T00:00:00Z
10122263,Aparcabicicletas,135,PORTAZGO,13,PUENTE DE VALLECAS,OPERATIVO,444945.555,4471406.888,ETRS89,,,CALLE,CARLOS SOLE,64,28038,,11101180,,,MU24,MU-51,2026-01-10T00:00:00Z
10144489,Aparcabicicletas,164,PINAR DEL REY,16,HORTALEZA,OPERATIVO,445147.492,4480913.896,ETRS89,,,CALLE,SANTA SUSANA,21,28033,,11119457,2026-01-15T00:00:00Z,,MU24,,2026-01-10T00:00:00Z
10144491,Aparcabicicletas,164,PINAR DEL REY,16,HORTALEZA,OPERATIVO,445144.648,4480915.285,ETRS89,,,CALLE,SANTA SUSANA,21,28033,,11119457,2026-01-15T00:00:00Z,,MU24,,2026-01-10T00:00:00Z
10147085,Aparcabicicletas,107,AGUILAS,10,LATINA,OPERATIVO,435076.216,4470024.512,ETRS89,,,CALLE,BLAS CABRERA,88,28044,,11068587,2026-01-20T00:00:00Z,,MU24,,2026-01-10T00:00:00Z
10147087,Aparcabicicletas,107,AGUILAS,10,LATINA,OPERATIVO,435078.716,4470025.266,ETRS89,,,CALLE,BLAS CABRERA,88,28044,,11068587,2026-01-20T00:00:00Z,,MU24,,2026-01-10T00:00:00Z
10095579,Aparcabicicletas,14,JUSTICIA,1,CENTRO,OPERATIVO,441271.615,4475136.133,ETRS89,,,CALLE,MARQUES DE LA ENSENADA,12,28004,,11005127,2025-09-25T00:00:00Z,,MU24,MU-51,2026-01-10T00:00:00Z
10120125,Aparcabicicletas,85,LA PAZ,8,FUENCARRAL-EL PARDO,OPERATIVO,440796.544,4481776.891,ETRS89,,,CALLE,SANTIAGO DE COMPOSTELA,20,28034,,11045897,2025-11-11T00:00:00Z,,MU24,,2026-01-10T00:00:00Z
10120128,Aparcabicicletas,85,LA PAZ,8,FUENCARRAL-EL PARDO,OPERATIVO,440614.554,4481701.216,ETRS89,,,CALLE,SANTIAGO DE COMPOSTELA,28,28034,,11045904,2025-11-11T00:00:00Z,,MU24,,2026-01-10T00:00:00Z
10120413,Aparcabicicletas,121,ORCASITAS,12,USERA,OPERATIVO,439415.898,4469077.961,ETRS89,,,CALLE,DEVA,7,28041,,11080484,,,MU24,MU-38,2026-01-10T00:00:00Z
10120415,Aparcabicicletas,121,ORCASITAS,12,USERA,OPERATIVO,439415.807,4469077.295,ETRS89,,,CALLE,DEVA,7,28041,,11080484,,,MU24,MU-38,2026-01-10T00:00:00Z
10122232,Aparcabicicletas,135,PORTAZGO,13,PUENTE DE VALLECAS,OPERATIVO,444944.767,4471403.564,ETRS89,,,CALLE,CARLOS SOLE,64,28038,,11101180,,,MU24,MU-51,2026-01-10T00:00:00Z
10122235,Aparcabicicletas,135,PORTAZGO,13,PUENTE DE VALLECAS,OPERATIVO,444936.404,4471408.954,ETRS89,,,CALLE,CARLOS SOLE,64,28038,,11101180,,,MU24,MU-51,2026-01-10T00:00:00Z
10122251,Aparcabicicletas,135,PORTAZGO,13,PUENTE DE VALLECAS,OPERATIVO,444945.38,4471406.113,ETRS89,,,CALLE,CARLOS SOLE,64,28038,,11101180,,,MU24,MU-51,2026-01-10T00:00:00Z
10122261,Aparcabicicletas,135,PORTAZGO,13,PUENTE DE VALLECAS,OPERATIVO,444945.203,4471405.115,ETRS89,,,CALLE,CARLOS SOLE,64,28038,,11101180,,,MU24,MU-51,2026-01-10T00:00:00Z
10144488,Aparcabicicletas,164,PINAR DEL REY,16,HORTALEZA,OPERATIVO,445146.037,4480914.359,ETRS89,,,CALLE,SANTA SUSANA,21,28033,,11119457,2026-01-15T00:00:00Z,,MU24,,2026-01-10T00:00:00Z
10144490,Aparcabicicletas,164,PINAR DEL REY,16,HORTALEZA,OPERATIVO,445145.574,4480914.624,ETRS89,,,CALLE,SANTA SUSANA,21,28033,,11119457,2026-01-15T00:00:00Z,,MU24,,2026-01-10T00:00:00Z
10144492,Aparcabicicletas,164,PINAR DEL REY,16,HORTALEZA,OPERATIVO,445146.764,4480914.161,ETRS89,,,CALLE,SANTA SUSANA,21,28033,,11119457,2026-01-15T00:00:00Z,,MU24,,2026-01-10T00:00:00Z
10147086,Aparcabicicletas,107,AGUILAS,10,LATINA,OPERATIVO,435077.261,4470025.002,ETRS89,,,CALLE,BLAS CABRERA,88,28044,,11068587,2026-01-20T00:00:00Z,,MU24,,2026-01-10T00:00:00Z
10147088,Aparcabicicletas,107,AGUILAS,10,LATINA,OPERATIVO,435080.7,4470026.06,ETRS89,,,CALLE,BLAS CABRERA,88,28044,,11068587,2026-01-20T00:00:00Z,,MU24,,2026-01-10T00:00:00Z
10095578,Aparcabicicletas,14,JUSTICIA,1,CENTRO,OPERATIVO,441271.181,4475134.916,ETRS89,,,CALLE,MARQUES DE LA ENSENADA,12,28004,,11005127,2025-09-25T00:00:00Z,,MU24,MU-51,2026-01-10T00:00:00Z
10102465,Aparcabicicletas,46,CASTELLANA,4,SALAMANCA,OPERATIVO,441725.225,4476013.824,ETRS89,,,CALLE,SERRANO,63,28006,,11019746,2025-10-07T00:00:00Z,,MU24,MU-51,2026-01-10T00:00:00Z
10102467,Aparcabicicletas,46,CASTELLANA,4,SALAMANCA,OPERATIVO,441727.608,4476013.574,ETRS89,,,CALLE,SERRANO,63,28006,,11019746,2025-10-07T00:00:00Z,,MU24,MU-51,2026-01-10T00:00:00Z
10102469,Aparcabicicletas,46,CASTELLANA,4,SALAMANCA,OPERATIVO,441726.36,4476013.665,ETRS89,,,CALLE,SERRANO,63,28006,,11019746,2025-10-07T00:00:00Z,,MU24,MU-51,2026-01-10T00:00:00Z
10102471,Aparcabicicletas,44,GUINDALERA,4,SALAMANCA,OPERATIVO,443790.593,4476572.928,ETRS89,,,CALLE,BAYONA,4,28028,,11017821,2025-10-07T00:00:00Z,,MU24,MU-51,2026-01-10T00:00:00Z
10102473,Aparcabicicletas,44,GUINDALERA,4,SALAMANCA,OPERATIVO,443790.162,4476572.066,ETRS89,,,CALLE,BAYONA,4,28028,,11017821,2025-10-07T00:00:00Z,,MU24,MU-51,2026-01-10T00:00:00Z
10102475,Aparcabicicletas,44,GUINDALERA,4,SALAMANCA,OPERATIVO,443789.345,4476570.228,ETRS89,,,CALLE,BAYONA,4,28028,,11017821,2025-10-07T00:00:00Z,,MU24,MU-51,2026-01-10T00:00:00Z
10147089,Aparcabicicletas,107,AGUILAS,10,LATINA,OPERATIVO,435081.957,4470026.523,ETRS89,,,CALLE,BLAS CABRERA,88,28044,,11068587,2026-01-20T00:00:00Z,,MU24,,2026-01-10T00:00:00Z
10152856,Aparcabicicletas,214,TIMON,21,BARAJAS,OPERATIVO,448714.143,4481411.283,ETRS89,,,CALLE,JULIO CANO LASSO,1,28055,,31035656,2026-02-03T00:00:00Z,,MU24,,2026-01-10T00:00:00Z
10152860,Aparcabicicletas,214,TIMON,21,BARAJAS,OPERATIVO,448715.466,4481416.839,ETRS89,,,CALLE,JULIO CANO LASSO,1,28055,,31035656,2026-02-03T00:00:00Z,,MU24,,2026-01-10T00:00:00Z
101532,Aparcabicicletas,154,LA CONCEPCIÓN,15,CIUDAD LINEAL,OPERATIVO,444803.81,4476412.02,ETRS89,,,CALLE,JOSE DEL HIERRO,3,28027,JARDIN,20094445,2019-06-14T00:00:00Z,4044628,MU24,MU-51,2026-01-10T00:00:00Z
10157762,Aparcabicicletas,51,EL VISO,5,CHAMARTIN,OPERATIVO,441426.511,4477367.476,ETRS89,,,CALLE,CARBONERO Y SOL,2,28006,,11020523,2026-02-11T00:00:00Z,,MU24,MU-51,2026-01-10T00:00:00Z
10157764,Aparcabicicletas,51,EL VISO,5,CHAMARTIN,OPERATIVO,441421.686,4477367.812,ETRS89,,,CALLE,CARBONERO Y SOL,2,28006,,11020523,2026-02-11T00:00:00Z,,MU24,MU-51,2026-01-10T00:00:00Z
10157766,Aparcabicicletas,51,EL VISO,5,CHAMARTIN,OPERATIVO,441428.105,4477367.392,ETRS89,,,CALLE,CARBONERO Y SOL,2,28006,,11020523,2026-02-11T00:00:00Z,,MU24,MU-51,2026-01-10T00:00:00Z
10102464,Aparcabicicletas,46,CASTELLANA,4,SALAMANCA,OPERATIVO,441728.833,4476013.438,ETRS89,,,CALLE,SERRANO,63,28006,,11019746,2025-10-07T00:00:00Z,,MU24,MU-51,2026-01-10T00:00:00Z
10102466,Aparcabicicletas,46,CASTELLANA,4,SALAMANCA,OPERATIVO,441731.08,4476013.233,ETRS89,,,CALLE,SERRANO,63,28006,,11019746,2025-10-07T00:00:00Z,,MU24,MU-51,2026-01-10T00:00:00Z
10102468,Aparcabicicletas,46,CASTELLANA,4,SALAMANCA,OPERATIVO,441729.991,4476013.347,ETRS89,,,CALLE,SERRANO,63,28006,,11019746,2025-10-07T00:00:00Z,,MU24,MU-51,2026-01-10T00:00:00Z
10102470,Aparcabicicletas,44,GUINDALERA,4,SALAMANCA,OPERATIVO,443467.747,4476517.189,ETRS89,,,CALLE,BOSTON,1,28028,,11018047,2021-01-08T00:00:00Z,,MU24,MU-51,2026-01-10T00:00:00Z
10102472,Aparcabicicletas,44,GUINDALERA,4,SALAMANCA,OPERATIVO,443790.979,4476573.723,ETRS89,,,CALLE,BAYONA,4,28028,,11017821,2025-10-07T00:00:00Z,,MU24,MU-51,2026-01-10T00:00:00Z
10102474,Aparcabicicletas,44,GUINDALERA,4,SALAMANCA,OPERATIVO,443789.776,4476571.09,ETRS89,,,CALLE,BAYONA,4,28028,,11017821,2025-10-07T00:00:00Z,,MU24,MU-51,2026-01-10T00:00:00Z
10102476,Aparcabicicletas,44,GUINDALERA,4,SALAMANCA,OPERATIVO,443788.846,4476569.479,ETRS89,,,CALLE,BAYONA,4,28028,,11017821,2025-10-07T00:00:00Z,,MU24,MU-51,2026-01-10T00:00:00Z
10152858,Aparcabicicletas,214,TIMON,21,BARAJAS,OPERATIVO,448714.672,4481412.87,ETRS89,,,CALLE,JULIO CANO LASSO,1,28055,,31035656,2026-02-03T00:00:00Z,,MU24,,2026-01-10T00:00:00Z
10152861,Aparcabicicletas,214,TIMON,21,BARAJAS,OPERATIVO,448718.111,4481420.278,ETRS89,,,CALLE,JULIO CANO LASSO,1,28055,,31035656,2026-02-03T00:00:00Z,,MU24,,2026-01-10T00:00:00Z
101533,Aparcabicicletas,154,LA CONCEPCIÓN,15,CIUDAD LINEAL,OPERATIVO,444824.41,4476399.1,ETRS89,,,CALLE,JOSE DEL HIERRO,3,28027,JARDIN,20094445,2022-05-04T00:00:00Z,4044629,MU24,MU-51,2026-01-10T00:00:00Z
10157763,Aparcabicicletas,51,EL VISO,5,CHAMARTIN,OPERATIVO,441428.776,4477367.35,ETRS89,,,CALLE,CARBONERO Y SOL,2,28006,,11020523,2026-02-11T00:00:00Z,,MU24,MU-51,2026-01-10T00:00:00Z
10157765,Aparcabicicletas,51,EL VISO,5,CHAMARTIN,OPERATIVO,441425.714,4477367.518,ETRS89,,,CALLE,CARBONERO Y SOL,2,28006,,11020523,2026-02-11T00:00:00Z,,MU24,MU-51,2026-01-10T00:00:00Z
10157768,Aparcabicicletas,51,EL VISO,5,CHAMARTIN,OPERATIVO,441427.266,4477367.35,ETRS89,,,CALLE,CARBONERO Y SOL,2,28006,,11020523,2026-02-11T00:00:00Z,,MU24,MU-51,2026-01-10T00:00:00Z
10157770,Aparcabicicletas,51,EL VISO,5,CHAMARTIN,OPERATIVO,441423.406,4477367.644,ETRS89,,,CALLE,CARBONERO Y SOL,2,28006,,11020523,2026-02-11T00:00:00Z,,MU24,MU-51,2026-01-10T00:00:00Z
10159454,Aparcabicicletas,104,ALUCHE,10,LATINA,OPERATIVO,436229.77,4471484.099,ETRS89,,,CALLE,LOS YEBENES,241,28047,,20165486,2026-02-17T00:00:00Z,,MU24,,2026-01-10T00:00:00Z
10159456,Aparcabicicletas,104,ALUCHE,10,LATINA,OPERATIVO,436229.143,4471483.253,ETRS89,,,CALLE,LOS YEBENES,241,28047,,20165486,2026-02-17T00:00:00Z,,MU24,,2026-01-10T00:00:00Z
10159458,Aparcabicicletas,104,ALUCHE,10,LATINA,OPERATIVO,436229.011,4471481.996,ETRS89,,,CALLE,LOS YEBENES,241,28047,,20165486,2026-02-17T00:00:00Z,,MU24,,2026-01-10T00:00:00Z
10170563,Aparcabicicletas,64,ALMENARA,6,TETUAN,OPERATIVO,441449.513,4480559.207,ETRS89,40.47365217,-3.69071999,CALLE,VIA LIMITE,7,28029,,11032121,,,MU24,MU-51,2026-01-10T00:00:00Z
10165240,Aparcabicicletas,125,MOSCARDO,12,USERA,OPERATIVO,440124.922,4471280.294,ETRS89,,,CALLE,CALESAS,12,28026,,20083695,,,MU24,MU-51,2026-01-10T00:00:00Z
10165263,Aparcabicicletas,125,MOSCARDO,12,USERA,OPERATIVO,439991.415,4470973.318,ETRS89,,,CALLE,ANDRES ARTEAGA,9,28026,,31009685,,,MU24,MU-51,2026-01-10T00:00:00Z
10165266,Aparcabicicletas,125,MOSCARDO,12,USERA,OPERATIVO,439991.592,4470974.316,ETRS89,,,CALLE,ANDRES ARTEAGA,9,28026,,31009685,,,MU24,MU-51,2026-01-10T00:00:00Z
10165272,Aparcabicicletas,125,MOSCARDO,12,USERA,OPERATIVO,439932.772,4470858.008,ETRS89,,,CALLE,JOSE ANESPERE,2,28026,,11084576,,,MU24,MU-51,2026-01-10T00:00:00Z
10157767,Aparcabicicletas,51,EL VISO,5,CHAMARTIN,OPERATIVO,441425.0,4477367.476,ETRS89,,,CALLE,CARBONERO Y SOL,2,28006,,11020523,2026-02-11T00:00:00Z,,MU24,MU-51,2026-01-10T00:00:00Z
10157769,Aparcabicicletas,51,EL VISO,5,CHAMARTIN,OPERATIVO,441424.287,4477367.56,ETRS89,,,CALLE,CARBONERO Y SOL,2,28006,,11020523,2026-02-11T00:00:00Z,,MU24,MU-51,2026-01-10T00:00:00Z
10157771,Aparcabicicletas,51,EL VISO,5,CHAMARTIN,OPERATIVO,441422.609,4477367.728,ETRS89,,,CALLE,CARBONERO Y SOL,2,28006,,11020523,2026-02-11T00:00:00Z,,MU24,MU-51,2026-01-10T00:00:00Z
10159455,Aparcabicicletas,104,ALUCHE,10,LATINA,OPERATIVO,436229.011,4471484.047,ETRS89,,,CALLE,LOS YEBENES,241,28047,,20165486,2026-02-17T00:00:00Z,,MU24,,2026-01-10T00:00:00Z
10159457,Aparcabicicletas,104,ALUCHE,10,LATINA,OPERATIVO,436229.341,4471482.525,ETRS89,,,CALLE,LOS YEBENES,241,28047,,20165486,2026-02-17T00:00:00Z,,MU24,,2026-01-10T00:00:00Z
10170562,Aparcabicicletas,64,ALMENARA,6,TETUAN,OPERATIVO,441445.599,4480557.351,ETRS89,40.47363517,-3.69076599,CALLE,VIA LIMITE,9,28029,,11032122,,,MU24,MU-51,2026-01-10T00:00:00Z
10165239,Aparcabicicletas,125,MOSCARDO,12,USERA,OPERATIVO,440124.317,4471278.967,ETRS89,,,CALLE,CALESAS,12,28026,,20083695,,,MU24,MU-38,2026-01-10T00:00:00Z
10165262,Aparcabicicletas,125,MOSCARDO,12,USERA,OPERATIVO,439991.681,4470974.759,ETRS89,,,CALLE,ANDRES ARTEAGA,9,28026,,31009685,,,MU24,MU-51,2026-01-10T00:00:00Z
10165265,Aparcabicicletas,125,MOSCARDO,12,USERA,OPERATIVO,439991.673,4470973.76,ETRS89,,,CALLE,ANDRES ARTEAGA,9,28026,,31009685,,,MU24,MU-51,2026-01-10T00:00:00Z
10165267,Aparcabicicletas,125,MOSCARDO,12,USERA,OPERATIVO,440243.719,4471105.622,ETRS89,,,CALLE,MIRASIERRA,35B,28026,,31037880,,,MU24,MU-51,2026-01-10T00:00:00Z
10165273,Aparcabicicletas,125,MOSCARDO,12,USERA,OPERATIVO,439931.668,4470858.017,ETRS89,,,CALLE,JOSE ANESPERE,2,28026,,11084576,,,MU24,MU-51,2026-01-10T00:00:00Z
10165621,Aparcabicicletas,125,MOSCARDO,12,USERA,OPERATIVO,439241.922,4470818.167,ETRS89,,,CALLE,MARQUESA DE SILVELA,2,28026,,11085099,,,MU24,MU-51,2026-01-10T00:00:00Z
10165623,Aparcabicicletas,125,MOSCARDO,12,USERA,OPERATIVO,439245.998,4470818.356,ETRS89,,,CALLE,MARQUESA DE SILVELA,4,28026,,11085100,,,MU24,MU-51,2026-01-10T00:00:00Z
10165625,Aparcabicicletas,125,MOSCARDO,12,USERA,OPERATIVO,439247.099,4470818.125,ETRS89,,,CALLE,MARQUESA DE SILVELA,4,28026,,11085100,,,MU24,MU-51,2026-01-10T00:00:00Z
10169056,Aparcabicicletas,26,PALOS DE LA FRONTERA,2,ARGANZUELA,OPERATIVO,441275.481,4472976.094,ETRS89,40.40532773,-3.69207202,CALLE,RAFAEL DE RIEGO,12,28045,,20008384,2025-03-12T00:00:00Z,,MU24,MU-51,2026-01-10T00:00:00Z
10185204,Aparcabicicletas,13,CORTES,1,CENTRO,OPERATIVO,440870.443,4473965.172,ETRS89,40.41420917,-3.69693700,CALLE,SAN AGUSTIN,12,28014,,11003512,2026-04-23T00:00:00Z,,MU24,MU-51,2026-01-10T00:00:00Z
10185206,Aparcabicicletas,13,CORTES,1,CENTRO,OPERATIVO,440871.481,4473967.606,ETRS89,40.41423117,-3.69692499,CALLE,SAN AGUSTIN,12,28014,,11003512,2026-04-23T00:00:00Z,,MU24,MU-51,2026-01-10T00:00:00Z
10187102,Aparcabicicletas,114,VISTA ALEGRE,11,CARABANCHEL,OPERATIVO,437203.162,4470908.768,ETRS89,40.38640717,-3.73985700,CALLE,CASTROJERIZ,18,28025,,11075309,,,MU24,MU-38,2026-01-10T00:00:00Z
10187460,Aparcabicicletas,135,PORTAZGO,13,PUENTE DE VALLECAS,OPERATIVO,444704.522,4471420.317,ETRS89,40.39154717,-3.65152800,CALLE,CARLOS SOLE,42,28038,,11101167,2026-04-30T00:00:00Z,,MU24,MU-51,2026-01-10T00:00:00Z
10187464,Aparcabicicletas,135,PORTAZGO,13,PUENTE DE VALLECAS,OPERATIVO,444706.165,4471424.412,ETRS89,40.39158417,-3.65150900,CALLE,CARLOS SOLE,42,28038,,11101167,2026-04-30T00:00:00Z,,MU24,MU-51,2026-01-10T00:00:00Z
10187466,Aparcabicicletas,135,PORTAZGO,13,PUENTE DE VALLECAS,OPERATIVO,444725.443,4471425.935,ETRS89,40.39159917,-3.65128200,CALLE,CARLOS SOLE,44,28038,,11101170,2026-04-30T00:00:00Z,,MU24,MU-51,2026-01-10T00:00:00Z
10187469,Aparcabicicletas,135,PORTAZGO,13,PUENTE DE VALLECAS,OPERATIVO,444725.648,4471430.707,ETRS89,40.39164217,-3.65128000,CALLE,CARLOS SOLE,44,28038,,11101170,2026-04-30T00:00:00Z,,MU24,MU-51,2026-01-10T00:00:00Z
10187472,Aparcabicicletas,135,PORTAZGO,13,PUENTE DE VALLECAS,OPERATIVO,444725.721,4471429.041,ETRS89,40.39162717,-3.65127899,CALLE,CARLOS SOLE,44,28038,,11101170,2026-04-30T00:00:00Z,,MU24,MU-51,2026-01-10T00:00:00Z
10170564,Aparcabicicletas,64,ALMENARA,6,TETUAN,OPERATIVO,441443.378,4480555.259,ETRS89,40.47361617,-3.69079200,CALLE,VIA LIMITE,9,28029,,11032122,,,MU24,MU-51,2026-01-10T00:00:00Z
10165275,Aparcabicicletas,125,MOSCARDO,12,USERA,OPERATIVO,439930.819,4470857.912,ETRS89,,,CALLE,JOSE ANESPERE,2,28026,,11084576,,,MU24,MU-51,2026-01-10T00:00:00Z
10165622,Aparcabicicletas,125,MOSCARDO,12,USERA,OPERATIVO,439242.94,4470818.159,ETRS89,,,CALLE,MARQUESA DE SILVELA,2,28026,,11085099,,,MU24,MU-51,2026-01-10T00:00:00Z
10165624,Aparcabicicletas,125,MOSCARDO,12,USERA,OPERATIVO,439244.214,4470818.26,ETRS89,,,CALLE,MARQUESA DE SILVELA,4,28026,,11085100,,,MU24,MU-51,2026-01-10T00:00:00Z
10185203,Aparcabicicletas,13,CORTES,1,CENTRO,OPERATIVO,440871.038,4473965.278,ETRS89,40.41421016,-3.69692999,CALLE,SAN AGUSTIN,13,28014,,11003996,2026-04-23T00:00:00Z,,MU24,MU-51,2026-01-10T00:00:00Z
10185205,Aparcabicicletas,13,CORTES,1,CENTRO,OPERATIVO,440872.757,4473968.04,ETRS89,40.41423517,-3.69690999,CALLE,SAN AGUSTIN,13,28014,,11003996,2026-04-23T00:00:00Z,,MU24,MU-51,2026-01-10T00:00:00Z
10185207,Aparcabicicletas,13,CORTES,1,CENTRO,OPERATIVO,440871.304,4473966.719,ETRS89,40.41422317,-3.69692699,CALLE,SAN AGUSTIN,12,28014,,11003512,2026-04-23T00:00:00Z,,MU24,MU-51,2026-01-10T00:00:00Z
10187103,Aparcabicicletas,114,VISTA ALEGRE,11,CARABANCHEL,OPERATIVO,437204.104,4470909.759,ETRS89,40.38641616,-3.73984600,CALLE,CASTROJERIZ,18,28025,,11075309,,,MU24,MU-38,2026-01-10T00:00:00Z
10187462,Aparcabicicletas,135,PORTAZGO,13,PUENTE DE VALLECAS,OPERATIVO,444705.3,4471422.198,ETRS89,40.39156417,-3.65151900,CALLE,CARLOS SOLE,42,28038,,11101167,2026-04-30T00:00:00Z,,MU24,MU-51,2026-01-10T00:00:00Z
10187465,Aparcabicicletas,135,PORTAZGO,13,PUENTE DE VALLECAS,OPERATIVO,444705.818,4471423.304,ETRS89,40.39157417,-3.65151299,CALLE,CARLOS SOLE,42,28038,,11101167,2026-04-30T00:00:00Z,,MU24,MU-51,2026-01-10T00:00:00Z
10187467,Aparcabicicletas,135,PORTAZGO,13,PUENTE DE VALLECAS,OPERATIVO,444725.712,4471427.82,ETRS89,40.39161617,-3.65127899,CALLE,CARLOS SOLE,44,28038,,11101170,2026-04-30T00:00:00Z,,MU24,MU-51,2026-01-10T00:00:00Z
10187470,Aparcabicicletas,135,PORTAZGO,13,PUENTE DE VALLECAS,OPERATIVO,444725.827,4471431.926,ETRS89,40.39165317,-3.65127799,CALLE,CARLOS SOLE,44,28038,,11101170,2026-04-30T00:00:00Z,,MU24,MU-51,2026-01-10T00:00:00Z
10170565,Aparcabicicletas,64,ALMENARA,6,TETUAN,OPERATIVO,441447.216,4480558.226,ETRS89,40.47364317,-3.69074700,CALLE,VIA LIMITE,7,28029,,11032121,,,MU24,MU-51,2026-01-10T00:00:00Z
10170566,Aparcabicicletas,64,ALMENARA,6,TETUAN,OPERATIVO,441444.657,4480556.137,ETRS89,40.47362417,-3.69077699,CALLE,VIA LIMITE,9,28029,,11032122,,,MU24,MU-51,2026-01-10T00:00:00Z
10173500,Aparcabicicletas,84,PILAR,8,FUENCARRAL-EL PARDO,OPERATIVO,439890.946,4481429.407,ETRS89,40.48137991,-3.70918757,CALLE,SANTIAGO DE COMPOSTELA,62,28034,,11045726,2026-03-24T00:00:00Z,,MU24,,2026-01-10T00:00:00Z
10173505,Aparcabicicletas,84,PILAR,8,FUENCARRAL-EL PARDO,OPERATIVO,440063.403,4481488.243,ETRS89,40.48192240,-3.70715857,CALLE,SANTIAGO DE COMPOSTELA,60,28034,,11045725,2026-03-24T00:00:00Z,,MU24,,2026-01-10T00:00:00Z
10173508,Aparcabicicletas,84,PILAR,8,FUENCARRAL-EL PARDO,OPERATIVO,439938.957,4481542.04,ETRS89,40.48239803,-3.70863183,CALLE,PINTOR FRANCISCO LLORENS,2,28034,,20125570,2026-03-24T00:00:00Z,,MU24,,2026-01-10T00:00:00Z
10175898,Aparcabicicletas,41,RECOLETOS,4,SALAMANCA,OPERATIVO,441682.434,4475188.031,ETRS89,40.42528258,-3.68747916,CALLE,GOYA,4,28001,,11013972,2026-03-30T00:00:00Z,,MU24,MU-51,2026-01-10T00:00:00Z
10175900,Aparcabicicletas,41,RECOLETOS,4,SALAMANCA,OPERATIVO,441685.916,4475187.655,ETRS89,40.42527944,-3.68743808,CALLE,GOYA,4,28001,,11013972,2026-03-30T00:00:00Z,,MU24,MU-51,2026-01-10T00:00:00Z
10187591,Aparcabicicletas,183,ENSANCHE DE VALLECAS,18,VILLA DE VALLECAS,OPERATIVO,450149.686,4468110.9,ETRS89,40.36207717,-3.58711399,CALLE,ARTE CONCEPTUAL,15,28051,,31030229,,,MU24,MU-51,2026-01-10T00:00:00Z
10187593,Aparcabicicletas,183,ENSANCHE DE VALLECAS,18,VILLA DE VALLECAS,OPERATIVO,450146.46,4468111.032,ETRS89,40.36207817,-3.58715199,CALLE,ARTE CONCEPTUAL,15,28051,,31030229,,,MU24,MU-51,2026-01-10T00:00:00Z
10187985,Aparcabicicletas,207,CANILLEJAS,20,SAN BLAS-CANILLEJAS,OPERATIVO,448170.149,4477048.853,ETRS89,40.44247547,-3.61115459,CALLE,NECTAR,35,28022,,11138084,2026-05-07T00:00:00Z,,MU24,,2026-01-10T00:00:00Z
10188818,Aparcabicicletas,72,ARAPILES,7,CHAMBERI,OPERATIVO,439889.759,4476185.338,ETRS89,40.43413917,-3.70870499,CALLE,VALLEHERMOSO,43,28015,,31055023,2026-05-05T00:00:00Z,,MU24,MU-51,2026-01-10T00:00:00Z
10188820,Aparcabicicletas,72,ARAPILES,7,CHAMBERI,OPERATIVO,439889.12,4476179.792,ETRS89,40.43408917,-3.70871200,CALLE,VALLEHERMOSO,36,28015,,11039506,2026-05-05T00:00:00Z,,MU24,MU-51,2026-01-10T00:00:00Z
10191293,Aparcabicicletas,61,BELLAS VISTAS,6,TETUAN,OPERATIVO,440301.699,4478275.861,ETRS89,40.45300117,-3.70404499,CALLE,CASTILLA,12,28039,,20010792,2026-05-27T00:00:00Z,,MU24,MU-51,2026-01-10T00:00:00Z
10191295,Aparcabicicletas,61,BELLAS VISTAS,6,TETUAN,OPERATIVO,440304.155,4478275.508,ETRS89,40.45299817,-3.70401600,CALLE,CASTILLA,12,28039,,20010792,2026-05-27T00:00:00Z,,MU24,MU-51,2026-01-10T00:00:00Z
10201335,Aparcabicicletas,63,CASTILLEJOS,6,TETUAN,OPERATIVO,441258.759,4479131.594,ETRS89,40.46077817,-3.69283799,CALLE,FRANCISCO GERVAS,9,28020,,11030662,2026-06-12T00:00:00Z,,MU24,MU-51,2026-01-10T00:00:00Z
10170567,Aparcabicicletas,64,ALMENARA,6,TETUAN,OPERATIVO,441448.406,4480558.661,ETRS89,40.47364717,-3.69073300,CALLE,VIA LIMITE,7,28029,,11032121,,,MU24,MU-51,2026-01-10T00:00:00Z
10173499,Aparcabicicletas,84,PILAR,8,FUENCARRAL-EL PARDO,OPERATIVO,439894.319,4481429.936,ETRS89,40.48138492,-3.70914782,CALLE,SANTIAGO DE COMPOSTELA,62,28034,,11045726,2026-03-24T00:00:00Z,,MU24,,2026-01-10T00:00:00Z
10173503,Aparcabicicletas,84,PILAR,8,FUENCARRAL-EL PARDO,OPERATIVO,440068.033,4481490.492,ETRS89,40.48194299,-3.70710416,CALLE,SANTIAGO DE COMPOSTELA,60,28034,,11045725,2026-03-24T00:00:00Z,,MU24,,2026-01-10T00:00:00Z
10173507,Aparcabicicletas,84,PILAR,8,FUENCARRAL-EL PARDO,OPERATIVO,439938.427,4481543.694,ETRS89,40.48241289,-3.70863824,CALLE,PINTOR FRANCISCO LLORENS,2,28034,,20125570,2026-03-24T00:00:00Z,,MU24,,2026-01-10T00:00:00Z
10175897,Aparcabicicletas,41,RECOLETOS,4,SALAMANCA,OPERATIVO,441680.559,4475188.108,ETRS89,40.42528314,-3.68750127,CALLE,GOYA,4,28001,,11013972,2026-03-30T00:00:00Z,,MU24,MU-51,2026-01-10T00:00:00Z
10175899,Aparcabicicletas,41,RECOLETOS,4,SALAMANCA,OPERATIVO,441684.179,4475187.914,ETRS89,40.42528165,-3.68745858,CALLE,GOYA,4,28001,,11013972,2026-03-30T00:00:00Z,,MU24,MU-51,2026-01-10T00:00:00Z
10187589,Aparcabicicletas,183,ENSANCHE DE VALLECAS,18,VILLA DE VALLECAS,OPERATIVO,450149.259,4468110.569,ETRS89,40.36207417,-3.58711899,CALLE,ARTE CONCEPTUAL,15,28051,,31030229,,,MU24,MU-51,2026-01-10T00:00:00Z
10187592,Aparcabicicletas,183,ENSANCHE DE VALLECAS,18,VILLA DE VALLECAS,OPERATIVO,450150.616,4468110.338,ETRS89,40.36207217,-3.58710299,CALLE,ARTE CONCEPTUAL,15,28051,,31030229,,,MU24,MU-51,2026-01-10T00:00:00Z
10188817,Aparcabicicletas,72,ARAPILES,7,CHAMBERI,OPERATIVO,439889.48,4476182.343,ETRS89,40.43411217,-3.70870799,CALLE,VALLEHERMOSO,43,28015,,31055023,2026-05-05T00:00:00Z,,MU24,MU-51,2026-01-10T00:00:00Z
10188819,Aparcabicicletas,72,ARAPILES,7,CHAMBERI,OPERATIVO,439889.014,4476177.129,ETRS89,40.43406517,-3.70871299,CALLE,VALLEHERMOSO,36,28015,,11039506,2026-05-05T00:00:00Z,,MU24,MU-51,2026-01-10T00:00:00Z
10189229,Aparcabicicletas,116,BUENAVISTA,11,CARABANCHEL,OPERATIVO,435911.541,4469433.856,ETRS89,40.37302217,-3.75492499,CALLE,MADRE CELESTE,8,28044,,11077683,,,MU24,MU-51,2026-01-10T00:00:00Z
10191294,Aparcabicicletas,61,BELLAS VISTAS,6,TETUAN,OPERATIVO,440302.544,4478275.521,ETRS89,40.45299817,-3.70403500,CALLE,CASTILLA,12,28039,,20010792,2026-05-27T00:00:00Z,,MU24,MU-51,2026-01-10T00:00:00Z
10201340,Aparcabicicletas,63,CASTILLEJOS,6,TETUAN,OPERATIVO,441260.688,4479139.793,ETRS89,40.46085217,-3.69281600,CALLE,FRANCISCO GERVAS,10,28020,,11030681,2026-06-12T00:00:00Z,,MU24,MU-51,2026-01-10T00:00:00Z
10201343,Aparcabicicletas,63,CASTILLEJOS,6,TETUAN,OPERATIVO,441259.557,4479136.028,ETRS89,40.46081817,-3.69282899,CALLE,FRANCISCO GERVAS,10,28020,,11030681,,,MU24,MU-51,2026-01-10T00:00:00Z
10229993,Aparcabicicletas,36,NIÑO JESUS,3,RETIRO,OPERATIVO,443023.68,4473307.873,ETRS89,40.40843805,-3.67150046,CALLE,HOMERO,12,28007,,11013337,,,MU24,MU-51,2026-01-10T00:00:00Z
10229996,Aparcabicicletas,36,NIÑO JESUS,3,RETIRO,OPERATIVO,442932.764,4473324.617,ETRS89,40.40858266,-3.67257339,CALLE,ANTONIO DIAZ-CAÑABATE,17,28007,,11013194,,,MU24,MU-51,2026-01-10T00:00:00Z
10229998,Aparcabicicletas,36,NIÑO JESUS,3,RETIRO,OPERATIVO,442930.904,4473325.83,ETRS89,40.40859346,-3.67259542,CALLE,ANGEL GANIVET,13,28007,,11013233,,,MU24,MU-51,2026-01-10T00:00:00Z
10233388,Aparcabicicletas,183,ENSANCHE DE VALLECAS,18,VILLA DE VALLECAS,OPERATIVO,447997.068,4468746.226,ETRS89,40.36766917,-3.61251699,CALLE,PUENTEDEY,14,28051,,31043778,,,MU24,MU-51,2026-01-10T00:00:00Z
10233391,Aparcabicicletas,183,ENSANCHE DE VALLECAS,18,VILLA DE VALLECAS,OPERATIVO,447997.998,4468745.664,ETRS89,40.36766417,-3.61250599,CALLE,PUENTEDEY,14,28051,,31043778,,,MU24,MU-51,2026-01-10T00:00:00Z
10176642,Aparcabicicletas,41,RECOLETOS,4,SALAMANCA,OPERATIVO,441687.525,4475187.602,ETRS89,40.42527907,-3.68741911,CALLE,GOYA,4,28001,,11013972,,,MU24,MU-51,2026-01-10T00:00:00Z
10214746,Aparcabicicletas,51,EL VISO,5,CHAMARTIN,OPERATIVO,442175.627,4477618.246,ETRS89,40.44720955,-3.68188667,CALLE,UROLA,18,28002,,11021343,,,MU24,MU-51,2026-01-10T00:00:00Z
10217280,Aparcabicicletas,51,EL VISO,5,CHAMARTIN,OPERATIVO,442205.01,4477317.727,ETRS89,40.44450438,-3.68151285,CALLE,FRANCO,16,28002,,11021741,2026-07-15T00:00:00Z,,MU24,,2026-01-10T00:00:00Z
10201339,Aparcabicicletas,63,CASTILLEJOS,6,TETUAN,OPERATIVO,441261.638,4479142.006,ETRS89,40.46087217,-3.69280500,CALLE,FRANCISCO GERVAS,10,28020,,11030681,2026-06-12T00:00:00Z,,MU24,MU-51,2026-01-10T00:00:00Z
10201342,Aparcabicicletas,63,CASTILLEJOS,6,TETUAN,OPERATIVO,441259.996,4479138.022,ETRS89,40.46083616,-3.69282400,CALLE,FRANCISCO GERVAS,10,28020,,11030681,2026-06-12T00:00:00Z,,MU24,MU-51,2026-01-10T00:00:00Z
10229992,Aparcabicicletas,36,NIÑO JESUS,3,RETIRO,OPERATIVO,443024.489,4473308.844,ETRS89,40.40844686,-3.67149101,CALLE,HOMERO,12,28007,,11013337,,,MU24,MU-51,2026-01-10T00:00:00Z
10229994,Aparcabicicletas,36,NIÑO JESUS,3,RETIRO,OPERATIVO,443025.54,4473309.896,ETRS89,40.40845640,-3.67147872,CALLE,HOMERO,12,28007,,11013337,,,MU24,MU-51,2026-01-10T00:00:00Z
10229997,Aparcabicicletas,36,NIÑO JESUS,3,RETIRO,OPERATIVO,442931.874,4473325.426,ETRS89,40.40858989,-3.67258395,CALLE,ANGEL GANIVET,13,28007,,11013233,,,MU24,MU-51,2026-01-10T00:00:00Z
10233387,Aparcabicicletas,183,ENSANCHE DE VALLECAS,18,VILLA DE VALLECAS,OPERATIVO,448000.026,4468744.318,ETRS89,40.36765217,-3.61248200,CALLE,PUENTEDEY,14,28051,,31043778,,,MU24,MU-51,2026-01-10T00:00:00Z
10233389,Aparcabicicletas,183,ENSANCHE DE VALLECAS,18,VILLA DE VALLECAS,OPERATIVO,447998.84,4468744.659,ETRS89,40.36765517,-3.61249599,CALLE,PUENTEDEY,14,28051,,31043778,,,MU24,MU-51,2026-01-10T00:00:00Z
10214745,Aparcabicicletas,51,EL VISO,5,CHAMARTIN,OPERATIVO,442174.937,4477615.718,ETRS89,40.44718673,-3.68189457,CALLE,UROLA,18,28002,,11021343,,,MU24,MU-51,2026-01-10T00:00:00Z
10217281,Aparcabicicletas,51,EL VISO,5,CHAMARTIN,OPERATIVO,442206.496,4477315.118,ETRS89,40.44448098,-3.68149509,CALLE,FRANCO,18,28002,,11021742,2026-07-15T00:00:00Z,,MU24,,2026-01-10T00:00:00Z
10217282,Aparcabicicletas,51,EL VISO,5,CHAMARTIN,OPERATIVO,442206.071,4477316.028,ETRS89,40.44448915,-3.68150019,CALLE,FRANCO,16,28002,,11021741,2026-07-15T00:00:00Z,,MU24,,2026-01-10T00:00:00Z
109146,Aparcabicicletas,163,CANILLAS,16,HORTALEZA,OPERATIVO,445489.807,4479011.269,ETRS89,,,CALLE,ANDORRA,30,28043,FRENTE FACHADA,20000193,2022-09-14T00:00:00Z,4052740,MU24,ACB,2026-01-10T00:00:00Z
109150,Aparcabicicletas,161,PALOMAS,16,HORTALEZA,OPERATIVO,447951.56,4478524.37,ETRS89,,,CALLE,GUADALAJARA,46,28042,PARCELA,31052484,2019-02-14T00:00:00Z,4052744,MU24,ACB,2026-01-10T00:00:00Z
109152,Aparcabicicletas,161,PALOMAS,16,HORTALEZA,OPERATIVO,447949.67,4478521.68,ETRS89,,,CALLE,GUADALAJARA,46,28042,PARCELA,31052484,2019-08-19T00:00:00Z,4052746,MU24,ACB,2026-01-10T00:00:00Z
109155,Aparcabicicletas,161,PALOMAS,16,HORTALEZA,OPERATIVO,447953.73,4478520.55,ETRS89,,,CALLE,GUADALAJARA,46,28042,PARCELA,31052484,2019-12-09T00:00:00Z,4052749,MU24,ACB,2026-01-10T00:00:00Z
109157,Aparcabicicletas,161,PALOMAS,16,HORTALEZA,OPERATIVO,447953.46,4478523.84,ETRS89,,,CALLE,GUADALAJARA,46,28042,PARCELA,31052484,2019-02-26T00:00:00Z,4052751,MU24,ACB,2026-01-10T00:00:00Z
109159,Aparcabicicletas,161,PALOMAS,16,HORTALEZA,OPERATIVO,448329.66,4478288.9,ETRS89,,,CALLE,AÑIL,3,28042,GARAJE,31013946,2019-11-18T00:00:00Z,4052753,MU24,ACB,2026-01-10T00:00:00Z
109161,Aparcabicicletas,164,PINAR DEL REY,16,HORTALEZA,OPERATIVO,445657.3,4480610.03,ETRS89,,,CALLE,MAR AMARILLO,12,28033,FRENTE FACHADA,11118983,2019-10-21T00:00:00Z,4052755,MU24,ACB,2026-01-10T00:00:00Z
109163,Aparcabicicletas,164,PINAR DEL REY,16,HORTALEZA,OPERATIVO,446632.67,4479995.94,ETRS89,,,CALLE,ACONCAGUA,4,28043,PORTAL,31017762,2022-09-21T00:00:00Z,4052757,MU24,ACB,2026-01-10T00:00:00Z
109165,Aparcabicicletas,164,PINAR DEL REY,16,HORTALEZA,OPERATIVO,446632.31,4479993.16,ETRS89,,,CALLE,ACONCAGUA,4,28043,PORTAL,31017762,2022-08-24T00:00:00Z,4052759,MU24,ACB,2026-01-10T00:00:00Z
10234800,Aparcabicicletas,204,ARCOS,20,SAN BLAS-CANILLEJAS,OPERATIVO,447715.181,4475239.97,ETRS89,40.42615148,-3.61637026,CALLE,APAREJADORES,7,28037,,31026115,2026-09-24T00:00:00Z,,MU24,,2026-01-10T00:00:00Z
10234802,Aparcabicicletas,204,ARCOS,20,SAN BLAS-CANILLEJAS,OPERATIVO,447717.401,4475242.113,ETRS89,40.42617092,-3.61634427,CALLE,APAREJADORES,7,28037,,31026115,2026-09-24T00:00:00Z,,MU24,,2026-01-10T00:00:00Z
10217283,Aparcabicicletas,51,EL VISO,5,CHAMARTIN,OPERATIVO,442205.495,4477316.817,ETRS89,40.44449622,-3.68150705,CALLE,FRANCO,16,28002,,11021741,2026-07-15T00:00:00Z,,MU24,,2026-01-10T00:00:00Z
109148,Aparcabicicletas,162,PIOVERA,16,HORTALEZA,OPERATIVO,447226.377,4479039.789,ETRS89,,,CALLE,FLORENCIO CASTILLO,29,28043,JARDIN,20055058,2022-09-14T00:00:00Z,4052742,MU24,ACB,2026-01-10T00:00:00Z
109151,Aparcabicicletas,161,PALOMAS,16,HORTALEZA,OPERATIVO,447950.2,4478523.55,ETRS89,,,CALLE,GUADALAJARA,46,28042,PARCELA,31052484,2019-01-14T00:00:00Z,4052745,MU24,ACB,2026-01-10T00:00:00Z
109154,Aparcabicicletas,161,PALOMAS,16,HORTALEZA,OPERATIVO,447952.17,4478519.7,ETRS89,,,CALLE,GUADALAJARA,46,28042,PARCELA,31052484,2019-03-13T00:00:00Z,4052748,MU24,ACB,2026-01-10T00:00:00Z
109156,Aparcabicicletas,161,PALOMAS,16,HORTALEZA,OPERATIVO,447954.27,4478522.24,ETRS89,,,CALLE,GUADALAJARA,46,28042,PARCELA,31052484,2019-10-14T00:00:00Z,4052750,MU24,ACB,2026-01-10T00:00:00Z
109158,Aparcabicicletas,161,PALOMAS,16,HORTALEZA,OPERATIVO,448327.61,4478290.56,ETRS89,,,CALLE,AÑIL,3,28042,GARAJE,31013946,2019-05-16T00:00:00Z,4052752,MU24,ACB,2026-01-10T00:00:00Z
109160,Aparcabicicletas,161,PALOMAS,16,HORTALEZA,OPERATIVO,448331.381,4478291.047,ETRS89,,,CALLE,AÑIL,3,28042,GARAJE,31013946,2022-09-14T00:00:00Z,4052754,MU24,ACB,2026-01-10T00:00:00Z
109162,Aparcabicicletas,164,PINAR DEL REY,16,HORTALEZA,OPERATIVO,446633.86,4479994.91,ETRS89,,,CALLE,ACONCAGUA,4,28043,PORTAL,31017762,2022-09-14T00:00:00Z,4052756,MU24,ACB,2026-01-10T00:00:00Z
109164,Aparcabicicletas,164,PINAR DEL REY,16,HORTALEZA,OPERATIVO,446631.12,4479994.47,ETRS89,,,CALLE,ACONCAGUA,4,28043,PORTAL,31017762,2022-08-24T00:00:00Z,4052758,MU24,ACB,2026-01-10T00:00:00Z
109175,Aparcabicicletas,164,PINAR DEL REY,16,HORTALEZA,OPERATIVO,445771.56,4480915.89,ETRS89,,,CALLE,SANTA VIRGILIA,19,28033,GARAJE,31050802,2022-05-13T00:00:00Z,4052769,MU24,ACB,2026-01-10T00:00:00Z
10234799,Aparcabicicletas,204,ARCOS,20,SAN BLAS-CANILLEJAS,OPERATIVO,447714.747,4475239.619,ETRS89,40.42614829,-3.61637535,CALLE,APAREJADORES,7,28037,,31026115,2026-09-24T00:00:00Z,,MU24,,2026-01-10T00:00:00Z
10234801,Aparcabicicletas,204,ARCOS,20,SAN BLAS-CANILLEJAS,OPERATIVO,447716.176,4475241.271,ETRS89,40.42616326,-3.61635864,CALLE,APAREJADORES,7,28037,,31026115,2026-09-24T00:00:00Z,,MU24,,2026-01-10T00:00:00Z
10234818,Aparcabicicletas,204,ARCOS,20,SAN BLAS-CANILLEJAS,OPERATIVO,447540.93,4475097.108,ETRS89,40.42485352,-3.61841256,CALLE,ARTIFICES,1,28037,,31028963,2026-09-24T00:00:00Z,,MU24,,2026-01-10T00:00:00Z
10234820,Aparcabicicletas,204,ARCOS,20,SAN BLAS-CANILLEJAS,OPERATIVO,447543.166,4475097.951,ETRS89,40.42486126,-3.61838627,CALLE,ARTIFICES,1,28037,,31028963,2026-09-24T00:00:00Z,,MU24,,2026-01-10T00:00:00Z
10234822,Aparcabicicletas,204,ARCOS,20,SAN BLAS-CANILLEJAS,OPERATIVO,447546.151,4475097.951,ETRS89,40.42486145,-3.61835108,CALLE,ARTIFICES,1,28037,,31028963,2026-09-24T00:00:00Z,,MU24,,2026-01-10T00:00:00Z
113756,Aparcabicicletas,206,REJAS,20,SAN BLAS-CANILLEJAS,OPERATIVO,449835.22,4477540,ETRS89,,,CALLE,EUTERPE,1,28022,PORTAL,31027776,2022-06-07T00:00:00Z,4057579,MU24,ACB,2026-01-10T00:00:00Z
113760,Aparcabicicletas,206,REJAS,20,SAN BLAS-CANILLEJAS,OPERATIVO,449779.29,4477218.88,ETRS89,,,CALLE,EUTERPE,27,28022,PARCELA,31007808,2019-09-11T00:00:00Z,4057583,MU24,ACB,2026-01-10T00:00:00Z
113762,Aparcabicicletas,206,REJAS,20,SAN BLAS-CANILLEJAS,OPERATIVO,449773.72,4477199.36,ETRS89,,,CALLE,EUTERPE,27,28022,PARCELA,31007808,2019-05-20T00:00:00Z,4057585,MU24,ACB,2026-01-10T00:00:00Z
113766,Aparcabicicletas,206,REJAS,20,SAN BLAS-CANILLEJAS,OPERATIVO,451070.85,4477116.11,ETRS89,,,CALLE,ARCAUTE,4,28022,JARDIN,20090507,2019-11-18T00:00:00Z,4057589,MU24,ACB,2026-01-10T00:00:00Z
113769,Aparcabicicletas,206,REJAS,20,SAN BLAS-CANILLEJAS,OPERATIVO,450697.91,4477169.22,ETRS89,,,CALLE,SAMANIEGO,12,28022,PORTAL,11136472,2019-07-15T00:00:00Z,4057592,MU24,ACB,2026-01-10T00:00:00Z
113771,Aparcabicicletas,206,REJAS,20,SAN BLAS-CANILLEJAS,OPERATIVO,451064.48,4477647.19,ETRS89,,,CALLE,MIJANCAS,3,28022,GARAJE,31009183,2019-04-15T00:00:00Z,4057594,MU24,ACB,2026-01-10T00:00:00Z
113777,Aparcabicicletas,205,ROSAS,20,SAN BLAS-CANILLEJAS,OPERATIVO,448778.64,4477680.64,ETRS89,,,CALLE,MEQUINENZA,16,28022,PORTAL,11137223,2019-08-12T00:00:00Z,4057600,MU24,ACB,2026-01-10T00:00:00Z
113779,Aparcabicicletas,205,ROSAS,20,SAN BLAS-CANILLEJAS,OPERATIVO,448780.33,4477680.83,ETRS89,,,CALLE,MEQUINENZA,16,28022,PORTAL,11137223,2019-08-12T00:00:00Z,4057602,MU24,ACB,2026-01-10T00:00:00Z
10234803,Aparcabicicletas,204,ARCOS,20,SAN BLAS-CANILLEJAS,OPERATIVO,447718.014,4475243.032,ETRS89,40.42617924,-3.61633712,CALLE,APAREJADORES,7,28037,,31026115,2026-09-24T00:00:00Z,,MU24,,2026-01-10T00:00:00Z
10234819,Aparcabicicletas,204,ARCOS,20,SAN BLAS-CANILLEJAS,OPERATIVO,447542.247,4475097.491,ETRS89,40.42485706,-3.61839706,CALLE,ARTIFICES,1,28037,,31028963,2026-09-24T00:00:00Z,,MU24,,2026-01-10T00:00:00Z
10234821,Aparcabicicletas,204,ARCOS,20,SAN BLAS-CANILLEJAS,OPERATIVO,447544.544,4475097.797,ETRS89,40.42485996,-3.61837001,CALLE,ARTIFICES,1,28037,,31028963,2026-09-24T00:00:00Z,,MU24,,2026-01-10T00:00:00Z
113759,Aparcabicicletas,206,REJAS,20,SAN BLAS-CANILLEJAS,OPERATIVO,449775.22,4477213.65,ETRS89,,,CALLE,EUTERPE,27,28022,PARCELA,31007808,2022-09-22T00:00:00Z,4057582,MU24,ACB,2026-01-10T00:00:00Z
113761,Aparcabicicletas,206,REJAS,20,SAN BLAS-CANILLEJAS,OPERATIVO,449775.62,4477195.16,ETRS89,,,CALLE,EUTERPE,27,28022,PARCELA,31007808,2019-09-11T00:00:00Z,4057584,MU24,ACB,2026-01-10T00:00:00Z
113765,Aparcabicicletas,206,REJAS,20,SAN BLAS-CANILLEJAS,OPERATIVO,451069.96,4477116.06,ETRS89,,,CALLE,ARCAUTE,4,28022,JARDIN,20090507,2019-03-11T00:00:00Z,4057588,MU24,ACB,2026-01-10T00:00:00Z
113768,Aparcabicicletas,206,REJAS,20,SAN BLAS-CANILLEJAS,OPERATIVO,451068.97,4477116.18,ETRS89,,,CALLE,ARCAUTE,4,28022,JARDIN,20090507,2019-12-23T00:00:00Z,4057591,MU24,ACB,2026-01-10T00:00:00Z
113770,Aparcabicicletas,206,REJAS,20,SAN BLAS-CANILLEJAS,OPERATIVO,450952.96,4477411.77,ETRS89,,,CALLE,LAGUARDIA,4,28022,FRENTE FACHADA,20090578,2019-08-12T00:00:00Z,4057593,MU24,ACB,2026-01-10T00:00:00Z
113778,Aparcabicicletas,205,ROSAS,20,SAN BLAS-CANILLEJAS,OPERATIVO,448779.52,4477680.23,ETRS89,,,CALLE,MEQUINENZA,16,28022,PORTAL,11137223,2019-05-08T00:00:00Z,4057601,MU24,ACB,2026-01-10T00:00:00Z
113781,Aparcabicicletas,205,ROSAS,20,SAN BLAS-CANILLEJAS,OPERATIVO,448778.871,4477681.745,ETRS89,,,CALLE,MEQUINENZA,16,28022,PORTAL,11137223,2022-08-17T00:00:00Z,4057604,MU24,ACB,2026-01-10T00:00:00Z
113783,Aparcabicicletas,207,CANILLEJAS,20,SAN BLAS-CANILLEJAS,OPERATIVO,448621.56,4477559.11,ETRS89,,,CALLE,MEQUINENZA,24,28022,PORTAL,11137189,2019-03-25T00:00:00Z,4057606,MU24,ACB,2026-01-10T00:00:00Z
109176,Aparcabicicletas,164,PINAR DEL REY,16,HORTALEZA,OPERATIVO,445773.06,4480916.49,ETRS89,,,CALLE,SANTA VIRGILIA,19,28033,GARAJE,31050802,2019-05-27T00:00:00Z,4052770,MU24,ACB,2026-01-10T00:00:00Z
109178,Aparcabicicletas,164,PINAR DEL REY,16,HORTALEZA,OPERATIVO,445773.17,4480920.05,ETRS89,,,CALLE,SANTA VIRGILIA,19,28033,GARAJE,31050802,2019-09-09T00:00:00Z,4052772,MU24,ACB,2026-01-10T00:00:00Z
109180,Aparcabicicletas,164,PINAR DEL REY,16,HORTALEZA,OPERATIVO,445769.75,4480920.08,ETRS89,,,CALLE,SANTA VIRGILIA,19,28033,GARAJE,31050802,2019-10-14T00:00:00Z,4052774,MU24,ACB,2026-01-10T00:00:00Z
109182,Aparcabicicletas,164,PINAR DEL REY,16,HORTALEZA,OPERATIVO,445769.74,4480916.47,ETRS89,,,CALLE,SANTA VIRGILIA,19,28033,GARAJE,31050802,2019-01-28T00:00:00Z,4052776,MU24,ACB,2026-01-10T00:00:00Z
109191,Aparcabicicletas,166,VALDEFUENTES,16,HORTALEZA,OPERATIVO,446912.444,4481161.384,ETRS89,,,CALLE,PROVISIONAL CARCAVAS OESTE UNO,8,28055,PORTAL,31024937,2022-08-24T00:00:00Z,4052785,MU24,ACB,2026-01-10T00:00:00Z
109193,Aparcabicicletas,166,VALDEFUENTES,16,HORTALEZA,OPERATIVO,446911.256,4481162.643,ETRS89,,,CALLE,PROVISIONAL CARCAVAS OESTE UNO,8,28055,PORTAL,31024937,2022-09-20T00:00:00Z,4052787,MU24,ACB,2026-01-10T00:00:00Z
109195,Aparcabicicletas,166,VALDEFUENTES,16,HORTALEZA,OPERATIVO,446785.897,4481254.79,ETRS89,,,CALLE,JUAN DANIEL FULLAONDO,16,28055,GARAJE,31043442,2022-09-20T00:00:00Z,4052789,MU24,ACB,2026-01-10T00:00:00Z
109197,Aparcabicicletas,166,VALDEFUENTES,16,HORTALEZA,OPERATIVO,446787.417,4481254.28,ETRS89,,,CALLE,JUAN DANIEL FULLAONDO,16,28055,GARAJE,31043442,2022-09-20T00:00:00Z,4052791,MU24,ACB,2026-01-10T00:00:00Z
109199,Aparcabicicletas,166,VALDEFUENTES,16,HORTALEZA,OPERATIVO,446681.589,4481289.917,ETRS89,,,CALLE,LAVANDA,48,28055,PORTAL,31006611,2022-09-29T00:00:00Z,4052793,MU24,ACB,2026-01-10T00:00:00Z
113780,Aparcabicicletas,205,ROSAS,20,SAN BLAS-CANILLEJAS,OPERATIVO,448779.967,4477681.8,ETRS89,,,CALLE,MEQUINENZA,16,28022,PORTAL,11137223,2022-08-17T00:00:00Z,4057603,MU24,ACB,2026-01-10T00:00:00Z
113782,Aparcabicicletas,207,CANILLEJAS,20,SAN BLAS-CANILLEJAS,OPERATIVO,448617.437,4477558.317,ETRS89,,,CALLE,SAN VENANCIO,34,28022,PORTAL,31006300,2022-08-17T00:00:00Z,4057605,MU24,ACB,2026-01-10T00:00:00Z
109177,Aparcabicicletas,164,PINAR DEL REY,16,HORTALEZA,OPERATIVO,445773.87,4480918.22,ETRS89,,,CALLE,SANTA VIRGILIA,19,28033,GARAJE,31050802,2019-04-19T00:00:00Z,4052771,MU24,ACB,2026-01-10T00:00:00Z
109179,Aparcabicicletas,164,PINAR DEL REY,16,HORTALEZA,OPERATIVO,445771.45,4480920.81,ETRS89,,,CALLE,SANTA VIRGILIA,19,28033,GARAJE,31050802,2019-05-03T00:00:00Z,4052773,MU24,ACB,2026-01-10T00:00:00Z
109181,Aparcabicicletas,164,PINAR DEL REY,16,HORTALEZA,OPERATIVO,445768.94,4480918.22,ETRS89,,,CALLE,SANTA VIRGILIA,19,28033,GARAJE,31050802,2019-01-28T00:00:00Z,4052775,MU24,ACB,2026-01-10T00:00:00Z
109184,Aparcabicicletas,162,PIOVERA,16,HORTALEZA,OPERATIVO,447229.51,4479037.4,ETRS89,,,CALLE,FLORENCIO CASTILLO,29,28043,JARDIN,20055058,2019-01-29T00:00:00Z,4052778,MU24,ACB,2026-01-10T00:00:00Z
109192,Aparcabicicletas,166,VALDEFUENTES,16,HORTALEZA,OPERATIVO,446911.84,4481162.02,ETRS89,,,CALLE,PROVISIONAL CARCAVAS OESTE UNO,8,28055,PORTAL,31024937,2019-10-21T00:00:00Z,4052786,MU24,ACB,2026-01-10T00:00:00Z
109194,Aparcabicicletas,166,VALDEFUENTES,16,HORTALEZA,OPERATIVO,446785.149,4481255.051,ETRS89,,,CALLE,JUAN DANIEL FULLAONDO,16,28055,GARAJE,31043442,2022-09-20T00:00:00Z,4052788,MU24,ACB,2026-01-10T00:00:00Z
109196,Aparcabicicletas,166,VALDEFUENTES,16,HORTALEZA,OPERATIVO,446786.629,4481254.524,ETRS89,,,CALLE,JUAN DANIEL FULLAONDO,16,28055,GARAJE,31043442,2022-09-20T00:00:00Z,4052790,MU24,ACB,2026-01-10T00:00:00Z
109198,Aparcabicicletas,166,VALDEFUENTES,16,HORTALEZA,OPERATIVO,446682.299,4481290.283,ETRS89,,,CALLE,LAVANDA,48,28055,PORTAL,31006611,2022-08-16T00:00:00Z,4052792,MU24,ACB,2026-01-10T00:00:00Z
109200,Aparcabicicletas,166,VALDEFUENTES,16,HORTALEZA,OPERATIVO,446680.93,4481289.48,ETRS89,,,CALLE,LAVANDA,48,28055,PORTAL,31006611,2022-09-29T00:00:00Z,4052794,MU24,ACB,2026-01-10T00:00:00Z
109202,Aparcabicicletas,166,VALDEFUENTES,16,HORTALEZA,OPERATIVO,446677.283,4481287.337,ETRS89,,,CALLE,LAVANDA,48,28055,PORTAL,31006611,2022-09-29T00:00:00Z,4052796,MU24,ACB,2026-01-10T00:00:00Z
109204,Aparcabicicletas,166,VALDEFUENTES,16,HORTALEZA,OPERATIVO,446841.76,4481363.618,ETRS89,,,CALLE,EMMA PENELLA,18,28055,PORTAL,31043278,2022-06-07T00:00:00Z,4052798,MU24,ACB,2026-01-10T00:00:00Z
109206,Aparcabicicletas,166,VALDEFUENTES,16,HORTALEZA,OPERATIVO,446841.8,4481366.16,ETRS89,,,CALLE,EMMA PENELLA,18,28055,PORTAL,31043278,2019-08-12T00:00:00Z,4052800,MU24,ACB,2026-01-10T00:00:00Z
163182,Aparcabicicletas,24,LEGAZPI,2,ARGANZUELA,OPERATIVO,441553.81,4471602.71,ETRS89,,,CALLE,BRONCE,1A,28045,28045,31025852,,162785-PUNTO,MU24,MU-51,2026-01-10T00:00:00Z
113784,Aparcabicicletas,207,CANILLEJAS,20,SAN BLAS-CANILLEJAS,OPERATIVO,448618.01,4477556.96,ETRS89,,,CALLE,SAN VENANCIO,34,28022,PORTAL,31006300,2019-05-06T00:00:00Z,4057607,MU24,ACB,2026-01-10T00:00:00Z
173966,Aparcabicicletas,25,DELICIAS,2,ARGANZUELA,OPERATIVO,441527.87,4472444.89,ETRS89,,,CALLE,CANARIAS,76,28045,28045,20135103,,162850-PUNTO,MU24,MU-51,2026-01-10T00:00:00Z
109201,Aparcabicicletas,166,VALDEFUENTES,16,HORTALEZA,OPERATIVO,446677.95,4481287.75,ETRS89,,,CALLE,LAVANDA,48,28055,PORTAL,31006611,2019-10-21T00:00:00Z,4052795,MU24,ACB,2026-01-10T00:00:00Z
109203,Aparcabicicletas,166,VALDEFUENTES,16,HORTALEZA,OPERATIVO,446676.61,4481286.88,ETRS89,,,CALLE,LAVANDA,48,28055,PORTAL,31006611,2019-10-21T00:00:00Z,4052797,MU24,ACB,2026-01-10T00:00:00Z
109205,Aparcabicicletas,166,VALDEFUENTES,16,HORTALEZA,OPERATIVO,446841.76,4481364.869,ETRS89,,,CALLE,EMMA PENELLA,18,28055,PORTAL,31043278,2022-06-07T00:00:00Z,4052799,MU24,ACB,2026-01-10T00:00:00Z
201809,Aparcabicicletas,96,EL PLANTIO,9,MONCLOA-ARAVACA,OPERATIVO,431501.247,4479686.38,ETRS89,,,CALLE,RAFAEL BOTI,64,28023,,31023498,2021-11-16T00:00:00Z,162984-PUNTO,MU24,MU-51,2026-01-10T00:00:00Z
113785,Aparcabicicletas,207,CANILLEJAS,20,SAN BLAS-CANILLEJAS,OPERATIVO,448623.14,4477557.57,ETRS89,,,CALLE,MEQUINENZA,24,28022,PORTAL,11137189,2019-08-12T00:00:00Z,4057608,MU24,ACB,2026-01-10T00:00:00Z
146877,Aparcabicicletas,22,ACACIAS,2,ARGANZUELA,OPERATIVO,440179.361,4472359.395,ETRS89,,,CALLE,ARGANDA,42,28005,28005,20065138,,3621-LINEA,MU24,MU-51,2026-01-10T00:00:00Z
172912,Aparcabicicletas,25,DELICIAS,2,ARGANZUELA,OPERATIVO,441633.96,4472282.22,ETRS89,,,CALLE,RAMIREZ DE PRADO,6B,28045,28045,31030453,,162828-PUNTO,MU24,MU-51,2026-01-10T00:00:00Z
211089,Aparcabicicletas,83,PEÑAGRANDE,8,FUENCARRAL-EL PARDO,OPERATIVO,437759.089,4481791.684,ETRS89,,,CALLE,ROSALIA DE CASTRO,69,28035,,31015444,2022-09-14T00:00:00Z,163022-PUNTO,MU24,MU-38,2026-01-10T00:00:00Z
212289,Aparcabicicletas,83,PEÑAGRANDE,8,FUENCARRAL-EL PARDO,OPERATIVO,437759.715,4481792.358,ETRS89,,,CALLE,ROSALIA DE CASTRO,69,28035,,31015444,2022-08-17T00:00:00Z,163032-PUNTO,MU24,MU-38,2026-01-10T00:00:00Z
240975,Aparcabicicletas,135,PORTAZGO,13,PUENTE DE VALLECAS,OPERATIVO,444807.73,4471535.34,ETRS89,,,CALLE,JOSE PAULETE,59,28038,"JOSÉ PAULETE, 000059",31009311,1900-01-01T00:00:00Z,1000726,MU24,MU-51,2026-01-10T00:00:00Z
242110,Aparcabicicletas,134,PALOMERAS SURESTE,13,PUENTE DE VALLECAS,OPERATIVO,445857.07,4471293.69,ETRS89,,,CALLE,ANDALUCES,20,28038,"ANDALUCES, 000020",11096602,2018-11-30T00:00:00Z,1000978,MU24,MU-51,2026-01-10T00:00:00Z
242229,Aparcabicicletas,135,PORTAZGO,13,PUENTE DE VALLECAS,OPERATIVO,444941.71,4471473.08,ETRS89,,,CALLE,CARLOS SOLE,13,28038,"CARLOS SOLÉ, 000013",31044663,1900-01-01T00:00:00Z,1001189,MU24,MU-51,2026-01-10T00:00:00Z
242304,Aparcabicicletas,134,PALOMERAS SURESTE,13,PUENTE DE VALLECAS,OPERATIVO,445806.21,4471432.04,ETRS89,,,CALLE,ANTONIO MAIRENA,23,28038,"ANTONIO MAIRENA, 000023",31025964,1900-01-01T00:00:00Z,1001317,MU24,MU-51,2026-01-10T00:00:00Z
242306,Aparcabicicletas,134,PALOMERAS SURESTE,13,PUENTE DE VALLECAS,OPERATIVO,445804.94,4471432.82,ETRS89,,,CALLE,ANTONIO MAIRENA,23,28038,"ANTONIO MAIRENA, 000023",31025964,1900-01-01T00:00:00Z,1001319,MU24,MU-51,2026-01-10T00:00:00Z
243546,Aparcabicicletas,191,CASCO HISTORICO DE VICALVARO,19,VICALVARO,OPERATIVO,447934.86,4473496.52,ETRS89,,,CALLE,EZCARAY,3,28032,"EZCARAY, 000003",11133387,1900-01-01T00:00:00Z,1002779,MU24,MU-51,2026-01-10T00:00:00Z
243674,Aparcabicicletas,134,PALOMERAS SURESTE,13,PUENTE DE VALLECAS,OPERATIVO,445101.53,4470184.36,ETRS89,,,CALLE,LEONESES,23,28018,"CALLE DE LOS LEONESES 23, 28018 Madrid",31046491,1900-01-01T00:00:00Z,1002985,MU24,ACB,2026-01-10T00:00:00Z
243704,Aparcabicicletas,191,CASCO HISTORICO DE VICALVARO,19,VICALVARO,OPERATIVO,447903.17,4473331.9,ETRS89,,,CALLE,CASALARREINA,28,28032,"CASALARREINA, 000028",31028954,2023-03-08T00:00:00Z,1003028,MU24,MU-51,2026-01-10T00:00:00Z
243706,Aparcabicicletas,191,CASCO HISTORICO DE VICALVARO,19,VICALVARO,OPERATIVO,447904.28,4473333.11,ETRS89,,,CALLE,CASALARREINA,28,28032,"CASALARREINA, 000028",31028954,2023-03-08T00:00:00Z,1003030,MU24,MU-51,2026-01-10T00:00:00Z
232890,Aparcabicicletas,104,ALUCHE,10,LATINA,OPERATIVO,435510.88,4470894.735,ETRS89,,,CALLE,VALMOJADO,295,28047,,31034501,2022-11-22T00:00:00Z,94895-PUNTO,MU24,MU-51,2026-01-10T00:00:00Z
242109,Aparcabicicletas,134,PALOMERAS SURESTE,13,PUENTE DE VALLECAS,OPERATIVO,445856.64,4471294.03,ETRS89,,,CALLE,ANDALUCES,20,28038,"ANDALUCES, 000020",11096602,2018-11-30T00:00:00Z,1000977,MU24,MU-51,2026-01-10T00:00:00Z
242305,Aparcabicicletas,134,PALOMERAS SURESTE,13,PUENTE DE VALLECAS,OPERATIVO,445804.26,4471433.16,ETRS89,,,CALLE,ANTONIO MAIRENA,23,28038,"ANTONIO MAIRENA, 000023",31025964,1900-01-01T00:00:00Z,1001318,MU24,MU-51,2026-01-10T00:00:00Z
242307,Aparcabicicletas,134,PALOMERAS SURESTE,13,PUENTE DE VALLECAS,OPERATIVO,445805.53,4471432.38,ETRS89,,,CALLE,ANTONIO MAIRENA,23,28038,"ANTONIO MAIRENA, 000023",31025964,1900-01-01T00:00:00Z,1001320,MU24,MU-51,2026-01-10T00:00:00Z
243547,Aparcabicicletas,191,CASCO HISTORICO DE VICALVARO,19,VICALVARO,OPERATIVO,447935.1,4473495.19,ETRS89,,,CALLE,EZCARAY,3,28032,"EZCARAY, 000003",11133387,1900-01-01T00:00:00Z,1002780,MU24,MU-51,2026-01-10T00:00:00Z
243703,Aparcabicicletas,191,CASCO HISTORICO DE VICALVARO,19,VICALVARO,OPERATIVO,447902.57,4473331.46,ETRS89,,,CALLE,CASALARREINA,28,28032,"CASALARREINA, 000028",31028954,2023-03-08T00:00:00Z,1003027,MU24,MU-51,2026-01-10T00:00:00Z
243705,Aparcabicicletas,191,CASCO HISTORICO DE VICALVARO,19,VICALVARO,OPERATIVO,447903.77,4473332.56,ETRS89,,,CALLE,CASALARREINA,28,28032,"CASALARREINA, 000028",31028954,2023-03-08T00:00:00Z,1003029,MU24,MU-51,2026-01-10T00:00:00Z
243707,Aparcabicicletas,191,CASCO HISTORICO DE VICALVARO,19,VICALVARO,OPERATIVO,447904.79,4473333.66,ETRS89,,,CALLE,CASALARREINA,28,28032,"CASALARREINA, 000028",31028954,2023-03-08T00:00:00Z,1003031,MU24,MU-51,2026-01-10T00:00:00Z
243972,Aparcabicicletas,141,PAVONES,14,MORATALAZ,OPERATIVO,446299.38,4471936.56,ETRS89,,,CALLE,ENCOMIENDA DE PALACIOS,239,28030,"ENCOMIENDA DE PALACIOS, 000239",31043389,1900-01-01T00:00:00Z,1003438,MU24,MU-51,2026-01-10T00:00:00Z
244233,Aparcabicicletas,132,SAN DIEGO,13,PUENTE DE VALLECAS,OPERATIVO,443025.77,4471824.06,ETRS89,,,CALLE,PEÑA UBIÑA,6,28053,"PEÑA UBIÑA, 000006",20096034,1900-01-01T00:00:00Z,1003682,MU24,MU-51,2026-01-10T00:00:00Z
244235,Aparcabicicletas,132,SAN DIEGO,13,PUENTE DE VALLECAS,OPERATIVO,443024.42,4471824.4,ETRS89,,,CALLE,PEÑA UBIÑA,6,28053,"PEÑA UBIÑA, 000006",20096034,1900-01-01T00:00:00Z,1003684,MU24,MU-51,2026-01-10T00:00:00Z
244260,Aparcabicicletas,132,SAN DIEGO,13,PUENTE DE VALLECAS,OPERATIVO,443361.09,4471900.89,ETRS89,,,CALLE,PEÑA GORBEA,13,28053,"PEÑA GORBEA, 000013",20027790,2018-03-02T00:00:00Z,1003709,MU24,MU-51,2026-01-10T00:00:00Z
244702,Aparcabicicletas,145,FONTARRON,14,MORATALAZ,OPERATIVO,445619.2,4472412.68,ETRS89,,,CALLE,ENCOMIENDA DE PALACIOS,85,28030,"ENCOMIENDA DE PALACIOS, 000085",11102750,1900-01-01T00:00:00Z,1004168,MU24,MU-51,2026-01-10T00:00:00Z
244704,Aparcabicicletas,145,FONTARRON,14,MORATALAZ,OPERATIVO,445618.53,4472413.35,ETRS89,,,CALLE,ENCOMIENDA DE PALACIOS,85,28030,"ENCOMIENDA DE PALACIOS, 000085",11102750,1900-01-01T00:00:00Z,1004170,MU24,MU-51,2026-01-10T00:00:00Z
245809,Aparcabicicletas,191,CASCO HISTORICO DE VICALVARO,19,VICALVARO,OPERATIVO,448755.19,4472762.46,ETRS89,,,CALLE,SAN CIPRIANO,46,28032,"SAN CIPRIANO, 000046",31025058,1900-01-01T00:00:00Z,1005263,MU24,MU-51,2026-01-10T00:00:00Z
246475,Aparcabicicletas,134,PALOMERAS SURESTE,13,PUENTE DE VALLECAS,OPERATIVO,445097.79,4470184.28,ETRS89,,,CALLE,LEONESES,23,28018,"LEONESES, 000023",31046491,1900-01-01T00:00:00Z,1005868,MU24,ACB,2026-01-10T00:00:00Z
246477,Aparcabicicletas,134,PALOMERAS SURESTE,13,PUENTE DE VALLECAS,OPERATIVO,445098.23,4470185.61,ETRS89,,,CALLE,LEONESES,23,28018,"LEONESES, 000023",31046491,1900-01-01T00:00:00Z,1005870,MU24,ACB,2026-01-10T00:00:00Z
247272,Aparcabicicletas,136,NUMANCIA,13,PUENTE DE VALLECAS,OPERATIVO,444103.67,4472409.72,ETRS89,,,CALLE,PUERTO DE CANENCIA,9,28038,"PUERTO DE CANENCIA, 000009",11099384,1900-01-01T00:00:00Z,1006635,MU24,MU-51,2026-01-10T00:00:00Z
248039,Aparcabicicletas,133,PALOMERAS BAJAS,13,PUENTE DE VALLECAS,OPERATIVO,443934.88,4469956.1,ETRS89,,,CALLE,PUERTO DE BALBARAN,127,28018,"PUERTO DE BALBARÁN, 000127",20081324,1900-01-01T00:00:00Z,1007402,MU24,MU-51,2026-01-10T00:00:00Z
248041,Aparcabicicletas,133,PALOMERAS BAJAS,13,PUENTE DE VALLECAS,OPERATIVO,443936.15,4469955.65,ETRS89,,,CALLE,PUERTO DE BALBARAN,127,28018,"PUERTO DE BALBARÁN, 000127",20081324,1900-01-01T00:00:00Z,1007404,MU24,MU-51,2026-01-10T00:00:00Z
243969,Aparcabicicletas,141,PAVONES,14,MORATALAZ,OPERATIVO,446287.89,4472180.96,ETRS89,,,CALLE,VALDEBERNARDO,3,28030,"VALDEBERNARDO, 000003",11101288,1900-01-01T00:00:00Z,1003435,MU24,MU-51,2026-01-10T00:00:00Z
243974,Aparcabicicletas,141,PAVONES,14,MORATALAZ,OPERATIVO,446197.91,4472048.18,ETRS89,,,CALLE,VALDEBERNARDO,1,28030,"VALDEBERNARDO, 000001",11101287,1900-01-01T00:00:00Z,1003440,MU24,MU-51,2026-01-10T00:00:00Z
244234,Aparcabicicletas,132,SAN DIEGO,13,PUENTE DE VALLECAS,OPERATIVO,443025.01,4471824.29,ETRS89,,,CALLE,PEÑA UBIÑA,6,28053,"PEÑA UBIÑA, 000006",20096034,1900-01-01T00:00:00Z,1003683,MU24,MU-51,2026-01-10T00:00:00Z
244236,Aparcabicicletas,132,SAN DIEGO,13,PUENTE DE VALLECAS,OPERATIVO,443023.65,4471824.52,ETRS89,,,CALLE,PEÑA UBIÑA,6,28053,"PEÑA UBIÑA, 000006",20096034,1900-01-01T00:00:00Z,1003685,MU24,MU-51,2026-01-10T00:00:00Z
244701,Aparcabicicletas,145,FONTARRON,14,MORATALAZ,OPERATIVO,445617.86,4472414.02,ETRS89,,,CALLE,ENCOMIENDA DE PALACIOS,85,28030,"ENCOMIENDA DE PALACIOS, 000085",11102750,1900-01-01T00:00:00Z,1004167,MU24,MU-51,2026-01-10T00:00:00Z
244703,Aparcabicicletas,145,FONTARRON,14,MORATALAZ,OPERATIVO,445619.88,4472411.89,ETRS89,,,CALLE,ENCOMIENDA DE PALACIOS,85,28030,"ENCOMIENDA DE PALACIOS, 000085",11102750,1900-01-01T00:00:00Z,1004169,MU24,MU-51,2026-01-10T00:00:00Z
245721,Aparcabicicletas,193,VALDERRIVAS,19,VICALVARO,OPERATIVO,448451.28,4472016.93,ETRS89,,,CALLE,MARMOLINA,5,28032,"MARMOLINA, 000005",31022043,1900-01-01T00:00:00Z,1005175,MU24,MU-51,2026-01-10T00:00:00Z
245810,Aparcabicicletas,191,CASCO HISTORICO DE VICALVARO,19,VICALVARO,OPERATIVO,448755.2,4472764.01,ETRS89,,,CALLE,SAN CIPRIANO,46,28032,"SAN CIPRIANO, 000046",31025058,1900-01-01T00:00:00Z,1005264,MU24,MU-51,2026-01-10T00:00:00Z
246476,Aparcabicicletas,134,PALOMERAS SURESTE,13,PUENTE DE VALLECAS,OPERATIVO,445099.34,4470186.6,ETRS89,,,CALLE,LEONESES,23,28018,"ANGELILLO, 000001",31046491,1900-01-01T00:00:00Z,1005869,MU24,ACB,2026-01-10T00:00:00Z
248022,Aparcabicicletas,191,CASCO HISTORICO DE VICALVARO,19,VICALVARO,OPERATIVO,447821.12,4473235.9,ETRS89,,,CALLE,CASALARREINA,29B,28032,"CASALARREINA, 000029  B",31047333,2023-03-08T00:00:00Z,1007385,MU24,MU-51,2026-01-10T00:00:00Z
248040,Aparcabicicletas,133,PALOMERAS BAJAS,13,PUENTE DE VALLECAS,OPERATIVO,443935.73,4469955.87,ETRS89,,,CALLE,PUERTO DE BALBARAN,127,28018,"PUERTO DE BALBARÁN, 000127",20081324,1900-01-01T00:00:00Z,1007403,MU24,MU-51,2026-01-10T00:00:00Z
248381,Aparcabicicletas,136,NUMANCIA,13,PUENTE DE VALLECAS,OPERATIVO,444379.91,4471666.37,ETRS89,,,CALLE,RISCO DE PELOCHE,15,28038,"RISCO DE PELOCHE, 000015",20037794,2021-12-21T00:00:00Z,1007744,MU24,MU-51,2026-01-10T00:00:00Z
248383,Aparcabicicletas,136,NUMANCIA,13,PUENTE DE VALLECAS,OPERATIVO,444379.73,4471664.93,ETRS89,,,CALLE,RISCO DE PELOCHE,15,28038,"RISCO DE PELOCHE, 000015",20037794,2021-12-21T00:00:00Z,1007746,MU24,MU-51,2026-01-10T00:00:00Z
248586,Aparcabicicletas,192,VALDEBERNARDO,19,VICALVARO,OPERATIVO,447166.98,4472838.2,ETRS89,,,CALLE,LADERA DE LOS ALMENDROS,2,28032,"LADERA DE LOS ALMENDROS, 000002",31023316,1900-01-01T00:00:00Z,1007949,MU24,MU-51,2026-01-10T00:00:00Z
248589,Aparcabicicletas,192,VALDEBERNARDO,19,VICALVARO,OPERATIVO,447169.53,4472839.07,ETRS89,,,CALLE,LADERA DE LOS ALMENDROS,2,28032,"LADERA DE LOS ALMENDROS, 000002",31023316,1900-01-01T00:00:00Z,1007952,MU24,MU-51,2026-01-10T00:00:00Z
248591,Aparcabicicletas,192,VALDEBERNARDO,19,VICALVARO,OPERATIVO,447147.9,4472792.37,ETRS89,,,CALLE,LADERA DE LOS ALMENDROS,2,28032,"LADERA DE LOS ALMENDROS, 000002",31023316,1900-01-01T00:00:00Z,1007954,MU24,MU-51,2026-01-10T00:00:00Z
248594,Aparcabicicletas,192,VALDEBERNARDO,19,VICALVARO,OPERATIVO,447148.75,4472792.26,ETRS89,,,CALLE,LADERA DE LOS ALMENDROS,2,28032,"LADERA DE LOS ALMENDROS, 000002",31023316,1900-01-01T00:00:00Z,1007957,MU24,MU-51,2026-01-10T00:00:00Z
257800,Aparcabicicletas,133,PALOMERAS BAJAS,13,PUENTE DE VALLECAS,OPERATIVO,444466.82,4470014.31,ETRS89,,,CALLE,TRISTANA,10,28018,"TRISTANA, 000010",20081213,1900-01-01T00:00:00Z,1017071,MU24,MU-51,2026-01-10T00:00:00Z
258895,Aparcabicicletas,133,PALOMERAS BAJAS,13,PUENTE DE VALLECAS,OPERATIVO,443850.14,4471053.8,ETRS89,,,CALLE,JAVIER DE MIGUEL,32,28018,"JAVIER DE MIGUEL, 000032",11094943,2018-03-15T00:00:00Z,1018166,MU24,MU-51,2026-01-10T00:00:00Z
258897,Aparcabicicletas,133,PALOMERAS BAJAS,13,PUENTE DE VALLECAS,OPERATIVO,443849.04,4471054.25,ETRS89,,,CALLE,JAVIER DE MIGUEL,32,28018,"JAVIER DE MIGUEL, 000032",11094943,2018-03-15T00:00:00Z,1018168,MU24,MU-51,2026-01-10T00:00:00Z
258899,Aparcabicicletas,133,PALOMERAS BAJAS,13,PUENTE DE VALLECAS,OPERATIVO,443848.53,4471054.47,ETRS89,,,CALLE,JAVIER DE MIGUEL,32,28018,"JAVIER DE MIGUEL, 000032",11094943,2018-03-15T00:00:00Z,1018170,MU24,MU-51,2026-01-10T00:00:00Z
248380,Aparcabicicletas,136,NUMANCIA,13,PUENTE DE VALLECAS,OPERATIVO,444380.0,4471667.15,ETRS89,,,CALLE,RISCO DE PELOCHE,15,28038,"RISCO DE PELOCHE, 000015",20037794,2021-12-21T00:00:00Z,1007743,MU24,MU-51,2026-01-10T00:00:00Z
248382,Aparcabicicletas,136,NUMANCIA,13,PUENTE DE VALLECAS,OPERATIVO,444379.74,4471665.6,ETRS89,,,CALLE,RISCO DE PELOCHE,15,28038,"RISCO DE PELOCHE, 000015",20037794,2021-12-21T00:00:00Z,1007745,MU24,MU-51,2026-01-10T00:00:00Z
248585,Aparcabicicletas,192,VALDEBERNARDO,19,VICALVARO,OPERATIVO,447166.3,4472837.87,ETRS89,,,CALLE,LADERA DE LOS ALMENDROS,2,28032,"LADERA DE LOS ALMENDROS, 000002",31023316,1900-01-01T00:00:00Z,1007948,MU24,MU-51,2026-01-10T00:00:00Z
248588,Aparcabicicletas,192,VALDEBERNARDO,19,VICALVARO,OPERATIVO,447168.51,4472838.63,ETRS89,,,CALLE,LADERA DE LOS ALMENDROS,2,28032,"LADERA DE LOS ALMENDROS, 000002",31023316,1900-01-01T00:00:00Z,1007951,MU24,MU-51,2026-01-10T00:00:00Z
248590,Aparcabicicletas,192,VALDEBERNARDO,19,VICALVARO,OPERATIVO,447145.79,4472793.05,ETRS89,,,CALLE,LADERA DE LOS ALMENDROS,2,28032,"LADERA DE LOS ALMENDROS, 000002",31023316,1900-01-01T00:00:00Z,1007953,MU24,MU-51,2026-01-10T00:00:00Z
248592,Aparcabicicletas,192,VALDEBERNARDO,19,VICALVARO,OPERATIVO,447147.14,4472792.6,ETRS89,,,CALLE,LADERA DE LOS ALMENDROS,2,28032,"LADERA DE LOS ALMENDROS, 000002",31023316,1900-01-01T00:00:00Z,1007955,MU24,MU-51,2026-01-10T00:00:00Z
257016,Aparcabicicletas,134,PALOMERAS SURESTE,13,PUENTE DE VALLECAS,OPERATIVO,445098.63,4470183.27,ETRS89,,,CALLE,LEONESES,23,28018,"LEONESES, 000023",31046491,1900-01-01T00:00:00Z,1016287,MU24,ACB,2026-01-10T00:00:00Z
258896,Aparcabicicletas,133,PALOMERAS BAJAS,13,PUENTE DE VALLECAS,OPERATIVO,443847.94,4471054.81,ETRS89,,,CALLE,JAVIER DE MIGUEL,32,28018,"JAVIER DE MIGUEL, 000032",11094943,2018-03-15T00:00:00Z,1018167,MU24,MU-51,2026-01-10T00:00:00Z
258898,Aparcabicicletas,133,PALOMERAS BAJAS,13,PUENTE DE VALLECAS,OPERATIVO,443849.54,4471054.02,ETRS89,,,CALLE,JAVIER DE MIGUEL,32,28018,"JAVIER DE MIGUEL, 000032",11094943,2018-03-15T00:00:00Z,1018169,MU24,MU-51,2026-01-10T00:00:00Z
259522,Aparcabicicletas,191,CASCO HISTORICO DE VICALVARO,19,VICALVARO,OPERATIVO,447934.7,4473497.85,ETRS89,,,CALLE,EZCARAY,3,28032,"EZCARAY, 000003",11133387,1900-01-01T00:00:00Z,1018794,MU24,MU-51,2026-01-10T00:00:00Z
259524,Aparcabicicletas,191,CASCO HISTORICO DE VICALVARO,19,VICALVARO,OPERATIVO,447934.78,4473497.19,ETRS89,,,CALLE,EZCARAY,3,28032,"EZCARAY, 000003",11133387,1900-01-01T00:00:00Z,1018796,MU24,MU-51,2026-01-10T00:00:00Z
259794,Aparcabicicletas,134,PALOMERAS SURESTE,13,PUENTE DE VALLECAS,OPERATIVO,445856.22,4471294.25,ETRS89,,,CALLE,ANDALUCES,20,28038,"ANDALUCES, 000020",11096602,2018-11-30T00:00:00Z,1019071,MU24,MU-51,2026-01-10T00:00:00Z
241108,Aparcabicicletas,134,PALOMERAS SURESTE,13,PUENTE DE VALLECAS,OPERATIVO,445857.49,4471293.36,ETRS89,,,CALLE,ANDALUCES,20,28038,"CALLE DE LOS ANDALUCES 20, 28038 Madrid",11096602,2018-11-30T00:00:00Z,1000980,MU24,MU-51,2026-01-10T00:00:00Z
242436,Aparcabicicletas,134,PALOMERAS SURESTE,13,PUENTE DE VALLECAS,OPERATIVO,445668.75,4471507.96,ETRS89,,,CALLE,ANTONIO MAIRENA,19B,28038,"ANTONIO MAIRENA, 000019  B",31028951,1900-01-01T00:00:00Z,1001449,MU24,MU-51,2026-01-10T00:00:00Z
242438,Aparcabicicletas,134,PALOMERAS SURESTE,13,PUENTE DE VALLECAS,OPERATIVO,445667.48,4471508.64,ETRS89,,,CALLE,ANTONIO MAIRENA,19B,28038,"ANTONIO MAIRENA, 000019  B",31028951,1900-01-01T00:00:00Z,1001451,MU24,MU-51,2026-01-10T00:00:00Z
242772,Aparcabicicletas,135,PORTAZGO,13,PUENTE DE VALLECAS,OPERATIVO,444940.19,4471473.2,ETRS89,,,CALLE,CARLOS SOLE,13,28038,"CARLOS SOLÉ, 000013",31044663,1900-01-01T00:00:00Z,1001785,MU24,MU-51,2026-01-10T00:00:00Z
243188,Aparcabicicletas,133,PALOMERAS BAJAS,13,PUENTE DE VALLECAS,OPERATIVO,443789.29,4471542.78,ETRS89,,,CALLE,PUERTO DE BAÑOS,2,28053,"PUERTO DE BAÑOS, 000002",11095484,1900-01-01T00:00:00Z,1002386,MU24,H-2,2026-01-10T00:00:00Z
247920,Aparcabicicletas,136,NUMANCIA,13,PUENTE DE VALLECAS,OPERATIVO,444934.41,4472247.94,ETRS89,,,CALLE,EL BOSCO,22,28038,"EL BOSCO, 000022",31024346,1900-01-01T00:00:00Z,1007283,MU24,MU-51,2026-01-10T00:00:00Z
247922,Aparcabicicletas,136,NUMANCIA,13,PUENTE DE VALLECAS,OPERATIVO,444933.13,4472246.95,ETRS89,,,CALLE,EL BOSCO,22,28038,"EL BOSCO, 000022",31024346,1900-01-01T00:00:00Z,1007285,MU24,MU-51,2026-01-10T00:00:00Z
248797,Aparcabicicletas,133,PALOMERAS BAJAS,13,PUENTE DE VALLECAS,OPERATIVO,443975.88,4471399.41,ETRS89,,,CALLE,PAYASO FOFO,7,28018,"PAYASO FOFÓ, 000020",20081901,2017-10-19T00:00:00Z,1008160,MU24,MU-51,2026-01-10T00:00:00Z
259065,Aparcabicicletas,133,PALOMERAS BAJAS,13,PUENTE DE VALLECAS,OPERATIVO,444039.52,4470931.27,ETRS89,,,CALLE,JAVIER DE MIGUEL,33A,28018,"JAVIER DE MIGUEL, 000033  A",20059549,1900-01-01T00:00:00Z,1018336,MU24,MU-51,2026-01-10T00:00:00Z
259523,Aparcabicicletas,191,CASCO HISTORICO DE VICALVARO,19,VICALVARO,OPERATIVO,447935.02,4473495.85,ETRS89,,,CALLE,EZCARAY,3,28032,"EZCARAY, 000003",11133387,1900-01-01T00:00:00Z,1018795,MU24,MU-51,2026-01-10T00:00:00Z
259711,Aparcabicicletas,134,PALOMERAS SURESTE,13,PUENTE DE VALLECAS,OPERATIVO,445100.25,4470183.48,ETRS89,,,CALLE,LEONESES,23,28018,"LEONESES, 000023",31046491,1900-01-01T00:00:00Z,1018984,MU24,ACB,2026-01-10T00:00:00Z
242435,Aparcabicicletas,134,PALOMERAS SURESTE,13,PUENTE DE VALLECAS,OPERATIVO,445669.34,4471507.62,ETRS89,,,CALLE,ANTONIO MAIRENA,19B,28038,"ANTONIO MAIRENA, 000019  B",31028951,1900-01-01T00:00:00Z,1001448,MU24,MU-51,2026-01-10T00:00:00Z
242437,Aparcabicicletas,134,PALOMERAS SURESTE,13,PUENTE DE VALLECAS,OPERATIVO,445668.16,4471508.3,ETRS89,,,CALLE,ANTONIO MAIRENA,19B,28038,"ANTONIO MAIRENA, 000019  B",31028951,1900-01-01T00:00:00Z,1001450,MU24,MU-51,2026-01-10T00:00:00Z
242771,Aparcabicicletas,135,PORTAZGO,13,PUENTE DE VALLECAS,OPERATIVO,444941.03,4471473.19,ETRS89,,,CALLE,CARLOS SOLE,13,28038,"CARLOS SOLÉ, 000013",31044663,1900-01-01T00:00:00Z,1001784,MU24,MU-51,2026-01-10T00:00:00Z
242773,Aparcabicicletas,135,PORTAZGO,13,PUENTE DE VALLECAS,OPERATIVO,444939.34,4471473.2,ETRS89,,,CALLE,CARLOS SOLE,13,28038,"CARLOS SOLÉ, 000013",31044663,1900-01-01T00:00:00Z,1001786,MU24,MU-51,2026-01-10T00:00:00Z
245389,Aparcabicicletas,191,CASCO HISTORICO DE VICALVARO,19,VICALVARO,OPERATIVO,448356.96,4472938.14,ETRS89,,,CALLE,VILLARDONDIEGO,36,28032,"CALLE DE VILLARDONDIEGO 34, 28032 Madrid",20097401,1900-01-01T00:00:00Z,1004862,MU24,MU-51,2026-01-10T00:00:00Z
247921,Aparcabicicletas,136,NUMANCIA,13,PUENTE DE VALLECAS,OPERATIVO,444933.73,4472247.51,ETRS89,,,CALLE,EL BOSCO,22,28038,"EL BOSCO, 000022",31024346,1900-01-01T00:00:00Z,1007284,MU24,MU-51,2026-01-10T00:00:00Z
248796,Aparcabicicletas,133,PALOMERAS BAJAS,13,PUENTE DE VALLECAS,OPERATIVO,443975.54,4471400.19,ETRS89,,,CALLE,PAYASO FOFO,20,28018,"PAYASO FOFÓ, 000020",20081901,2017-10-19T00:00:00Z,1008159,MU24,MU-51,2026-01-10T00:00:00Z
248798,Aparcabicicletas,133,PALOMERAS BAJAS,13,PUENTE DE VALLECAS,OPERATIVO,443976.3,4471398.63,ETRS89,,,CALLE,PAYASO FOFO,7,28018,"PAYASO FOFÓ, 000020",20081901,2017-10-19T00:00:00Z,1008161,MU24,MU-51,2026-01-10T00:00:00Z
249224,Aparcabicicletas,134,PALOMERAS SURESTE,13,PUENTE DE VALLECAS,OPERATIVO,445463.976,4470484.096,ETRS89,,,CALLE,ASTURIANOS,2,28018,"ASTURIANOS, 000002",31026014,1900-01-01T00:00:00Z,1008587,MU24,MU-51,2026-01-10T00:00:00Z
249651,Aparcabicicletas,135,PORTAZGO,13,PUENTE DE VALLECAS,OPERATIVO,444942.56,4471472.96,ETRS89,,,CALLE,CARLOS SOLE,13,28038,"CARLOS SOLÉ, 000013",31044663,1900-01-01T00:00:00Z,1009015,MU24,MU-51,2026-01-10T00:00:00Z
250415,Aparcabicicletas,182,SANTA EUGENIA,18,VILLA DE VALLECAS,OPERATIVO,447872.74,4470221.55,ETRS89,,,CALLE,ENRIQUE GARCIA ALVAREZ,6,28031,"ENRIQUE GARCÍA ÁLVAREZ, 000006",31047216,1900-01-01T00:00:00Z,1009787,MU24,MU-51,2026-01-10T00:00:00Z
253255,Aparcabicicletas,134,PALOMERAS SURESTE,13,PUENTE DE VALLECAS,OPERATIVO,445464.647,4470482.981,ETRS89,,,CALLE,ASTURIANOS,2,28018,"ASTURIANOS, 000002",31026014,2022-09-29T00:00:00Z,1012526,MU24,MU-51,2026-01-10T00:00:00Z
248799,Aparcabicicletas,136,NUMANCIA,13,PUENTE DE VALLECAS,OPERATIVO,444375.25,4472616.28,ETRS89,,,CALLE,MARISMAS,14C,28038,"MARISMAS, 000014  C",31022493,1900-01-01T00:00:00Z,1008162,MU24,MU-51,2026-01-10T00:00:00Z
249718,Aparcabicicletas,134,PALOMERAS SURESTE,13,PUENTE DE VALLECAS,OPERATIVO,445806.97,4471431.59,ETRS89,,,CALLE,ANTONIO MAIRENA,23,28038,"ANTONIO MAIRENA, 000023",31025964,1900-01-01T00:00:00Z,1009082,MU24,MU-51,2026-01-10T00:00:00Z
250416,Aparcabicicletas,182,SANTA EUGENIA,18,VILLA DE VALLECAS,OPERATIVO,447873.33,4470220.99,ETRS89,,,CALLE,ENRIQUE GARCIA ALVAREZ,6,28031,"PLAZA DE ANTONIO MARIA SEGOVIA 6, 28031 Madrid",31047216,1900-01-01T00:00:00Z,1009788,MU24,MU-51,2026-01-10T00:00:00Z
253256,Aparcabicicletas,134,PALOMERAS SURESTE,13,PUENTE DE VALLECAS,OPERATIVO,445464.311,4470483.538,ETRS89,,,CALLE,ASTURIANOS,2,28018,"ASTURIANOS, 000002",31026014,2022-09-29T00:00:00Z,1012527,MU24,MU-51,2026-01-10T00:00:00Z
260434,Aparcabicicletas,191,CASCO HISTORICO DE VICALVARO,19,VICALVARO,OPERATIVO,449122.98,4472951.55,ETRS89,,,CALLE,VILLABLANCA,81,28032,"VILLABLANCA, 000081",20108070,1900-01-01T00:00:00Z,1019732,MU24,MU-51,2026-01-10T00:00:00Z
260369,Aparcabicicletas,136,NUMANCIA,13,PUENTE DE VALLECAS,OPERATIVO,444103.58,4472408.61,ETRS89,,,CALLE,PUERTO DE CANENCIA,9,28038,"PUERTO DE CANENCIA, 000009",11099384,1900-01-01T00:00:00Z,1019667,MU24,MU-51,2026-01-10T00:00:00Z
261221,Aparcabicicletas,182,SANTA EUGENIA,18,VILLA DE VALLECAS,OPERATIVO,448676.98,4470434.24,ETRS89,,,CALLE,ZAZUAR,1A,28031,"ZAZUAR, 000001  A",31010463,1900-01-01T00:00:00Z,1020534,MU24,MU-51,2026-01-10T00:00:00Z
261983,Aparcabicicletas,133,PALOMERAS BAJAS,13,PUENTE DE VALLECAS,OPERATIVO,443790.89,4471541.11,ETRS89,,,CALLE,PUERTO DE BAÑOS,2,28053,"PUERTO DE BAÑOS, 000002",11095484,1900-01-01T00:00:00Z,1021297,MU24,,2026-01-10T00:00:00Z
264133,Aparcabicicletas,183,ENSANCHE DE VALLECAS,18,VILLA DE VALLECAS,OPERATIVO,447924.52,4468911.68,ETRS89,,,CALLE,PUENTEDEY,5.0,28051,"PUENTEDEY, 000005  F",31026424,1900-01-01T00:00:00Z,1023530,MU24,MU-38,2026-01-10T00:00:00Z
264366,Aparcabicicletas,133,PALOMERAS BAJAS,13,PUENTE DE VALLECAS,OPERATIVO,443935.31,4469955.99,ETRS89,,,CALLE,PUERTO DE BALBARAN,127,28018,"PUERTO DE BALBARÁN, 000127",20081324,1900-01-01T00:00:00Z,1023765,MU24,MU-51,2026-01-10T00:00:00Z
268429,Aparcabicicletas,191,CASCO HISTORICO DE VICALVARO,19,VICALVARO,OPERATIVO,448185.69,4473498.67,ETRS89,,,CALLE,LARDERO,2,28032,"LARDERO, 000002",31012361,1900-01-01T00:00:00Z,1027831,MU24,MU-51,2026-01-10T00:00:00Z
268905,Aparcabicicletas,181,CASCO HISTORICO DE VALLECAS,18,VILLA DE VALLECAS,OPERATIVO,447603.81,4469941.58,ETRS89,,,CALLE,PUERTO DE REINOSA,2,28031,"PUERTO DE REINOSA, 000002",31012604,1900-01-01T00:00:00Z,1028337,MU24,MU-51,2026-01-10T00:00:00Z
270474,Aparcabicicletas,131,ENTREVIAS,13,PUENTE DE VALLECAS,OPERATIVO,444348.8,4469529.65,ETRS89,,,CALLE,PADRE LLANOS,5,28053,"PADRE LLANOS, 000005",20173638,1900-01-01T00:00:00Z,1029906,MU24,ACB,2026-01-10T00:00:00Z
270476,Aparcabicicletas,131,ENTREVIAS,13,PUENTE DE VALLECAS,OPERATIVO,444348.27,4469526.88,ETRS89,,,CALLE,PADRE LLANOS,5,28053,"PADRE LLANOS, 000005",20173638,2021-09-28T00:00:00Z,1029908,MU24,ACB,2026-01-10T00:00:00Z
270478,Aparcabicicletas,131,ENTREVIAS,13,PUENTE DE VALLECAS,OPERATIVO,444351.83,4469527.07,ETRS89,,,CALLE,PADRE LLANOS,5,28053,"PADRE LLANOS, 000005",20173638,1900-01-01T00:00:00Z,1029910,MU24,ACB,2026-01-10T00:00:00Z
260451,Aparcabicicletas,134,PALOMERAS SURESTE,13,PUENTE DE VALLECAS,OPERATIVO,445670.02,4471507.29,ETRS89,,,CALLE,ANTONIO MAIRENA,19B,28038,"ANTONIO MAIRENA, 000019  B",31028951,1900-01-01T00:00:00Z,1019750,MU24,MU-51,2026-01-10T00:00:00Z
261982,Aparcabicicletas,133,PALOMERAS BAJAS,13,PUENTE DE VALLECAS,OPERATIVO,443792.41,4471539.43,ETRS89,,,CALLE,PUERTO DE BAÑOS,2,28053,"PUERTO DE BAÑOS, 000002",11095484,1900-01-01T00:00:00Z,1021296,MU24,H-2,2026-01-10T00:00:00Z
264411,Aparcabicicletas,136,NUMANCIA,13,PUENTE DE VALLECAS,OPERATIVO,444379.64,4471664.15,ETRS89,,,CALLE,RISCO DE PELOCHE,15,28038,"RISCO DE PELOCHE, 000015",20037794,2021-12-21T00:00:00Z,1023812,MU24,MU-51,2026-01-10T00:00:00Z
269405,Aparcabicicletas,136,NUMANCIA,13,PUENTE DE VALLECAS,OPERATIVO,444103.76,4472410.27,ETRS89,,,CALLE,PUERTO DE CANENCIA,9,28038,"PUERTO DE CANENCIA, 000009",11099384,1900-01-01T00:00:00Z,1028837,MU24,MU-51,2026-01-10T00:00:00Z
270475,Aparcabicicletas,131,ENTREVIAS,13,PUENTE DE VALLECAS,OPERATIVO,444350.16,4469529.75,ETRS89,,,CALLE,PADRE LLANOS,5,28053,"PADRE LLANOS, 000005",20173638,1900-01-01T00:00:00Z,1029907,MU24,ACB,2026-01-10T00:00:00Z
270477,Aparcabicicletas,131,ENTREVIAS,13,PUENTE DE VALLECAS,OPERATIVO,444349.36,4469525.87,ETRS89,,,CALLE,PADRE LLANOS,5,28053,"PADRE LLANOS, 000005",20173638,1900-01-01T00:00:00Z,1029909,MU24,ACB,2026-01-10T00:00:00Z
253926,Aparcabicicletas,191,CASCO HISTORICO DE VICALVARO,19,VICALVARO,OPERATIVO,448356.72,4472940.03,ETRS89,,,CALLE,VILLARDONDIEGO,34,28032,"VILLARDONDIEGO, 000034",20097398,1900-01-01T00:00:00Z,1013197,MU24,MU-51,2026-01-10T00:00:00Z
254173,Aparcabicicletas,191,CASCO HISTORICO DE VICALVARO,19,VICALVARO,OPERATIVO,448183.65,4473498.35,ETRS89,,,CALLE,LARDERO,2,28032,"LARDERO, 000002",31012361,1900-01-01T00:00:00Z,1013444,MU24,MU-51,2026-01-10T00:00:00Z
254175,Aparcabicicletas,191,CASCO HISTORICO DE VICALVARO,19,VICALVARO,OPERATIVO,448182.89,4473498.36,ETRS89,,,CALLE,LARDERO,2,28032,"LARDERO, 000002",31012361,1900-01-01T00:00:00Z,1013446,MU24,MU-51,2026-01-10T00:00:00Z
294567,Aparcabicicletas,146,VINATEROS,14,MORATALAZ,OPERATIVO,445958.5,4472791.41,ETRS89,,,CALLE,LUIS DE HOYOS SAINZ,86,28030,"LUIS DE HOYOS SAINZ, 000086",11102882,1900-01-01T00:00:00Z,1054071,MU24,MU-51,2026-01-10T00:00:00Z
294569,Aparcabicicletas,146,VINATEROS,14,MORATALAZ,OPERATIVO,445956.37,4472789.88,ETRS89,,,CALLE,LUIS DE HOYOS SAINZ,86,28030,"LUIS DE HOYOS SAINZ, 000086",11102882,1900-01-01T00:00:00Z,1054073,MU24,MU-51,2026-01-10T00:00:00Z
282118,Aparcabicicletas,191,CASCO HISTORICO DE VICALVARO,19,VICALVARO,OPERATIVO,447821.72,4473236.56,ETRS89,,,CALLE,CASALARREINA,29B,28032,"CASALARREINA, 000029  B",31047333,2023-03-08T00:00:00Z,1041585,MU24,MU-51,2026-01-10T00:00:00Z
286877,Aparcabicicletas,181,CASCO HISTORICO DE VALLECAS,18,VILLA DE VALLECAS,OPERATIVO,447220.71,4469111.29,ETRS89,,,CALLE,FUENTIDUEÑA,41,28031,"FUENTIDUEÑA, 000041",20072202,1900-01-01T00:00:00Z,1046344,MU24,MU-51,2026-01-10T00:00:00Z
286879,Aparcabicicletas,181,CASCO HISTORICO DE VALLECAS,18,VILLA DE VALLECAS,OPERATIVO,447222.24,4469111.62,ETRS89,,,CALLE,FUENTIDUEÑA,41,28031,"FUENTIDUEÑA, 000041",20072202,1900-01-01T00:00:00Z,1046346,MU24,MU-51,2026-01-10T00:00:00Z
286881,Aparcabicicletas,182,SANTA EUGENIA,18,VILLA DE VALLECAS,OPERATIVO,447674.94,4470317.61,ETRS89,,,CALLE,AGUSTIN GARCIA MALLA,4,28031,"AGUSTÍN GARCÍA MALLA, 000004",31029535,1900-01-01T00:00:00Z,1046348,MU24,MU-51,2026-01-10T00:00:00Z
286883,Aparcabicicletas,182,SANTA EUGENIA,18,VILLA DE VALLECAS,OPERATIVO,447674.25,4470317.06,ETRS89,,,CALLE,AGUSTIN GARCIA MALLA,4,28031,"AGUSTÍN GARCÍA MALLA, 000004",31029535,1900-01-01T00:00:00Z,1046350,MU24,MU-51,2026-01-10T00:00:00Z
286944,Aparcabicicletas,181,CASCO HISTORICO DE VALLECAS,18,VILLA DE VALLECAS,OPERATIVO,447067.99,4469510.76,ETRS89,,,CALLE,FUENTIDUEÑA,11,28031,"CALLE DE FUENTIDUEÑA 11, 28031 Madrid",20072213,1900-01-01T00:00:00Z,1046411,MU24,MU-51,2026-01-10T00:00:00Z
286946,Aparcabicicletas,181,CASCO HISTORICO DE VALLECAS,18,VILLA DE VALLECAS,OPERATIVO,447068.14,4469507.99,ETRS89,,,CALLE,FUENTIDUEÑA,11,28031,"FUENTIDUEÑA, 000011",20072213,1900-01-01T00:00:00Z,1046413,MU24,MU-51,2026-01-10T00:00:00Z
287329,Aparcabicicletas,181,CASCO HISTORICO DE VALLECAS,18,VILLA DE VALLECAS,OPERATIVO,447106.49,4469805.43,ETRS89,,,CALLE,PICO DE LA BRUJULA,2,28031,"PICO DE LA BRÚJULA, 000002",31052471,1900-01-01T00:00:00Z,1046796,MU24,MU-51,2026-01-10T00:00:00Z
287331,Aparcabicicletas,181,CASCO HISTORICO DE VALLECAS,18,VILLA DE VALLECAS,OPERATIVO,447102.5,4469805.35,ETRS89,,,CALLE,PEÑA VEIGA,6,28031,"PEÑA VEIGA, 000006",20165248,1900-01-01T00:00:00Z,1046798,MU24,MU-51,2026-01-10T00:00:00Z
287333,Aparcabicicletas,181,CASCO HISTORICO DE VALLECAS,18,VILLA DE VALLECAS,OPERATIVO,447104.45,4469805.44,ETRS89,,,CALLE,PEÑA VEIGA,6,28031,"PEÑA VEIGA, 000006",20165248,1900-01-01T00:00:00Z,1046800,MU24,MU-51,2026-01-10T00:00:00Z
287456,Aparcabicicletas,181,CASCO HISTORICO DE VALLECAS,18,VILLA DE VALLECAS,OPERATIVO,446769.53,4470102.42,ETRS89,,,CALLE,SAN JAIME,46,28031,"SAN JAIME, 000046",11129675,1900-01-01T00:00:00Z,1046923,MU24,MU-51,2026-01-10T00:00:00Z
287458,Aparcabicicletas,181,CASCO HISTORICO DE VALLECAS,18,VILLA DE VALLECAS,OPERATIVO,446767.48,4470100.43,ETRS89,,,CALLE,SAN JAIME,46,28031,"CALLE DE SAN JAIME 46, 28031 Madrid",11129675,1900-01-01T00:00:00Z,1046925,MU24,MU-51,2026-01-10T00:00:00Z
287460,Aparcabicicletas,181,CASCO HISTORICO DE VALLECAS,18,VILLA DE VALLECAS,OPERATIVO,446770.47,4470103.41,ETRS89,,,CALLE,SAN JAIME,48,28031,"SAN JAIME, 000048",11129676,1900-01-01T00:00:00Z,1046927,MU24,MU-51,2026-01-10T00:00:00Z
254172,Aparcabicicletas,191,CASCO HISTORICO DE VICALVARO,19,VICALVARO,OPERATIVO,448184.25,4473498.46,ETRS89,,,CALLE,LARDERO,2,28032,"LARDERO, 000002",31012361,1900-01-01T00:00:00Z,1013443,MU24,MU-51,2026-01-10T00:00:00Z
254174,Aparcabicicletas,191,CASCO HISTORICO DE VICALVARO,19,VICALVARO,OPERATIVO,448185.01,4473498.56,ETRS89,,,CALLE,LARDERO,2,28032,"LARDERO, 000002",31012361,1900-01-01T00:00:00Z,1013445,MU24,MU-51,2026-01-10T00:00:00Z
294566,Aparcabicicletas,146,VINATEROS,14,MORATALAZ,OPERATIVO,445956.97,4472790.31,ETRS89,,,CALLE,LUIS DE HOYOS SAINZ,86,28030,"LUIS DE HOYOS SAINZ, 000086",11102882,1900-01-01T00:00:00Z,1054070,MU24,MU-51,2026-01-10T00:00:00Z
294568,Aparcabicicletas,146,VINATEROS,14,MORATALAZ,OPERATIVO,445957.74,4472790.86,ETRS89,,,CALLE,LUIS DE HOYOS SAINZ,86,28030,"LUIS DE HOYOS SAINZ, 000086",11102882,1900-01-01T00:00:00Z,1054072,MU24,MU-51,2026-01-10T00:00:00Z
294570,Aparcabicicletas,146,VINATEROS,14,MORATALAZ,OPERATIVO,445955.6,4472789.21,ETRS89,,,CALLE,LUIS DE HOYOS SAINZ,86,28030,"LUIS DE HOYOS SAINZ, 000086",11102882,1900-01-01T00:00:00Z,1054074,MU24,MU-51,2026-01-10T00:00:00Z
295098,Aparcabicicletas,181,CASCO HISTORICO DE VALLECAS,18,VILLA DE VALLECAS,OPERATIVO,447000.13,4469591.16,ETRS89,,,CALLE,VILLARINO DE LOS AIRES,14,28031,"VILLARINO DE LOS AIRES, 000014",11131471,1900-01-01T00:00:00Z,1054602,MU24,MU-51,2026-01-10T00:00:00Z
295164,Aparcabicicletas,192,VALDEBERNARDO,19,VICALVARO,OPERATIVO,447587.68,4472639.1,ETRS89,,,CALLE,CORDEL DE PAVONES,2,28032,"CORDEL DE PAVONES, 000002",20153504,1900-01-01T00:00:00Z,1054668,MU24,MU-51,2026-01-10T00:00:00Z
295214,Aparcabicicletas,182,SANTA EUGENIA,18,VILLA DE VALLECAS,OPERATIVO,447768.97,4470399.1,ETRS89,,,CALLE,ENRIQUE GARCIA ALVAREZ,11,28031,"ENRIQUE GARCÍA ÁLVAREZ, 000011",20142421,1900-01-01T00:00:00Z,1054718,MU24,MU-51,2026-01-10T00:00:00Z
295217,Aparcabicicletas,182,SANTA EUGENIA,18,VILLA DE VALLECAS,OPERATIVO,447770.15,4470397.98,ETRS89,,,CALLE,ENRIQUE GARCIA ALVAREZ,11,28031,"ENRIQUE GARCÍA ÁLVAREZ, 000011",20142421,1900-01-01T00:00:00Z,1054721,MU24,MU-51,2026-01-10T00:00:00Z
295219,Aparcabicicletas,182,SANTA EUGENIA,18,VILLA DE VALLECAS,OPERATIVO,447786.04,4470485.79,ETRS89,,,CALLE,ENRIQUE GARCIA ALVAREZ,18,28031,"ENRIQUE GARCÍA ÁLVAREZ, 000018",31047252,1900-01-01T00:00:00Z,1054723,MU24,MU-51,2026-01-10T00:00:00Z
294894,Aparcabicicletas,141,PAVONES,14,MORATALAZ,OPERATIVO,446087.18,4472416.85,ETRS89,,,CALLE,HACIENDA DE PAVONES,342,28030,"HACIENDA DE PAVONES, 000342",20098173,1900-01-01T00:00:00Z,1054398,MU24,MU-51,2026-01-10T00:00:00Z
295099,Aparcabicicletas,181,CASCO HISTORICO DE VALLECAS,18,VILLA DE VALLECAS,OPERATIVO,446997.34,4469592.18,ETRS89,,,CALLE,VILLARINO DE LOS AIRES,14,28031,"VILLARINO DE LOS AIRES, 000014",11131471,1900-01-01T00:00:00Z,1054603,MU24,MU-51,2026-01-10T00:00:00Z
295162,Aparcabicicletas,192,VALDEBERNARDO,19,VICALVARO,OPERATIVO,447587.07,4472637.11,ETRS89,,,CALLE,CORDEL DE PAVONES,2,28032,"CORDEL DE PAVONES, 000002",20153504,1900-01-01T00:00:00Z,1054666,MU24,MU-51,2026-01-10T00:00:00Z
295216,Aparcabicicletas,182,SANTA EUGENIA,18,VILLA DE VALLECAS,OPERATIVO,447769.56,4470398.54,ETRS89,,,CALLE,ENRIQUE GARCIA ALVAREZ,11,28031,"ENRIQUE GARCÍA ÁLVAREZ, 000011",20142421,1900-01-01T00:00:00Z,1054720,MU24,MU-51,2026-01-10T00:00:00Z
295218,Aparcabicicletas,182,SANTA EUGENIA,18,VILLA DE VALLECAS,OPERATIVO,447788.31,4470482.78,ETRS89,,,CALLE,ENRIQUE GARCIA ALVAREZ,18,28031,"DIEGO OLIVERA VICTORIO, 000002",31047252,1900-01-01T00:00:00Z,1054722,MU24,MU-51,2026-01-10T00:00:00Z
295220,Aparcabicicletas,182,SANTA EUGENIA,18,VILLA DE VALLECAS,OPERATIVO,447786.54,4470485.01,ETRS89,,,CALLE,ENRIQUE GARCIA ALVAREZ,18,28031,"DIEGO OLIVERA VICTORIO, 000002",31047252,1900-01-01T00:00:00Z,1054724,MU24,MU-51,2026-01-10T00:00:00Z
295222,Aparcabicicletas,182,SANTA EUGENIA,18,VILLA DE VALLECAS,OPERATIVO,447787.72,4470483.45,ETRS89,,,CALLE,ENRIQUE GARCIA ALVAREZ,18,28031,"DIEGO OLIVERA VICTORIO, 000002",31047252,1900-01-01T00:00:00Z,1054726,MU24,MU-51,2026-01-10T00:00:00Z
295376,Aparcabicicletas,193,VALDERRIVAS,19,VICALVARO,OPERATIVO,448528.95,4471574.38,ETRS89,,,CALLE,MINERVA,161,28032,"MINERVA, 000161",20180448,1900-01-01T00:00:00Z,1054880,MU24,MU-51,2026-01-10T00:00:00Z
295221,Aparcabicicletas,182,SANTA EUGENIA,18,VILLA DE VALLECAS,OPERATIVO,447787.13,4470484.23,ETRS89,,,CALLE,ENRIQUE GARCIA ALVAREZ,18,28031,"DIEGO OLIVERA VICTORIO, 000002",31047252,1900-01-01T00:00:00Z,1054725,MU24,MU-51,2026-01-10T00:00:00Z
295310,Aparcabicicletas,193,VALDERRIVAS,19,VICALVARO,OPERATIVO,448452.64,4472018.47,ETRS89,,,CALLE,MARMOLINA,5,28032,"MARMOLINA, 000005",31022043,1900-01-01T00:00:00Z,1054814,MU24,MU-51,2026-01-10T00:00:00Z
295375,Aparcabicicletas,193,VALDERRIVAS,19,VICALVARO,OPERATIVO,448529.63,4471574.6,ETRS89,,,CALLE,MINERVA,161,28032,"MINERVA, 000161",20180448,1900-01-01T00:00:00Z,1054879,MU24,MU-51,2026-01-10T00:00:00Z
295377,Aparcabicicletas,193,VALDERRIVAS,19,VICALVARO,OPERATIVO,448527.42,4471573.83,ETRS89,,,CALLE,MINERVA,161,28032,"MINERVA, 000161",20180448,1900-01-01T00:00:00Z,1054881,MU24,MU-51,2026-01-10T00:00:00Z
295379,Aparcabicicletas,193,VALDERRIVAS,19,VICALVARO,OPERATIVO,448526.65,4471573.62,ETRS89,,,CALLE,MINERVA,161,28032,"CALLE DE MINERVA 161, 28032 Madrid",20180448,1900-01-01T00:00:00Z,1054883,MU24,MU-51,2026-01-10T00:00:00Z
295394,Aparcabicicletas,191,CASCO HISTORICO DE VICALVARO,19,VICALVARO,OPERATIVO,448357.04,4472937.36,ETRS89,,,CALLE,VILLARDONDIEGO,36,28032,"VILLARDONDIEGO, 000036",20097401,1900-01-01T00:00:00Z,1054898,MU24,MU-51,2026-01-10T00:00:00Z
295443,Aparcabicicletas,133,PALOMERAS BAJAS,13,PUENTE DE VALLECAS,OPERATIVO,443835.04,4470033.99,ETRS89,,,CALLE,ROMEO Y JULIETA,13,28018,"PUERTO DE BALBARÁN, 000125",20080943,1900-01-01T00:00:00Z,1054947,MU24,MU-51,2026-01-10T00:00:00Z
295445,Aparcabicicletas,133,PALOMERAS BAJAS,13,PUENTE DE VALLECAS,OPERATIVO,443838.0,4470033.31,ETRS89,,,CALLE,ROMEO Y JULIETA,13,28018,"ROMEO Y JULIETA, 000013",20080943,1900-01-01T00:00:00Z,1054949,MU24,MU-51,2026-01-10T00:00:00Z
295447,Aparcabicicletas,133,PALOMERAS BAJAS,13,PUENTE DE VALLECAS,OPERATIVO,443837.24,4470033.42,ETRS89,,,CALLE,ROMEO Y JULIETA,13,28018,"ROMEO Y JULIETA, 000013",20080943,1900-01-01T00:00:00Z,1054951,MU24,MU-51,2026-01-10T00:00:00Z
295509,Aparcabicicletas,136,NUMANCIA,13,PUENTE DE VALLECAS,OPERATIVO,444403.73,4472027.96,ETRS89,,,CALLE,BENJAMIN PALENCIA,2,28038,"BENJAMÍN PALENCIA, 000002",20002299,1900-01-01T00:00:00Z,1055013,MU24,MU-51,2026-01-10T00:00:00Z
295618,Aparcabicicletas,182,SANTA EUGENIA,18,VILLA DE VALLECAS,OPERATIVO,448715.17,4470655.99,ETRS89,,,CALLE,CERRO DE ALMODOVAR,5,28007,"CERRO DE ALMODÓVAR, 000005",31040957,1900-01-01T00:00:00Z,1055122,MU24,MU-51,2026-01-10T00:00:00Z
295378,Aparcabicicletas,193,VALDERRIVAS,19,VICALVARO,OPERATIVO,448528.1,4471574.16,ETRS89,,,CALLE,MINERVA,161,28032,"CALLE DE MINERVA 161, 28032 Madrid",20180448,1900-01-01T00:00:00Z,1054882,MU24,MU-51,2026-01-10T00:00:00Z
295393,Aparcabicicletas,191,CASCO HISTORICO DE VICALVARO,19,VICALVARO,OPERATIVO,448357.04,4472936.47,ETRS89,,,CALLE,VILLARDONDIEGO,36,28032,"VILLARDONDIEGO, 000036",20097401,1900-01-01T00:00:00Z,1054897,MU24,MU-51,2026-01-10T00:00:00Z
295395,Aparcabicicletas,191,CASCO HISTORICO DE VICALVARO,19,VICALVARO,OPERATIVO,448356.8,4472939.03,ETRS89,,,CALLE,VILLARDONDIEGO,36,28032,"VILLARDONDIEGO, 000036",20097401,1900-01-01T00:00:00Z,1054899,MU24,MU-51,2026-01-10T00:00:00Z
295444,Aparcabicicletas,133,PALOMERAS BAJAS,13,PUENTE DE VALLECAS,OPERATIVO,443835.71,4470033.88,ETRS89,,,CALLE,ROMEO Y JULIETA,13,28018,"ROMEO Y JULIETA, 000013",20080943,1900-01-01T00:00:00Z,1054948,MU24,MU-51,2026-01-10T00:00:00Z
295446,Aparcabicicletas,133,PALOMERAS BAJAS,13,PUENTE DE VALLECAS,OPERATIVO,443836.48,4470033.65,ETRS89,,,CALLE,ROMEO Y JULIETA,13,28018,"ROMEO Y JULIETA, 000013",20080943,1900-01-01T00:00:00Z,1054950,MU24,MU-51,2026-01-10T00:00:00Z
295508,Aparcabicicletas,136,NUMANCIA,13,PUENTE DE VALLECAS,OPERATIVO,444403.48,4472028.52,ETRS89,,,CALLE,BENJAMIN PALENCIA,2,28038,"BENJAMÍN PALENCIA, 000002",20002299,1900-01-01T00:00:00Z,1055012,MU24,MU-51,2026-01-10T00:00:00Z
295510,Aparcabicicletas,136,NUMANCIA,13,PUENTE DE VALLECAS,OPERATIVO,444404.15,4472027.4,ETRS89,,,CALLE,BENJAMIN PALENCIA,2,28038,"BENJAMÍN PALENCIA, 000002",20002299,1900-01-01T00:00:00Z,1055014,MU24,MU-51,2026-01-10T00:00:00Z
295619,Aparcabicicletas,182,SANTA EUGENIA,18,VILLA DE VALLECAS,OPERATIVO,448715.58,4470655.32,ETRS89,,,CALLE,CERRO DE ALMODOVAR,5,28007,"CERRO DE ALMODÓVAR, 000005",31040957,1900-01-01T00:00:00Z,1055123,MU24,MU-51,2026-01-10T00:00:00Z
295621,Aparcabicicletas,182,SANTA EUGENIA,18,VILLA DE VALLECAS,OPERATIVO,448716.51,4470653.98,ETRS89,,,CALLE,CERRO DE ALMODOVAR,5,28007,"CERRO DE ALMODÓVAR, 000005",31040957,1900-01-01T00:00:00Z,1055125,MU24,MU-51,2026-01-10T00:00:00Z
295624,Aparcabicicletas,182,SANTA EUGENIA,18,VILLA DE VALLECAS,OPERATIVO,448668.88,4470727.35,ETRS89,,,CALLE,CERRO DE ALMODOVAR,3,28007,"CERRO DE ALMODÓVAR, 000003",31040956,1900-01-01T00:00:00Z,1055128,MU24,MU-51,2026-01-10T00:00:00Z
295620,Aparcabicicletas,182,SANTA EUGENIA,18,VILLA DE VALLECAS,OPERATIVO,448716.09,4470654.65,ETRS89,,,CALLE,CERRO DE ALMODOVAR,5,28007,"CERRO DE ALMODÓVAR, 000005",31040957,1900-01-01T00:00:00Z,1055124,MU24,MU-51,2026-01-10T00:00:00Z
295623,Aparcabicicletas,182,SANTA EUGENIA,18,VILLA DE VALLECAS,OPERATIVO,448669.47,4470726.68,ETRS89,,,CALLE,CERRO DE ALMODOVAR,3,28007,"CERRO DE ALMODÓVAR, 000003",31040956,1900-01-01T00:00:00Z,1055127,MU24,MU-51,2026-01-10T00:00:00Z
295625,Aparcabicicletas,182,SANTA EUGENIA,18,VILLA DE VALLECAS,OPERATIVO,448670.82,4470724.67,ETRS89,,,CALLE,CERRO DE ALMODOVAR,3,28007,"CERRO DE ALMODÓVAR, 000003",31040956,1900-01-01T00:00:00Z,1055129,MU24,MU-51,2026-01-10T00:00:00Z
295814,Aparcabicicletas,134,PALOMERAS SURESTE,13,PUENTE DE VALLECAS,OPERATIVO,445413.09,4470606.79,ETRS89,,,CALLE,EXTREMEÑOS,5,28018,"EXTREMEÑOS, 000005",20139499,1900-01-01T00:00:00Z,1055318,MU24,MU-51,2026-01-10T00:00:00Z
295816,Aparcabicicletas,134,PALOMERAS SURESTE,13,PUENTE DE VALLECAS,OPERATIVO,445414.61,4470606.12,ETRS89,,,CALLE,EXTREMEÑOS,5,28018,"EXTREMEÑOS, 000005",20139499,1900-01-01T00:00:00Z,1055320,MU24,MU-51,2026-01-10T00:00:00Z
295887,Aparcabicicletas,182,SANTA EUGENIA,18,VILLA DE VALLECAS,OPERATIVO,448364.87,4470288.08,ETRS89,,,CALLE,ZAZUAR,17,28031,"ZAZUAR, 000017",11131637,1900-01-01T00:00:00Z,1055391,MU24,MU-51,2026-01-10T00:00:00Z
295889,Aparcabicicletas,182,SANTA EUGENIA,18,VILLA DE VALLECAS,OPERATIVO,448364.12,4470289.97,ETRS89,,,CALLE,ZAZUAR,17,28031,"ZAZUAR, 000017",11131637,1900-01-01T00:00:00Z,1055393,MU24,MU-51,2026-01-10T00:00:00Z
296062,Aparcabicicletas,134,PALOMERAS SURESTE,13,PUENTE DE VALLECAS,OPERATIVO,446213.58,4470409.75,ETRS89,,,CALLE,TRANVIA DE ARGANDA,4,28031,"TRANVÍA DE ARGANDA, 000004",20169452,1900-01-01T00:00:00Z,1055566,MU24,MU-51,2026-01-10T00:00:00Z
296064,Aparcabicicletas,134,PALOMERAS SURESTE,13,PUENTE DE VALLECAS,OPERATIVO,446214.44,4470411.3,ETRS89,,,CALLE,TRANVIA DE ARGANDA,4,28031,"TRANVÍA DE ARGANDA, 000004",20169452,1900-01-01T00:00:00Z,1055568,MU24,MU-51,2026-01-10T00:00:00Z
296066,Aparcabicicletas,134,PALOMERAS SURESTE,13,PUENTE DE VALLECAS,OPERATIVO,446215.3,4470412.74,ETRS89,,,CALLE,TRANVIA DE ARGANDA,4,28031,"TRANVÍA DE ARGANDA, 000004",20169452,1900-01-01T00:00:00Z,1055570,MU24,MU-51,2026-01-10T00:00:00Z
296068,Aparcabicicletas,181,CASCO HISTORICO DE VALLECAS,18,VILLA DE VALLECAS,OPERATIVO,447603.04,4469941.48,ETRS89,,,CALLE,PUERTO DE REINOSA,2,28031,"PUERTO DE REINOSA, 000002",31012604,1900-01-01T00:00:00Z,1055572,MU24,MU-51,2026-01-10T00:00:00Z
295626,Aparcabicicletas,182,SANTA EUGENIA,18,VILLA DE VALLECAS,OPERATIVO,448670.31,4470725.45,ETRS89,,,CALLE,CERRO DE ALMODOVAR,3,28007,"CERRO DE ALMODÓVAR, 000003",31040956,1900-01-01T00:00:00Z,1055130,MU24,MU-51,2026-01-10T00:00:00Z
295815,Aparcabicicletas,134,PALOMERAS SURESTE,13,PUENTE DE VALLECAS,OPERATIVO,445413.85,4470606.45,ETRS89,,,CALLE,EXTREMEÑOS,5,28018,"EXTREMEÑOS, 000005",20139499,1900-01-01T00:00:00Z,1055319,MU24,MU-51,2026-01-10T00:00:00Z
295817,Aparcabicicletas,134,PALOMERAS SURESTE,13,PUENTE DE VALLECAS,OPERATIVO,445415.37,4470605.78,ETRS89,,,CALLE,EXTREMEÑOS,5,28018,"EXTREMEÑOS, 000005",20139499,1900-01-01T00:00:00Z,1055321,MU24,MU-51,2026-01-10T00:00:00Z
295888,Aparcabicicletas,182,SANTA EUGENIA,18,VILLA DE VALLECAS,OPERATIVO,448363.87,4470290.75,ETRS89,,,CALLE,ZAZUAR,17,28031,"ZAZUAR, 000017",11131637,1900-01-01T00:00:00Z,1055392,MU24,MU-51,2026-01-10T00:00:00Z
295890,Aparcabicicletas,182,SANTA EUGENIA,18,VILLA DE VALLECAS,OPERATIVO,448364.45,4470288.97,ETRS89,,,CALLE,ZAZUAR,17,28031,"ZAZUAR, 000017",11131637,1900-01-01T00:00:00Z,1055394,MU24,MU-51,2026-01-10T00:00:00Z
296063,Aparcabicicletas,134,PALOMERAS SURESTE,13,PUENTE DE VALLECAS,OPERATIVO,446214.01,4470410.53,ETRS89,,,CALLE,TRANVIA DE ARGANDA,4,28031,"TRANVÍA DE ARGANDA, 000004",20169452,1900-01-01T00:00:00Z,1055567,MU24,MU-51,2026-01-10T00:00:00Z
296065,Aparcabicicletas,134,PALOMERAS SURESTE,13,PUENTE DE VALLECAS,OPERATIVO,446214.87,4470412.07,ETRS89,,,CALLE,TRANVIA DE ARGANDA,4,28031,"TRANVÍA DE ARGANDA, 000004",20169452,1900-01-01T00:00:00Z,1055569,MU24,MU-51,2026-01-10T00:00:00Z
296067,Aparcabicicletas,181,CASCO HISTORICO DE VALLECAS,18,VILLA DE VALLECAS,OPERATIVO,447604.57,4469941.69,ETRS89,,,CALLE,PUERTO DE REINOSA,2,28031,"CALLE DEL PUERTO DE REINOSA 2, 28031 Madrid",31012604,1900-01-01T00:00:00Z,1055571,MU24,MU-51,2026-01-10T00:00:00Z
296069,Aparcabicicletas,181,CASCO HISTORICO DE VALLECAS,18,VILLA DE VALLECAS,OPERATIVO,447605.34,4469941.8,ETRS89,,,CALLE,PUERTO DE REINOSA,2,28031,"PUERTO DE REINOSA, 000002",31012604,1900-01-01T00:00:00Z,1055573,MU24,MU-51,2026-01-10T00:00:00Z
296070,Aparcabicicletas,181,CASCO HISTORICO DE VALLECAS,18,VILLA DE VALLECAS,OPERATIVO,447605.93,4469941.9,ETRS89,,,CALLE,PUERTO DE REINOSA,2,28031,"PUERTO DE REINOSA, 000002",31012604,1900-01-01T00:00:00Z,1055574,MU24,MU-51,2026-01-10T00:00:00Z
296217,Aparcabicicletas,133,PALOMERAS BAJAS,13,PUENTE DE VALLECAS,OPERATIVO,444466.67,4470015.97,ETRS89,,,CALLE,TRISTANA,10,28018,"TRISTANA, 000010",20081213,2017-10-19T00:00:00Z,1055726,MU24,MU-51,2026-01-10T00:00:00Z
296219,Aparcabicicletas,133,PALOMERAS BAJAS,13,PUENTE DE VALLECAS,OPERATIVO,444466.9,4470013.53,ETRS89,,,CALLE,TRISTANA,10,28018,"TRISTANA, 000010",20081213,2017-10-19T00:00:00Z,1055728,MU24,MU-51,2026-01-10T00:00:00Z
296377,Aparcabicicletas,136,NUMANCIA,13,PUENTE DE VALLECAS,OPERATIVO,443819.83,4472878.17,ETRS89,,,CALLE,FILOSOFA SIMONE WEIL,6,28038,"FILÓSOFA SIMONE WEIL, 000006",11142798,1900-01-01T00:00:00Z,1055886,MU24,MU-51,2026-01-10T00:00:00Z
296404,Aparcabicicletas,191,CASCO HISTORICO DE VICALVARO,19,VICALVARO,OPERATIVO,449201.45,4473098.32,ETRS89,,,CALLE,SEPIOLITA,6,28032,"SEPIOLITA, 000006",31028697,1900-01-01T00:00:00Z,1055913,MU24,MU-51,2026-01-10T00:00:00Z
296449,Aparcabicicletas,181,CASCO HISTORICO DE VALLECAS,18,VILLA DE VALLECAS,OPERATIVO,446999.09,4470321.25,ETRS89,,,CALLE,JESUS DEL PINO,32,28031,"JESÚS DEL PINO, 000032",20150872,2023-06-21T00:00:00Z,1055958,MU24,MU-51,2026-01-10T00:00:00Z
296452,Aparcabicicletas,181,CASCO HISTORICO DE VALLECAS,18,VILLA DE VALLECAS,OPERATIVO,446998.0,4470323.03,ETRS89,,,CALLE,JESUS DEL PINO,32,28031,"JESÚS DEL PINO, 000032",20150872,2023-06-21T00:00:00Z,1055961,MU24,MU-51,2026-01-10T00:00:00Z
296218,Aparcabicicletas,133,PALOMERAS BAJAS,13,PUENTE DE VALLECAS,OPERATIVO,444466.74,4470015.2,ETRS89,,,CALLE,TRISTANA,10,28018,"TRISTANA, 000010",20081213,2017-10-19T00:00:00Z,1055727,MU24,MU-51,2026-01-10T00:00:00Z
296339,Aparcabicicletas,136,NUMANCIA,13,PUENTE DE VALLECAS,OPERATIVO,444103.58,4472409.05,ETRS89,,,CALLE,PUERTO DE CANENCIA,9,28038,"PUERTO DE CANENCIA, 000009",11099384,1900-01-01T00:00:00Z,1055848,MU24,MU-51,2026-01-10T00:00:00Z
296378,Aparcabicicletas,136,NUMANCIA,13,PUENTE DE VALLECAS,OPERATIVO,443819.48,4472877.18,ETRS89,,,CALLE,FILOSOFA SIMONE WEIL,6,28038,"FILÓSOFA SIMONE WEIL, 000006",11142798,1900-01-01T00:00:00Z,1055887,MU24,MU-51,2026-01-10T00:00:00Z
296451,Aparcabicicletas,181,CASCO HISTORICO DE VALLECAS,18,VILLA DE VALLECAS,OPERATIVO,446998.33,4470322.36,ETRS89,,,CALLE,JESUS DEL PINO,32,28031,"JESÚS DEL PINO, 000032",20150872,2023-06-21T00:00:00Z,1055960,MU24,MU-51,2026-01-10T00:00:00Z
296453,Aparcabicicletas,181,CASCO HISTORICO DE VALLECAS,18,VILLA DE VALLECAS,OPERATIVO,446997.16,4470324.26,ETRS89,,,CALLE,JESUS DEL PINO,32,28031,"JESÚS DEL PINO, 000032",20150872,2023-06-21T00:00:00Z,1055962,MU24,MU-51,2026-01-10T00:00:00Z
296455,Aparcabicicletas,181,CASCO HISTORICO DE VALLECAS,18,VILLA DE VALLECAS,OPERATIVO,446996.74,4470324.93,ETRS89,,,CALLE,JESUS DEL PINO,32,28031,"JESÚS DEL PINO, 000032",20150872,2023-06-21T00:00:00Z,1055964,MU24,MU-51,2026-01-10T00:00:00Z
296457,Aparcabicicletas,181,CASCO HISTORICO DE VALLECAS,18,VILLA DE VALLECAS,OPERATIVO,446996.4,4470325.48,ETRS89,,,CALLE,JESUS DEL PINO,32,28031,"JESÚS DEL PINO, 000032",20150872,2023-06-21T00:00:00Z,1055966,MU24,MU-51,2026-01-10T00:00:00Z
296498,Aparcabicicletas,131,ENTREVIAS,13,PUENTE DE VALLECAS,OPERATIVO,444335.68,4469673.38,ETRS89,,,CALLE,PUERTO DE BALBARAN,10,28018,"PUERTO DE BALBARÁN, 000010",20126524,1900-01-01T00:00:00Z,1056007,MU24,MU-51,2026-01-10T00:00:00Z
296500,Aparcabicicletas,131,ENTREVIAS,13,PUENTE DE VALLECAS,OPERATIVO,444334.16,4469673.62,ETRS89,,,CALLE,PUERTO DE BALBARAN,10,28018,"PUERTO DE BALBARÁN, 000010",20126524,1900-01-01T00:00:00Z,1056009,MU24,MU-51,2026-01-10T00:00:00Z
296502,Aparcabicicletas,131,ENTREVIAS,13,PUENTE DE VALLECAS,OPERATIVO,444332.72,4469673.96,ETRS89,,,CALLE,PUERTO DE BALBARAN,10,28018,"PUERTO DE BALBARÁN, 000010",20126524,1900-01-01T00:00:00Z,1056011,MU24,MU-51,2026-01-10T00:00:00Z
282119,Aparcabicicletas,191,CASCO HISTORICO DE VICALVARO,19,VICALVARO,OPERATIVO,447820.44,4473235.35,ETRS89,,,CALLE,CASALARREINA,29B,28032,"CASALARREINA, 000029  B",31047333,2023-03-08T00:00:00Z,1041586,MU24,MU-51,2026-01-10T00:00:00Z
286878,Aparcabicicletas,181,CASCO HISTORICO DE VALLECAS,18,VILLA DE VALLECAS,OPERATIVO,447221.48,4469111.4,ETRS89,,,CALLE,FUENTIDUEÑA,41,28031,"FUENTIDUEÑA, 000041",20072202,1900-01-01T00:00:00Z,1046345,MU24,MU-51,2026-01-10T00:00:00Z
286880,Aparcabicicletas,181,CASCO HISTORICO DE VALLECAS,18,VILLA DE VALLECAS,OPERATIVO,447223.69,4469111.83,ETRS89,,,CALLE,FUENTIDUEÑA,41,28031,"FUENTIDUEÑA, 000041",20072202,1900-01-01T00:00:00Z,1046347,MU24,MU-51,2026-01-10T00:00:00Z
286882,Aparcabicicletas,182,SANTA EUGENIA,18,VILLA DE VALLECAS,OPERATIVO,447673.32,4470316.4,ETRS89,,,CALLE,AGUSTIN GARCIA MALLA,4,28031,"AGUSTÍN GARCÍA MALLA, 000004",31029535,1900-01-01T00:00:00Z,1046349,MU24,MU-51,2026-01-10T00:00:00Z
286884,Aparcabicicletas,182,SANTA EUGENIA,18,VILLA DE VALLECAS,OPERATIVO,447675.62,4470318.28,ETRS89,,,CALLE,AGUSTIN GARCIA MALLA,4,28031,"AGUSTÍN GARCÍA MALLA, 000004",31029535,1900-01-01T00:00:00Z,1046351,MU24,MU-51,2026-01-10T00:00:00Z
286945,Aparcabicicletas,181,CASCO HISTORICO DE VALLECAS,18,VILLA DE VALLECAS,OPERATIVO,447067.98,4469509.54,ETRS89,,,CALLE,FUENTIDUEÑA,11,28031,"FUENTIDUEÑA, 000011",20072213,1900-01-01T00:00:00Z,1046412,MU24,MU-51,2026-01-10T00:00:00Z
286947,Aparcabicicletas,181,CASCO HISTORICO DE VALLECAS,18,VILLA DE VALLECAS,OPERATIVO,447068.22,4469506.65,ETRS89,,,CALLE,FUENTIDUEÑA,11,28031,"FUENTIDUEÑA, 000011",20072213,1900-01-01T00:00:00Z,1046414,MU24,MU-51,2026-01-10T00:00:00Z
287330,Aparcabicicletas,181,CASCO HISTORICO DE VALLECAS,18,VILLA DE VALLECAS,OPERATIVO,447105.47,4469805.44,ETRS89,,,CALLE,PEÑA VEIGA,6,28031,"PEÑA VEIGA, 000006",20165248,1900-01-01T00:00:00Z,1046797,MU24,MU-51,2026-01-10T00:00:00Z
296454,Aparcabicicletas,181,CASCO HISTORICO DE VALLECAS,18,VILLA DE VALLECAS,OPERATIVO,446997.58,4470323.59,ETRS89,,,CALLE,JESUS DEL PINO,32,28031,"JESÚS DEL PINO, 000032",20150872,2023-06-21T00:00:00Z,1055963,MU24,MU-51,2026-01-10T00:00:00Z
296456,Aparcabicicletas,181,CASCO HISTORICO DE VALLECAS,18,VILLA DE VALLECAS,OPERATIVO,446996.24,4470325.82,ETRS89,,,CALLE,JESUS DEL PINO,32,28031,"JESÚS DEL PINO, 000032",20150872,2023-06-21T00:00:00Z,1055965,MU24,MU-51,2026-01-10T00:00:00Z
296458,Aparcabicicletas,181,CASCO HISTORICO DE VALLECAS,18,VILLA DE VALLECAS,OPERATIVO,446995.99,4470326.37,ETRS89,,,CALLE,JESUS DEL PINO,32,28031,"JESÚS DEL PINO, 000032",20150872,2023-06-21T00:00:00Z,1055967,MU24,MU-51,2026-01-10T00:00:00Z
296499,Aparcabicicletas,131,ENTREVIAS,13,PUENTE DE VALLECAS,OPERATIVO,444333.56,4469673.73,ETRS89,,,CALLE,PUERTO DE BALBARAN,10,28018,"PUERTO DE BALBARÁN, 000010",20126524,1900-01-01T00:00:00Z,1056008,MU24,MU-51,2026-01-10T00:00:00Z
296501,Aparcabicicletas,131,ENTREVIAS,13,PUENTE DE VALLECAS,OPERATIVO,444334.92,4469673.39,ETRS89,,,CALLE,PUERTO DE BALBARAN,10,28018,"PUERTO DE BALBARÁN, 000010",20126524,1900-01-01T00:00:00Z,1056010,MU24,MU-51,2026-01-10T00:00:00Z
287953,Aparcabicicletas,181,CASCO HISTORICO DE VALLECAS,18,VILLA DE VALLECAS,OPERATIVO,447105.06,4470072.4,ETRS89,,,CALLE,MANUEL VELEZ,10,28031,"MANUEL VÉLEZ, 000010",11129720,1900-01-01T00:00:00Z,1047420,MU24,MU-51,2026-01-10T00:00:00Z
287955,Aparcabicicletas,181,CASCO HISTORICO DE VALLECAS,18,VILLA DE VALLECAS,OPERATIVO,447106.59,4470072.95,ETRS89,,,CALLE,MANUEL VELEZ,10,28031,"MANUEL VÉLEZ, 000010",11129720,1900-01-01T00:00:00Z,1047422,MU24,MU-51,2026-01-10T00:00:00Z
287992,Aparcabicicletas,181,CASCO HISTORICO DE VALLECAS,18,VILLA DE VALLECAS,OPERATIVO,447176.1,4469973.66,ETRS89,,,CALLE,PUERTO DE SOMOSIERRA,9,28031,"PUERTO DE SOMOSIERRA, 000009",11130417,1900-01-01T00:00:00Z,1047459,MU24,MU-51,2026-01-10T00:00:00Z
288266,Aparcabicicletas,181,CASCO HISTORICO DE VALLECAS,18,VILLA DE VALLECAS,OPERATIVO,447479.98,4469229.47,ETRS89,,,CALLE,CONGOSTO,35,28031,"CONGOSTO, 000035",11131198,1990-01-01T00:00:00Z,1047734,MU24,MU-51,2026-01-10T00:00:00Z
288463,Aparcabicicletas,181,CASCO HISTORICO DE VALLECAS,18,VILLA DE VALLECAS,OPERATIVO,447230.68,4469538.48,ETRS89,,,CALLE,LA REVOLTOSA,26,28031,"LA REVOLTOSA, 000026",11130838,1900-01-01T00:00:00Z,1047931,MU24,MU-51,2026-01-10T00:00:00Z
287332,Aparcabicicletas,181,CASCO HISTORICO DE VALLECAS,18,VILLA DE VALLECAS,OPERATIVO,447103.43,4469805.45,ETRS89,,,CALLE,PEÑA VEIGA,6,28031,"PEÑA VEIGA, 000006",20165248,1900-01-01T00:00:00Z,1046799,MU24,MU-51,2026-01-10T00:00:00Z
287457,Aparcabicicletas,181,CASCO HISTORICO DE VALLECAS,18,VILLA DE VALLECAS,OPERATIVO,446768.5,4470101.42,ETRS89,,,CALLE,SAN JAIME,46,28031,"SAN JAIME, 000046",11129675,1900-01-01T00:00:00Z,1046924,MU24,MU-51,2026-01-10T00:00:00Z
287459,Aparcabicicletas,181,CASCO HISTORICO DE VALLECAS,18,VILLA DE VALLECAS,OPERATIVO,446766.45,4470099.44,ETRS89,,,CALLE,SAN JAIME,46,28031,"SAN JAIME, 000046",11129675,1900-01-01T00:00:00Z,1046926,MU24,MU-51,2026-01-10T00:00:00Z
287952,Aparcabicicletas,181,CASCO HISTORICO DE VALLECAS,18,VILLA DE VALLECAS,OPERATIVO,447104.29,4470072.08,ETRS89,,,CALLE,MANUEL VELEZ,10,28031,"MANUEL VÉLEZ, 000010",11129720,1900-01-01T00:00:00Z,1047419,MU24,MU-51,2026-01-10T00:00:00Z
287954,Aparcabicicletas,181,CASCO HISTORICO DE VALLECAS,18,VILLA DE VALLECAS,OPERATIVO,447105.82,4470072.73,ETRS89,,,CALLE,MANUEL VELEZ,10,28031,"MANUEL VÉLEZ, 000010",11129720,1900-01-01T00:00:00Z,1047421,MU24,MU-51,2026-01-10T00:00:00Z
287991,Aparcabicicletas,181,CASCO HISTORICO DE VALLECAS,18,VILLA DE VALLECAS,OPERATIVO,447175.24,4469973.12,ETRS89,,,CALLE,PUERTO DE SOMOSIERRA,9,28031,"PUERTO DE SOMOSIERRA, 000009",11130417,1900-01-01T00:00:00Z,1047458,MU24,MU-51,2026-01-10T00:00:00Z
287993,Aparcabicicletas,181,CASCO HISTORICO DE VALLECAS,18,VILLA DE VALLECAS,OPERATIVO,447177.03,4469974.21,ETRS89,,,CALLE,PUERTO DE SOMOSIERRA,9,28031,"PUERTO DE SOMOSIERRA, 000013",11130417,1900-01-01T00:00:00Z,1047460,MU24,MU-51,2026-01-10T00:00:00Z
288267,Aparcabicicletas,181,CASCO HISTORICO DE VALLECAS,18,VILLA DE VALLECAS,OPERATIVO,447480.75,4469229.8,ETRS89,,,CALLE,CONGOSTO,35,28031,"CONGOSTO, 000035",11131198,1900-01-01T00:00:00Z,1047735,MU24,MU-51,2026-01-10T00:00:00Z
288517,Aparcabicicletas,181,CASCO HISTORICO DE VALLECAS,18,VILLA DE VALLECAS,OPERATIVO,447119.72,4469405.72,ETRS89,,,CALLE,FUENTIDUEÑA,19,28031,"FUENTIDUEÑA, 000019",20072220,1900-01-01T00:00:00Z,1047985,MU24,MU-51,2026-01-10T00:00:00Z
288519,Aparcabicicletas,181,CASCO HISTORICO DE VALLECAS,18,VILLA DE VALLECAS,OPERATIVO,447120.05,4469405.05,ETRS89,,,CALLE,FUENTIDUEÑA,19,28031,"FUENTIDUEÑA, 000019",20072220,1900-01-01T00:00:00Z,1047987,MU24,MU-51,2026-01-10T00:00:00Z
288854,Aparcabicicletas,181,CASCO HISTORICO DE VALLECAS,18,VILLA DE VALLECAS,OPERATIVO,447092.89,4468995.86,ETRS89,,,CALLE,HUELGA,6,28031,"HUELGA, 000006",11131349,1900-01-01T00:00:00Z,1048322,MU24,MU-51,2026-01-10T00:00:00Z
288856,Aparcabicicletas,181,CASCO HISTORICO DE VALLECAS,18,VILLA DE VALLECAS,OPERATIVO,447093.3,4468993.53,ETRS89,,,CALLE,HUELGA,6,28031,"HUELGA, 000006",11131349,1900-01-01T00:00:00Z,1048324,MU24,MU-51,2026-01-10T00:00:00Z
289115,Aparcabicicletas,181,CASCO HISTORICO DE VALLECAS,18,VILLA DE VALLECAS,OPERATIVO,447150.52,4469897.36,ETRS89,,,CALLE,MONTE AYA,12,28031,"MONTE AYA, 000012",11130387,1900-01-01T00:00:00Z,1048583,MU24,MU-51,2026-01-10T00:00:00Z
289117,Aparcabicicletas,181,CASCO HISTORICO DE VALLECAS,18,VILLA DE VALLECAS,OPERATIVO,447148.98,4469896.15,ETRS89,,,CALLE,MONTE AYA,12,28031,"MONTE AYA, 000012",11130387,1900-01-01T00:00:00Z,1048585,MU24,MU-51,2026-01-10T00:00:00Z
289192,Aparcabicicletas,182,SANTA EUGENIA,18,VILLA DE VALLECAS,OPERATIVO,447650.94,4470090.11,ETRS89,,,CALLE,REAL DE ARGANDA,39,28031,"REAL DE ARGANDA, 000039",20076127,1900-01-01T00:00:00Z,1048660,MU24,MU-51,2026-01-10T00:00:00Z
289194,Aparcabicicletas,182,SANTA EUGENIA,18,VILLA DE VALLECAS,OPERATIVO,447652.04,4470089.22,ETRS89,,,CALLE,REAL DE ARGANDA,39,28031,"REAL DE ARGANDA, 000039",20076127,1900-01-01T00:00:00Z,1048662,MU24,MU-51,2026-01-10T00:00:00Z
289286,Aparcabicicletas,181,CASCO HISTORICO DE VALLECAS,18,VILLA DE VALLECAS,OPERATIVO,447400.65,4469781.83,ETRS89,,,CALLE,MONTES DE BARBANZA,25,28031,"MONTES DE BARBANZA, 000025",11131316,2018-08-20T00:00:00Z,1048754,MU24,MU-51,2026-01-10T00:00:00Z
289288,Aparcabicicletas,181,CASCO HISTORICO DE VALLECAS,18,VILLA DE VALLECAS,OPERATIVO,447401.08,4469783.16,ETRS89,,,CALLE,MONTES DE BARBANZA,25,28031,"MONTES DE BARBANZA, 000025",11131316,2018-08-20T00:00:00Z,1048756,MU24,MU-51,2026-01-10T00:00:00Z
288516,Aparcabicicletas,181,CASCO HISTORICO DE VALLECAS,18,VILLA DE VALLECAS,OPERATIVO,447118.8,4469407.5,ETRS89,,,CALLE,FUENTIDUEÑA,19,28031,"FUENTIDUEÑA, 000019",20072220,1900-01-01T00:00:00Z,1047984,MU24,MU-51,2026-01-10T00:00:00Z
288518,Aparcabicicletas,181,CASCO HISTORICO DE VALLECAS,18,VILLA DE VALLECAS,OPERATIVO,447119.38,4469406.28,ETRS89,,,CALLE,FUENTIDUEÑA,19,28031,"FUENTIDUEÑA, 000019",20072220,1900-01-01T00:00:00Z,1047986,MU24,MU-51,2026-01-10T00:00:00Z
288853,Aparcabicicletas,181,CASCO HISTORICO DE VALLECAS,18,VILLA DE VALLECAS,OPERATIVO,447092.56,4468996.75,ETRS89,,,CALLE,HUELGA,6,28031,"HUELGA, 000006",11131349,1900-01-01T00:00:00Z,1048321,MU24,MU-51,2026-01-10T00:00:00Z
288855,Aparcabicicletas,181,CASCO HISTORICO DE VALLECAS,18,VILLA DE VALLECAS,OPERATIVO,447093.05,4468994.97,ETRS89,,,CALLE,HUELGA,6,28031,"HUELGA, 000006",11131349,1900-01-01T00:00:00Z,1048323,MU24,MU-51,2026-01-10T00:00:00Z
288857,Aparcabicicletas,181,CASCO HISTORICO DE VALLECAS,18,VILLA DE VALLECAS,OPERATIVO,447093.3,4468994.19,ETRS89,,,CALLE,HUELGA,6,28031,"HUELGA, 000006",11131349,1900-01-01T00:00:00Z,1048325,MU24,MU-51,2026-01-10T00:00:00Z
289116,Aparcabicicletas,181,CASCO HISTORICO DE VALLECAS,18,VILLA DE VALLECAS,OPERATIVO,447149.58,4469896.81,ETRS89,,,CALLE,MONTE AYA,12,28031,"CALLE DEL MONTE AYA 12, 28031 Madrid",11130387,1900-01-01T00:00:00Z,1048584,MU24,MU-51,2026-01-10T00:00:00Z
289191,Aparcabicicletas,182,SANTA EUGENIA,18,VILLA DE VALLECAS,OPERATIVO,447650.27,4470090.78,ETRS89,,,CALLE,REAL DE ARGANDA,39,28031,"REAL DE ARGANDA, 000039",20076127,1900-01-01T00:00:00Z,1048659,MU24,MU-51,2026-01-10T00:00:00Z
289193,Aparcabicicletas,182,SANTA EUGENIA,18,VILLA DE VALLECAS,OPERATIVO,447651.53,4470089.66,ETRS89,,,CALLE,REAL DE ARGANDA,39,28031,"REAL DE ARGANDA, 000039",20076127,1900-01-01T00:00:00Z,1048661,MU24,MU-51,2026-01-10T00:00:00Z
289195,Aparcabicicletas,182,SANTA EUGENIA,18,VILLA DE VALLECAS,OPERATIVO,447652.63,4470088.66,ETRS89,,,CALLE,REAL DE ARGANDA,39,28031,"REAL DE ARGANDA, 000039",20076127,1900-01-01T00:00:00Z,1048663,MU24,MU-51,2026-01-10T00:00:00Z
289287,Aparcabicicletas,181,CASCO HISTORICO DE VALLECAS,18,VILLA DE VALLECAS,OPERATIVO,447400.91,4469782.38,ETRS89,,,CALLE,MONTES DE BARBANZA,25,28031,"MONTES DE BARBANZA, 000025",11131316,2018-08-20T00:00:00Z,1048755,MU24,MU-51,2026-01-10T00:00:00Z
296857,Aparcabicicletas,182,SANTA EUGENIA,18,VILLA DE VALLECAS,OPERATIVO,448830.13,4470399.79,ETRS89,,,CALLE,CERRO DE ALMODOVAR,9,28007,"CERRO DE ALMODÓVAR, 000009",31044545,1900-01-01T00:00:00Z,1056369,MU24,MU-51,2026-01-10T00:00:00Z
296859,Aparcabicicletas,182,SANTA EUGENIA,18,VILLA DE VALLECAS,OPERATIVO,448827.04,4470407.13,ETRS89,,,CALLE,CERRO DE ALMODOVAR,4,28031,"CERRO DE ALMODÓVAR, 000004",31051669,1900-01-01T00:00:00Z,1056371,MU24,MU-51,2026-01-10T00:00:00Z
296861,Aparcabicicletas,182,SANTA EUGENIA,18,VILLA DE VALLECAS,OPERATIVO,448678.43,4470434.79,ETRS89,,,CALLE,ZAZUAR,1A,28031,"ZAZUAR, 000001  A",31010463,1900-01-01T00:00:00Z,1056373,MU24,MU-51,2026-01-10T00:00:00Z
296863,Aparcabicicletas,182,SANTA EUGENIA,18,VILLA DE VALLECAS,OPERATIVO,448679.87,4470435.33,ETRS89,,,CALLE,ZAZUAR,1A,28031,"ZAZUAR, 000001  A",31010463,1900-01-01T00:00:00Z,1056375,MU24,MU-51,2026-01-10T00:00:00Z
296865,Aparcabicicletas,182,SANTA EUGENIA,18,VILLA DE VALLECAS,OPERATIVO,448830.72,4470398.12,ETRS89,,,CALLE,CERRO DE ALMODOVAR,9,28007,"CERRO DE ALMODÓVAR, 000009",31044545,1900-01-01T00:00:00Z,1056377,MU24,MU-51,2026-01-10T00:00:00Z
297190,Aparcabicicletas,183,ENSANCHE DE VALLECAS,18,VILLA DE VALLECAS,OPERATIVO,449089.75,4468251.32,ETRS89,,,CALLE,CAÑADA DEL SANTISIMO,45,28051,"CAÑADA DEL SANTÍSIMO, 000045",31026236,1900-01-01T00:00:00Z,1056708,MU24,MU-51,2026-01-10T00:00:00Z
297192,Aparcabicicletas,183,ENSANCHE DE VALLECAS,18,VILLA DE VALLECAS,OPERATIVO,449090.69,4468252.87,ETRS89,,,CALLE,CAÑADA DEL SANTISIMO,45,28051,"CALLE DE LA CAÑADA DEL SANTISIMO 45, 28051 Madrid",31026236,1900-01-01T00:00:00Z,1056710,MU24,MU-51,2026-01-10T00:00:00Z
297194,Aparcabicicletas,183,ENSANCHE DE VALLECAS,18,VILLA DE VALLECAS,OPERATIVO,449089.234,4468250.328,ETRS89,40.36326917,-3.59961399,CALLE,CAÑADA DEL SANTISIMO,45,28051,"CAÑADA DEL SANTÍSIMO, 000045",31026236,,1056712,MU24,MU-51,2026-01-10T00:00:00Z
297307,Aparcabicicletas,135,PORTAZGO,13,PUENTE DE VALLECAS,OPERATIVO,444945.5,4470948.66,ETRS89,,,CALLE,GUILLERMO PINGARRON,2,28018,"GUILLERMO PINGARRÓN, 000002",11097873,1900-01-01T00:00:00Z,1056825,MU24,MU-51,2026-01-10T00:00:00Z
297309,Aparcabicicletas,135,PORTAZGO,13,PUENTE DE VALLECAS,OPERATIVO,444947.7,4470947.54,ETRS89,,,CALLE,GUILLERMO PINGARRON,2,28018,"GUILLERMO PINGARRÓN, 000002",11097873,1900-01-01T00:00:00Z,1056827,MU24,MU-51,2026-01-10T00:00:00Z
297362,Aparcabicicletas,131,ENTREVIAS,13,PUENTE DE VALLECAS,OPERATIVO,443933.75,4469440.49,ETRS89,,,CALLE,VECINOS DEL POZO,9,28053,"VECINOS DEL POZO, 000003  K",31049971,1900-01-01T00:00:00Z,1056881,MU24,MU-51,2026-01-10T00:00:00Z
289289,Aparcabicicletas,181,CASCO HISTORICO DE VALLECAS,18,VILLA DE VALLECAS,OPERATIVO,447401.43,4469783.93,ETRS89,,,CALLE,MONTES DE BARBANZA,25,28031,"MONTES DE BARBANZA, 000025",11131316,2018-08-20T00:00:00Z,1048757,MU24,MU-51,2026-01-10T00:00:00Z
289435,Aparcabicicletas,182,SANTA EUGENIA,18,VILLA DE VALLECAS,OPERATIVO,447653.88,4470097.31,ETRS89,,,CALLE,REAL DE ARGANDA,39,28031,"REAL DE ARGANDA, 000039",20076127,1900-01-01T00:00:00Z,1048903,MU24,AP-2,2026-01-10T00:00:00Z
289642,Aparcabicicletas,182,SANTA EUGENIA,18,VILLA DE VALLECAS,OPERATIVO,448089.7,4470257.12,ETRS89,,,CALLE,PUENTELARRA,25,28031,"PUENTELARRA, 000025",11131721,1900-01-01T00:00:00Z,1049111,MU24,MU-51,2026-01-10T00:00:00Z
289829,Aparcabicicletas,183,ENSANCHE DE VALLECAS,18,VILLA DE VALLECAS,OPERATIVO,447985.31,4468923.8,ETRS89,,,CALLE,PUENTEDEY,5.0,28051,"PUENTEDEY, 000005  D",31026422,1900-01-01T00:00:00Z,1049298,MU24,MU-51,2026-01-10T00:00:00Z
290473,Aparcabicicletas,181,CASCO HISTORICO DE VALLECAS,18,VILLA DE VALLECAS,OPERATIVO,447008.56,4469774.71,ETRS89,,,CALLE,SIERRA DE PALOMERAS,12B,28031,"SIERRA DE PALOMERAS, 000012  B",31051361,1900-01-01T00:00:00Z,1049942,MU24,MU-51,2026-01-10T00:00:00Z
290771,Aparcabicicletas,181,CASCO HISTORICO DE VALLECAS,18,VILLA DE VALLECAS,OPERATIVO,447030.3,4470196.48,ETRS89,,,CALLE,SIERRA GADOR,42,28031,"SIERRA GÁDOR, 000042",11129690,1900-01-01T00:00:00Z,1050240,MU24,MU-51,2026-01-10T00:00:00Z
290775,Aparcabicicletas,181,CASCO HISTORICO DE VALLECAS,18,VILLA DE VALLECAS,OPERATIVO,447031.48,4470196.25,ETRS89,,,CALLE,SIERRA GADOR,42,28031,"SIERRA GÁDOR, 000042",20162658,1900-01-01T00:00:00Z,1050244,MU24,MU-51,2026-01-10T00:00:00Z
300542,Aparcabicicletas,143,MARROQUINA,14,MORATALAZ,OPERATIVO,445883.67,4473098.66,ETRS89,,,CALLE,MOLINA DE SEGURA,6,28030,"MOLINA DE SEGURA, 000006",20158922,1900-01-01T00:00:00Z,1060103,MU24,MU-51,2026-01-10T00:00:00Z
289290,Aparcabicicletas,181,CASCO HISTORICO DE VALLECAS,18,VILLA DE VALLECAS,OPERATIVO,447401.68,4469784.48,ETRS89,,,CALLE,MONTES DE BARBANZA,25,28031,"MONTES DE BARBANZA, 000025",11131316,2018-08-20T00:00:00Z,1048758,MU24,MU-51,2026-01-10T00:00:00Z
289641,Aparcabicicletas,182,SANTA EUGENIA,18,VILLA DE VALLECAS,OPERATIVO,448089.1,4470256.46,ETRS89,,,CALLE,PUENTELARRA,25,28031,"PUENTELARRA, 000025",11131721,1900-01-01T00:00:00Z,1049110,MU24,MU-51,2026-01-10T00:00:00Z
289643,Aparcabicicletas,182,SANTA EUGENIA,18,VILLA DE VALLECAS,OPERATIVO,448090.3,4470257.9,ETRS89,,,CALLE,PUENTELARRA,25,28031,"PUENTELARRA, 000025",11131721,1900-01-01T00:00:00Z,1049112,MU24,MU-51,2026-01-10T00:00:00Z
290472,Aparcabicicletas,181,CASCO HISTORICO DE VALLECAS,18,VILLA DE VALLECAS,OPERATIVO,447008.99,4469775.48,ETRS89,,,CALLE,SIERRA DE PALOMERAS,12B,28031,"SIERRA DE PALOMERAS, 000012  B",31051361,1900-01-01T00:00:00Z,1049941,MU24,MU-51,2026-01-10T00:00:00Z
290474,Aparcabicicletas,181,CASCO HISTORICO DE VALLECAS,18,VILLA DE VALLECAS,OPERATIVO,447008.82,4469775.15,ETRS89,,,CALLE,SIERRA DE PALOMERAS,12B,28031,"SIERRA DE PALOMERAS, 000012  B",31051361,1900-01-01T00:00:00Z,1049943,MU24,MU-51,2026-01-10T00:00:00Z
290774,Aparcabicicletas,181,CASCO HISTORICO DE VALLECAS,18,VILLA DE VALLECAS,OPERATIVO,447032.16,4470196.13,ETRS89,,,CALLE,SIERRA GADOR,44,28031,"SIERRA GÁDOR, 000044",20162658,1900-01-01T00:00:00Z,1050243,MU24,MU-51,2026-01-10T00:00:00Z
300541,Aparcabicicletas,143,MARROQUINA,14,MORATALAZ,OPERATIVO,445883.83,4473097.55,ETRS89,,,CALLE,MOLINA DE SEGURA,6,28030,"MOLINA DE SEGURA, 000006",20158922,1900-01-01T00:00:00Z,1060102,MU24,MU-51,2026-01-10T00:00:00Z
301964,Aparcabicicletas,141,PAVONES,14,MORATALAZ,OPERATIVO,446288.23,4472181.85,ETRS89,,,CALLE,VALDEBERNARDO,3,28030,"VALDEBERNARDO, 000003",11101288,1900-01-01T00:00:00Z,1061527,MU24,MU-51,2026-01-10T00:00:00Z
301966,Aparcabicicletas,141,PAVONES,14,MORATALAZ,OPERATIVO,446289.18,4472183.95,ETRS89,,,CALLE,VALDEBERNARDO,3,28030,"VALDEBERNARDO, 000003",11101288,1900-01-01T00:00:00Z,1061529,MU24,MU-51,2026-01-10T00:00:00Z
302216,Aparcabicicletas,143,MARROQUINA,14,MORATALAZ,OPERATIVO,445031.56,4473564.64,ETRS89,,,CALLE,CORREGIDOR JOSE DE PASAMONTE,17,28030,"CORREGIDOR JOSÉ DE PASAMONTE, 000017",11101526,1900-01-01T00:00:00Z,1061779,MU24,MU-51,2026-01-10T00:00:00Z
302219,Aparcabicicletas,143,MARROQUINA,14,MORATALAZ,OPERATIVO,445032.25,4473565.52,ETRS89,,,CALLE,CORREGIDOR JOSE DE PASAMONTE,17,28030,"CORREGIDOR JOSÉ DE PASAMONTE, 000017",11101526,1900-01-01T00:00:00Z,1061782,MU24,MU-51,2026-01-10T00:00:00Z
296858,Aparcabicicletas,182,SANTA EUGENIA,18,VILLA DE VALLECAS,OPERATIVO,448827.38,4470406.35,ETRS89,,,CALLE,CERRO DE ALMODOVAR,4,28031,"CERRO DE ALMODÓVAR, 000004",31051669,1900-01-01T00:00:00Z,1056370,MU24,MU-51,2026-01-10T00:00:00Z
296860,Aparcabicicletas,182,SANTA EUGENIA,18,VILLA DE VALLECAS,OPERATIVO,448826.79,4470407.91,ETRS89,,,CALLE,CERRO DE ALMODOVAR,4,28031,"CERRO DE ALMODÓVAR, 000004",31051669,1900-01-01T00:00:00Z,1056372,MU24,MU-51,2026-01-10T00:00:00Z
296862,Aparcabicicletas,182,SANTA EUGENIA,18,VILLA DE VALLECAS,OPERATIVO,448679.11,4470435.01,ETRS89,,,CALLE,ZAZUAR,1A,28031,"ZAZUAR, 000001  A",31010463,1900-01-01T00:00:00Z,1056374,MU24,MU-51,2026-01-10T00:00:00Z
296864,Aparcabicicletas,182,SANTA EUGENIA,18,VILLA DE VALLECAS,OPERATIVO,448677.75,4470434.57,ETRS89,,,CALLE,ZAZUAR,1A,28031,"ZAZUAR, 000001  A",31010463,1900-01-01T00:00:00Z,1056376,MU24,MU-51,2026-01-10T00:00:00Z
296867,Aparcabicicletas,182,SANTA EUGENIA,18,VILLA DE VALLECAS,OPERATIVO,448827.71,4470405.68,ETRS89,,,CALLE,CERRO DE ALMODOVAR,4,28031,"CERRO DE ALMODÓVAR, 000004",31051669,1900-01-01T00:00:00Z,1056379,MU24,MU-51,2026-01-10T00:00:00Z
297191,Aparcabicicletas,183,ENSANCHE DE VALLECAS,18,VILLA DE VALLECAS,OPERATIVO,449090.18,4468252.1,ETRS89,,,CALLE,CAÑADA DEL SANTISIMO,45,28051,"CAÑADA DEL SANTÍSIMO, 000045",31026236,1900-01-01T00:00:00Z,1056709,MU24,MU-51,2026-01-10T00:00:00Z
297193,Aparcabicicletas,183,ENSANCHE DE VALLECAS,18,VILLA DE VALLECAS,OPERATIVO,449088.715,4468248.999,ETRS89,40.36325717,-3.59962000,CALLE,CAÑADA DEL SANTISIMO,45,28051,"CAÑADA DEL SANTÍSIMO, 000045",31026236,,1056711,MU24,MU-51,2026-01-10T00:00:00Z
301965,Aparcabicicletas,141,PAVONES,14,MORATALAZ,OPERATIVO,446288.41,4472182.51,ETRS89,,,CALLE,VALDEBERNARDO,3,28030,"VALDEBERNARDO, 000003",11101288,1900-01-01T00:00:00Z,1061528,MU24,MU-51,2026-01-10T00:00:00Z
301967,Aparcabicicletas,141,PAVONES,14,MORATALAZ,OPERATIVO,446288.75,4472183.29,ETRS89,,,CALLE,VALDEBERNARDO,3,28030,"VALDEBERNARDO, 000003",11101288,1900-01-01T00:00:00Z,1061530,MU24,MU-51,2026-01-10T00:00:00Z
302217,Aparcabicicletas,143,MARROQUINA,14,MORATALAZ,OPERATIVO,445030.62,4473562.98,ETRS89,,,CALLE,CORREGIDOR JOSE DE PASAMONTE,17,28030,"CORREGIDOR JOSÉ DE PASAMONTE, 000017",11101526,1900-01-01T00:00:00Z,1061780,MU24,MU-51,2026-01-10T00:00:00Z
302698,Aparcabicicletas,143,MARROQUINA,14,MORATALAZ,OPERATIVO,444858.57,4473417.72,ETRS89,,,CALLE,CAMINO DE LOS VINATEROS,104,28030,"CAMINO DE LOS VINATEROS, 000104",11101655,1900-01-01T00:00:00Z,1062261,MU24,MU-51,2026-01-10T00:00:00Z
302700,Aparcabicicletas,143,MARROQUINA,14,MORATALAZ,OPERATIVO,444857.73,4473417.95,ETRS89,,,CALLE,CAMINO DE LOS VINATEROS,104,28030,"CAMINO DE LOS VINATEROS, 000104",11101655,1900-01-01T00:00:00Z,1062263,MU24,MU-51,2026-01-10T00:00:00Z
303680,Aparcabicicletas,146,VINATEROS,14,MORATALAZ,OPERATIVO,445370.75,4472766.7,ETRS89,,,CALLE,HACIENDA DE PAVONES,105,28030,"HACIENDA DE PAVONES, 000105",11103040,1900-01-01T00:00:00Z,1063243,MU24,MU-51,2026-01-10T00:00:00Z
297622,Aparcabicicletas,133,PALOMERAS BAJAS,13,PUENTE DE VALLECAS,OPERATIVO,444040.96,4470930.6,ETRS89,,,CALLE,JAVIER DE MIGUEL,33A,28018,"JAVIER DE MIGUEL, 000033  A",20059549,1900-01-01T00:00:00Z,1057141,MU24,MU-51,2026-01-10T00:00:00Z
297624,Aparcabicicletas,133,PALOMERAS BAJAS,13,PUENTE DE VALLECAS,OPERATIVO,444042.4,4470929.92,ETRS89,,,CALLE,JAVIER DE MIGUEL,33A,28018,"JAVIER DE MIGUEL, 000033  A",20059549,1900-01-01T00:00:00Z,1057143,MU24,MU-51,2026-01-10T00:00:00Z
297972,Aparcabicicletas,141,PAVONES,14,MORATALAZ,OPERATIVO,446086.59,4472417.52,ETRS89,,,CALLE,HACIENDA DE PAVONES,342,28030,"HACIENDA DE PAVONES, 000342",20098173,1900-01-01T00:00:00Z,1057498,MU24,MU-51,2026-01-10T00:00:00Z
297306,Aparcabicicletas,135,PORTAZGO,13,PUENTE DE VALLECAS,OPERATIVO,444946.18,4470948.32,ETRS89,,,CALLE,GUILLERMO PINGARRON,2,28018,"GUILLERMO PINGARRÓN, 000002",11097873,1900-01-01T00:00:00Z,1056824,MU24,MU-51,2026-01-10T00:00:00Z
297308,Aparcabicicletas,135,PORTAZGO,13,PUENTE DE VALLECAS,OPERATIVO,444946.86,4470947.99,ETRS89,,,CALLE,GUILLERMO PINGARRON,2,28018,"GUILLERMO PINGARRÓN, 000002",11097873,1900-01-01T00:00:00Z,1056826,MU24,MU-51,2026-01-10T00:00:00Z
297319,Aparcabicicletas,193,VALDERRIVAS,19,VICALVARO,OPERATIVO,448450.85,4472016.49,ETRS89,,,CALLE,MARMOLINA,5,28032,"MARMOLINA, 000005",31022043,1900-01-01T00:00:00Z,1056838,MU24,MU-51,2026-01-10T00:00:00Z
297621,Aparcabicicletas,133,PALOMERAS BAJAS,13,PUENTE DE VALLECAS,OPERATIVO,444040.2,4470930.94,ETRS89,,,CALLE,JAVIER DE MIGUEL,33A,28018,"JAVIER DE MIGUEL, 000033  A",20059549,1900-01-01T00:00:00Z,1057140,MU24,MU-51,2026-01-10T00:00:00Z
297623,Aparcabicicletas,133,PALOMERAS BAJAS,13,PUENTE DE VALLECAS,OPERATIVO,444041.72,4470930.26,ETRS89,,,CALLE,JAVIER DE MIGUEL,33A,28018,"JAVIER DE MIGUEL, 000033  A",20059549,1900-01-01T00:00:00Z,1057142,MU24,MU-51,2026-01-10T00:00:00Z
297955,Aparcabicicletas,141,PAVONES,14,MORATALAZ,OPERATIVO,446241.83,4471817.64,ETRS89,,,CALLE,ARROYO FONTARRON,24,28030,"ARROYO FONTARRÓN, 000024",20089612,1900-01-01T00:00:00Z,1057481,MU24,MU-51,2026-01-10T00:00:00Z
297973,Aparcabicicletas,141,PAVONES,14,MORATALAZ,OPERATIVO,446088.44,4472415.5,ETRS89,,,CALLE,HACIENDA DE PAVONES,342,28030,"HACIENDA DE PAVONES, 000342",20098173,1900-01-01T00:00:00Z,1057499,MU24,MU-51,2026-01-10T00:00:00Z
297975,Aparcabicicletas,141,PAVONES,14,MORATALAZ,OPERATIVO,446086.0,4472418.19,ETRS89,,,CALLE,HACIENDA DE PAVONES,340,28030,"HACIENDA DE PAVONES, 000340",20098170,1900-01-01T00:00:00Z,1057501,MU24,MU-51,2026-01-10T00:00:00Z
298220,Aparcabicicletas,144,MEDIA LEGUA,14,MORATALAZ,OPERATIVO,443939.93,4473380.46,ETRS89,,,CALLE,LITUANIA,7,28030,"LITUANIA, 000007",20107374,1900-01-01T00:00:00Z,1057746,MU24,MU-51,2026-01-10T00:00:00Z
297974,Aparcabicicletas,141,PAVONES,14,MORATALAZ,OPERATIVO,446087.85,4472416.17,ETRS89,,,CALLE,HACIENDA DE PAVONES,342,28030,"HACIENDA DE PAVONES, 000342",20098173,1900-01-01T00:00:00Z,1057500,MU24,MU-51,2026-01-10T00:00:00Z
298219,Aparcabicicletas,144,MEDIA LEGUA,14,MORATALAZ,OPERATIVO,443938.81,4473378.36,ETRS89,,,CALLE,LITUANIA,7,28030,"LITUANIA, 000007",20107374,1900-01-01T00:00:00Z,1057745,MU24,MU-51,2026-01-10T00:00:00Z
298221,Aparcabicicletas,144,MEDIA LEGUA,14,MORATALAZ,OPERATIVO,443939.58,4473379.8,ETRS89,,,CALLE,LITUANIA,7,28030,"LITUANIA, 000007",20107374,1900-01-01T00:00:00Z,1057747,MU24,MU-51,2026-01-10T00:00:00Z
298223,Aparcabicicletas,144,MEDIA LEGUA,14,MORATALAZ,OPERATIVO,443938.47,4473377.81,ETRS89,,,CALLE,LITUANIA,7,28030,"LITUANIA, 000007",20107374,1900-01-01T00:00:00Z,1057749,MU24,MU-51,2026-01-10T00:00:00Z
298489,Aparcabicicletas,141,PAVONES,14,MORATALAZ,OPERATIVO,446200.26,4472517.83,ETRS89,,,CALLE,HACIENDA DE PAVONES,223,28030,"HACIENDA DE PAVONES, 000223",11101305,1900-01-01T00:00:00Z,1058050,MU24,MU-51,2026-01-10T00:00:00Z
298491,Aparcabicicletas,141,PAVONES,14,MORATALAZ,OPERATIVO,446202.46,4472516.59,ETRS89,,,CALLE,HACIENDA DE PAVONES,223,28030,"HACIENDA DE PAVONES, 000223",11101305,1900-01-01T00:00:00Z,1058052,MU24,MU-51,2026-01-10T00:00:00Z
298685,Aparcabicicletas,141,PAVONES,14,MORATALAZ,OPERATIVO,446199.11,4472050.06,ETRS89,,,CALLE,VALDEBERNARDO,1,28030,"VALDEBERNARDO, 000001",11101287,1900-01-01T00:00:00Z,1058246,MU24,MU-51,2026-01-10T00:00:00Z
298689,Aparcabicicletas,141,PAVONES,14,MORATALAZ,OPERATIVO,446198.34,4472048.84,ETRS89,,,CALLE,VALDEBERNARDO,1,28030,"VALDEBERNARDO, 000001",11101287,1900-01-01T00:00:00Z,1058250,MU24,MU-51,2026-01-10T00:00:00Z
298691,Aparcabicicletas,141,PAVONES,14,MORATALAZ,OPERATIVO,446197.57,4472047.52,ETRS89,,,CALLE,VALDEBERNARDO,1,28030,"VALDEBERNARDO, 000001",11101287,1900-01-01T00:00:00Z,1058252,MU24,MU-51,2026-01-10T00:00:00Z
299318,Aparcabicicletas,146,VINATEROS,14,MORATALAZ,OPERATIVO,445342.69,4473131.33,ETRS89,,,CALLE,CAMINO DE LOS VINATEROS,119,28030,"CAMINO DE LOS VINATEROS, 000119",11103241,1900-01-01T00:00:00Z,1058879,MU24,MU-51,2026-01-10T00:00:00Z
299321,Aparcabicicletas,146,VINATEROS,14,MORATALAZ,OPERATIVO,445341.75,4473129.9,ETRS89,,,CALLE,CAMINO DE LOS VINATEROS,119,28030,"CAMINO DE LOS VINATEROS, 000119",11103241,1900-01-01T00:00:00Z,1058882,MU24,MU-51,2026-01-10T00:00:00Z
299579,Aparcabicicletas,144,MEDIA LEGUA,14,MORATALAZ,OPERATIVO,443962.82,4473548.24,ETRS89,,,CALLE,CAMINO DE LOS VINATEROS,1,28030,"CAMINO DE LOS VINATEROS, 000001",20105644,1900-01-01T00:00:00Z,1059140,MU24,MU-51,2026-01-10T00:00:00Z
298222,Aparcabicicletas,144,MEDIA LEGUA,14,MORATALAZ,OPERATIVO,443939.24,4473379.02,ETRS89,,,CALLE,LITUANIA,7,28030,"LITUANIA, 000007",20107374,1900-01-01T00:00:00Z,1057748,MU24,MU-51,2026-01-10T00:00:00Z
298488,Aparcabicicletas,141,PAVONES,14,MORATALAZ,OPERATIVO,446200.94,4472517.38,ETRS89,,,CALLE,HACIENDA DE PAVONES,223,28030,"HACIENDA DE PAVONES, 000223",11101305,1900-01-01T00:00:00Z,1058049,MU24,MU-51,2026-01-10T00:00:00Z
298490,Aparcabicicletas,141,PAVONES,14,MORATALAZ,OPERATIVO,446201.7,4472516.93,ETRS89,,,CALLE,HACIENDA DE PAVONES,223,28030,"HACIENDA DE PAVONES, 000223",11101305,1900-01-01T00:00:00Z,1058051,MU24,MU-51,2026-01-10T00:00:00Z
298492,Aparcabicicletas,141,PAVONES,14,MORATALAZ,OPERATIVO,446203.13,4472516.36,ETRS89,,,CALLE,HACIENDA DE PAVONES,223,28030,"HACIENDA DE PAVONES, 000223",11101305,1900-01-01T00:00:00Z,1058053,MU24,MU-51,2026-01-10T00:00:00Z
298688,Aparcabicicletas,141,PAVONES,14,MORATALAZ,OPERATIVO,446198.77,4472049.51,ETRS89,,,CALLE,VALDEBERNARDO,1,28030,"VALDEBERNARDO, 000001",11101287,1900-01-01T00:00:00Z,1058249,MU24,MU-51,2026-01-10T00:00:00Z
298690,Aparcabicicletas,141,PAVONES,14,MORATALAZ,OPERATIVO,446327.09,4472216.09,ETRS89,,,CALLE,VALDEBERNARDO,2,28030,"VALDEBERNARDO, 000002",11103385,1900-01-01T00:00:00Z,1058251,MU24,MU-51,2026-01-10T00:00:00Z
298693,Aparcabicicletas,141,PAVONES,14,MORATALAZ,OPERATIVO,446327.27,4472216.98,ETRS89,,,CALLE,VALDEBERNARDO,2,28030,"VALDEBERNARDO, 000002",11103385,1900-01-01T00:00:00Z,1058254,MU24,MU-51,2026-01-10T00:00:00Z
299320,Aparcabicicletas,146,VINATEROS,14,MORATALAZ,OPERATIVO,445342.18,4473130.67,ETRS89,,,CALLE,CAMINO DE LOS VINATEROS,119,28030,"CAMINO DE LOS VINATEROS, 000119",11103241,1900-01-01T00:00:00Z,1058881,MU24,MU-51,2026-01-10T00:00:00Z
302699,Aparcabicicletas,143,MARROQUINA,14,MORATALAZ,OPERATIVO,444856.96,4473418.29,ETRS89,,,CALLE,CAMINO DE LOS VINATEROS,104,28030,"CAMINO DE LOS VINATEROS, 000104",11101655,1900-01-01T00:00:00Z,1062262,MU24,MU-51,2026-01-10T00:00:00Z
302701,Aparcabicicletas,143,MARROQUINA,14,MORATALAZ,OPERATIVO,444859.25,4473417.38,ETRS89,,,CALLE,CAMINO DE LOS VINATEROS,104,28030,"CAMINO DE LOS VINATEROS, 000104",11101655,1900-01-01T00:00:00Z,1062264,MU24,MU-51,2026-01-10T00:00:00Z
303681,Aparcabicicletas,146,VINATEROS,14,MORATALAZ,OPERATIVO,445370.24,4472766.15,ETRS89,,,CALLE,HACIENDA DE PAVONES,105,28030,"HACIENDA DE PAVONES, 000105",11103040,1900-01-01T00:00:00Z,1063244,MU24,MU-51,2026-01-10T00:00:00Z
303684,Aparcabicicletas,146,VINATEROS,14,MORATALAZ,OPERATIVO,445369.73,4472765.6,ETRS89,,,CALLE,HACIENDA DE PAVONES,105,28030,"HACIENDA DE PAVONES, 000105",11103040,1900-01-01T00:00:00Z,1063247,MU24,MU-51,2026-01-10T00:00:00Z
303764,Aparcabicicletas,144,MEDIA LEGUA,14,MORATALAZ,OPERATIVO,444161.97,4473753.89,ETRS89,,,CALLE,CORREGIDOR DIEGO DE VALDERRABANO,35,28030,"CORREGIDOR DIEGO DE VALDERRÁBANO, 000035",20105401,1900-01-01T00:00:00Z,1063327,MU24,MU-51,2026-01-10T00:00:00Z
303766,Aparcabicicletas,144,MEDIA LEGUA,14,MORATALAZ,OPERATIVO,444161.9,4473755.45,ETRS89,,,CALLE,CORREGIDOR DIEGO DE VALDERRABANO,35,28030,"CORREGIDOR DIEGO DE VALDERRÁBANO, 000035",20105401,1900-01-01T00:00:00Z,1063329,MU24,MU-51,2026-01-10T00:00:00Z
303827,Aparcabicicletas,143,MARROQUINA,14,MORATALAZ,OPERATIVO,445808.88,4473024.6,ETRS89,,,CALLE,MARIO CABRE,2,28030,"MARIO CABRE, 000002",20158447,1900-01-01T00:00:00Z,1063390,MU24,MU-51,2026-01-10T00:00:00Z
304567,Aparcabicicletas,142,HORCAJO,14,MORATALAZ,OPERATIVO,446704.29,4473680.55,ETRS89,,,CALLE,FUENTE CARRANTONA,61,28030,"FUENTE CARRANTONA, 000061",31041857,1900-01-01T00:00:00Z,1064130,MU24,ACB,2026-01-10T00:00:00Z
304569,Aparcabicicletas,142,HORCAJO,14,MORATALAZ,OPERATIVO,446684.84,4473689.24,ETRS89,,,CALLE,FUENTE CARRANTONA,61,28030,"FUENTE CARRANTONA, 000061",31041857,1900-01-01T00:00:00Z,1064132,MU24,ACB,2026-01-10T00:00:00Z
304571,Aparcabicicletas,142,HORCAJO,14,MORATALAZ,OPERATIVO,446687.23,4473691.44,ETRS89,,,CALLE,FUENTE CARRANTONA,61,28030,"FUENTE CARRANTONA, 000061",31041857,1900-01-01T00:00:00Z,1064134,MU24,ACB,2026-01-10T00:00:00Z
304577,Aparcabicicletas,142,HORCAJO,14,MORATALAZ,OPERATIVO,446702.96,4473684.34,ETRS89,,,CALLE,FUENTE CARRANTONA,61,28030,"FUENTE CARRANTONA, 000061",31041857,1900-01-01T00:00:00Z,1064140,MU24,ACB,2026-01-10T00:00:00Z
304579,Aparcabicicletas,142,HORCAJO,14,MORATALAZ,OPERATIVO,446701.93,4473683.23,ETRS89,,,CALLE,FUENTE CARRANTONA,61,28030,"FUENTE CARRANTONA, 000061",31041857,1900-01-01T00:00:00Z,1064142,MU24,ACB,2026-01-10T00:00:00Z
304581,Aparcabicicletas,142,HORCAJO,14,MORATALAZ,OPERATIVO,446705.49,4473681.66,ETRS89,,,CALLE,FUENTE CARRANTONA,61,28030,"FUENTE CARRANTONA, 000061",31041857,1900-01-01T00:00:00Z,1064144,MU24,ACB,2026-01-10T00:00:00Z
299578,Aparcabicicletas,144,MEDIA LEGUA,14,MORATALAZ,OPERATIVO,443962.14,4473548.25,ETRS89,,,CALLE,CAMINO DE LOS VINATEROS,1,28030,"CAMINO DE LOS VINATEROS, 000001",20105644,1900-01-01T00:00:00Z,1059139,MU24,MU-51,2026-01-10T00:00:00Z
299580,Aparcabicicletas,144,MEDIA LEGUA,14,MORATALAZ,OPERATIVO,443961.46,4473548.36,ETRS89,,,CALLE,CAMINO DE LOS VINATEROS,1,28030,"CAMINO DE LOS VINATEROS, 000001",20105644,1900-01-01T00:00:00Z,1059141,MU24,MU-51,2026-01-10T00:00:00Z
308349,Aparcabicicletas,116,BUENAVISTA,11,CARABANCHEL,OPERATIVO,435294.36,4469380.54,ETRS89,,,CALLE,JACOBEO,1,28054,"JACOBEO, 000001",31015103,1900-01-01T00:00:00Z,1001452,MU24,MU-51,2026-01-10T00:00:00Z
314036,Aparcabicicletas,117,ABRANTES,11,CARABANCHEL,OPERATIVO,438840.67,4470578.21,ETRS89,,,CALLE,VIA LUSITANA,1,28025,"CALLE  VIA LUSITANA 1, 28025 Madrid",11078650,1900-01-01T00:00:00Z,1007076,MU24,MU-51,2026-01-10T00:00:00Z
315268,Aparcabicicletas,117,ABRANTES,11,CARABANCHEL,OPERATIVO,438618.06,4470439.05,ETRS89,,,CALLE,VIA LUSITANA,3A,28025,"VÍA LUSITANA, 000003  A",31041453,2021-12-04T00:00:00Z,1008365,MU24,MU-51,2026-01-10T00:00:00Z
315860,Aparcabicicletas,116,BUENAVISTA,11,CARABANCHEL,OPERATIVO,435207.53,4468665.4,ETRS89,,,CALLE,LONJA DE LA SEDA,41,28054,"LONJA DE LA SEDA, 000041",31005005,1900-01-01T00:00:00Z,1008957,MU24,MU-38,2026-01-10T00:00:00Z
316570,Aparcabicicletas,116,BUENAVISTA,11,CARABANCHEL,OPERATIVO,435132.35,4468198.6,ETRS89,,,CALLE,PATRIMONIO DE LA HUMANIDAD,37,28054,"PATRIMONIO DE LA HUMANIDAD, 000037",31034585,1900-01-01T00:00:00Z,1009667,MU24,MU-38,2026-01-10T00:00:00Z
316612,Aparcabicicletas,116,BUENAVISTA,11,CARABANCHEL,OPERATIVO,435445.46,4468054.26,ETRS89,,,CALLE,ATAPUERCA,5E,28054,"ATAPUERCA, 000005  E",31010237,2021-12-04T00:00:00Z,1009715,MU24,MU-38,2026-01-10T00:00:00Z
299581,Aparcabicicletas,144,MEDIA LEGUA,14,MORATALAZ,OPERATIVO,443963.5,4473548.12,ETRS89,,,CALLE,CAMINO DE LOS VINATEROS,1,28030,"CAMINO DE LOS VINATEROS, 000001",20105644,1900-01-01T00:00:00Z,1059142,MU24,MU-51,2026-01-10T00:00:00Z
308348,Aparcabicicletas,116,BUENAVISTA,11,CARABANCHEL,OPERATIVO,435295.04,4469380.75,ETRS89,,,CALLE,JACOBEO,1,28054,"JACOBEO, 000001",31015103,1900-01-01T00:00:00Z,1001451,MU24,MU-51,2026-01-10T00:00:00Z
314146,Aparcabicicletas,114,VISTA ALEGRE,11,CARABANCHEL,OPERATIVO,436633.25,4470475.86,ETRS89,,,CALLE,MONSEÑOR OSCAR ROMERO,41,28025,"MONSEÑOR ÓSCAR ROMERO, 000041",11075051,1900-01-01T00:00:00Z,1007186,MU24,MU-51,2026-01-10T00:00:00Z
315990,Aparcabicicletas,114,VISTA ALEGRE,11,CARABANCHEL,OPERATIVO,436633.75,4470475.52,ETRS89,,,CALLE,MONSEÑOR OSCAR ROMERO,41,28025,"MONSEÑOR ÓSCAR ROMERO, 000041",11075051,1900-01-01T00:00:00Z,1009087,MU24,MU-51,2026-01-10T00:00:00Z
316571,Aparcabicicletas,116,BUENAVISTA,11,CARABANCHEL,OPERATIVO,435019.83,4468099.11,ETRS89,,,CALLE,MORALES,33,28054,"MORALES, 000033",31027097,2021-12-04T00:00:00Z,1009668,MU24,MU-38,2026-01-10T00:00:00Z
319759,Aparcabicicletas,116,BUENAVISTA,11,CARABANCHEL,OPERATIVO,436663.46,4468774.2,ETRS89,,,CALLE,TULIPERO,12,28044,"TULÍPERO, 000012",20045971,1900-01-01T00:00:00Z,1012862,MU24,MU-38,2026-01-10T00:00:00Z
304820,Aparcabicicletas,141,PAVONES,14,MORATALAZ,OPERATIVO,446720.25,4472248.26,ETRS89,,,CALLE,BRUJAS,34,28030,"BRUJAS, 000034",31045387,1900-01-01T00:00:00Z,1064383,MU24,ACB,2026-01-10T00:00:00Z
304822,Aparcabicicletas,141,PAVONES,14,MORATALAZ,OPERATIVO,446717.38,4472250.94,ETRS89,,,CALLE,BRUJAS,34,28030,"BRUJAS, 000034",31045387,1900-01-01T00:00:00Z,1064385,MU24,ACB,2026-01-10T00:00:00Z
305698,Aparcabicicletas,145,FONTARRON,14,MORATALAZ,OPERATIVO,445184.22,4472532.51,ETRS89,,,CALLE,CORREGIDOR JUAN FRANCISCO DE LUJAN,108,28030,"CORREGIDOR JUAN FRANCISCO DE LUJÁN, 000108",11102295,1900-01-01T00:00:00Z,1065261,MU24,MU-51,2026-01-10T00:00:00Z
305700,Aparcabicicletas,145,FONTARRON,14,MORATALAZ,OPERATIVO,445183.03,4472531.85,ETRS89,,,CALLE,CORREGIDOR JUAN FRANCISCO DE LUJAN,108,28030,"CORREGIDOR JUAN FRANCISCO DE LUJÁN, 000108",11102295,1900-01-01T00:00:00Z,1065263,MU24,MU-51,2026-01-10T00:00:00Z
305702,Aparcabicicletas,145,FONTARRON,14,MORATALAZ,OPERATIVO,445181.92,4472531.19,ETRS89,,,CALLE,CORREGIDOR JUAN FRANCISCO DE LUJAN,108,28030,"CORREGIDOR JUAN FRANCISCO DE LUJÁN, 000108",11102295,1900-01-01T00:00:00Z,1065265,MU24,MU-51,2026-01-10T00:00:00Z
305736,Aparcabicicletas,144,MEDIA LEGUA,14,MORATALAZ,OPERATIVO,444274.31,4473959.19,ETRS89,,,CALLE,ALCALDE GARRIDO JUARISTI,13,28030,"ALCALDE GARRIDO JUARISTI, 000013",20128837,1900-01-01T00:00:00Z,1065299,MU24,MU-51,2026-01-10T00:00:00Z
305738,Aparcabicicletas,144,MEDIA LEGUA,14,MORATALAZ,OPERATIVO,444274.99,4473959.3,ETRS89,,,CALLE,ALCALDE GARRIDO JUARISTI,13,28030,"CALLE DEL ALCALDE GARRIDO JUARISTI 13, 28030 Madrid",20128827,1900-01-01T00:00:00Z,1065301,MU24,MU-51,2026-01-10T00:00:00Z
305796,Aparcabicicletas,145,FONTARRON,14,MORATALAZ,OPERATIVO,445362.0,4472159.34,ETRS89,,,CALLE,ARROYO FONTARRON,201,28030,"ARROYO FONTARRÓN, 000201",11102598,1900-01-01T00:00:00Z,1065359,MU24,MU-51,2026-01-10T00:00:00Z
305799,Aparcabicicletas,145,FONTARRON,14,MORATALAZ,OPERATIVO,445362.6,4472159.89,ETRS89,,,CALLE,ARROYO FONTARRON,199,28030,"ARROYO FONTARRÓN, 000199",11102611,1900-01-01T00:00:00Z,1065362,MU24,MU-51,2026-01-10T00:00:00Z
319758,Aparcabicicletas,116,BUENAVISTA,11,CARABANCHEL,OPERATIVO,436655.34,4468777.49,ETRS89,,,CALLE,CIDRO,10,28044,"CIDRO, 000010",20045875,1900-01-01T00:00:00Z,1012861,MU24,MU-38,2026-01-10T00:00:00Z
303682,Aparcabicicletas,146,VINATEROS,14,MORATALAZ,OPERATIVO,445368.96,4472764.6,ETRS89,,,CALLE,HACIENDA DE PAVONES,107,28030,"HACIENDA DE PAVONES, 000107",11103041,1900-01-01T00:00:00Z,1063245,MU24,MU-51,2026-01-10T00:00:00Z
303763,Aparcabicicletas,144,MEDIA LEGUA,14,MORATALAZ,OPERATIVO,444161.81,4473754.67,ETRS89,,,CALLE,CORREGIDOR DIEGO DE VALDERRABANO,35,28030,"CORREGIDOR DIEGO DE VALDERRÁBANO, 000035",20105401,1900-01-01T00:00:00Z,1063326,MU24,MU-51,2026-01-10T00:00:00Z
303765,Aparcabicicletas,144,MEDIA LEGUA,14,MORATALAZ,OPERATIVO,444161.99,4473756.33,ETRS89,,,CALLE,CORREGIDOR DIEGO DE VALDERRABANO,35,28030,"CORREGIDOR DIEGO DE VALDERRÁBANO, 000035",20105401,1900-01-01T00:00:00Z,1063328,MU24,MU-51,2026-01-10T00:00:00Z
303767,Aparcabicicletas,144,MEDIA LEGUA,14,MORATALAZ,OPERATIVO,444162.08,4473757.11,ETRS89,,,CALLE,CORREGIDOR DIEGO DE VALDERRABANO,35,28030,"CORREGIDOR DIEGO DE VALDERRÁBANO, 000035",20105401,1900-01-01T00:00:00Z,1063330,MU24,MU-51,2026-01-10T00:00:00Z
303828,Aparcabicicletas,143,MARROQUINA,14,MORATALAZ,OPERATIVO,445809.57,4473025.15,ETRS89,,,CALLE,MARIO CABRE,2,28030,"MARIO CABRE, 000002",20158447,1900-01-01T00:00:00Z,1063391,MU24,MU-51,2026-01-10T00:00:00Z
304566,Aparcabicicletas,142,HORCAJO,14,MORATALAZ,OPERATIVO,446687.81,4473690.11,ETRS89,,,CALLE,FUENTE CARRANTONA,61,28030,"FUENTE CARRANTONA, 000061",31041857,1900-01-01T00:00:00Z,1064129,MU24,ACB,2026-01-10T00:00:00Z
304568,Aparcabicicletas,142,HORCAJO,14,MORATALAZ,OPERATIVO,446704.32,4473684.33,ETRS89,,,CALLE,FUENTE CARRANTONA,61,28030,"FUENTE CARRANTONA, 000061",31041857,1900-01-01T00:00:00Z,1064131,MU24,ACB,2026-01-10T00:00:00Z
304570,Aparcabicicletas,142,HORCAJO,14,MORATALAZ,OPERATIVO,446683.57,4473690.25,ETRS89,,,CALLE,FUENTE CARRANTONA,61,28030,"FUENTE CARRANTONA, 000061",31041857,1900-01-01T00:00:00Z,1064133,MU24,ACB,2026-01-10T00:00:00Z
306214,Aparcabicicletas,144,MEDIA LEGUA,14,MORATALAZ,OPERATIVO,444395.71,4473819.2,ETRS89,,,CALLE,ARROYO DE LA MEDIA LEGUA,51,28030,"ARROYO DE LA MEDIA LEGUA, 000051",31022818,1900-01-01T00:00:00Z,1065777,MU24,MU-51,2026-01-10T00:00:00Z
306216,Aparcabicicletas,144,MEDIA LEGUA,14,MORATALAZ,OPERATIVO,444396.38,4473818.97,ETRS89,,,CALLE,ARROYO DE LA MEDIA LEGUA,51,28030,"ARROYO DE LA MEDIA LEGUA, 000051",31022818,,1065779,MU24,MU-51,2026-01-10T00:00:00Z
306529,Aparcabicicletas,141,PAVONES,14,MORATALAZ,OPERATIVO,446698.62,4472763.69,ETRS89,,,CALLE,LUIS DE HOYOS SAINZ,170,28030,"LUIS DE HOYOS SAINZ, 000170",20131818,1900-01-01T00:00:00Z,1066092,MU24,MU-51,2026-01-10T00:00:00Z
306531,Aparcabicicletas,141,PAVONES,14,MORATALAZ,OPERATIVO,446701.93,4472762.67,ETRS89,,,CALLE,LUIS DE HOYOS SAINZ,170,28030,"LUIS DE HOYOS SAINZ, 000170",20131818,1900-01-01T00:00:00Z,1066094,MU24,MU-51,2026-01-10T00:00:00Z
324128,Aparcabicicletas,116,BUENAVISTA,11,CARABANCHEL,OPERATIVO,435960.04,4468948.79,ETRS89,,,CALLE,ALFREDO ALEIX,12,28044,"ALFREDO ALEIX, 000012",11078231,1900-01-01T00:00:00Z,1017231,MU24,MU-51,2026-01-10T00:00:00Z
324130,Aparcabicicletas,116,BUENAVISTA,11,CARABANCHEL,OPERATIVO,435957.92,4468948.36,ETRS89,,,CALLE,ALFREDO ALEIX,16,28044,"ALFREDO ALEIX, 000016",11078232,1900-01-01T00:00:00Z,1017233,MU24,MU-51,2026-01-10T00:00:00Z
324132,Aparcabicicletas,116,BUENAVISTA,11,CARABANCHEL,OPERATIVO,435959.36,4468948.68,ETRS89,,,CALLE,ALFREDO ALEIX,12,28044,"ALFREDO ALEIX, 000012",11078231,1900-01-01T00:00:00Z,1017235,MU24,MU-51,2026-01-10T00:00:00Z
304576,Aparcabicicletas,142,HORCAJO,14,MORATALAZ,OPERATIVO,446705.41,4473683.1,ETRS89,,,CALLE,FUENTE CARRANTONA,61,28030,"FUENTE CARRANTONA, 000061",31041857,1900-01-01T00:00:00Z,1064139,MU24,ACB,2026-01-10T00:00:00Z
304578,Aparcabicicletas,142,HORCAJO,14,MORATALAZ,OPERATIVO,446701.58,4473681.68,ETRS89,,,CALLE,FUENTE CARRANTONA,61,28030,"FUENTE CARRANTONA, 000061",31041857,1900-01-01T00:00:00Z,1064141,MU24,ACB,2026-01-10T00:00:00Z
304580,Aparcabicicletas,142,HORCAJO,14,MORATALAZ,OPERATIVO,446702.85,4473680.45,ETRS89,,,CALLE,FUENTE CARRANTONA,61,28030,"FUENTE CARRANTONA, 000061",31041857,1900-01-01T00:00:00Z,1064143,MU24,ACB,2026-01-10T00:00:00Z
304819,Aparcabicicletas,141,PAVONES,14,MORATALAZ,OPERATIVO,446723.48,4472248.46,ETRS89,,,CALLE,BRUJAS,34,28030,,31045387,,1064382,MU24,ACB,2026-01-10T00:00:00Z
304821,Aparcabicicletas,141,PAVONES,14,MORATALAZ,OPERATIVO,446716.92,4472245.95,ETRS89,,,CALLE,BRUJAS,34,28030,"BRUJAS, 000034",31045387,1900-01-01T00:00:00Z,1064384,MU24,ACB,2026-01-10T00:00:00Z
305321,Aparcabicicletas,142,HORCAJO,14,MORATALAZ,OPERATIVO,446724.97,4473282.79,ETRS89,,,CALLE,RABAT,12,28030,"RABAT, 000012",20125191,1900-01-01T00:00:00Z,1064884,MU24,MU-38,2026-01-10T00:00:00Z
305699,Aparcabicicletas,145,FONTARRON,14,MORATALAZ,OPERATIVO,445183.62,4472532.18,ETRS89,,,CALLE,CORREGIDOR JUAN FRANCISCO DE LUJAN,108,28030,"CORREGIDOR JUAN FRANCISCO DE LUJÁN, 000108",11102295,1900-01-01T00:00:00Z,1065262,MU24,MU-51,2026-01-10T00:00:00Z
322083,Aparcabicicletas,116,BUENAVISTA,11,CARABANCHEL,OPERATIVO,435603.34,4469344.02,ETRS89,,,CALLE,JOAQUIN TURINA,62,28044,"JOAQUÍN TURINA, 000062",11077769,1900-01-01T00:00:00Z,1015186,MU24,MU-51,2026-01-10T00:00:00Z
324129,Aparcabicicletas,116,BUENAVISTA,11,CARABANCHEL,OPERATIVO,435957.15,4468948.26,ETRS89,,,CALLE,ALFREDO ALEIX,16,28044,"ALFREDO ALEIX, 000016",11078232,1900-01-01T00:00:00Z,1017232,MU24,MU-51,2026-01-10T00:00:00Z
324131,Aparcabicicletas,116,BUENAVISTA,11,CARABANCHEL,OPERATIVO,435958.68,4468948.46,ETRS89,,,CALLE,ALFREDO ALEIX,12,28044,"ALFREDO ALEIX, 000012",11078231,1900-01-01T00:00:00Z,1017234,MU24,MU-51,2026-01-10T00:00:00Z
325098,Aparcabicicletas,116,BUENAVISTA,11,CARABANCHEL,OPERATIVO,435296.66,4469381.18,ETRS89,,,CALLE,JACOBEO,1,28054,"JACOBEO, 000001",31015103,1900-01-01T00:00:00Z,1018201,MU24,MU-51,2026-01-10T00:00:00Z
325100,Aparcabicicletas,116,BUENAVISTA,11,CARABANCHEL,OPERATIVO,435293.68,4469380.21,ETRS89,,,CALLE,JACOBEO,1,28054,"JACOBEO, 000001",31015103,1900-01-01T00:00:00Z,1018203,MU24,MU-51,2026-01-10T00:00:00Z
325705,Aparcabicicletas,116,BUENAVISTA,11,CARABANCHEL,OPERATIVO,435789.46,4468034.32,ETRS89,,,CALLE,MORALES,25C,28054,"MORALES, 000025  C",31037105,1900-01-01T00:00:00Z,1018808,MU24,MU-51,2026-01-10T00:00:00Z
325707,Aparcabicicletas,116,BUENAVISTA,11,CARABANCHEL,OPERATIVO,435789.02,4468032.88,ETRS89,,,CALLE,MORALES,25C,28054,"MORALES, 000025  C",31037105,1900-01-01T00:00:00Z,1018810,MU24,MU-51,2026-01-10T00:00:00Z
325903,Aparcabicicletas,115,PUERTA BONITA,11,CARABANCHEL,OPERATIVO,437495.56,4470783.33,ETRS89,,,CALLE,GENERAL RICARDOS,177,28025,"GENERAL RICARDOS, 000177",20149525,1900-01-01T00:00:00Z,1019006,MU24,MU-51,2026-01-10T00:00:00Z
325905,Aparcabicicletas,115,PUERTA BONITA,11,CARABANCHEL,OPERATIVO,437494.88,4470782.78,ETRS89,,,CALLE,GENERAL RICARDOS,177,28025,"GENERAL RICARDOS, 000177",20149525,1900-01-01T00:00:00Z,1019008,MU24,MU-51,2026-01-10T00:00:00Z
326113,Aparcabicicletas,117,ABRANTES,11,CARABANCHEL,OPERATIVO,438099.17,4469886.61,ETRS89,,,CALLE,VIA LUSITANA,19,28025,"VÍA LUSITANA, 000019",20024802,2021-12-04T00:00:00Z,1019216,MU24,MU-51,2026-01-10T00:00:00Z
306533,Aparcabicicletas,141,PAVONES,14,MORATALAZ,OPERATIVO,446701.08,4472763.01,ETRS89,,,CALLE,LUIS DE HOYOS SAINZ,170,28030,"LUIS DE HOYOS SAINZ, 000170",20131818,1900-01-01T00:00:00Z,1066096,MU24,MU-51,2026-01-10T00:00:00Z
306573,Aparcabicicletas,141,PAVONES,14,MORATALAZ,OPERATIVO,446297.43,4471937.35,ETRS89,,,CALLE,ENCOMIENDA DE PALACIOS,239,28030,"ENCOMIENDA DE PALACIOS, 000239",31043389,1900-01-01T00:00:00Z,1066136,MU24,MU-51,2026-01-10T00:00:00Z
325099,Aparcabicicletas,116,BUENAVISTA,11,CARABANCHEL,OPERATIVO,435295.89,4469381.08,ETRS89,,,CALLE,JACOBEO,1,28054,"JACOBEO, 000001",31015103,1900-01-01T00:00:00Z,1018202,MU24,MU-51,2026-01-10T00:00:00Z
325704,Aparcabicicletas,116,BUENAVISTA,11,CARABANCHEL,OPERATIVO,435789.72,4468035.21,ETRS89,,,CALLE,MORALES,25C,28054,"MORALES, 000025  C",31037105,1900-01-01T00:00:00Z,1018807,MU24,MU-51,2026-01-10T00:00:00Z
325706,Aparcabicicletas,116,BUENAVISTA,11,CARABANCHEL,OPERATIVO,435789.28,4468033.66,ETRS89,,,CALLE,MORALES,25C,28054,"MORALES, 000025  C",31037105,1900-01-01T00:00:00Z,1018809,MU24,MU-51,2026-01-10T00:00:00Z
325902,Aparcabicicletas,115,PUERTA BONITA,11,CARABANCHEL,OPERATIVO,437493.51,4470781.57,ETRS89,,,CALLE,GENERAL RICARDOS,177,28025,"GENERAL RICARDOS, 000177",20149525,1900-01-01T00:00:00Z,1019005,MU24,MU-51,2026-01-10T00:00:00Z
325904,Aparcabicicletas,115,PUERTA BONITA,11,CARABANCHEL,OPERATIVO,437494.11,4470782.12,ETRS89,,,CALLE,GENERAL RICARDOS,177,28025,"GENERAL RICARDOS, 000177",20149525,1900-01-01T00:00:00Z,1019007,MU24,MU-51,2026-01-10T00:00:00Z
326112,Aparcabicicletas,117,ABRANTES,11,CARABANCHEL,OPERATIVO,438099.43,4469887.17,ETRS89,,,CALLE,VIA LUSITANA,19,28025,"VÍA LUSITANA, 000019",20024802,2021-12-04T00:00:00Z,1019215,MU24,MU-51,2026-01-10T00:00:00Z
326114,Aparcabicicletas,117,ABRANTES,11,CARABANCHEL,OPERATIVO,438098.55,4469884.07,ETRS89,,,CALLE,VIA LUSITANA,19,28025,"VÍA LUSITANA, 000019",20024802,2021-12-04T00:00:00Z,1019217,MU24,MU-51,2026-01-10T00:00:00Z
305701,Aparcabicicletas,145,FONTARRON,14,MORATALAZ,OPERATIVO,445182.43,4472531.41,ETRS89,,,CALLE,CORREGIDOR JUAN FRANCISCO DE LUJAN,108,28030,"CORREGIDOR JUAN FRANCISCO DE LUJÁN, 000108",11102295,1900-01-01T00:00:00Z,1065264,MU24,MU-51,2026-01-10T00:00:00Z
305703,Aparcabicicletas,145,FONTARRON,14,MORATALAZ,OPERATIVO,445181.15,4472530.86,ETRS89,,,CALLE,CORREGIDOR JUAN FRANCISCO DE LUJAN,108,28030,"CORREGIDOR JUAN FRANCISCO DE LUJÁN, 000108",11102295,1900-01-01T00:00:00Z,1065266,MU24,MU-51,2026-01-10T00:00:00Z
305737,Aparcabicicletas,144,MEDIA LEGUA,14,MORATALAZ,OPERATIVO,444273.72,4473959.09,ETRS89,,,CALLE,ALCALDE GARRIDO JUARISTI,3,28030,"ALCALDE GARRIDO JUARISTI, 000003",20128827,1900-01-01T00:00:00Z,1065300,MU24,MU-51,2026-01-10T00:00:00Z
305739,Aparcabicicletas,144,MEDIA LEGUA,14,MORATALAZ,OPERATIVO,444275.67,4473959.29,ETRS89,,,CALLE,ALCALDE GARRIDO JUARISTI,13,28030,"ALCALDE GARRIDO JUARISTI, 000013",20128837,1900-01-01T00:00:00Z,1065302,MU24,MU-51,2026-01-10T00:00:00Z
305797,Aparcabicicletas,145,FONTARRON,14,MORATALAZ,OPERATIVO,445361.41,4472158.9,ETRS89,,,CALLE,ARROYO FONTARRON,201,28030,"ARROYO FONTARRÓN, 000201",11102598,1900-01-01T00:00:00Z,1065360,MU24,MU-51,2026-01-10T00:00:00Z
306178,Aparcabicicletas,143,MARROQUINA,14,MORATALAZ,OPERATIVO,444856.2,4473418.62,ETRS89,,,CALLE,CAMINO DE LOS VINATEROS,104,28030,"CAMINO DE LOS VINATEROS, 000104",11101655,1900-01-01T00:00:00Z,1065741,MU24,MU-51,2026-01-10T00:00:00Z
306215,Aparcabicicletas,144,MEDIA LEGUA,14,MORATALAZ,OPERATIVO,444397.15,4473818.86,ETRS89,,,CALLE,ARROYO DE LA MEDIA LEGUA,51,28030,"ARROYO DE LA MEDIA LEGUA, 000051",31022818,1900-01-01T00:00:00Z,1065778,MU24,MU-51,2026-01-10T00:00:00Z
306217,Aparcabicicletas,144,MEDIA LEGUA,14,MORATALAZ,OPERATIVO,444394.94,4473819.43,ETRS89,,,CALLE,ARROYO DE LA MEDIA LEGUA,51,28030,"ARROYO DE LA MEDIA LEGUA, 000051",31022818,1900-01-01T00:00:00Z,1065780,MU24,MU-51,2026-01-10T00:00:00Z
306530,Aparcabicicletas,141,PAVONES,14,MORATALAZ,OPERATIVO,446699.47,4472763.58,ETRS89,,,CALLE,LUIS DE HOYOS SAINZ,170,28030,"LUIS DE HOYOS SAINZ, 000170",20131818,1900-01-01T00:00:00Z,1066093,MU24,MU-51,2026-01-10T00:00:00Z
306532,Aparcabicicletas,141,PAVONES,14,MORATALAZ,OPERATIVO,446700.32,4472763.35,ETRS89,,,CALLE,LUIS DE HOYOS SAINZ,170,28030,"LUIS DE HOYOS SAINZ, 000170",20131818,1900-01-01T00:00:00Z,1066095,MU24,MU-51,2026-01-10T00:00:00Z
306572,Aparcabicicletas,141,PAVONES,14,MORATALAZ,OPERATIVO,446295.4,4471938.14,ETRS89,,,CALLE,ENCOMIENDA DE PALACIOS,239,28030,"ENCOMIENDA DE PALACIOS, 000239",31043389,1900-01-01T00:00:00Z,1066135,MU24,MU-51,2026-01-10T00:00:00Z
306574,Aparcabicicletas,141,PAVONES,14,MORATALAZ,OPERATIVO,446296.42,4471937.8,ETRS89,,,CALLE,ENCOMIENDA DE PALACIOS,239,28030,"ENCOMIENDA DE PALACIOS, 000239",31043389,1900-01-01T00:00:00Z,1066137,MU24,MU-51,2026-01-10T00:00:00Z
306575,Aparcabicicletas,141,PAVONES,14,MORATALAZ,OPERATIVO,446298.45,4471937.01,ETRS89,,,CALLE,ENCOMIENDA DE PALACIOS,239,28030,"ENCOMIENDA DE PALACIOS, 000239",31043389,1900-01-01T00:00:00Z,1066138,MU24,MU-51,2026-01-10T00:00:00Z
327931,Aparcabicicletas,115,PUERTA BONITA,11,CARABANCHEL,OPERATIVO,437135.1,4469825.47,ETRS89,,,CALLE,NUESTRA SEÑORA DE LA ANTIGUA,52C,28025,"NUESTRA SEÑORA DE LA ANTIGUA, 000052  C",31052352,1900-01-01T00:00:00Z,1021034,MU24,MU-51,2026-01-10T00:00:00Z
329119,Aparcabicicletas,174,LOS ROSALES,17,VILLAVERDE,OPERATIVO,441169.93,4467897.46,ETRS89,,,CALLE,TERTULIA,17,28041,"TERTULIA, 000017",20062065,1900-01-01T00:00:00Z,1022213,MU24,MU-51,2026-01-10T00:00:00Z
329121,Aparcabicicletas,174,LOS ROSALES,17,VILLAVERDE,OPERATIVO,441170.08,4467895.9,ETRS89,,,CALLE,TERTULIA,17,28041,"TERTULIA, 000017",20062065,1900-01-01T00:00:00Z,1022215,MU24,MU-51,2026-01-10T00:00:00Z
329123,Aparcabicicletas,174,LOS ROSALES,17,VILLAVERDE,OPERATIVO,441169.93,4467898.24,ETRS89,,,CALLE,TERTULIA,17,28041,"TERTULIA, 000017",20062065,1900-01-01T00:00:00Z,1022217,MU24,MU-51,2026-01-10T00:00:00Z
330973,Aparcabicicletas,175,ANGELES,17,VILLAVERDE,OPERATIVO,440842.44,4466694.51,ETRS89,,,CALLE,ROMERAL,11,28021,"ROMERAL, 000011",20153740,1900-01-01T00:00:00Z,1024067,MU24,MU-51,2026-01-10T00:00:00Z
330975,Aparcabicicletas,175,ANGELES,17,VILLAVERDE,OPERATIVO,440841.6,4466694.63,ETRS89,,,CALLE,ROMERAL,11,28021,"ROMERAL, 000011",20153740,1900-01-01T00:00:00Z,1024069,MU24,MU-51,2026-01-10T00:00:00Z
330977,Aparcabicicletas,175,ANGELES,17,VILLAVERDE,OPERATIVO,440928.79,4466680.63,ETRS89,,,CALLE,PIMIENTA,18,28021,"PIMIENTA, 000018",20153573,1900-01-01T00:00:00Z,1024071,MU24,MU-51,2026-01-10T00:00:00Z
330980,Aparcabicicletas,175,ANGELES,17,VILLAVERDE,OPERATIVO,440931.17,4466680.27,ETRS89,,,CALLE,PIMIENTA,18,28021,"PIMIENTA, 000018",20153573,1900-01-01T00:00:00Z,1024074,MU24,MU-51,2026-01-10T00:00:00Z
330982,Aparcabicicletas,175,ANGELES,17,VILLAVERDE,OPERATIVO,440930.41,4466680.39,ETRS89,,,CALLE,PIMIENTA,18,28021,"PIMIENTA, 000018",20153573,1900-01-01T00:00:00Z,1024076,MU24,MU-51,2026-01-10T00:00:00Z
330984,Aparcabicicletas,175,ANGELES,17,VILLAVERDE,OPERATIVO,440932.78,4466680.04,ETRS89,,,CALLE,PIMIENTA,18,28021,"PIMIENTA, 000018",20153573,1900-01-01T00:00:00Z,1024078,MU24,MU-51,2026-01-10T00:00:00Z
330986,Aparcabicicletas,175,ANGELES,17,VILLAVERDE,OPERATIVO,440934.39,4466679.8,ETRS89,,,CALLE,PIMIENTA,18,28021,"CALLE DE LA PIMIENTA 18, 28021 Madrid",20153573,1900-01-01T00:00:00Z,1024080,MU24,MU-51,2026-01-10T00:00:00Z
327930,Aparcabicicletas,115,PUERTA BONITA,11,CARABANCHEL,OPERATIVO,437134.16,4469825.36,ETRS89,,,CALLE,NUESTRA SEÑORA DE LA ANTIGUA,52C,28025,"NUESTRA SEÑORA DE LA ANTIGUA, 000052  C",31052352,1900-01-01T00:00:00Z,1021033,MU24,MU-51,2026-01-10T00:00:00Z
327932,Aparcabicicletas,115,PUERTA BONITA,11,CARABANCHEL,OPERATIVO,437135.95,4469825.46,ETRS89,,,CALLE,NUESTRA SEÑORA DE LA ANTIGUA,52C,28025,"NUESTRA SEÑORA DE LA ANTIGUA, 000052  C",31052352,1900-01-01T00:00:00Z,1021035,MU24,MU-51,2026-01-10T00:00:00Z
329120,Aparcabicicletas,174,LOS ROSALES,17,VILLAVERDE,OPERATIVO,441170.0,4467896.57,ETRS89,,,CALLE,TERTULIA,17,28041,"TERTULIA, 000017",20062065,1900-01-01T00:00:00Z,1022214,MU24,MU-51,2026-01-10T00:00:00Z
329122,Aparcabicicletas,174,LOS ROSALES,17,VILLAVERDE,OPERATIVO,441170.08,4467894.79,ETRS89,,,CALLE,TERTULIA,17,28041,"TERTULIA, 000017",20062065,1900-01-01T00:00:00Z,1022216,MU24,MU-51,2026-01-10T00:00:00Z
330972,Aparcabicicletas,175,ANGELES,17,VILLAVERDE,OPERATIVO,440840.75,4466694.75,ETRS89,,,CALLE,ROMERAL,11,28021,"ROMERAL, 000011",20153740,1900-01-01T00:00:00Z,1024066,MU24,MU-51,2026-01-10T00:00:00Z
330974,Aparcabicicletas,175,ANGELES,17,VILLAVERDE,OPERATIVO,440844.4,4466694.39,ETRS89,,,CALLE,ROMERAL,11,28021,"ROMERAL, 000011",20153740,1900-01-01T00:00:00Z,1024068,MU24,MU-51,2026-01-10T00:00:00Z
330976,Aparcabicicletas,175,ANGELES,17,VILLAVERDE,OPERATIVO,440840.07,4466694.98,ETRS89,,,CALLE,ROMERAL,11,28021,"ROMERAL, 000011",20153740,1900-01-01T00:00:00Z,1024070,MU24,MU-51,2026-01-10T00:00:00Z
330978,Aparcabicicletas,175,ANGELES,17,VILLAVERDE,OPERATIVO,440843.38,4466694.51,ETRS89,,,CALLE,ROMERAL,11,28021,"ROMERAL, 000011",20153740,1900-01-01T00:00:00Z,1024072,MU24,MU-51,2026-01-10T00:00:00Z
330981,Aparcabicicletas,175,ANGELES,17,VILLAVERDE,OPERATIVO,440929.47,4466680.51,ETRS89,,,CALLE,PIMIENTA,18,28021,"PIMIENTA, 000018",20153573,1900-01-01T00:00:00Z,1024075,MU24,MU-51,2026-01-10T00:00:00Z
330983,Aparcabicicletas,175,ANGELES,17,VILLAVERDE,OPERATIVO,440932.02,4466680.16,ETRS89,,,CALLE,PIMIENTA,18,28021,"PIMIENTA, 000018",20153573,1900-01-01T00:00:00Z,1024077,MU24,MU-51,2026-01-10T00:00:00Z
330985,Aparcabicicletas,175,ANGELES,17,VILLAVERDE,OPERATIVO,440933.54,4466679.92,ETRS89,,,CALLE,PIMIENTA,18,28021,"PIMIENTA, 000018",20153573,1900-01-01T00:00:00Z,1024079,MU24,MU-51,2026-01-10T00:00:00Z
334078,Aparcabicicletas,175,ANGELES,17,VILLAVERDE,OPERATIVO,440950.2,4466908.24,ETRS89,,,CALLE,VIOLETAS,1,28021,"ALCOCER, 000003",20154778,1900-01-01T00:00:00Z,1027172,MU24,MU-51,2026-01-10T00:00:00Z
336000,Aparcabicicletas,175,ANGELES,17,VILLAVERDE,OPERATIVO,440950.12,4466908.8,ETRS89,,,CALLE,VIOLETAS,1,28021,"ALCOCER, 000003",20154778,1900-01-01T00:00:00Z,1029094,MU24,MU-51,2026-01-10T00:00:00Z
340047,Aparcabicicletas,173,BUTARQUE,17,VILLAVERDE,OPERATIVO,442650.88,4466330.83,ETRS89,,,CALLE,ESTEFANITA,7,28021,"ESTEFANITA, 000007",20166964,1900-01-01T00:00:00Z,1033141,MU24,MU-51,2026-01-10T00:00:00Z
340050,Aparcabicicletas,173,BUTARQUE,17,VILLAVERDE,OPERATIVO,442650.64,4466331.61,ETRS89,,,CALLE,ESTEFANITA,7,28021,"ESTEFANITA, 000007",20166964,1900-01-01T00:00:00Z,1033144,MU24,MU-51,2026-01-10T00:00:00Z
340068,Aparcabicicletas,171,VILLAVERDE ALTO - CASCO HISTORICO DE VILLAVERDE,17,VILLAVERDE,OPERATIVO,440694.02,4465041.15,ETRS89,,,CALLE,PRINCIPAL,1,28021,"PRINCIPAL, 000001",20174655,2021-12-04T00:00:00Z,1033162,MU24,MU-51,2026-01-10T00:00:00Z
340191,Aparcabicicletas,174,LOS ROSALES,17,VILLAVERDE,OPERATIVO,441295.71,4467574.12,ETRS89,,,CALLE,CIUDADANIA,5,28041,"CIUDADANÍA, 000005",20062317,1900-01-01T00:00:00Z,1033285,MU24,MU-51,2026-01-10T00:00:00Z
340293,Aparcabicicletas,171,VILLAVERDE ALTO - CASCO HISTORICO DE VILLAVERDE,17,VILLAVERDE,OPERATIVO,440084.2,4466856.37,ETRS89,,,CALLE,ALCOCER,45B,28021,"ALCOCER, 000045  B",20078356,1900-01-01T00:00:00Z,1033387,MU24,MU-51,2026-01-10T00:00:00Z
340295,Aparcabicicletas,171,VILLAVERDE ALTO - CASCO HISTORICO DE VILLAVERDE,17,VILLAVERDE,OPERATIVO,440085.14,4466856.7,ETRS89,,,CALLE,ALCOCER,45B,28021,"ALCOCER, 000045  B",20078356,1900-01-01T00:00:00Z,1033389,MU24,MU-51,2026-01-10T00:00:00Z
340297,Aparcabicicletas,171,VILLAVERDE ALTO - CASCO HISTORICO DE VILLAVERDE,17,VILLAVERDE,OPERATIVO,440083.35,4466855.94,ETRS89,,,CALLE,ALCOCER,45B,28021,"ALCOCER, 000045  B",20078356,1900-01-01T00:00:00Z,1033391,MU24,MU-51,2026-01-10T00:00:00Z
340299,Aparcabicicletas,171,VILLAVERDE ALTO - CASCO HISTORICO DE VILLAVERDE,17,VILLAVERDE,OPERATIVO,440088.47,4466857.48,ETRS89,,,CALLE,ALCOCER,45,28041,,20078353,2021-12-04T00:00:00Z,1033393,MU24,MU-51,2026-01-10T00:00:00Z
340402,Aparcabicicletas,174,LOS ROSALES,17,VILLAVERDE,OPERATIVO,441723.43,4467407.5,ETRS89,,,CALLE,MARIA BARRIENTOS,2,28021,"MARÍA BARRIENTOS, 000002",31002007,1900-01-01T00:00:00Z,1033496,MU24,MU-51,2026-01-10T00:00:00Z
340427,Aparcabicicletas,174,LOS ROSALES,17,VILLAVERDE,OPERATIVO,441729.3,4468010.32,ETRS89,,,CALLE,CONSENSO,5,28041,"CONSENSO, 000005",20150027,2021-12-04T00:00:00Z,1033521,MU24,MU-51,2026-01-10T00:00:00Z
340429,Aparcabicicletas,174,LOS ROSALES,17,VILLAVERDE,OPERATIVO,441729.36,4468007.1,ETRS89,,,CALLE,CONSENSO,5,28041,"CONSENSO, 000005",20150027,2021-12-04T00:00:00Z,1033523,MU24,MU-51,2026-01-10T00:00:00Z
340431,Aparcabicicletas,172,SAN CRISTOBAL,17,VILLAVERDE,OPERATIVO,441641.29,4466070.41,ETRS89,,,CALLE,GODELLA,57,28021,"GODELLA, 000057",11126076,1900-01-01T00:00:00Z,1033525,MU24,MU-51,2026-01-10T00:00:00Z
340433,Aparcabicicletas,172,SAN CRISTOBAL,17,VILLAVERDE,OPERATIVO,441641.28,4466069.53,ETRS89,,,CALLE,GODELLA,57,28021,"GODELLA, 000057",11126076,1900-01-01T00:00:00Z,1033527,MU24,MU-51,2026-01-10T00:00:00Z
340435,Aparcabicicletas,172,SAN CRISTOBAL,17,VILLAVERDE,OPERATIVO,441641.48,4466072.19,ETRS89,,,CALLE,GODELLA,57,28021,"GODELLA, 000057",11126076,1900-01-01T00:00:00Z,1033529,MU24,MU-51,2026-01-10T00:00:00Z
326399,Aparcabicicletas,117,ABRANTES,11,CARABANCHEL,OPERATIVO,438619.09,4470439.82,ETRS89,,,CALLE,VIA LUSITANA,3A,28025,"VÍA LUSITANA, 000003  A",31041453,2021-12-04T00:00:00Z,1019502,MU24,MU-51,2026-01-10T00:00:00Z
326401,Aparcabicicletas,117,ABRANTES,11,CARABANCHEL,OPERATIVO,438618.58,4470439.38,ETRS89,,,CALLE,VIA LUSITANA,3A,28025,"VÍA LUSITANA, 000003  A",31041453,2021-12-04T00:00:00Z,1019504,MU24,MU-51,2026-01-10T00:00:00Z
326595,Aparcabicicletas,117,ABRANTES,11,CARABANCHEL,OPERATIVO,437655.98,4469851.21,ETRS89,,,CALLE,CAMINO VIEJO DE LEGANES,188,28025,"CAMINO VIEJO DE LEGANÉS, 000188",31009842,2021-11-04T00:00:00Z,1019698,MU24,MU-51,2026-01-10T00:00:00Z
326615,Aparcabicicletas,116,BUENAVISTA,11,CARABANCHEL,OPERATIVO,435602.58,4469344.14,ETRS89,,,CALLE,JOAQUIN TURINA,62,28044,"JOAQUÍN TURINA, 000062",11077769,1900-01-01T00:00:00Z,1019718,MU24,MU-51,2026-01-10T00:00:00Z
327197,Aparcabicicletas,117,ABRANTES,11,CARABANCHEL,OPERATIVO,438841.43,4470577.98,ETRS89,,,CALLE,VIA LUSITANA,1,28025,"VÍA LUSITANA, 000001",11078650,1900-01-01T00:00:00Z,1020300,MU24,MU-51,2026-01-10T00:00:00Z
327199,Aparcabicicletas,117,ABRANTES,11,CARABANCHEL,OPERATIVO,438843.72,4470577.41,ETRS89,,,CALLE,VIA LUSITANA,1,28025,"VÍA LUSITANA, 000001",11078650,1900-01-01T00:00:00Z,1020302,MU24,MU-51,2026-01-10T00:00:00Z
327324,Aparcabicicletas,114,VISTA ALEGRE,11,CARABANCHEL,OPERATIVO,437204.877,4470910.752,ETRS89,40.38642517,-3.73983699,CALLE,CASTROJERIZ,18,28025,"CASTROJERIZ, 000018",11075309,,1020427,MU24,MU-51,2026-01-10T00:00:00Z
327362,Aparcabicicletas,115,PUERTA BONITA,11,CARABANCHEL,OPERATIVO,437119.73,4470595.54,ETRS89,,,CALLE,BLASON,34,28025,"BLASÓN, 000034",20059235,1900-01-01T00:00:00Z,1020465,MU24,MU-51,2026-01-10T00:00:00Z
327364,Aparcabicicletas,115,PUERTA BONITA,11,CARABANCHEL,OPERATIVO,437120.67,4470596.2,ETRS89,,,CALLE,GENERAL RICARDOS,179B,28025,"GENERAL RICARDOS, 000179  B",31009511,1900-01-01T00:00:00Z,1020467,MU24,MU-51,2026-01-10T00:00:00Z
327507,Aparcabicicletas,115,PUERTA BONITA,11,CARABANCHEL,OPERATIVO,436771.79,4470275.21,ETRS89,,,CALLE,EUGENIA DE MONTIJO,53,28025,"EUGENIA DE MONTIJO, 000053",11076656,1900-01-01T00:00:00Z,1020610,MU24,MU-51,2026-01-10T00:00:00Z
341879,Aparcabicicletas,171,VILLAVERDE ALTO - CASCO HISTORICO DE VILLAVERDE,17,VILLAVERDE,OPERATIVO,439701.5,4466801.49,ETRS89,,,CALLE,VILLALONSO,16,28021,"VILLALONSO, 000016",20093319,1900-01-01T00:00:00Z,1034973,MU24,MU-51,2026-01-10T00:00:00Z
341881,Aparcabicicletas,171,VILLAVERDE ALTO - CASCO HISTORICO DE VILLAVERDE,17,VILLAVERDE,OPERATIVO,439699.29,4466801.4,ETRS89,,,CALLE,VILLALONSO,16,28021,"VILLALONSO, 000016",20093319,1900-01-01T00:00:00Z,1034975,MU24,MU-51,2026-01-10T00:00:00Z
342204,Aparcabicicletas,175,ANGELES,17,VILLAVERDE,OPERATIVO,441041.14,4467555.13,ETRS89,,,CALLE,LOS BOHEMIOS,1,28041,"LOS BOHEMIOS, 000001",11143020,1900-01-01T00:00:00Z,1035298,MU24,MU-51,2026-01-10T00:00:00Z
342206,Aparcabicicletas,175,ANGELES,17,VILLAVERDE,OPERATIVO,441040.54,4467555.02,ETRS89,,,CALLE,LOS BOHEMIOS,1,28041,"LOS BOHEMIOS, 000001",11143020,1900-01-01T00:00:00Z,1035300,MU24,MU-51,2026-01-10T00:00:00Z
342519,Aparcabicicletas,175,ANGELES,17,VILLAVERDE,OPERATIVO,440549.76,4468141.45,ETRS89,,,CALLE,LA CORTE DE FARAON,35,28041,"LA CORTE DE FARAÓN, 000035",11129071,1900-01-01T00:00:00Z,1035613,MU24,MU-51,2026-01-10T00:00:00Z
342521,Aparcabicicletas,175,ANGELES,17,VILLAVERDE,OPERATIVO,440548.15,4468142.35,ETRS89,,,CALLE,LA CORTE DE FARAON,35,28041,"LA CORTE DE FARAÓN, 000035",11129071,1900-01-01T00:00:00Z,1035615,MU24,MU-51,2026-01-10T00:00:00Z
342904,Aparcabicicletas,171,VILLAVERDE ALTO - CASCO HISTORICO DE VILLAVERDE,17,VILLAVERDE,OPERATIVO,439589.43,4466742.45,ETRS89,,,CALLE,ARROYO BUENO,53,28021,"ARROYO BUENO, 000053",11124899,1900-01-01T00:00:00Z,1035998,MU24,MU-51,2026-01-10T00:00:00Z
343230,Aparcabicicletas,171,VILLAVERDE ALTO - CASCO HISTORICO DE VILLAVERDE,17,VILLAVERDE,OPERATIVO,439415.9,4466667.47,ETRS89,,,CALLE,JUAN PEÑALVER,8,28021,"JUAN PEÑALVER, 000008",11124869,1900-01-01T00:00:00Z,1036324,MU24,MU-51,2026-01-10T00:00:00Z
343232,Aparcabicicletas,171,VILLAVERDE ALTO - CASCO HISTORICO DE VILLAVERDE,17,VILLAVERDE,OPERATIVO,439417.86,4466667.23,ETRS89,,,CALLE,JUAN PEÑALVER,8,28021,"JUAN PEÑALVER, 000008",11124869,1900-01-01T00:00:00Z,1036326,MU24,MU-51,2026-01-10T00:00:00Z
339856,Aparcabicicletas,174,LOS ROSALES,17,VILLAVERDE,OPERATIVO,441171.5,4468271.42,ETRS89,,,CALLE,TERTULIA,1,28041,"TERTULIA, 000001",20062041,1900-01-01T00:00:00Z,1032950,MU24,MU-51,2026-01-10T00:00:00Z
340049,Aparcabicicletas,173,BUTARQUE,17,VILLAVERDE,OPERATIVO,442650.39,4466332.5,ETRS89,,,CALLE,ESTEFANITA,7,28021,"ESTEFANITA, 000007",20166964,1900-01-01T00:00:00Z,1033143,MU24,MU-51,2026-01-10T00:00:00Z
340067,Aparcabicicletas,171,VILLAVERDE ALTO - CASCO HISTORICO DE VILLAVERDE,17,VILLAVERDE,OPERATIVO,440693.26,4465041.16,ETRS89,,,CALLE,PRINCIPAL,1,28021,"PRINCIPAL, 000001",20174655,2021-12-04T00:00:00Z,1033161,MU24,MU-51,2026-01-10T00:00:00Z
340069,Aparcabicicletas,171,VILLAVERDE ALTO - CASCO HISTORICO DE VILLAVERDE,17,VILLAVERDE,OPERATIVO,440695.04,4465041.15,ETRS89,,,CALLE,PRINCIPAL,1,28021,"PRINCIPAL, 000001",20174655,2021-12-04T00:00:00Z,1033163,MU24,MU-51,2026-01-10T00:00:00Z
340192,Aparcabicicletas,174,LOS ROSALES,17,VILLAVERDE,OPERATIVO,441296.47,4467574.11,ETRS89,,,CALLE,CIUDADANIA,5,28041,"CIUDADANÍA, 000005",20062317,1900-01-01T00:00:00Z,1033286,MU24,MU-51,2026-01-10T00:00:00Z
340294,Aparcabicicletas,171,VILLAVERDE ALTO - CASCO HISTORICO DE VILLAVERDE,17,VILLAVERDE,OPERATIVO,440086.5,4466857.46,ETRS89,,,CALLE,ALCOCER,45B,28021,"CALLE DE ALCOCER 45B, 28021 Madrid",20078356,1900-01-01T00:00:00Z,1033388,MU24,MU-51,2026-01-10T00:00:00Z
340296,Aparcabicicletas,171,VILLAVERDE ALTO - CASCO HISTORICO DE VILLAVERDE,17,VILLAVERDE,OPERATIVO,440081.73,4466854.95,ETRS89,,,CALLE,ALCOCER,45A,28021,"ALCOCER, 000045  A",20078353,1900-01-01T00:00:00Z,1033390,MU24,MU-51,2026-01-10T00:00:00Z
340298,Aparcabicicletas,171,VILLAVERDE ALTO - CASCO HISTORICO DE VILLAVERDE,17,VILLAVERDE,OPERATIVO,440082.5,4466855.5,ETRS89,,,CALLE,ALCOCER,45A,28021,"ALCOCER, 000045  A",20078353,1900-01-01T00:00:00Z,1033392,MU24,MU-51,2026-01-10T00:00:00Z
340400,Aparcabicicletas,174,LOS ROSALES,17,VILLAVERDE,OPERATIVO,441724.45,4467407.49,ETRS89,,,CALLE,MARIA BARRIENTOS,2,28021,"MARÍA BARRIENTOS, 000002",31002007,1900-01-01T00:00:00Z,1033494,MU24,MU-51,2026-01-10T00:00:00Z
340403,Aparcabicicletas,174,LOS ROSALES,17,VILLAVERDE,OPERATIVO,441725.47,4467407.26,ETRS89,,,CALLE,MARIA BARRIENTOS,2,28021,"MARÍA BARRIENTOS, 000002",31002007,1900-01-01T00:00:00Z,1033497,MU24,MU-51,2026-01-10T00:00:00Z
340428,Aparcabicicletas,174,LOS ROSALES,17,VILLAVERDE,OPERATIVO,441729.43,4468005.88,ETRS89,,,CALLE,CONSENSO,5,28041,"CONSENSO, 000005",20150027,2021-12-04T00:00:00Z,1033522,MU24,MU-51,2026-01-10T00:00:00Z
326327,Aparcabicicletas,112,OPAÑEL,11,CARABANCHEL,OPERATIVO,438056.02,4471148.78,ETRS89,,,CALLE,RIO DE ORO,13,28019,"RÍO DE ORO, 000013",31048892,1900-01-01T00:00:00Z,1019430,MU24,MU-51,2026-01-10T00:00:00Z
326400,Aparcabicicletas,117,ABRANTES,11,CARABANCHEL,OPERATIVO,438619.6,4470440.04,ETRS89,,,CALLE,VIA LUSITANA,3A,28025,"VÍA LUSITANA, 000003  A",31041453,2021-12-04T00:00:00Z,1019503,MU24,MU-51,2026-01-10T00:00:00Z
326594,Aparcabicicletas,117,ABRANTES,11,CARABANCHEL,OPERATIVO,437654.63,4469852.44,ETRS89,,,CALLE,CAMINO VIEJO DE LEGANES,188,28025,"CAMINO VIEJO DE LEGANÉS, 000188",31009842,2021-12-04T00:00:00Z,1019697,MU24,MU-51,2026-01-10T00:00:00Z
326596,Aparcabicicletas,117,ABRANTES,11,CARABANCHEL,OPERATIVO,437653.95,4469853,ETRS89,,,CALLE,CAMINO VIEJO DE LEGANES,188,28025,"CAMINO VIEJO DE LEGANÉS, 000188",31009842,2021-12-04T00:00:00Z,1019699,MU24,MU-51,2026-01-10T00:00:00Z
326616,Aparcabicicletas,116,BUENAVISTA,11,CARABANCHEL,OPERATIVO,435604.11,4469343.8,ETRS89,,,CALLE,JOAQUIN TURINA,62,28044,"JOAQUÍN TURINA, 000062",11077769,1900-01-01T00:00:00Z,1019719,MU24,MU-51,2026-01-10T00:00:00Z
327198,Aparcabicicletas,117,ABRANTES,11,CARABANCHEL,OPERATIVO,438842.2,4470577.87,ETRS89,,,CALLE,VIA LUSITANA,1,28025,"VÍA LUSITANA, 000001",11078650,1900-01-01T00:00:00Z,1020301,MU24,MU-51,2026-01-10T00:00:00Z
327323,Aparcabicicletas,114,VISTA ALEGRE,11,CARABANCHEL,OPERATIVO,437205.647,4470911.523,ETRS89,40.38643217,-3.73982799,CALLE,CASTROJERIZ,18,28025,"CASTROJERIZ, 000018",11075309,1900-01-01T00:00:00Z,1020426,MU24,MU-51,2026-01-10T00:00:00Z
327325,Aparcabicicletas,114,VISTA ALEGRE,11,CARABANCHEL,OPERATIVO,437206.332,4470912.183,ETRS89,40.38643817,-3.73981999,CALLE,CASTROJERIZ,18,28025,"CASTROJERIZ, 000018",11075309,,1020428,MU24,MU-51,2026-01-10T00:00:00Z
327363,Aparcabicicletas,115,PUERTA BONITA,11,CARABANCHEL,OPERATIVO,437120.16,4470595.87,ETRS89,,,CALLE,GENERAL RICARDOS,179B,28025,"GENERAL RICARDOS, 000179  B",31009511,1900-01-01T00:00:00Z,1020466,MU24,MU-51,2026-01-10T00:00:00Z
327372,Aparcabicicletas,114,VISTA ALEGRE,11,CARABANCHEL,OPERATIVO,436634.51,4470475.07,ETRS89,,,CALLE,MONSEÑOR OSCAR ROMERO,41,28025,"MONSEÑOR ÓSCAR ROMERO, 000041",11075051,1900-01-01T00:00:00Z,1020475,MU24,MU-51,2026-01-10T00:00:00Z
341877,Aparcabicicletas,171,VILLAVERDE ALTO - CASCO HISTORICO DE VILLAVERDE,17,VILLAVERDE,OPERATIVO,439700.48,4466801.5,ETRS89,,,CALLE,VILLALONSO,16,28021,"VILLALONSO, 000016",20093319,1900-01-01T00:00:00Z,1034971,MU24,MU-51,2026-01-10T00:00:00Z
341880,Aparcabicicletas,171,VILLAVERDE ALTO - CASCO HISTORICO DE VILLAVERDE,17,VILLAVERDE,OPERATIVO,439702.43,4466801.48,ETRS89,,,CALLE,VILLALONSO,16,28021,"VILLALONSO, 000016",20093319,1900-01-01T00:00:00Z,1034974,MU24,MU-51,2026-01-10T00:00:00Z
342203,Aparcabicicletas,175,ANGELES,17,VILLAVERDE,OPERATIVO,441038.76,4467554.82,ETRS89,,,CALLE,LOS BOHEMIOS,1,28041,"LOS BOHEMIOS, 000001",11143020,1900-01-01T00:00:00Z,1035297,MU24,MU-51,2026-01-10T00:00:00Z
342205,Aparcabicicletas,175,ANGELES,17,VILLAVERDE,OPERATIVO,441039.95,4467555.03,ETRS89,,,CALLE,LOS BOHEMIOS,1,28041,"LOS BOHEMIOS, 000001",11143020,1900-01-01T00:00:00Z,1035299,MU24,MU-51,2026-01-10T00:00:00Z
342207,Aparcabicicletas,175,ANGELES,17,VILLAVERDE,OPERATIVO,441039.35,4467554.92,ETRS89,,,CALLE,LOS BOHEMIOS,1,28041,"LOS BOHEMIOS, 000001",11143020,1900-01-01T00:00:00Z,1035301,MU24,MU-51,2026-01-10T00:00:00Z
342518,Aparcabicicletas,175,ANGELES,17,VILLAVERDE,OPERATIVO,440550.77,4468141.0,ETRS89,,,CALLE,LA CORTE DE FARAON,35,28041,"LA CORTE DE FARAÓN, 000035",11129071,1900-01-01T00:00:00Z,1035612,MU24,MU-51,2026-01-10T00:00:00Z
342520,Aparcabicicletas,175,ANGELES,17,VILLAVERDE,OPERATIVO,440548.91,4468141.9,ETRS89,,,CALLE,LA CORTE DE FARAON,35,28041,"LA CORTE DE FARAÓN, 000035",11129071,1900-01-01T00:00:00Z,1035614,MU24,MU-51,2026-01-10T00:00:00Z
342903,Aparcabicicletas,171,VILLAVERDE ALTO - CASCO HISTORICO DE VILLAVERDE,17,VILLAVERDE,OPERATIVO,439588.32,4466742.57,ETRS89,,,CALLE,ARROYO BUENO,53,28021,"ARROYO BUENO, 000053",11124899,1900-01-01T00:00:00Z,1035997,MU24,MU-51,2026-01-10T00:00:00Z
342905,Aparcabicicletas,171,VILLAVERDE ALTO - CASCO HISTORICO DE VILLAVERDE,17,VILLAVERDE,OPERATIVO,439590.53,4466742.55,ETRS89,,,CALLE,ARROYO BUENO,53,28021,"ARROYO BUENO, 000053",11124899,1900-01-01T00:00:00Z,1035999,MU24,MU-51,2026-01-10T00:00:00Z
343231,Aparcabicicletas,171,VILLAVERDE ALTO - CASCO HISTORICO DE VILLAVERDE,17,VILLAVERDE,OPERATIVO,439416.84,4466667.35,ETRS89,,,CALLE,JUAN PEÑALVER,8,28021,"JUAN PEÑALVER, 000008",11124869,1900-01-01T00:00:00Z,1036325,MU24,MU-51,2026-01-10T00:00:00Z
343233,Aparcabicicletas,171,VILLAVERDE ALTO - CASCO HISTORICO DE VILLAVERDE,17,VILLAVERDE,OPERATIVO,439418.7,4466667.12,ETRS89,,,CALLE,JUAN PEÑALVER,8,28021,"JUAN PEÑALVER, 000008",11124869,1900-01-01T00:00:00Z,1036327,MU24,MU-51,2026-01-10T00:00:00Z
343632,Aparcabicicletas,171,VILLAVERDE ALTO - CASCO HISTORICO DE VILLAVERDE,17,VILLAVERDE,OPERATIVO,439549.51,4465918.44,ETRS89,,,CALLE,DOMINGO PARRAGA,15,28021,"DOMINGO PÁRRAGA, 000015",31016128,1900-01-01T00:00:00Z,1036726,MU24,MU-51,2026-01-10T00:00:00Z
343697,Aparcabicicletas,175,ANGELES,17,VILLAVERDE,OPERATIVO,440857.721,4467146.407,ETRS89,,,CALLE,ANOETA,16,28041,"ANOETA, 000014",31013720,1900-01-01T00:00:00Z,1036791,MU24,MU-51,2026-01-10T00:00:00Z
340430,Aparcabicicletas,174,LOS ROSALES,17,VILLAVERDE,OPERATIVO,441729.28,4468008.21,ETRS89,,,CALLE,CONSENSO,5,28041,"CONSENSO, 000005",20150027,2021-12-04T00:00:00Z,1033524,MU24,MU-51,2026-01-10T00:00:00Z
340432,Aparcabicicletas,172,SAN CRISTOBAL,17,VILLAVERDE,OPERATIVO,441641.38,4466071.3,ETRS89,,,CALLE,GODELLA,57,28021,"GODELLA, 000057",11126076,1900-01-01T00:00:00Z,1033526,MU24,MU-51,2026-01-10T00:00:00Z
340434,Aparcabicicletas,172,SAN CRISTOBAL,17,VILLAVERDE,OPERATIVO,441641.48,4466073.08,ETRS89,,,CALLE,GODELLA,57,28021,"GODELLA, 000057",11126076,1900-01-01T00:00:00Z,1033528,MU24,MU-51,2026-01-10T00:00:00Z
340691,Aparcabicicletas,174,LOS ROSALES,17,VILLAVERDE,OPERATIVO,441514.61,4468116.45,ETRS89,,,CALLE,UNANIMIDAD,13,28041,"UNANIMIDAD, 000013",31018923,1900-01-01T00:00:00Z,1033785,MU24,MU-51,2026-01-10T00:00:00Z
340785,Aparcabicicletas,173,BUTARQUE,17,VILLAVERDE,OPERATIVO,442542.18,4466165.04,ETRS89,,,CALLE,BERROCAL,46,28021,"BERROCAL, 000046",20178377,1900-01-01T00:00:00Z,1033879,MU24,MU-51,2026-01-10T00:00:00Z
340788,Aparcabicicletas,173,BUTARQUE,17,VILLAVERDE,OPERATIVO,442542.76,4466163.15,ETRS89,,,CALLE,BERROCAL,46,28021,"BERROCAL, 000046",20178377,1900-01-01T00:00:00Z,1033882,MU24,MU-51,2026-01-10T00:00:00Z
343631,Aparcabicicletas,171,VILLAVERDE ALTO - CASCO HISTORICO DE VILLAVERDE,17,VILLAVERDE,OPERATIVO,439548.49,4465918.45,ETRS89,,,CALLE,DOMINGO PARRAGA,15,28021,"DOMINGO PÁRRAGA, 000015",31016128,1900-01-01T00:00:00Z,1036725,MU24,MU-51,2026-01-10T00:00:00Z
343696,Aparcabicicletas,175,ANGELES,17,VILLAVERDE,OPERATIVO,440859.929,4467146.389,ETRS89,,,CALLE,ANOETA,16,28041,"ANOETA, 000014",31013720,1900-01-01T00:00:00Z,1036790,MU24,MU-51,2026-01-10T00:00:00Z
343699,Aparcabicicletas,175,ANGELES,17,VILLAVERDE,OPERATIVO,440856.788,4467146.525,ETRS89,,,CALLE,ANOETA,16,28041,"ANOETA, 000014",31013720,1900-01-01T00:00:00Z,1036793,MU24,MU-51,2026-01-10T00:00:00Z
340690,Aparcabicicletas,174,LOS ROSALES,17,VILLAVERDE,OPERATIVO,441513.67,4468116.34,ETRS89,,,CALLE,UNANIMIDAD,13,28041,"UNANIMIDAD, 000013",31018923,1900-01-01T00:00:00Z,1033784,MU24,MU-51,2026-01-10T00:00:00Z
340784,Aparcabicicletas,173,BUTARQUE,17,VILLAVERDE,OPERATIVO,442541.93,4466165.82,ETRS89,,,CALLE,BERROCAL,9,28021,"CALLE DEL BERROCAL 46, 28021 Madrid",20166862,1900-01-01T00:00:00Z,1033878,MU24,MU-51,2026-01-10T00:00:00Z
340787,Aparcabicicletas,173,BUTARQUE,17,VILLAVERDE,OPERATIVO,442542.42,4466164.15,ETRS89,,,CALLE,BERROCAL,46,28021,"BERROCAL, 000046",20178377,1900-01-01T00:00:00Z,1033881,MU24,MU-51,2026-01-10T00:00:00Z
341513,Aparcabicicletas,172,SAN CRISTOBAL,17,VILLAVERDE,OPERATIVO,441390.56,4465885.32,ETRS89,,,CALLE,ROCAFORT,9,28021,"ROCAFORT, 000009",31012878,2021-12-04T00:00:00Z,1034607,MU24,MU-51,2026-01-10T00:00:00Z
351785,Aparcabicicletas,127,PRADOLONGO,12,USERA,OPERATIVO,439638.02,4470463.53,ETRS89,,,CALLE,DOLORES BARRANCO,73,28026,"DOLORES BARRANCO, 000073",31010491,2016-04-11T00:00:00Z,1044879,MU24,MU-51,2026-01-10T00:00:00Z
352061,Aparcabicicletas,123,SAN FERMIN,12,USERA,OPERATIVO,441080.26,4469684.13,ETRS89,,,CALLE,SAN MAXIMO,4,28041,"SAN MÁXIMO, 000004",20075892,2015-12-10T00:00:00Z,1045155,MU24,ACB,2026-01-10T00:00:00Z
3561524,Aparcabicicletas,22,ACACIAS,2,ARGANZUELA,OPERATIVO,439436,4472588.59,ETRS89,,,CALLE,TOLEDO,181,28005,28005,20002162,,9219-LINEA,MU24,MU-51,2026-01-10T00:00:00Z
3561744,Aparcabicicletas,12,EMBAJADORES,1,CENTRO,OPERATIVO,440295.88,4473201.45,ETRS89,,,CALLE,TRIBULETE,27,28012,,11002261,2017-07-10T00:00:00Z,,MU24,MU-51,2026-01-10T00:00:00Z
3561768,Aparcabicicletas,12,EMBAJADORES,1,CENTRO,OPERATIVO,440296.65,4473202.11,ETRS89,,,CALLE,TRIBULETE,27,28012,,11002261,2017-07-10T00:00:00Z,,MU24,MU-51,2026-01-10T00:00:00Z
356207,Aparcabicicletas,126,ZOFIO,12,USERA,OPERATIVO,439436.8,4470605.24,ETRS89,,,CALLE,CERECINOS,8,28026,"CERECINOS, 000008",11085155,2016-01-11T00:00:00Z,1049301,MU24,MU-51,2026-01-10T00:00:00Z
341514,Aparcabicicletas,172,SAN CRISTOBAL,17,VILLAVERDE,OPERATIVO,441391.49,4465885.32,ETRS89,,,CALLE,ROCAFORT,9,28021,"ROCAFORT, 000009",31012878,2021-12-04T00:00:00Z,1034608,MU24,MU-51,2026-01-10T00:00:00Z
351418,Aparcabicicletas,125,MOSCARDO,12,USERA,OPERATIVO,440073.89,4471192.45,ETRS89,,,CALLE,ANDRES ARTEAGA,3,28026,"ANDRÉS ARTEAGA, 000003",20026196,2016-05-23T00:00:00Z,1044512,MU24,MU-51,2026-01-10T00:00:00Z
351786,Aparcabicicletas,127,PRADOLONGO,12,USERA,OPERATIVO,439640.83,4470463.84,ETRS89,,,CALLE,DOLORES BARRANCO,73,28026,"DOLORES BARRANCO, 000073",31010491,2016-04-11T00:00:00Z,1044880,MU24,MU-51,2026-01-10T00:00:00Z
352062,Aparcabicicletas,123,SAN FERMIN,12,USERA,OPERATIVO,441081.18,4469682.46,ETRS89,,,CALLE,SAN MAXIMO,4,28041,"CALLE DE SAN MAXIMO 4, 28041 Madrid",20075892,2015-12-10T00:00:00Z,1045156,MU24,ACB,2026-01-10T00:00:00Z
3561743,Aparcabicicletas,12,EMBAJADORES,1,CENTRO,OPERATIVO,440298.78,4473202.65,ETRS89,,,CALLE,TRIBULETE,27,28012,,11002261,2017-07-10T00:00:00Z,,MU24,MU-51,2026-01-10T00:00:00Z
3561745,Aparcabicicletas,12,EMBAJADORES,1,CENTRO,OPERATIVO,440297.58,4473202.32,ETRS89,,,CALLE,TRIBULETE,27,28012,,11002261,2017-07-10T00:00:00Z,,MU24,MU-51,2026-01-10T00:00:00Z
356206,Aparcabicicletas,126,ZOFIO,12,USERA,OPERATIVO,439438.15,4470604.34,ETRS89,,,CALLE,CERECINOS,8,28026,"CERECINOS, 000008",11085155,2016-01-11T00:00:00Z,1049300,MU24,MU-51,2026-01-10T00:00:00Z
356503,Aparcabicicletas,121,ORCASITAS,12,USERA,OPERATIVO,440226.15,4468728.13,ETRS89,,,CALLE,CAMPOTEJAR,24,28041,"CAMPOTEJAR, 000024",20155613,2016-02-25T00:00:00Z,1049597,MU24,MU-51,2026-01-10T00:00:00Z
356505,Aparcabicicletas,121,ORCASITAS,12,USERA,OPERATIVO,440226.42,4468729.9,ETRS89,,,CALLE,CAMPOTEJAR,24,28041,"CAMPOTEJAR, 000024",20155613,2016-02-25T00:00:00Z,1049599,MU24,MU-51,2026-01-10T00:00:00Z
356507,Aparcabicicletas,121,ORCASITAS,12,USERA,OPERATIVO,440226.77,4468731.45,ETRS89,,,CALLE,CAMPOTEJAR,24,28041,"CAMPOTEJAR, 000024",20155613,2016-02-25T00:00:00Z,1049601,MU24,MU-51,2026-01-10T00:00:00Z
356509,Aparcabicicletas,121,ORCASITAS,12,USERA,OPERATIVO,440227.12,4468733.0,ETRS89,,,CALLE,CAMPOTEJAR,24,28041,"CAMPOTEJAR, 000024",20155613,2016-02-25T00:00:00Z,1049603,MU24,MU-51,2026-01-10T00:00:00Z
356511,Aparcabicicletas,121,ORCASITAS,12,USERA,OPERATIVO,440227.39,4468734.67,ETRS89,,,CALLE,CAMPOTEJAR,24,28041,"CAMPOTEJAR, 000024",20155613,2016-02-25T00:00:00Z,1049605,MU24,MU-51,2026-01-10T00:00:00Z
3565630,Aparcabicicletas,12,EMBAJADORES,1,CENTRO,OPERATIVO,440368.08,4473242.28,ETRS89,,,CALLE,TRIBULETE,17,28012,,11002256,2017-07-10T00:00:00Z,,MU24,MU-51,2026-01-10T00:00:00Z
3565632,Aparcabicicletas,12,EMBAJADORES,1,CENTRO,OPERATIVO,440366.29,4473241.3,ETRS89,,,CALLE,TRIBULETE,17,28012,,11002256,2017-07-10T00:00:00Z,,MU24,MU-51,2026-01-10T00:00:00Z
3566124,Aparcabicicletas,127,PRADOLONGO,12,USERA,OPERATIVO,439690.62,4470322.01,ETRS89,,,CALLE,ELISA OCHOA,2,28026,"ELISA OCHOA, 000002",20111866,2016-04-11T00:00:00Z,,MU24,MU-51,2026-01-10T00:00:00Z
3566128,Aparcabicicletas,123,SAN FERMIN,12,USERA,OPERATIVO,441311.59,4468650.52,ETRS89,,,CALLE,SILVINA,9,28041,"SILVINA, 000009",20141685,2017-07-04T00:00:00Z,,MU24,,2026-01-10T00:00:00Z
3566130,Aparcabicicletas,123,SAN FERMIN,12,USERA,OPERATIVO,441311.09,4468651.97,ETRS89,,,CALLE,SILVINA,9,28041,"SILVINA, 000009",20141685,2017-07-04T00:00:00Z,,MU24,,2026-01-10T00:00:00Z
343784,Aparcabicicletas,171,VILLAVERDE ALTO - CASCO HISTORICO DE VILLAVERDE,17,VILLAVERDE,OPERATIVO,440416.43,4465258.48,ETRS89,,,CALLE,RESINA,27,28021,"RESINA, 000027",20118815,2021-12-04T00:00:00Z,1036878,MU24,MU-51,2026-01-10T00:00:00Z
356208,Aparcabicicletas,126,ZOFIO,12,USERA,OPERATIVO,439437.47,4470604.79,ETRS89,,,CALLE,CERECINOS,8,28026,"CERECINOS, 000008",11085155,2016-01-11T00:00:00Z,1049302,MU24,MU-51,2026-01-10T00:00:00Z
356504,Aparcabicicletas,121,ORCASITAS,12,USERA,OPERATIVO,440226.41,4468729.01,ETRS89,,,CALLE,CAMPOTEJAR,24,28041,"CAMPOTEJAR, 000024",20155613,2016-02-25T00:00:00Z,1049598,MU24,MU-51,2026-01-10T00:00:00Z
356506,Aparcabicicletas,121,ORCASITAS,12,USERA,OPERATIVO,440226.68,4468730.79,ETRS89,,,CALLE,CAMPOTEJAR,24,28041,"CAMPOTEJAR, 000024",20155613,2016-02-25T00:00:00Z,1049600,MU24,MU-51,2026-01-10T00:00:00Z
356508,Aparcabicicletas,121,ORCASITAS,12,USERA,OPERATIVO,440226.95,4468732.23,ETRS89,,,CALLE,CAMPOTEJAR,24,28041,"CAMPOTEJAR, 000024",20155613,2016-02-25T00:00:00Z,1049602,MU24,MU-51,2026-01-10T00:00:00Z
356510,Aparcabicicletas,121,ORCASITAS,12,USERA,OPERATIVO,440227.3,4468733.89,ETRS89,,,CALLE,CAMPOTEJAR,24,28041,"CAMPOTEJAR, 000024",20155613,2016-02-25T00:00:00Z,1049604,MU24,MU-51,2026-01-10T00:00:00Z
343700,Aparcabicicletas,175,ANGELES,17,VILLAVERDE,OPERATIVO,440859.249,4467146.284,ETRS89,,,CALLE,ANOETA,16,28041,,31013720,,1036794,MU24,MU-51,2026-01-10T00:00:00Z
343786,Aparcabicicletas,171,VILLAVERDE ALTO - CASCO HISTORICO DE VILLAVERDE,17,VILLAVERDE,OPERATIVO,440417.45,4465258.47,ETRS89,,,CALLE,RESINA,27,28021,"RESINA, 000027",20118815,2021-12-04T00:00:00Z,1036880,MU24,MU-51,2026-01-10T00:00:00Z
354164,Aparcabicicletas,121,ORCASITAS,12,USERA,OPERATIVO,439324.49,4468945.49,ETRS89,,,CALLE,VILLABONA,4,28041,"VILLABONA, 000004",11080136,2016-02-11T00:00:00Z,1047258,MU24,MU-51,2026-01-10T00:00:00Z
354166,Aparcabicicletas,121,ORCASITAS,12,USERA,OPERATIVO,439328.47,4468944.46,ETRS89,,,CALLE,VILLABONA,4,28041,"VILLABONA, 000004",11080136,2016-02-11T00:00:00Z,1047260,MU24,MU-51,2026-01-10T00:00:00Z
354282,Aparcabicicletas,121,ORCASITAS,12,USERA,OPERATIVO,438960.49,4468902.49,ETRS89,,,CALLE,GAINZA,22,28041,"GAÍNZA, 000022",31012140,2016-02-12T00:00:00Z,1047376,MU24,MU-51,2026-01-10T00:00:00Z
354284,Aparcabicicletas,121,ORCASITAS,12,USERA,OPERATIVO,438960.68,4468904.37,ETRS89,,,CALLE,GAINZA,22,28041,"GAÍNZA, 000022",31012140,2016-02-12T00:00:00Z,1047378,MU24,MU-51,2026-01-10T00:00:00Z
354163,Aparcabicicletas,121,ORCASITAS,12,USERA,OPERATIVO,439323.47,4468945.5,ETRS89,,,CALLE,VILLABONA,4,28041,"VILLABONA, 000004",11080136,2016-02-11T00:00:00Z,1047257,MU24,MU-51,2026-01-10T00:00:00Z
354165,Aparcabicicletas,121,ORCASITAS,12,USERA,OPERATIVO,439327.54,4468944.47,ETRS89,,,CALLE,VILLABONA,4,28041,"VILLABONA, 000004",11080136,2016-02-11T00:00:00Z,1047259,MU24,MU-51,2026-01-10T00:00:00Z
354167,Aparcabicicletas,121,ORCASITAS,12,USERA,OPERATIVO,439328.48,4468945.46,ETRS89,,,CALLE,VILLABONA,4,28041,"VILLABONA, 000004",11080136,2016-02-11T00:00:00Z,1047261,MU24,MU-51,2026-01-10T00:00:00Z
354283,Aparcabicicletas,121,ORCASITAS,12,USERA,OPERATIVO,438960.5,4468903.48,ETRS89,,,CALLE,GAINZA,22,28041,"GAÍNZA, 000022",31012140,2016-02-12T00:00:00Z,1047377,MU24,MU-51,2026-01-10T00:00:00Z
354285,Aparcabicicletas,121,ORCASITAS,12,USERA,OPERATIVO,438960.48,4468901.49,ETRS89,,,CALLE,GAINZA,22,28041,"GAÍNZA, 000022",31012140,2016-02-12T00:00:00Z,1047379,MU24,MU-51,2026-01-10T00:00:00Z
354313,Aparcabicicletas,123,SAN FERMIN,12,USERA,OPERATIVO,441202.49,4469561.4,ETRS89,,,CALLE,ESTAFETA,2,28041,"ESTAFETA, 000002",20025246,2016-02-26T00:00:00Z,1047407,MU24,MU-51,2026-01-10T00:00:00Z
354315,Aparcabicicletas,123,SAN FERMIN,12,USERA,OPERATIVO,441202.47,4469559.62,ETRS89,,,CALLE,ESTAFETA,2,28041,"ESTAFETA, 000002",20025246,2016-02-26T00:00:00Z,1047409,MU24,MU-51,2026-01-10T00:00:00Z
354317,Aparcabicicletas,123,SAN FERMIN,12,USERA,OPERATIVO,441202.48,4469560.51,ETRS89,,,CALLE,ESTAFETA,2,28041,"ESTAFETA, 000002",20025246,2016-02-26T00:00:00Z,1047411,MU24,MU-51,2026-01-10T00:00:00Z
354333,Aparcabicicletas,123,SAN FERMIN,12,USERA,OPERATIVO,441272.46,4469205.52,ETRS89,,,CALLE,TACONERA,47,28041,"TACONERA, 000047",31002393,2016-03-01T00:00:00Z,1047427,MU24,MU-51,2026-01-10T00:00:00Z
354286,Aparcabicicletas,121,ORCASITAS,12,USERA,OPERATIVO,438960.48,4468900.49,ETRS89,,,CALLE,GAINZA,22,28041,"GAÍNZA, 000022",31012140,2016-02-12T00:00:00Z,1047380,MU24,MU-51,2026-01-10T00:00:00Z
354314,Aparcabicicletas,123,SAN FERMIN,12,USERA,OPERATIVO,441202.71,4469557.51,ETRS89,,,CALLE,ESTAFETA,2,28041,"ESTAFETA, 000002",20025246,2016-02-26T00:00:00Z,1047408,MU24,MU-51,2026-01-10T00:00:00Z
354316,Aparcabicicletas,123,SAN FERMIN,12,USERA,OPERATIVO,441202.55,4469558.62,ETRS89,,,CALLE,ESTAFETA,2,28041,"ESTAFETA, 000002",20025246,2016-02-26T00:00:00Z,1047410,MU24,MU-51,2026-01-10T00:00:00Z
355940,Aparcabicicletas,123,SAN FERMIN,12,USERA,OPERATIVO,441738.289,4468917.608,ETRS89,,,CALLE,TORROX,21,28041,"CMNO PERALES, 000144",20095574,2016-03-01T00:00:00Z,1049034,MU24,MU-51,2026-01-10T00:00:00Z
3569406,Aparcabicicletas,11,PALACIO,1,CENTRO,OPERATIVO,439664.539,4474044.27,ETRS89,,,CALLE,DUQUE DE NAJERA,3,28005,28005,31038731,2018-07-30T00:00:00Z,,MU24,MU-51,2026-01-10T00:00:00Z
3565631,Aparcabicicletas,12,EMBAJADORES,1,CENTRO,OPERATIVO,440367.14,4473241.84,ETRS89,,,CALLE,TRIBULETE,17,28012,,11002256,2017-07-10T00:00:00Z,,MU24,MU-51,2026-01-10T00:00:00Z
3565633,Aparcabicicletas,12,EMBAJADORES,1,CENTRO,OPERATIVO,440365.52,4473240.75,ETRS89,,,CALLE,TRIBULETE,17,28012,,11002256,2017-07-10T00:00:00Z,,MU24,MU-51,2026-01-10T00:00:00Z
3566125,Aparcabicicletas,127,PRADOLONGO,12,USERA,OPERATIVO,439688.89,4470328.36,ETRS89,,,CALLE,ELISA OCHOA,2,28026,"ELISA OCHOA, 000002",20111866,2016-04-11T00:00:00Z,,MU24,MU-51,2026-01-10T00:00:00Z
3566127,Aparcabicicletas,123,SAN FERMIN,12,USERA,OPERATIVO,441312.01,4468649.07,ETRS89,,,CALLE,SILVINA,9,28041,"SILVINA, 000009",20141685,2017-07-04T00:00:00Z,,MU24,,2026-01-10T00:00:00Z
3566129,Aparcabicicletas,123,SAN FERMIN,12,USERA,OPERATIVO,441311.26,4468651.19,ETRS89,,,CALLE,SILVINA,9,28041,"SILVINA, 000009",20141685,2017-07-04T00:00:00Z,,MU24,,2026-01-10T00:00:00Z
3566131,Aparcabicicletas,123,SAN FERMIN,12,USERA,OPERATIVO,441311.84,4468649.74,ETRS89,,,CALLE,SILVINA,2,28041,"CALLE DE LA SILVINA 7, 28041 Madrid",31013536,2017-07-04T00:00:00Z,,MU24,,2026-01-10T00:00:00Z
356658,Aparcabicicletas,121,ORCASITAS,12,USERA,OPERATIVO,439516.52,4469395.96,ETRS89,,,CALLE,TOLOSA,24,28041,"TOLOSA, 000024",11080529,2016-02-16T00:00:00Z,1049752,MU24,MU-51,2026-01-10T00:00:00Z
356660,Aparcabicicletas,121,ORCASITAS,12,USERA,OPERATIVO,439515.94,4469397.52,ETRS89,,,CALLE,TOLOSA,24,28041,"TOLOSA, 000024",11080529,2016-02-16T00:00:00Z,1049754,MU24,MU-51,2026-01-10T00:00:00Z
3577059,Aparcabicicletas,141,PAVONES,14,MORATALAZ,OPERATIVO,445984.418,4472300.808,ETRS89,,,CALLE,FUENTE CARRANTONA,12,28030,"FUENTE CARRANTONA, 000012",20098146,2016-09-23T00:00:00Z,,MU24,MU-51,2026-01-10T00:00:00Z
3577061,Aparcabicicletas,141,PAVONES,14,MORATALAZ,OPERATIVO,445985.28,4472302.578,ETRS89,,,CALLE,FUENTE CARRANTONA,12,28030,"FUENTE CARRANTONA, 000012",20098146,2016-09-23T00:00:00Z,,MU24,MU-51,2026-01-10T00:00:00Z
3577081,Aparcabicicletas,141,PAVONES,14,MORATALAZ,OPERATIVO,446715.83,4472247.73,ETRS89,,,CALLE,BRUJAS,34,28030,"BRUJAS, 000034",31045387,2017-10-17T00:00:00Z,,MU24,ACB,2026-01-10T00:00:00Z
3577083,Aparcabicicletas,141,PAVONES,14,MORATALAZ,OPERATIVO,446719.41,4472249.93,ETRS89,,,CALLE,BRUJAS,34,28030,"BRUJAS, 000034",31045387,2017-10-17T00:00:00Z,,MU24,ACB,2026-01-10T00:00:00Z
3577415,Aparcabicicletas,144,MEDIA LEGUA,14,MORATALAZ,OPERATIVO,444273.04,4473959.09,ETRS89,,,CALLE,ALCALDE GARRIDO JUARISTI,3,28030,"Calle Alcalde Garrido Juaristi, 3, 28030 Madrid, Spain",20128827,2017-10-18T00:00:00Z,,MU24,MU-51,2026-01-10T00:00:00Z
3577417,Aparcabicicletas,144,MEDIA LEGUA,14,MORATALAZ,OPERATIVO,443975.79,4473318.81,ETRS89,,,CALLE,CORREGIDOR RODRIGO RODRIGUEZ,5,28030,"CORREGIDOR RODRIGO RODRÍGUEZ, 000005",31003481,2017-10-19T00:00:00Z,,MU24,MU-51,2026-01-10T00:00:00Z
3568895,Aparcabicicletas,175,ANGELES,17,VILLAVERDE,OPERATIVO,440550.54,4467993.8,ETRS89,,,CALLE,LA CANCION DEL OLVIDO,46,28041,"LA CANCIÓN DEL OLVIDO, 000046",11129066,2021-12-04T00:00:00Z,,MU24,,2026-01-10T00:00:00Z
3569407,Aparcabicicletas,11,PALACIO,1,CENTRO,OPERATIVO,439664.713,4474044.823,ETRS89,,,CALLE,DUQUE DE NAJERA,3,28005,28005,31038731,2018-07-30T00:00:00Z,,MU24,MU-51,2026-01-10T00:00:00Z
3569409,Aparcabicicletas,11,PALACIO,1,CENTRO,OPERATIVO,439664.808,4474046.043,ETRS89,,,CALLE,DUQUE DE NAJERA,3,28005,28005,31038731,2018-07-30T00:00:00Z,,MU24,MU-51,2026-01-10T00:00:00Z
3569442,Aparcabicicletas,75,RIOS ROSAS,7,CHAMBERI,OPERATIVO,441036.49,4477296.62,ETRS89,,,CALLE,AGUSTIN DE BETANCOURT,15,28003,28003,20014624,2012-06-30T00:00:00Z,,MU24,MU-51,2026-01-10T00:00:00Z
357188,Aparcabicicletas,126,ZOFIO,12,USERA,OPERATIVO,439048.48,4470213.53,ETRS89,,,CALLE,RICARDO BELTRAN Y ROZPIDE,14,28026,"RICARDO BELTRÁN Y RÓZPIDE, 000014",20001172,2016-04-08T00:00:00Z,1050282,MU24,MU-51,2026-01-10T00:00:00Z
357600,Aparcabicicletas,125,MOSCARDO,12,USERA,OPERATIVO,440271.14,4471373.15,ETRS89,,,CALLE,HERMENEGILDO BIELSA,2A,28026,"HERMENEGILDO BIELSA, 000002  A",31044454,2016-05-20T00:00:00Z,1050703,MU24,MU-51,2026-01-10T00:00:00Z
357602,Aparcabicicletas,125,MOSCARDO,12,USERA,OPERATIVO,440270.72,4471373.49,ETRS89,,,CALLE,HERMENEGILDO BIELSA,2A,28026,"HERMENEGILDO BIELSA, 000002  A",31044454,2016-05-20T00:00:00Z,1050705,MU24,MU-51,2026-01-10T00:00:00Z
3577419,Aparcabicicletas,144,MEDIA LEGUA,14,MORATALAZ,OPERATIVO,443977.31,4473318.46,ETRS89,,,CALLE,CORREGIDOR RODRIGO RODRIGUEZ,5,28030,"CORREGIDOR RODRIGO RODRÍGUEZ, 000005",31003481,2017-10-19T00:00:00Z,,MU24,MU-51,2026-01-10T00:00:00Z
3569408,Aparcabicicletas,11,PALACIO,1,CENTRO,OPERATIVO,439664.802,4474045.377,ETRS89,,,CALLE,DUQUE DE NAJERA,3,28005,28005,31038731,2018-07-30T00:00:00Z,,MU24,MU-51,2026-01-10T00:00:00Z
3569410,Aparcabicicletas,11,PALACIO,1,CENTRO,OPERATIVO,439664.814,4474046.82,ETRS89,,,CALLE,DUQUE DE NAJERA,3,28005,28005,31038731,2018-07-30T00:00:00Z,,MU24,MU-51,2026-01-10T00:00:00Z
3569441,Aparcabicicletas,75,RIOS ROSAS,7,CHAMBERI,OPERATIVO,441036.38,4477292.62,ETRS89,,,CALLE,AGUSTIN DE BETANCOURT,15,28003,28003,20014624,2012-06-30T00:00:00Z,,MU24,MU-51,2026-01-10T00:00:00Z
357189,Aparcabicicletas,126,ZOFIO,12,USERA,OPERATIVO,439048.49,4470214.53,ETRS89,,,CALLE,RICARDO BELTRAN Y ROZPIDE,14,28026,"RICARDO BELTRÁN Y RÓZPIDE, 000014",20001172,2016-04-08T00:00:00Z,1050283,MU24,MU-51,2026-01-10T00:00:00Z
357601,Aparcabicicletas,125,MOSCARDO,12,USERA,OPERATIVO,440271.48,4471372.82,ETRS89,,,CALLE,HERMENEGILDO BIELSA,2A,28026,"HERMENEGILDO BIELSA, 000002  A",31044454,2016-05-20T00:00:00Z,1050704,MU24,MU-51,2026-01-10T00:00:00Z
357603,Aparcabicicletas,125,MOSCARDO,12,USERA,OPERATIVO,440270.38,4471373.82,ETRS89,,,CALLE,HERMENEGILDO BIELSA,2A,28026,"HERMENEGILDO BIELSA, 000002  A",31044454,2016-05-20T00:00:00Z,1050706,MU24,MU-51,2026-01-10T00:00:00Z
3594005,Aparcabicicletas,127,PRADOLONGO,12,USERA,OPERATIVO,439688.56,4470330.02,ETRS89,,,CALLE,ELISA OCHOA,2,28026,"ELISA OCHOA, 000002",20111866,2021-12-04T00:00:00Z,,MU24,MU-51,2026-01-10T00:00:00Z
3594016,Aparcabicicletas,127,PRADOLONGO,12,USERA,OPERATIVO,439691.12,4470320.46,ETRS89,,,CALLE,ELISA OCHOA,2,28026,"ELISA OCHOA, 000002",20111866,1900-01-01T00:00:00Z,,MU24,MU-51,2026-01-10T00:00:00Z
3594116,Aparcabicicletas,175,ANGELES,17,VILLAVERDE,OPERATIVO,440935.24,4466679.58,ETRS89,,,CALLE,PIMIENTA,18,28021,"PIMIENTA, 000018",20153573,2017-04-26T00:00:00Z,,MU24,,2026-01-10T00:00:00Z
3594118,Aparcabicicletas,175,ANGELES,17,VILLAVERDE,OPERATIVO,440904.66,4467477.5,ETRS89,,,CALLE,LA ALEGRIA DE LA HUERTA,6,28041,"LA ALEGRÍA DE LA HUERTA, 000006",11128504,2017-02-07T00:00:00Z,,MU24,,2026-01-10T00:00:00Z
3594121,Aparcabicicletas,174,LOS ROSALES,17,VILLAVERDE,OPERATIVO,441271.8,4466926.81,ETRS89,,,CALLE,MARIA MARTINEZ OVIOL,12,28021,"CALLE DE MARIA MARTINEZ OVIOL 12, 28021 Madrid",20182859,1900-01-01T00:00:00Z,,MU24,MU-51,2026-01-10T00:00:00Z
3594123,Aparcabicicletas,175,ANGELES,17,VILLAVERDE,OPERATIVO,440906.02,4467477.6,ETRS89,,,CALLE,LA ALEGRIA DE LA HUERTA,6,28041,"LA ALEGRÍA DE LA HUERTA, 000006",11128504,2017-02-07T00:00:00Z,,MU24,,2026-01-10T00:00:00Z
356657,Aparcabicicletas,121,ORCASITAS,12,USERA,OPERATIVO,439516.86,4469395.4,ETRS89,,,CALLE,TOLOSA,24,28041,"TOLOSA, 000024",11080529,2016-02-16T00:00:00Z,1049751,MU24,MU-51,2026-01-10T00:00:00Z
356659,Aparcabicicletas,121,ORCASITAS,12,USERA,OPERATIVO,439516.19,4469396.63,ETRS89,,,CALLE,TOLOSA,24,28041,"TOLOSA, 000024",11080529,2016-02-16T00:00:00Z,1049753,MU24,MU-51,2026-01-10T00:00:00Z
3577058,Aparcabicicletas,141,PAVONES,14,MORATALAZ,OPERATIVO,445984.158,4472300.033,ETRS89,,,CALLE,FUENTE CARRANTONA,12,28030,"FUENTE CARRANTONA, 000012",20098146,2016-09-23T00:00:00Z,,MU24,MU-51,2026-01-10T00:00:00Z
3577060,Aparcabicicletas,141,PAVONES,14,MORATALAZ,OPERATIVO,445984.677,4472301.361,ETRS89,,,CALLE,FUENTE CARRANTONA,12,28030,"FUENTE CARRANTONA, 000012",20098146,2016-09-23T00:00:00Z,,MU24,MU-51,2026-01-10T00:00:00Z
3577062,Aparcabicicletas,141,PAVONES,14,MORATALAZ,OPERATIVO,445985.02,4472301.914,ETRS89,,,CALLE,FUENTE CARRANTONA,12,28030,"FUENTE CARRANTONA, 000012",20098146,2016-09-23T00:00:00Z,,MU24,MU-51,2026-01-10T00:00:00Z
3577082,Aparcabicicletas,141,PAVONES,14,MORATALAZ,OPERATIVO,446715.68,4472249.62,ETRS89,,,CALLE,BRUJAS,34,28030,"BRUJAS, 000034",31045387,2017-10-17T00:00:00Z,,MU24,ACB,2026-01-10T00:00:00Z
3577409,Aparcabicicletas,144,MEDIA LEGUA,14,MORATALAZ,OPERATIVO,443960.7,4473548.48,ETRS89,,,CALLE,CAMINO DE LOS VINATEROS,1,28030,"CAMINO DE LOS VINATEROS, 000001",20105644,2017-10-13T00:00:00Z,,MU24,MU-51,2026-01-10T00:00:00Z
3577416,Aparcabicicletas,144,MEDIA LEGUA,14,MORATALAZ,OPERATIVO,443975.02,4473319.03,ETRS89,,,CALLE,CORREGIDOR RODRIGO RODRIGUEZ,5,28030,"CORREGIDOR RODRIGO RODRÍGUEZ, 000005",31003481,2017-10-19T00:00:00Z,,MU24,MU-51,2026-01-10T00:00:00Z
3577418,Aparcabicicletas,144,MEDIA LEGUA,14,MORATALAZ,OPERATIVO,443976.55,4473318.69,ETRS89,,,CALLE,CORREGIDOR RODRIGO RODRIGUEZ,5,28030,"CORREGIDOR RODRIGO RODRÍGUEZ, 000005",31003481,2017-10-19T00:00:00Z,,MU24,MU-51,2026-01-10T00:00:00Z
3577420,Aparcabicicletas,144,MEDIA LEGUA,14,MORATALAZ,OPERATIVO,443978.07,4473318.35,ETRS89,,,CALLE,CORREGIDOR RODRIGO RODRIGUEZ,5,28030,"CORREGIDOR RODRIGO RODRÍGUEZ, 000005",31003481,2017-10-19T00:00:00Z,,MU24,MU-51,2026-01-10T00:00:00Z
3594007,Aparcabicicletas,127,PRADOLONGO,12,USERA,OPERATIVO,439691.53,4470318.9,ETRS89,,,CALLE,ELISA OCHOA,2,28026,"ELISA OCHOA, 000002",20111866,1900-01-01T00:00:00Z,,MU24,MU-51,2026-01-10T00:00:00Z
3594077,Aparcabicicletas,122,ORCASUR,12,USERA,OPERATIVO,440729.94,4468882.87,ETRS89,,,CALLE,MOREJA,28,28041,"MOREJA, 000028",11081146,2021-12-04T00:00:00Z,,MU24,,2026-01-10T00:00:00Z
3594117,Aparcabicicletas,175,ANGELES,17,VILLAVERDE,OPERATIVO,440910.43,4467477.68,ETRS89,,,CALLE,LA ALEGRIA DE LA HUERTA,6,28041,"LA ALEGRÍA DE LA HUERTA, 000006",11128504,2017-02-07T00:00:00Z,,MU24,,2026-01-10T00:00:00Z
3594119,Aparcabicicletas,175,ANGELES,17,VILLAVERDE,OPERATIVO,440907.46,4467477.59,ETRS89,,,CALLE,LA ALEGRIA DE LA HUERTA,6,28041,"LA ALEGRÍA DE LA HUERTA, 000006",11128504,2017-02-07T00:00:00Z,,MU24,,2026-01-10T00:00:00Z
3594122,Aparcabicicletas,175,ANGELES,17,VILLAVERDE,OPERATIVO,440908.9,4467477.69,ETRS89,,,CALLE,LA ALEGRIA DE LA HUERTA,6,28041,"LA ALEGRÍA DE LA HUERTA, 000006",11128504,2017-02-07T00:00:00Z,,MU24,,2026-01-10T00:00:00Z
3577576,Aparcabicicletas,145,FONTARRON,14,MORATALAZ,OPERATIVO,445617.35,4472414.58,ETRS89,,,CALLE,ENCOMIENDA DE PALACIOS,85,28030,"ENCOMIENDA DE PALACIOS, 000085",11102750,2017-09-28T00:00:00Z,,MU24,MU-51,2026-01-10T00:00:00Z
3577864,Aparcabicicletas,193,VALDERRIVAS,19,VICALVARO,OPERATIVO,448451.7,4472017.48,ETRS89,,,CALLE,MARMOLINA,5,28032,"CALLE DE LA MARMOLINA 5, 28032 Madrid",31022043,2017-10-25T00:00:00Z,,MU24,,2026-01-10T00:00:00Z
3577892,Aparcabicicletas,191,CASCO HISTORICO DE VICALVARO,19,VICALVARO,OPERATIVO,449062.39,4472988.7,ETRS89,,,CALLE,VILLABLANCA,79,28032,"VILLABLANCA, 000079",20076408,2017-10-25T00:00:00Z,,MU24,MU-51,2026-01-10T00:00:00Z
3577895,Aparcabicicletas,191,CASCO HISTORICO DE VICALVARO,19,VICALVARO,OPERATIVO,449202.48,4473100.42,ETRS89,,,CALLE,SEPIOLITA,6,28032,"SEPIOLITA, 000006",31028697,2017-10-25T00:00:00Z,,MU24,MU-51,2026-01-10T00:00:00Z
3577897,Aparcabicicletas,191,CASCO HISTORICO DE VICALVARO,19,VICALVARO,OPERATIVO,449122.47,4472952.11,ETRS89,,,CALLE,VILLABLANCA,81,28032,"VILLABLANCA, 000081",20108070,2017-10-25T00:00:00Z,,MU24,MU-51,2026-01-10T00:00:00Z
3577899,Aparcabicicletas,191,CASCO HISTORICO DE VICALVARO,19,VICALVARO,OPERATIVO,449201.71,4473099.1,ETRS89,,,CALLE,SEPIOLITA,6,28032,"SEPIOLITA, 000006",31028697,2017-10-25T00:00:00Z,,MU24,MU-51,2026-01-10T00:00:00Z
3577901,Aparcabicicletas,191,CASCO HISTORICO DE VICALVARO,19,VICALVARO,OPERATIVO,449123.99,4472950.43,ETRS89,,,CALLE,VILLABLANCA,81,28032,"VILLABLANCA, 000081",20108070,2017-10-25T00:00:00Z,,MU24,MU-51,2026-01-10T00:00:00Z
3578010,Aparcabicicletas,132,SAN DIEGO,13,PUENTE DE VALLECAS,OPERATIVO,443621.78,4470892,ETRS89,,,CALLE,MARTINEZ DE LA RIVA,96,28018,"MARTÍNEZ DE LA RIVA, 000096",31047247,2017-10-24T00:00:00Z,,MU24,MU-51,2026-01-10T00:00:00Z
3578012,Aparcabicicletas,132,SAN DIEGO,13,PUENTE DE VALLECAS,OPERATIVO,443621.94,4470890.55,ETRS89,,,CALLE,MARTINEZ DE LA RIVA,96,28018,"MARTÍNEZ DE LA RIVA, 000096",31047247,2017-10-24T00:00:00Z,,MU24,MU-51,2026-01-10T00:00:00Z
3578014,Aparcabicicletas,132,SAN DIEGO,13,PUENTE DE VALLECAS,OPERATIVO,443622.1,4470889.22,ETRS89,,,CALLE,MARTINEZ DE LA RIVA,98,28018,"MARTÍNEZ DE LA RIVA, 000098",11093991,2017-10-24T00:00:00Z,,MU24,MU-51,2026-01-10T00:00:00Z
3577891,Aparcabicicletas,191,CASCO HISTORICO DE VICALVARO,19,VICALVARO,OPERATIVO,449062.73,4472989.37,ETRS89,,,CALLE,VILLABLANCA,79,28032,"VILLABLANCA, 000079",20076408,2017-10-25T00:00:00Z,,MU24,MU-51,2026-01-10T00:00:00Z
3577893,Aparcabicicletas,191,CASCO HISTORICO DE VICALVARO,19,VICALVARO,OPERATIVO,449062.13,4472988.15,ETRS89,,,CALLE,VILLABLANCA,79,28032,"VILLABLANCA, 000079",20076408,2017-10-25T00:00:00Z,,MU24,MU-51,2026-01-10T00:00:00Z
3577896,Aparcabicicletas,191,CASCO HISTORICO DE VICALVARO,19,VICALVARO,OPERATIVO,449202.05,4473099.76,ETRS89,,,CALLE,SEPIOLITA,6,28032,"SEPIOLITA, 000006",31028697,2017-10-25T00:00:00Z,,MU24,MU-51,2026-01-10T00:00:00Z
3577898,Aparcabicicletas,191,CASCO HISTORICO DE VICALVARO,19,VICALVARO,OPERATIVO,449201.02,4473097.66,ETRS89,,,CALLE,SEPIOLITA,6,28032,"SEPIOLITA, 000006",31028697,2017-10-25T00:00:00Z,,MU24,MU-51,2026-01-10T00:00:00Z
3577900,Aparcabicicletas,191,CASCO HISTORICO DE VICALVARO,19,VICALVARO,OPERATIVO,449124.49,4472949.76,ETRS89,,,CALLE,VILLABLANCA,81,28032,"VILLABLANCA, 000081",20108070,2017-10-25T00:00:00Z,,MU24,MU-51,2026-01-10T00:00:00Z
3577902,Aparcabicicletas,191,CASCO HISTORICO DE VICALVARO,19,VICALVARO,OPERATIVO,449123.4,4472950.99,ETRS89,,,CALLE,VILLABLANCA,81,28032,"VILLABLANCA, 000081",20108070,2017-10-25T00:00:00Z,,MU24,MU-51,2026-01-10T00:00:00Z
3578011,Aparcabicicletas,132,SAN DIEGO,13,PUENTE DE VALLECAS,OPERATIVO,443621.95,4470891.22,ETRS89,,,CALLE,MARTINEZ DE LA RIVA,96,28018,"MARTÍNEZ DE LA RIVA, 000096",31047247,2017-10-24T00:00:00Z,,MU24,MU-51,2026-01-10T00:00:00Z
3578013,Aparcabicicletas,132,SAN DIEGO,13,PUENTE DE VALLECAS,OPERATIVO,443622.1,4470889.77,ETRS89,,,CALLE,MARTINEZ DE LA RIVA,96,28018,"MARTÍNEZ DE LA RIVA, 000096",31047247,2017-10-24T00:00:00Z,,MU24,MU-51,2026-01-10T00:00:00Z
3578015,Aparcabicicletas,132,SAN DIEGO,13,PUENTE DE VALLECAS,OPERATIVO,443627.71,4470856.54,ETRS89,,,CALLE,MARTINEZ DE LA RIVA,98,28018,"MARTÍNEZ DE LA RIVA, 000098",11093991,2017-10-24T00:00:00Z,,MU24,MU-51,2026-01-10T00:00:00Z
3578016,Aparcabicicletas,132,SAN DIEGO,13,PUENTE DE VALLECAS,OPERATIVO,443627.79,4470855.87,ETRS89,,,CALLE,MARTINEZ DE LA RIVA,98,28018,"MARTÍNEZ DE LA RIVA, 000098",11093991,2017-10-24T00:00:00Z,,MU24,MU-51,2026-01-10T00:00:00Z
3578018,Aparcabicicletas,132,SAN DIEGO,13,PUENTE DE VALLECAS,OPERATIVO,443627.95,4470854.43,ETRS89,,,CALLE,MARTINEZ DE LA RIVA,98,28018,"MARTÍNEZ DE LA RIVA, 000098",11093991,2017-10-24T00:00:00Z,,MU24,MU-51,2026-01-10T00:00:00Z
3578020,Aparcabicicletas,132,SAN DIEGO,13,PUENTE DE VALLECAS,OPERATIVO,443422.58,4471130.82,ETRS89,,,CALLE,SIERRA DE ALQUIFE,12,28053,"SIERRA DE ALQUIFE, 000012",11093218,2017-10-26T00:00:00Z,,MU24,MU-51,2026-01-10T00:00:00Z
3578022,Aparcabicicletas,132,SAN DIEGO,13,PUENTE DE VALLECAS,OPERATIVO,443422.08,4471131.27,ETRS89,,,CALLE,SIERRA DE ALQUIFE,10,28053,"SIERRA DE ALQUIFE, 000010",20028354,2017-10-26T00:00:00Z,,MU24,MU-51,2026-01-10T00:00:00Z
3578076,Aparcabicicletas,133,PALOMERAS BAJAS,13,PUENTE DE VALLECAS,OPERATIVO,444457.03,4469826.23,ETRS89,,,CALLE,VIRIDIANA,13 F,28018,"VIRIDIANA, 000013  F",20081150,2017-10-19T00:00:00Z,,MU24,MU-51,2026-01-10T00:00:00Z
3578083,Aparcabicicletas,133,PALOMERAS BAJAS,13,PUENTE DE VALLECAS,OPERATIVO,443669.19,4470908.62,ETRS89,,,CALLE,MONTES PIRINEOS,25,28018,"MONTES PIRINEOS, 000025",31023876,2017-10-24T00:00:00Z,,MU24,MU-51,2026-01-10T00:00:00Z
3578261,Aparcabicicletas,134,PALOMERAS SURESTE,13,PUENTE DE VALLECAS,OPERATIVO,445412.33,4470607.13,ETRS89,,,CALLE,EXTREMEÑOS,5,28018,"EXTREMEÑOS, 000005",20139499,2017-10-18T00:00:00Z,,MU24,MU-51,2026-01-10T00:00:00Z
3578359,Aparcabicicletas,136,NUMANCIA,13,PUENTE DE VALLECAS,OPERATIVO,444374.49,4472616.84,ETRS89,,,CALLE,MARISMAS,14 C,28038,"MARISMAS, 000014  C",31022493,2017-04-06T00:00:00Z,,MU24,MU-51,2026-01-10T00:00:00Z
3578361,Aparcabicicletas,136,NUMANCIA,13,PUENTE DE VALLECAS,OPERATIVO,444445.33,4472579.79,ETRS89,,,CALLE,MARISMAS,14 B,28038,"MARISMAS, 000014  B",11099283,2017-04-06T00:00:00Z,,MU24,MU-51,2026-01-10T00:00:00Z
3578017,Aparcabicicletas,132,SAN DIEGO,13,PUENTE DE VALLECAS,OPERATIVO,443627.87,4470855.21,ETRS89,,,CALLE,MARTINEZ DE LA RIVA,98,28018,"MARTÍNEZ DE LA RIVA, 000098",11093991,2017-10-24T00:00:00Z,,MU24,MU-51,2026-01-10T00:00:00Z
3578019,Aparcabicicletas,132,SAN DIEGO,13,PUENTE DE VALLECAS,OPERATIVO,443628.03,4470853.54,ETRS89,,,CALLE,MARTINEZ DE LA RIVA,98,28018,"Calle Sierra de Aracena, 7-11, 28018 Madrid, Spain",11093991,2017-10-24T00:00:00Z,,MU24,MU-51,2026-01-10T00:00:00Z
3578021,Aparcabicicletas,132,SAN DIEGO,13,PUENTE DE VALLECAS,OPERATIVO,443421.4,4471131.72,ETRS89,,,CALLE,SIERRA DE ALQUIFE,10,28053,"SIERRA DE ALQUIFE, 000010",20028354,2017-10-26T00:00:00Z,,MU24,MU-51,2026-01-10T00:00:00Z
3578023,Aparcabicicletas,132,SAN DIEGO,13,PUENTE DE VALLECAS,OPERATIVO,443423.17,4471130.49,ETRS89,,,CALLE,SIERRA DE ALQUIFE,12,28053,"SIERRA DE ALQUIFE, 000012",11093218,2017-10-26T00:00:00Z,,MU24,MU-51,2026-01-10T00:00:00Z
3578074,Aparcabicicletas,133,PALOMERAS BAJAS,13,PUENTE DE VALLECAS,OPERATIVO,443976.97,4471397.3,ETRS89,,,CALLE,PAYASO FOFO,7,28018,"PAYASO FOFÓ, 000007",20081835,2017-10-19T00:00:00Z,,MU24,MU-51,2026-01-10T00:00:00Z
3578077,Aparcabicicletas,133,PALOMERAS BAJAS,13,PUENTE DE VALLECAS,OPERATIVO,444466.9,4470012.75,ETRS89,,,CALLE,TRISTANA,10,28018,"TRISTANA, 000010",20081213,2017-10-19T00:00:00Z,,MU24,MU-51,2026-01-10T00:00:00Z
3578263,Aparcabicicletas,134,PALOMERAS SURESTE,13,PUENTE DE VALLECAS,OPERATIVO,445100.78,4470186.92,ETRS89,,,CALLE,LEONESES,23,28018,"LEONESES, 000023",31046491,2017-10-19T00:00:00Z,,MU24,ACB,2026-01-10T00:00:00Z
3578360,Aparcabicicletas,136,NUMANCIA,13,PUENTE DE VALLECAS,OPERATIVO,444375.92,4472615.94,ETRS89,,,CALLE,MARISMAS,14 C,28038,"MARISMAS, 000014  C",31022493,2017-04-06T00:00:00Z,,MU24,MU-51,2026-01-10T00:00:00Z
3578362,Aparcabicicletas,136,NUMANCIA,13,PUENTE DE VALLECAS,OPERATIVO,444444.65,4472580.24,ETRS89,,,CALLE,MARISMAS,14 B,28038,"MARISMAS, 000014  B",11099283,2017-04-06T00:00:00Z,,MU24,MU-51,2026-01-10T00:00:00Z
3578402,Aparcabicicletas,136,NUMANCIA,13,PUENTE DE VALLECAS,OPERATIVO,444404.48,4472026.73,ETRS89,,,CALLE,BENJAMIN PALENCIA,2,28038,"BENJAMÍN PALENCIA, 000002",20002299,2017-10-17T00:00:00Z,,MU24,MU-51,2026-01-10T00:00:00Z
3578413,Aparcabicicletas,136,NUMANCIA,13,PUENTE DE VALLECAS,OPERATIVO,444932.62,4472246.63,ETRS89,,,CALLE,EL BOSCO,22,28038,"EL BOSCO, 000022",31024346,2017-10-18T00:00:00Z,,MU24,MU-51,2026-01-10T00:00:00Z
3578415,Aparcabicicletas,136,NUMANCIA,13,PUENTE DE VALLECAS,OPERATIVO,444373.81,4472617.18,ETRS89,,,CALLE,MARISMAS,14 C,28038,"MARISMAS, 000014  C",31022493,2017-10-19T00:00:00Z,,MU24,MU-51,2026-01-10T00:00:00Z
3578417,Aparcabicicletas,136,NUMANCIA,13,PUENTE DE VALLECAS,OPERATIVO,444443.89,4472580.58,ETRS89,,,CALLE,MARISMAS,14 B,28038,"MARISMAS, 000014  B",11099283,2017-10-19T00:00:00Z,,MU24,MU-51,2026-01-10T00:00:00Z
357883,Aparcabicicletas,126,ZOFIO,12,USERA,OPERATIVO,439246.5,4469737.48,ETRS89,,,CALLE,AVENA,11,28026,"AVENA, 000011",31018932,2016-03-15T00:00:00Z,1050986,MU24,MU-51,2026-01-10T00:00:00Z
357885,Aparcabicicletas,126,ZOFIO,12,USERA,OPERATIVO,439246.58,4469735.93,ETRS89,,,CALLE,AVENA,11,28026,"AVENA, 000011",31018932,2016-03-15T00:00:00Z,1050988,MU24,MU-51,2026-01-10T00:00:00Z
3578952,Aparcabicicletas,181,CASCO HISTORICO DE VALLECAS,18,VILLA DE VALLECAS,OPERATIVO,447223.01,4469111.72,ETRS89,,,CALLE,FUENTIDUEÑA,41,28031,"FUENTIDUEÑA, 000041",20072202,2017-10-17T00:00:00Z,,MU24,MU-51,2026-01-10T00:00:00Z
3579013,Aparcabicicletas,183,ENSANCHE DE VALLECAS,18,VILLA DE VALLECAS,OPERATIVO,447986.07,4468923.91,ETRS89,,,CALLE,PUENTEDEY,5 D,28051,"PUENTEDEY, 000005  D",31026422,2017-10-19T00:00:00Z,,MU24,MU-51,2026-01-10T00:00:00Z
3579017,Aparcabicicletas,183,ENSANCHE DE VALLECAS,18,VILLA DE VALLECAS,OPERATIVO,447983.95,4468923.7,ETRS89,,,CALLE,PUENTEDEY,5 D,28051,"PUENTEDEY, 000005  D",31026422,2017-10-19T00:00:00Z,,MU24,MU-51,2026-01-10T00:00:00Z
3578404,Aparcabicicletas,136,NUMANCIA,13,PUENTE DE VALLECAS,OPERATIVO,444404.9,4472025.95,ETRS89,,,CALLE,BENJAMIN PALENCIA,2,28038,"BENJAMÍN PALENCIA, 000002",20002299,2017-10-17T00:00:00Z,,MU24,MU-51,2026-01-10T00:00:00Z
3578414,Aparcabicicletas,136,NUMANCIA,13,PUENTE DE VALLECAS,OPERATIVO,444442.54,4472581.37,ETRS89,,,CALLE,MARISMAS,14 B,28038,"MARISMAS, 000014  B",11099283,2017-10-19T00:00:00Z,,MU24,MU-51,2026-01-10T00:00:00Z
3578416,Aparcabicicletas,136,NUMANCIA,13,PUENTE DE VALLECAS,OPERATIVO,444443.13,4472581.03,ETRS89,,,CALLE,MARISMAS,14 B,28038,"MARISMAS, 000014  B",11099283,2017-10-19T00:00:00Z,,MU24,MU-51,2026-01-10T00:00:00Z
357882,Aparcabicicletas,126,ZOFIO,12,USERA,OPERATIVO,439246.5,4469736.71,ETRS89,,,CALLE,AVENA,11,28026,"AVENA, 000011",31018932,2016-03-15T00:00:00Z,1050985,MU24,MU-51,2026-01-10T00:00:00Z
357884,Aparcabicicletas,126,ZOFIO,12,USERA,OPERATIVO,439246.51,4469738.93,ETRS89,,,CALLE,AVENA,11,28026,"AVENA, 000011",31018932,2016-03-15T00:00:00Z,1050987,MU24,MU-51,2026-01-10T00:00:00Z
357886,Aparcabicicletas,126,ZOFIO,12,USERA,OPERATIVO,439246.51,4469738.15,ETRS89,,,CALLE,AVENA,11,28026,"AVENA, 000011",31018932,2016-03-15T00:00:00Z,1050989,MU24,MU-51,2026-01-10T00:00:00Z
3579007,Aparcabicicletas,181,CASCO HISTORICO DE VALLECAS,18,VILLA DE VALLECAS,OPERATIVO,447588.5,4469280.77,ETRS89,,,CALLE,MUELA DE SAN JUAN,42,28031,"Calle Muela de San Juan, 42, 28031 Madrid, Spain",11131217,2017-10-18T00:00:00Z,,MU24,,2026-01-10T00:00:00Z
3579015,Aparcabicicletas,183,ENSANCHE DE VALLECAS,18,VILLA DE VALLECAS,OPERATIVO,447984.63,4468923.81,ETRS89,,,CALLE,PUENTEDEY,5 D,28051,"PUENTEDEY, 000005  D",31026422,2017-10-19T00:00:00Z,,MU24,MU-51,2026-01-10T00:00:00Z
3579018,Aparcabicicletas,181,CASCO HISTORICO DE VALLECAS,18,VILLA DE VALLECAS,OPERATIVO,447001.63,4470320.01,ETRS89,,,CALLE,JESUS DEL PINO,32,28031,"JESÚS DEL PINO, 000032",20150872,2023-06-21T00:00:00Z,,MU24,,2026-01-10T00:00:00Z
3579019,Aparcabicicletas,181,CASCO HISTORICO DE VALLECAS,18,VILLA DE VALLECAS,OPERATIVO,446999.51,4470320.69,ETRS89,,,CALLE,JESUS DEL PINO,32,28031,"CALLE DE JESUS DEL PINO 32, 28031 Madrid",20150872,2023-06-21T00:00:00Z,,MU24,MU-51,2026-01-10T00:00:00Z
3579643,Aparcabicicletas,181,CASCO HISTORICO DE VALLECAS,18,VILLA DE VALLECAS,OPERATIVO,447314.17,4469845.93,ETRS89,,,CALLE,PICO MAMPODRE,10,28031,"Calle Pico Mampodre, 21, 28031 Madrid, Spain",20151619,2017-11-16T00:00:00Z,,MU24,ACB,2026-01-10T00:00:00Z
3579648,Aparcabicicletas,181,CASCO HISTORICO DE VALLECAS,18,VILLA DE VALLECAS,OPERATIVO,447314.75,4469844.04,ETRS89,,,CALLE,PICO MAMPODRE,10,28031,"Calle Pico Mampodre, 10, 28031 Madrid, Spain",20151619,2017-11-16T00:00:00Z,,MU24,,2026-01-10T00:00:00Z
3580257,Aparcabicicletas,143,MARROQUINA,14,MORATALAZ,OPERATIVO,445810.33,4473025.37,ETRS89,,,CALLE,MARIO CABRE,2,28030,"MARIO CABRE, 000002",20158447,2017-10-17T00:00:00Z,,MU24,MU-51,2026-01-10T00:00:00Z
3580259,Aparcabicicletas,143,MARROQUINA,14,MORATALAZ,OPERATIVO,446111.6,4473099.57,ETRS89,,,CALLE,OBERON,6,28030,"OBERÓN, 000006",20091560,2017-10-23T00:00:00Z,,MU24,MU-51,2026-01-10T00:00:00Z
3580261,Aparcabicicletas,143,MARROQUINA,14,MORATALAZ,OPERATIVO,446111.52,4473100.24,ETRS89,,,CALLE,OBERON,6,28030,"OBERÓN, 000006",20091560,2017-10-23T00:00:00Z,,MU24,MU-51,2026-01-10T00:00:00Z
358107,Aparcabicicletas,121,ORCASITAS,12,USERA,OPERATIVO,439643.23,4468660.52,ETRS89,,,CALLE,DODGE,2B,28041,"DODGE, 000002  B",31001086,2016-02-04T00:00:00Z,1051210,MU24,MU-51,2026-01-10T00:00:00Z
358109,Aparcabicicletas,121,ORCASITAS,12,USERA,OPERATIVO,439642.72,4468661.42,ETRS89,,,CALLE,DODGE,2B,28041,"DODGE, 000002  B",31001086,2016-02-04T00:00:00Z,1051212,MU24,MU-51,2026-01-10T00:00:00Z
3581161,Aparcabicicletas,182,SANTA EUGENIA,18,VILLA DE VALLECAS,OPERATIVO,447653.12,4470098.09,ETRS89,,,CALLE,REAL DE ARGANDA,39,28031,"Calle Real de Arganda, 39, 28031 Madrid, Spain",20076127,2017-09-21T00:00:00Z,,MU24,AP-2,2026-01-10T00:00:00Z
3581163,Aparcabicicletas,182,SANTA EUGENIA,18,VILLA DE VALLECAS,OPERATIVO,447651.77,4470099.99,ETRS89,,,CALLE,MONTE DE MONTJUICH,20,28031,"REAL DE ARGANDA, 000039",11131563,2017-09-21T00:00:00Z,,MU24,AP-2,2026-01-10T00:00:00Z
3581216,Aparcabicicletas,182,SANTA EUGENIA,18,VILLA DE VALLECAS,OPERATIVO,447770.74,4470397.42,ETRS89,,,CALLE,ENRIQUE GARCIA ALVAREZ,11,28031,"ENRIQUE GARCÍA ÁLVAREZ, 000011",20142421,2017-10-19T00:00:00Z,,MU24,MU-51,2026-01-10T00:00:00Z
358288,Aparcabicicletas,127,PRADOLONGO,12,USERA,OPERATIVO,439639.89,4470463.73,ETRS89,,,CALLE,DOLORES BARRANCO,73,28026,"DOLORES BARRANCO, 000073",31010491,2016-04-11T00:00:00Z,1051391,MU24,MU-51,2026-01-10T00:00:00Z
3579647,Aparcabicicletas,181,CASCO HISTORICO DE VALLECAS,18,VILLA DE VALLECAS,OPERATIVO,447313.33,4469848.04,ETRS89,,,CALLE,PICO MAMPODRE,10,28031,"PICO MAMPODRE, 000010",20151619,2017-11-16T00:00:00Z,,MU24,ACB,2026-01-10T00:00:00Z
3579745,Aparcabicicletas,183,ENSANCHE DE VALLECAS,18,VILLA DE VALLECAS,OPERATIVO,447986.92,4468923.9,ETRS89,,,CALLE,PUENTEDEY,5 D,28051,"PUENTEDEY, 000005  D",31026422,2017-10-19T00:00:00Z,,MU24,MU-51,2026-01-10T00:00:00Z
3580258,Aparcabicicletas,143,MARROQUINA,14,MORATALAZ,OPERATIVO,446111.76,4473098.13,ETRS89,,,CALLE,OBERON,6,28030,"OBERÓN, 000006",20091560,2017-10-23T00:00:00Z,,MU24,MU-51,2026-01-10T00:00:00Z
3580260,Aparcabicicletas,143,MARROQUINA,14,MORATALAZ,OPERATIVO,446111.68,4473098.79,ETRS89,,,CALLE,OBERON,6,28030,"OBERÓN, 000006",20091560,2017-10-23T00:00:00Z,,MU24,MU-51,2026-01-10T00:00:00Z
3580262,Aparcabicicletas,143,MARROQUINA,14,MORATALAZ,OPERATIVO,446111.36,4473101.13,ETRS89,,,CALLE,OBERON,6,28030,"OBERÓN, 000006",20091560,2017-10-23T00:00:00Z,,MU24,MU-51,2026-01-10T00:00:00Z
358108,Aparcabicicletas,121,ORCASITAS,12,USERA,OPERATIVO,439643.73,4468659.63,ETRS89,,,CALLE,DODGE,2B,28041,"DODGE, 000002  B",31001086,2016-02-04T00:00:00Z,1051211,MU24,MU-51,2026-01-10T00:00:00Z
358110,Aparcabicicletas,121,ORCASITAS,12,USERA,OPERATIVO,439644.23,4468658.52,ETRS89,,,CALLE,DODGE,2B,28041,"DODGE, 000002  B",31001086,2016-02-04T00:00:00Z,1051213,MU24,MU-51,2026-01-10T00:00:00Z
3581162,Aparcabicicletas,182,SANTA EUGENIA,18,VILLA DE VALLECAS,OPERATIVO,447652.28,4470099.09,ETRS89,,,CALLE,REAL DE ARGANDA,39,28031,"Calle Real de Arganda, 39, 28031 Madrid, Spain",20076127,2017-09-21T00:00:00Z,,MU24,AP-2,2026-01-10T00:00:00Z
3581164,Aparcabicicletas,182,SANTA EUGENIA,18,VILLA DE VALLECAS,OPERATIVO,447651.19,4470100.88,ETRS89,,,CALLE,MONTE DE MONTJUICH,20,28031,"Calle Real de Arganda, 39, 28031 Madrid, Spain",11131563,2017-09-21T00:00:00Z,,MU24,AP-2,2026-01-10T00:00:00Z
358287,Aparcabicicletas,127,PRADOLONGO,12,USERA,OPERATIVO,439638.96,4470463.63,ETRS89,,,CALLE,DOLORES BARRANCO,73,28026,"DOLORES BARRANCO, 000073",31010491,2016-04-11T00:00:00Z,1051390,MU24,MU-51,2026-01-10T00:00:00Z
358289,Aparcabicicletas,127,PRADOLONGO,12,USERA,OPERATIVO,439641.68,4470464.05,ETRS89,,,CALLE,DOLORES BARRANCO,73,28026,"DOLORES BARRANCO, 000073",31010491,2016-04-11T00:00:00Z,1051392,MU24,MU-51,2026-01-10T00:00:00Z
358371,Aparcabicicletas,122,ORCASUR,12,USERA,OPERATIVO,440728.33,4468883.44,ETRS89,,,CALLE,MOREJA,28,28041,"MOREJA, 000028",11081146,2016-02-25T00:00:00Z,1051474,MU24,MU-51,2026-01-10T00:00:00Z
358373,Aparcabicicletas,122,ORCASUR,12,USERA,OPERATIVO,440727.48,4468883.67,ETRS89,,,CALLE,MOREJA,28,28041,"MOREJA, 000028",11081146,2016-02-25T00:00:00Z,1051476,MU24,MU-51,2026-01-10T00:00:00Z
362929,Aparcabicicletas,72,ARAPILES,7,CHAMBERI,OPERATIVO,440171.18,4476012.8,ETRS89,,,CALLE,MAGALLANES,3,28015,,11039624,,1128779,MU24,MU-51,2026-01-10T00:00:00Z
363052,Aparcabicicletas,12,EMBAJADORES,1,CENTRO,OPERATIVO,441071.54,4473361.49,ETRS89,,,CALLE,SANTA ISABEL,53,28012,,20004936,,1079951,MU24,MU-51,2026-01-10T00:00:00Z
3594124,Aparcabicicletas,174,LOS ROSALES,17,VILLAVERDE,OPERATIVO,441271.12,4466926.82,ETRS89,,,CALLE,MARIA MARTINEZ OVIOL,12,28021,"MARÍA MARTÍNEZ OVIOL, 000012",20182859,1900-01-01T00:00:00Z,,MU24,MU-51,2026-01-10T00:00:00Z
3594126,Aparcabicicletas,174,LOS ROSALES,17,VILLAVERDE,OPERATIVO,441268.91,4466926.94,ETRS89,,,CALLE,MARIA MARTINEZ OVIOL,12,28021,"MARÍA MARTÍNEZ OVIOL, 000012",20182859,1900-01-01T00:00:00Z,,MU24,MU-51,2026-01-10T00:00:00Z
3594132,Aparcabicicletas,174,LOS ROSALES,17,VILLAVERDE,OPERATIVO,441270.44,4466926.82,ETRS89,,,CALLE,MARIA MARTINEZ OVIOL,12,28021,"MARÍA MARTÍNEZ OVIOL, 000012",20182859,1900-01-01T00:00:00Z,,MU24,MU-51,2026-01-10T00:00:00Z
3602562,Aparcabicicletas,113,SAN ISIDRO,11,CARABANCHEL,OPERATIVO,438305.82,4471499.73,ETRS89,,,CALLE,GENERAL RICARDOS,126,28019,"GENERAL RICARDOS, 000126",31028689,2017-05-10T00:00:00Z,,MU24,,2026-01-10T00:00:00Z
358370,Aparcabicicletas,122,ORCASUR,12,USERA,OPERATIVO,440726.55,4468883.9,ETRS89,,,CALLE,MOREJA,28,28041,"MOREJA, 000028",11081146,2016-02-25T00:00:00Z,1051473,MU24,MU-51,2026-01-10T00:00:00Z
358372,Aparcabicicletas,122,ORCASUR,12,USERA,OPERATIVO,440729.18,4468883.1,ETRS89,,,CALLE,MOREJA,28,28041,"MOREJA, 000028",11081146,2016-02-25T00:00:00Z,1051475,MU24,MU-51,2026-01-10T00:00:00Z
362655,Aparcabicicletas,12,EMBAJADORES,1,CENTRO,OPERATIVO,440629.59,4473090.46,ETRS89,,,CALLE,VALENCIA,30,28012,,11002358,,1085410,MU24,MU-51,2026-01-10T00:00:00Z
362967,Aparcabicicletas,11,PALACIO,1,CENTRO,OPERATIVO,439439.73,4473722.61,ETRS89,,,CALLE,DON PEDRO,16,28005,,11000916,,1131238,MU24,MU-51,2026-01-10T00:00:00Z
363103,Aparcabicicletas,12,EMBAJADORES,1,CENTRO,OPERATIVO,441068.59,4473364.4,ETRS89,,,CALLE,SANTA ISABEL,53,28012,,20004936,,1079953,MU24,MU-51,2026-01-10T00:00:00Z
363275,Aparcabicicletas,73,TRAFALGAR,7,CHAMBERI,OPERATIVO,440356.55,4475792.42,ETRS89,,,CALLE,FUENCARRAL,123,28010,,11039923,,1088281,MU24,MU-51,2026-01-10T00:00:00Z
364396,Aparcabicicletas,11,PALACIO,1,CENTRO,OPERATIVO,439728.89,4473879.91,ETRS89,,,CALLE,SEGOVIA,11,28005,,31041185,,1113421,MU24,MU-51,2026-01-10T00:00:00Z
364639,Aparcabicicletas,63,CASTILLEJOS,6,TETUAN,OPERATIVO,440816.6,4478715.47,ETRS89,,,CALLE,INFANTA MERCEDES,47,28020,,11030336,,1089741,MU24,MU-51,2026-01-10T00:00:00Z
3594125,Aparcabicicletas,174,LOS ROSALES,17,VILLAVERDE,OPERATIVO,441269.67,4466926.83,ETRS89,,,CALLE,MARIA MARTINEZ OVIOL,12,28021,"MARÍA MARTÍNEZ OVIOL, 000012",20182859,1900-01-01T00:00:00Z,,MU24,MU-51,2026-01-10T00:00:00Z
3594130,Aparcabicicletas,174,LOS ROSALES,17,VILLAVERDE,OPERATIVO,441268.15,4466926.84,ETRS89,,,CALLE,MARIA MARTINEZ OVIOL,12,28021,"MARÍA MARTÍNEZ OVIOL, 000012",20182859,1900-01-01T00:00:00Z,,MU24,MU-51,2026-01-10T00:00:00Z
3602563,Aparcabicicletas,113,SAN ISIDRO,11,CARABANCHEL,OPERATIVO,438305.4,4471500.28,ETRS89,,,CALLE,GENERAL RICARDOS,126,28019,"GENERAL RICARDOS, 000126",31028689,2017-05-10T00:00:00Z,,MU24,,2026-01-10T00:00:00Z
3602742,Aparcabicicletas,115,PUERTA BONITA,11,CARABANCHEL,OPERATIVO,437496.16,4470783.88,ETRS89,,,CALLE,GENERAL RICARDOS,177,28025,"GENERAL RICARDOS, 000177",20149525,2016-11-11T00:00:00Z,,MU24,,2026-01-10T00:00:00Z
3602763,Aparcabicicletas,115,PUERTA BONITA,11,CARABANCHEL,OPERATIVO,437119.22,4470595.1,ETRS89,,,CALLE,GENERAL RICARDOS,230,28025,"CALLE DEL BLASON 34, 28025 Madrid",11075278,2016-11-10T00:00:00Z,,MU24,,2026-01-10T00:00:00Z
362382,Aparcabicicletas,12,EMBAJADORES,1,CENTRO,OPERATIVO,440294.54,4473939.43,ETRS89,,,CALLE,DOCTOR CORTEZO,2,28012,,20004288,,1085422,MU24,MU-51,2026-01-10T00:00:00Z
365536,Aparcabicicletas,74,ALMAGRO,7,CHAMBERI,OPERATIVO,441086.55,4475595.49,ETRS89,,,CALLE,ALMAGRO,7,28010,,20014094,2022-02-17T00:00:00Z,1104197,MU24,MU-51,2026-01-10T00:00:00Z
367055,Aparcabicicletas,11,PALACIO,1,CENTRO,OPERATIVO,439439.63,4473720.72,ETRS89,,,CALLE,DON PEDRO,16,28005,,11000916,,1131235,MU24,MU-51,2026-01-10T00:00:00Z
367292,Aparcabicicletas,63,CASTILLEJOS,6,TETUAN,OPERATIVO,440736.043,4479015.271,ETRS89,,,CALLE,PENSAMIENTO,2,28020,,11030421,,1128169,MU24,MU-51,2026-01-10T00:00:00Z
367459,Aparcabicicletas,75,RIOS ROSAS,7,CHAMBERI,OPERATIVO,440955.05,4476648.53,ETRS89,,,CALLE,JOSE ABASCAL,41,28003,,11041614,2022-02-17T00:00:00Z,1083406,MU24,MU-51,2026-01-10T00:00:00Z
367795,Aparcabicicletas,72,ARAPILES,7,CHAMBERI,OPERATIVO,439864.67,4475891.26,ETRS89,,,CALLE,VALLEHERMOSO,15,28015,,11039765,,1111036,MU24,MU-51,2026-01-10T00:00:00Z
3602567,Aparcabicicletas,113,SAN ISIDRO,11,CARABANCHEL,OPERATIVO,438306.33,4471499.28,ETRS89,,,CALLE,GENERAL RICARDOS,126,28019,"GENERAL RICARDOS, 000126",31028689,2017-05-10T00:00:00Z,,MU24,,2026-01-10T00:00:00Z
3602760,Aparcabicicletas,115,PUERTA BONITA,11,CARABANCHEL,OPERATIVO,437121.35,4470596.52,ETRS89,,,CALLE,GENERAL RICARDOS,179B,28025,"GENERAL RICARDOS, 000179  B",31009511,2016-11-10T00:00:00Z,,MU24,,2026-01-10T00:00:00Z
362369,Aparcabicicletas,72,ARAPILES,7,CHAMBERI,OPERATIVO,440259.02,4476507.41,ETRS89,,,CALLE,BRAVO MURILLO,32,28015,,11040240,2021-12-28T00:00:00Z,1131240,MU24,MU-51,2026-01-10T00:00:00Z
364200,Aparcabicicletas,15,UNIVERSIDAD,1,CENTRO,OPERATIVO,440531.52,4474826.49,ETRS89,,,CALLE,FUENCARRAL,29,28004,,11005638,,1085365,MU24,MU-51,2026-01-10T00:00:00Z
365640,Aparcabicicletas,63,CASTILLEJOS,6,TETUAN,OPERATIVO,440816.58,4478713.47,ETRS89,,,CALLE,INFANTA MERCEDES,47,28020,,11030336,,1089740,MU24,MU-51,2026-01-10T00:00:00Z
367112,Aparcabicicletas,11,PALACIO,1,CENTRO,OPERATIVO,439623.57,4473244.46,ETRS89,,,CALLE,PALOMA,39,28005,,20105817,,1084213,MU24,MU-51,2026-01-10T00:00:00Z
367714,Aparcabicicletas,12,EMBAJADORES,1,CENTRO,OPERATIVO,441152.55,4473314.45,ETRS89,,,CALLE,SANTA ISABEL,57,28012,,20004938,,1079962,MU24,MU-51,2026-01-10T00:00:00Z
367911,Aparcabicicletas,75,RIOS ROSAS,7,CHAMBERI,OPERATIVO,441019.61,4477026.45,ETRS89,,,CALLE,RIOS ROSAS,57,28003,,20014598,,1088272,MU24,MU-51,2026-01-10T00:00:00Z
368930,Aparcabicicletas,76,VALLEHERMOSO,7,CHAMBERI,OPERATIVO,439867.557,4476716.463,ETRS89,,,CALLE,CEA BERMUDEZ,26,28003,,11042545,,1088350,MU24,MU-51,2026-01-10T00:00:00Z
369316,Aparcabicicletas,72,ARAPILES,7,CHAMBERI,OPERATIVO,439864.17,4475892.48,ETRS89,,,CALLE,VALLEHERMOSO,15,28015,,11039765,,1111035,MU24,MU-51,2026-01-10T00:00:00Z
369136,Aparcabicicletas,73,TRAFALGAR,7,CHAMBERI,OPERATIVO,440905.56,4475707.48,ETRS89,,,CALLE,SANTA ENGRACIA,13,28010,,11040783,,1088184,MU24,MU-51,2026-01-10T00:00:00Z
369266,Aparcabicicletas,11,PALACIO,1,CENTRO,OPERATIVO,439726.706,4474378.788,ETRS89,,,CALLE,VERGARA,3B,28013,,31037358,,1110893,MU24,MU-51,2026-01-10T00:00:00Z
371245,Aparcabicicletas,74,ALMAGRO,7,CHAMBERI,OPERATIVO,440827.16,4476467.27,ETRS89,,,CALLE,GARCIA DE PAREDES,37,28010,28010,11041496,2018-05-04T00:00:00Z,1088220,MU24,MU-51,2026-01-10T00:00:00Z
364821,Aparcabicicletas,71,GAZTAMBIDE,7,CHAMBERI,OPERATIVO,439531.5,4476483.72,ETRS89,,,CALLE,GUZMAN EL BUENO,75,28015,,11039033,,1088208,MU24,MU-51,2026-01-10T00:00:00Z
366664,Aparcabicicletas,62,CUATRO CAMINOS,6,TETUAN,OPERATIVO,440990.13,4477676.85,ETRS89,,,CALLE,RAIMUNDO FERNANDEZ VILLAVERDE,57B,28003,,11029263,,1128610,MU24,MU-51,2026-01-10T00:00:00Z
366995,Aparcabicicletas,76,VALLEHERMOSO,7,CHAMBERI,OPERATIVO,440265.62,4476707.39,ETRS89,,,CALLE,BRAVO MURILLO,49A,28003,,31044176,,1083371,MU24,MU-51,2026-01-10T00:00:00Z
368738,Aparcabicicletas,66,BERRUGUETE,6,TETUAN,OPERATIVO,440470.6,4478977.41,ETRS89,,,CALLE,HIERBABUENA,2,28039,,11037992,,1094376,MU24,MU-51,2026-01-10T00:00:00Z
3717339,Aparcabicicletas,117,ABRANTES,11,CARABANCHEL,OPERATIVO,438098.65,4469885.06,ETRS89,,,CALLE,VIA LUSITANA,19,28025,"VÍA LUSITANA, 000019",31061910,2017-12-04T00:00:00Z,,MU24,MU-51,2026-01-10T00:00:00Z
371857,Aparcabicicletas,12,EMBAJADORES,1,CENTRO,OPERATIVO,441075.6,4473359.46,ETRS89,,,CALLE,SANTA ISABEL,53,28012,,20004936,,1079949,MU24,MU-51,2026-01-10T00:00:00Z
372082,Aparcabicicletas,12,EMBAJADORES,1,CENTRO,OPERATIVO,441152.55,4473314.45,ETRS89,,,CALLE,SANTA ISABEL,57,28012,,20004938,,1079963,MU24,MU-51,2026-01-10T00:00:00Z
372338,Aparcabicicletas,73,TRAFALGAR,7,CHAMBERI,OPERATIVO,440355.56,4475796.42,ETRS89,,,CALLE,FUENCARRAL,123,28010,,11039923,,1088285,MU24,MU-51,2026-01-10T00:00:00Z
364232,Aparcabicicletas,75,RIOS ROSAS,7,CHAMBERI,OPERATIVO,440485.16,4477427.3,ETRS89,,,CALLE,MAUDES,14,28003,,11042318,,1122425,MU24,MU-51,2026-01-10T00:00:00Z
364473,Aparcabicicletas,62,CUATRO CAMINOS,6,TETUAN,OPERATIVO,440633.64,4477607.07,ETRS89,,,CALLE,DULCINEA,1,28020,,31009760,1900-01-01T00:00:00Z,1089786,MU24,MU-51,2026-01-10T00:00:00Z
364813,Aparcabicicletas,11,PALACIO,1,CENTRO,OPERATIVO,439529.04,4474086.43,ETRS89,,,CALLE,MAYOR,86,28013,,11000048,,1110899,MU24,MU-51,2026-01-10T00:00:00Z
365077,Aparcabicicletas,12,EMBAJADORES,1,CENTRO,OPERATIVO,440212.333,4473918.995,ETRS89,,,CALLE,CONDE DE ROMANONES,3,28012,,11001562,,1093668,MU24,MU-51,2026-01-10T00:00:00Z
366817,Aparcabicicletas,76,VALLEHERMOSO,7,CHAMBERI,OPERATIVO,439301.54,4477393.4,ETRS89,,,CALLE,LOMA,2,28003,,11042979,,1111031,MU24,MU-51,2026-01-10T00:00:00Z
368007,Aparcabicicletas,76,VALLEHERMOSO,7,CHAMBERI,OPERATIVO,439180.62,4477144.5,ETRS89,,,CALLE,JULIAN ROMEA,20,28003,,11042850,,1088242,MU24,MU-51,2026-01-10T00:00:00Z
368697,Aparcabicicletas,62,CUATRO CAMINOS,6,TETUAN,OPERATIVO,441030.63,4477876.45,ETRS89,,,CALLE,ORENSE,15B,28020,,31041819,,1089763,MU24,MU-51,2026-01-10T00:00:00Z
370538,Aparcabicicletas,75,RIOS ROSAS,7,CHAMBERI,OPERATIVO,440959.55,4476648.28,ETRS89,,,CALLE,JOSE ABASCAL,41,28003,,11041614,2022-02-17T00:00:00Z,1083407,MU24,MU-51,2026-01-10T00:00:00Z
371734,Aparcabicicletas,12,EMBAJADORES,1,CENTRO,OPERATIVO,441154.58,4473314.44,ETRS89,,,CALLE,SANTA ISABEL,57,28012,,20004938,,1079964,MU24,MU-51,2026-01-10T00:00:00Z
371932,Aparcabicicletas,76,VALLEHERMOSO,7,CHAMBERI,OPERATIVO,440286.85,4477381.48,ETRS89,,,CALLE,BRAVO MURILLO,85,28003,,11042375,,1139488,MU24,MU-51,2026-01-10T00:00:00Z
372278,Aparcabicicletas,12,EMBAJADORES,1,CENTRO,OPERATIVO,440629.58,4473089.46,ETRS89,,,CALLE,VALENCIA,30,28012,,11002358,,1085411,MU24,MU-51,2026-01-10T00:00:00Z
373626,Aparcabicicletas,76,VALLEHERMOSO,7,CHAMBERI,OPERATIVO,439602.624,4476973.467,ETRS89,,,CALLE,MELQUIADES ALVAREZ,8,28003,,11042618,,1088342,MU24,MU-51,2026-01-10T00:00:00Z
372490,Aparcabicicletas,76,VALLEHERMOSO,7,CHAMBERI,OPERATIVO,439012.6,4477174.51,ETRS89,,,CALLE,ISAAC PERAL,60,28040,,11042839,,1088236,MU24,MU-51,2026-01-10T00:00:00Z
3738434,Aparcabicicletas,181,CASCO HISTORICO DE VALLECAS,18,VILLA DE VALLECAS,OPERATIVO,447540.3,4469794.95,ETRS89,,,CALLE,PICO DE LA CIERVA,4,28031,"PICO DE LA CIERVA, 000004",31035703,2017-12-04T00:00:00Z,,MU24,MU-51,2026-01-10T00:00:00Z
373942,Aparcabicicletas,14,JUSTICIA,1,CENTRO,OPERATIVO,441204.71,4474944.62,ETRS89,,,CALLE,MARQUES DE MONASTERIO,7,28004,,20005682,,1130142,MU24,MU-38,2026-01-10T00:00:00Z
374218,Aparcabicicletas,76,VALLEHERMOSO,7,CHAMBERI,OPERATIVO,439695.58,4476920.43,ETRS89,,,CALLE,JESUS MAESTRO,3,28003,,11042635,,1088233,MU24,MU-51,2026-01-10T00:00:00Z
374230,Aparcabicicletas,72,ARAPILES,7,CHAMBERI,OPERATIVO,439864.91,4475890.26,ETRS89,,,CALLE,VALLEHERMOSO,15,28015,,11039765,,1111037,MU24,MU-51,2026-01-10T00:00:00Z
375390,Aparcabicicletas,12,EMBAJADORES,1,CENTRO,OPERATIVO,440294.6,4473936.43,ETRS89,,,CALLE,DOCTOR CORTEZO,2,28012,,20004288,,1085420,MU24,MU-51,2026-01-10T00:00:00Z
376014,Aparcabicicletas,13,CORTES,1,CENTRO,OPERATIVO,440991.595,4474319.438,ETRS89,,,CALLE,MARQUES DE CUBAS,4,28014,,20005286,,1090032,MU24,MU-51,2026-01-10T00:00:00Z
372750,Aparcabicicletas,72,ARAPILES,7,CHAMBERI,OPERATIVO,440030.61,4476074.42,ETRS89,,,CALLE,ARAPILES,10,28015,,11039613,,1080423,MU24,MU-51,2026-01-10T00:00:00Z
372994,Aparcabicicletas,12,EMBAJADORES,1,CENTRO,OPERATIVO,440660.13,4473700.64,ETRS89,,,CALLE,TORRECILLA DEL LEAL,1,28012,,11002629,,1141495,MU24,MU-51,2026-01-10T00:00:00Z
374442,Aparcabicicletas,92,ARGÜELLES,9,MONCLOA-ARAVACA,OPERATIVO,439310.592,4475368.45,ETRS89,,,CALLE,EVARISTO SAN MIGUEL,7,28008,,11052384,2021-12-09T00:00:00Z,1099622,MU24,MU-51,2026-01-10T00:00:00Z
373913,Aparcabicicletas,15,UNIVERSIDAD,1,CENTRO,OPERATIVO,440289.56,4474709.41,ETRS89,,,CALLE,MESONERO ROMANOS,17,28004,,20006452,,1085353,MU24,MU-51,2026-01-10T00:00:00Z
374076,Aparcabicicletas,72,ARAPILES,7,CHAMBERI,OPERATIVO,440172.32,4476007.13,ETRS89,,,CALLE,MAGALLANES,1,28015,,11039623,,1128782,MU24,MU-51,2026-01-10T00:00:00Z
374224,Aparcabicicletas,12,EMBAJADORES,1,CENTRO,OPERATIVO,441078.56,4473358.44,ETRS89,,,CALLE,SANTA ISABEL,53,28012,,20004936,,1079947,MU24,MU-51,2026-01-10T00:00:00Z
375361,Aparcabicicletas,15,UNIVERSIDAD,1,CENTRO,OPERATIVO,440540.62,4474871.49,ETRS89,,,CALLE,FUENCARRAL,35,28004,,11005641,,1085361,MU24,MU-51,2026-01-10T00:00:00Z
374683,Aparcabicicletas,76,VALLEHERMOSO,7,CHAMBERI,OPERATIVO,439303.49,4477393.27,ETRS89,,,CALLE,LOMA,2,28003,,11042979,,1111030,MU24,MU-51,2026-01-10T00:00:00Z
374972,Aparcabicicletas,12,EMBAJADORES,1,CENTRO,OPERATIVO,439897.5,4473362.59,ETRS89,,,CALLE,CARLOS ARNICHES,5,28005,,31008831,,1143784,MU24,MU-51,2026-01-10T00:00:00Z
375154,Aparcabicicletas,92,ARGÜELLES,9,MONCLOA-ARAVACA,OPERATIVO,438868.597,4475936.456,ETRS89,,,CALLE,ROMERO ROBLEDO,15,28008,,20016982,2021-12-09T00:00:00Z,1103714,MU24,MU-51,2026-01-10T00:00:00Z
375051,Aparcabicicletas,13,CORTES,1,CENTRO,OPERATIVO,441107.6,4473803.46,ETRS89,,,CALLE,HUERTAS,75,28014,,31008865,,1089959,MU24,MU-51,2026-01-10T00:00:00Z
376631,Aparcabicicletas,75,RIOS ROSAS,7,CHAMBERI,OPERATIVO,440799.59,4477540.48,ETRS89,,,CALLE,RAIMUNDO FERNANDEZ VILLAVERDE,43,28003,,11029240,,1088252,MU24,MU-51,2026-01-10T00:00:00Z
377044,Aparcabicicletas,14,JUSTICIA,1,CENTRO,OPERATIVO,440597.62,4475352.47,ETRS89,,,CALLE,BARCELO,7,28004,,11005236,,1090040,MU24,MU-51,2026-01-10T00:00:00Z
377186,Aparcabicicletas,65,VALDEACEDERAS,6,TETUAN,OPERATIVO,439596.59,4479978.49,ETRS89,,,CALLE,VILLAAMIL,263,28039,,11054691,,1089873,MU24,MU-51,2026-01-10T00:00:00Z
377742,Aparcabicicletas,74,ALMAGRO,7,CHAMBERI,OPERATIVO,441084.59,4475593.39,ETRS89,,,CALLE,ALMAGRO,7,28010,,20014094,2022-02-17T00:00:00Z,1104199,MU24,MU-51,2026-01-10T00:00:00Z
378125,Aparcabicicletas,64,ALMENARA,6,TETUAN,OPERATIVO,441617.54,4480462.54,ETRS89,,,CALLE,LUIS ESTEBAN,5,28029,,31040998,,1124881,MU24,MU-51,2026-01-10T00:00:00Z
378538,Aparcabicicletas,65,VALDEACEDERAS,6,TETUAN,OPERATIVO,440408.62,4479393.41,ETRS89,,,CALLE,MARQUES DE VIANA,56,28039,,11036029,,1089836,MU24,MU-51,2026-01-10T00:00:00Z
379507,Aparcabicicletas,76,VALLEHERMOSO,7,CHAMBERI,OPERATIVO,439603.557,4476973.459,ETRS89,,,CALLE,MELQUIADES ALVAREZ,8,28003,,11042618,,1088343,MU24,MU-51,2026-01-10T00:00:00Z
380040,Aparcabicicletas,92,ARGÜELLES,9,MONCLOA-ARAVACA,OPERATIVO,438870.607,4475937.516,ETRS89,,,CALLE,ROMERO ROBLEDO,15,28008,,20016982,2021-12-09T00:00:00Z,1103715,MU24,MU-51,2026-01-10T00:00:00Z
379207,Aparcabicicletas,76,VALLEHERMOSO,7,CHAMBERI,OPERATIVO,440206.51,4477144.79,ETRS89,,,CALLE,ESQUILACHE,2,28003,,11042384,2022-02-17T00:00:00Z,1111042,MU24,MU-51,2026-01-10T00:00:00Z
376365,Aparcabicicletas,13,CORTES,1,CENTRO,OPERATIVO,440698.6,4474508.46,ETRS89,,,CALLE,CABALLERO DE GRACIA,15,28013,,20147371,2013-10-30T00:00:00Z,1089950,MU24,MU-51,2026-01-10T00:00:00Z
377185,Aparcabicicletas,15,UNIVERSIDAD,1,CENTRO,OPERATIVO,440020.61,4474846.43,ETRS89,,,CALLE,MARQUES DE LEGANES,5,28004,,11007091,,1085388,MU24,MU-51,2026-01-10T00:00:00Z
377580,Aparcabicicletas,16,SOL,1,CENTRO,OPERATIVO,440004.19,4474204.5,ETRS89,,,CALLE,MAYOR,24,28013,,11007811,,1110903,MU24,MU-51,2026-01-10T00:00:00Z
378053,Aparcabicicletas,71,GAZTAMBIDE,7,CHAMBERI,OPERATIVO,439531.48,4476481.72,ETRS89,,,CALLE,GUZMAN EL BUENO,75,28015,,11039033,,1088210,MU24,MU-51,2026-01-10T00:00:00Z
378158,Aparcabicicletas,11,PALACIO,1,CENTRO,OPERATIVO,439622.56,4473245.47,ETRS89,,,CALLE,PALOMA,39,28005,,20105817,,1084212,MU24,MU-51,2026-01-10T00:00:00Z
378456,Aparcabicicletas,15,UNIVERSIDAD,1,CENTRO,OPERATIVO,440289.62,4474706.42,ETRS89,,,CALLE,MESONERO ROMANOS,18,28004,,20006448,,1085355,MU24,MU-51,2026-01-10T00:00:00Z
379499,Aparcabicicletas,76,VALLEHERMOSO,7,CHAMBERI,OPERATIVO,440204.301,4477144.03,ETRS89,,,CALLE,ESQUILACHE,2,28003,,11042384,2022-02-17T00:00:00Z,1111040,MU24,MU-51,2026-01-10T00:00:00Z
379831,Aparcabicicletas,66,BERRUGUETE,6,TETUAN,OPERATIVO,440140.86,4478777.79,ETRS89,,,CALLE,AMBROSIO VALLEJO,2,28039,,20013036,,1110798,MU24,MU-51,2026-01-10T00:00:00Z
375544,Aparcabicicletas,65,VALDEACEDERAS,6,TETUAN,OPERATIVO,440805.62,4479954.4,ETRS89,,,CALLE,PINOS ALTA,60,28029,,20011860,,1089856,MU24,MU-51,2026-01-10T00:00:00Z
378818,Aparcabicicletas,12,EMBAJADORES,1,CENTRO,OPERATIVO,440213.718,4473922.536,ETRS89,,,CALLE,CONDE DE ROMANONES,3,28012,,11001562,,1093666,MU24,MU-51,2026-01-10T00:00:00Z
379319,Aparcabicicletas,15,UNIVERSIDAD,1,CENTRO,OPERATIVO,440544.68,4474966.7,ETRS89,,,CALLE,FUENCARRAL,46,28004,28004,11004423,,1085357,MU24,MU-51,2026-01-10T00:00:00Z
380507,Aparcabicicletas,11,PALACIO,1,CENTRO,OPERATIVO,439621.62,4473245.48,ETRS89,,,CALLE,PALOMA,39,28005,,20105817,,1084211,MU24,MU-51,2026-01-10T00:00:00Z
380406,Aparcabicicletas,92,ARGÜELLES,9,MONCLOA-ARAVACA,OPERATIVO,439309.592,4475367.45,ETRS89,,,CALLE,EVARISTO SAN MIGUEL,7,28008,,11052384,2021-12-09T00:00:00Z,1099624,MU24,MU-51,2026-01-10T00:00:00Z
380519,Aparcabicicletas,63,CASTILLEJOS,6,TETUAN,OPERATIVO,441036.62,4479186.4,ETRS89,,,CALLE,FRANCISCO GERVAS,26,28020,,11030792,,1089745,MU24,MU-51,2026-01-10T00:00:00Z
380619,Aparcabicicletas,76,VALLEHERMOSO,7,CHAMBERI,OPERATIVO,440116.69,4477430.24,ETRS89,,,CALLE,MARQUES DE LEMA,7,28003,,11042435,,1128623,MU24,MU-51,2026-01-10T00:00:00Z
380868,Aparcabicicletas,75,RIOS ROSAS,7,CHAMBERI,OPERATIVO,440956.75,4476648.41,ETRS89,,,CALLE,JOSE ABASCAL,41,28003,,11041614,2022-02-17T00:00:00Z,1083409,MU24,MU-51,2026-01-10T00:00:00Z
380916,Aparcabicicletas,72,ARAPILES,7,CHAMBERI,OPERATIVO,440184.16,4475959.41,ETRS89,,,CALLE,SAN BERNARDO,107,28015,,11039630,,1125281,MU24,MU-51,2026-01-10T00:00:00Z
381104,Aparcabicicletas,72,ARAPILES,7,CHAMBERI,OPERATIVO,440184.17,4475960.75,ETRS89,,,CALLE,SAN BERNARDO,107,28015,,11039630,,1125280,MU24,MU-51,2026-01-10T00:00:00Z
381197,Aparcabicicletas,66,BERRUGUETE,6,TETUAN,OPERATIVO,440140.59,4478775.46,ETRS89,,,CALLE,AMBROSIO VALLEJO,2,28039,,20013036,,1089772,MU24,MU-51,2026-01-10T00:00:00Z
382345,Aparcabicicletas,12,EMBAJADORES,1,CENTRO,OPERATIVO,441157.61,4473311.42,ETRS89,,,CALLE,SANTA ISABEL,57,28012,,20004938,,1079966,MU24,MU-51,2026-01-10T00:00:00Z
382430,Aparcabicicletas,73,TRAFALGAR,7,CHAMBERI,OPERATIVO,440356.56,4475793.42,ETRS89,,,CALLE,FUENCARRAL,123,28010,,11039923,,1088282,MU24,MU-51,2026-01-10T00:00:00Z
384970,Aparcabicicletas,76,VALLEHERMOSO,7,CHAMBERI,OPERATIVO,439013.61,4477173.5,ETRS89,,,CALLE,ISAAC PERAL,60,28040,,11042839,,1088237,MU24,MU-51,2026-01-10T00:00:00Z
3849873,Aparcabicicletas,175,ANGELES,17,VILLAVERDE,OPERATIVO,440463.635,4467967.407,ETRS89,,,CALLE,LA CANCION DEL OLVIDO,42,28041,"Real Casa de Correos, Madrid, Spain",11129064,2017-12-12T00:00:00Z,,MU24,,2026-01-10T00:00:00Z
380547,Aparcabicicletas,72,ARAPILES,7,CHAMBERI,OPERATIVO,440170.69,4476014.69,ETRS89,,,CALLE,MAGALLANES,3,28015,,11039624,,1128778,MU24,MU-51,2026-01-10T00:00:00Z
380772,Aparcabicicletas,75,RIOS ROSAS,7,CHAMBERI,OPERATIVO,440423.45,4477271.61,ETRS89,,,CALLE,SANTA ENGRACIA,142,28003,,11042066,,1083368,MU24,MU-51,2026-01-10T00:00:00Z
380891,Aparcabicicletas,74,ALMAGRO,7,CHAMBERI,OPERATIVO,441355.34,4476110.67,ETRS89,,,CALLE,MIGUEL ANGEL,1B,28010,,11041249,,1111029,MU24,MU-51,2026-01-10T00:00:00Z
381195,Aparcabicicletas,12,EMBAJADORES,1,CENTRO,OPERATIVO,440893.39,4473464.46,ETRS89,,,CALLE,SANTA ISABEL,46,28012,,11002996,,1141511,MU24,MU-51,2026-01-10T00:00:00Z
382330,Aparcabicicletas,65,VALDEACEDERAS,6,TETUAN,OPERATIVO,440947.23,4479539.0,ETRS89,,,CALLE,TORRIJOS,3,28039,,20012030,2022-12-15T00:00:00Z,1089882,MU24,MU-51,2026-01-10T00:00:00Z
382362,Aparcabicicletas,75,RIOS ROSAS,7,CHAMBERI,OPERATIVO,440591.39,4477058.69,ETRS89,,,CALLE,RIOS ROSAS,21,28003,,11042093,,1088278,MU24,MU-51,2026-01-10T00:00:00Z
382823,Aparcabicicletas,65,VALDEACEDERAS,6,TETUAN,OPERATIVO,440405.59,4479395.43,ETRS89,,,CALLE,MARQUES DE VIANA,56,28039,,11036029,,1089833,MU24,MU-51,2026-01-10T00:00:00Z
383034,Aparcabicicletas,73,TRAFALGAR,7,CHAMBERI,OPERATIVO,440635.19,4475779.77,ETRS89,,,CALLE,FRANCISCO DE ROJAS,14,28010,,31037600,,1128761,MU24,MU-51,2026-01-10T00:00:00Z
3849661,Aparcabicicletas,175,ANGELES,17,VILLAVERDE,OPERATIVO,440550.8,4467994.36,ETRS89,,,CALLE,LA CANCION DEL OLVIDO,46,28041,"LA CANCIÓN DEL OLVIDO, 000046",11129066,2017-12-12T00:00:00Z,,MU24,,2026-01-10T00:00:00Z
3849828,Aparcabicicletas,175,ANGELES,17,VILLAVERDE,OPERATIVO,440541.87,4467852.45,ETRS89,,,CALLE,LA CANCION DEL OLVIDO,1,28041,"Calle la Canción del Olvido, 58, 28041 Madrid, Spain",11129038,2017-12-12T00:00:00Z,,MU24,,2026-01-10T00:00:00Z
386233,Aparcabicicletas,75,RIOS ROSAS,7,CHAMBERI,OPERATIVO,440797.56,4477540.5,ETRS89,,,CALLE,RAIMUNDO FERNANDEZ VILLAVERDE,43,28003,,11029240,,1088254,MU24,MU-51,2026-01-10T00:00:00Z
380147,Aparcabicicletas,14,JUSTICIA,1,CENTRO,OPERATIVO,440875.59,4475080.41,ETRS89,,,CALLE,SAN GREGORIO,10,28004,,31037770,,1093804,MU24,MU-51,2026-01-10T00:00:00Z
386286,Aparcabicicletas,76,VALLEHERMOSO,7,CHAMBERI,OPERATIVO,439299.68,4477393.64,ETRS89,,,CALLE,LOMA,2,28003,,11042979,,1111032,MU24,MU-51,2026-01-10T00:00:00Z
390043,Aparcabicicletas,15,UNIVERSIDAD,1,CENTRO,OPERATIVO,439639.55,4475734.88,ETRS89,,,CALLE,ALBERTO AGUILERA,36,28015,,11039701,,1110836,MU24,MU-51,2026-01-10T00:00:00Z
381297,Aparcabicicletas,76,VALLEHERMOSO,7,CHAMBERI,OPERATIVO,440265.62,4476708.39,ETRS89,,,CALLE,BRAVO MURILLO,49A,28003,,31044176,,1083372,MU24,MU-51,2026-01-10T00:00:00Z
381956,Aparcabicicletas,13,CORTES,1,CENTRO,OPERATIVO,440702.58,4474507.43,ETRS89,,,CALLE,CABALLERO DE GRACIA,15,28013,,20147371,2013-10-30T00:00:00Z,1089952,MU24,MU-51,2026-01-10T00:00:00Z
382081,Aparcabicicletas,15,UNIVERSIDAD,1,CENTRO,OPERATIVO,439645.14,4475733.73,ETRS89,,,CALLE,ALBERTO AGUILERA,23,28015,,11006483,,1085351,MU24,MU-51,2026-01-10T00:00:00Z
383539,Aparcabicicletas,72,ARAPILES,7,CHAMBERI,OPERATIVO,439865.33,4475889.26,ETRS89,,,CALLE,VALLEHERMOSO,15,28015,,11039765,,1111038,MU24,MU-51,2026-01-10T00:00:00Z
383904,Aparcabicicletas,15,UNIVERSIDAD,1,CENTRO,OPERATIVO,440023.57,4474845.41,ETRS89,,,CALLE,MARQUES DE LEGANES,5,28004,,11007091,,1085386,MU24,MU-51,2026-01-10T00:00:00Z
385265,Aparcabicicletas,15,UNIVERSIDAD,1,CENTRO,OPERATIVO,440075.35,4474827.01,ETRS89,,,CALLE,LIBREROS,14,28004,,11007081,,1104252,MU24,MU-51,2026-01-10T00:00:00Z
3855219,Aparcabicicletas,193,VALDERRIVAS,19,VICALVARO,OPERATIVO,449431.97,4472477.36,ETRS89,,,CALLE,SAN CIPRIANO,85,28032,"SAN CIPRIANO, 000085",20160655,2017-12-12T00:00:00Z,,MU24,MU-51,2026-01-10T00:00:00Z
3855222,Aparcabicicletas,193,VALDERRIVAS,19,VICALVARO,OPERATIVO,449427.02,4472473.4,ETRS89,,,CALLE,SAN CIPRIANO,85,28032,"SAN CIPRIANO, 000085",20160655,2017-12-12T00:00:00Z,,MU24,MU-51,2026-01-10T00:00:00Z
385949,Aparcabicicletas,14,JUSTICIA,1,CENTRO,OPERATIVO,440599.58,4475353.45,ETRS89,,,CALLE,BARCELO,7,28004,,11005236,,1090039,MU24,MU-51,2026-01-10T00:00:00Z
381394,Aparcabicicletas,75,RIOS ROSAS,7,CHAMBERI,OPERATIVO,440589.35,4477058.93,ETRS89,,,CALLE,RIOS ROSAS,21,28003,,11042093,,1025550,MU24,MU-51,2026-01-10T00:00:00Z
381787,Aparcabicicletas,72,ARAPILES,7,CHAMBERI,OPERATIVO,440029.59,4476074.43,ETRS89,,,CALLE,ARAPILES,10,28015,,11039613,,1080426,MU24,MU-51,2026-01-10T00:00:00Z
383738,Aparcabicicletas,76,VALLEHERMOSO,7,CHAMBERI,OPERATIVO,440293.58,4477565.48,ETRS89,,,CALLE,BRAVO MURILLO,99,28003,,11042382,,1088246,MU24,MU-51,2026-01-10T00:00:00Z
385356,Aparcabicicletas,92,ARGÜELLES,9,MONCLOA-ARAVACA,OPERATIVO,438874.407,4475939.026,ETRS89,,,CALLE,ROMERO ROBLEDO,15,28008,,20016982,2021-12-09T00:00:00Z,1103713,MU24,MU-51,2026-01-10T00:00:00Z
3855221,Aparcabicicletas,193,VALDERRIVAS,19,VICALVARO,OPERATIVO,449432.65,4472478.02,ETRS89,,,CALLE,SAN CIPRIANO,85,28032,"SAN CIPRIANO, 000085",20160655,2017-12-12T00:00:00Z,,MU24,MU-51,2026-01-10T00:00:00Z
385722,Aparcabicicletas,74,ALMAGRO,7,CHAMBERI,OPERATIVO,441060.58,4476229.43,ETRS89,,,CALLE,FERNANDEZ DE LA HOZ,27,28010,,11041298,,1083402,MU24,MU-51,2026-01-10T00:00:00Z
385903,Aparcabicicletas,74,ALMAGRO,7,CHAMBERI,OPERATIVO,440824.53,4476467.29,ETRS89,,,CALLE,GARCIA DE PAREDES,37,28010,28010,11041496,2018-05-04T00:00:00Z,1088219,MU24,MU-51,2026-01-10T00:00:00Z
387000,Aparcabicicletas,75,RIOS ROSAS,7,CHAMBERI,OPERATIVO,441036.57,4477295.4,ETRS89,,,CALLE,AGUSTIN DE BETANCOURT,15,28003,,20014624,2012-06-30T00:00:00Z,1088310,MU24,MU-51,2026-01-10T00:00:00Z
387418,Aparcabicicletas,74,ALMAGRO,7,CHAMBERI,OPERATIVO,441351.57,4475661.46,ETRS89,,,CALLE,ZURBARAN,21,28010,,11040978,2011-05-30T00:00:00Z,1088215,MU24,MU-51,2026-01-10T00:00:00Z
387623,Aparcabicicletas,15,UNIVERSIDAD,1,CENTRO,OPERATIVO,440481.54,4474654.49,ETRS89,,,CALLE,FUENCARRAL,3,28004,,20006418,,1085370,MU24,MU-51,2026-01-10T00:00:00Z
388162,Aparcabicicletas,92,ARGÜELLES,9,MONCLOA-ARAVACA,OPERATIVO,439311.592,4475369.45,ETRS89,,,CALLE,EVARISTO SAN MIGUEL,7,28008,,11052384,2021-12-09T00:00:00Z,1099621,MU24,MU-51,2026-01-10T00:00:00Z
388344,Aparcabicicletas,72,ARAPILES,7,CHAMBERI,OPERATIVO,440031.63,4476074.41,ETRS89,,,CALLE,ARAPILES,10,28015,,11039613,,1080424,MU24,MU-51,2026-01-10T00:00:00Z
388824,Aparcabicicletas,73,TRAFALGAR,7,CHAMBERI,OPERATIVO,440905.55,4475706.48,ETRS89,,,CALLE,SANTA ENGRACIA,13,28010,,11040783,,1088185,MU24,MU-51,2026-01-10T00:00:00Z
386454,Aparcabicicletas,76,VALLEHERMOSO,7,CHAMBERI,OPERATIVO,440116.48,4477425.91,ETRS89,,,CALLE,MARQUES DE LEMA,7,28003,,11042435,,1128625,MU24,MU-51,2026-01-10T00:00:00Z
389905,Aparcabicicletas,92,ARGÜELLES,9,MONCLOA-ARAVACA,OPERATIVO,439311.752,4475370.59,ETRS89,,,CALLE,EVARISTO SAN MIGUEL,7,28008,,11052384,2021-12-09T00:00:00Z,1111046,MU24,MU-51,2026-01-10T00:00:00Z
390083,Aparcabicicletas,62,CUATRO CAMINOS,6,TETUAN,OPERATIVO,441030.61,4477874.46,ETRS89,,,CALLE,ORENSE,15B,28020,,31041819,,1089761,MU24,MU-51,2026-01-10T00:00:00Z
390649,Aparcabicicletas,11,PALACIO,1,CENTRO,OPERATIVO,439692.6,4474262.39,ETRS89,,,CALLE,SANTA CLARA,1,28013,,31037355,,1085337,MU24,MU-51,2026-01-10T00:00:00Z
3906922,Aparcabicicletas,166,VALDEFUENTES,16,HORTALEZA,OPERATIVO,447291.56,4483144.79,ETRS89,,,CALLE,JOSE ANTONIO CODERCH,59,28055,,31039798,2017-12-01T00:00:00Z,4060038,MU24,,2026-01-10T00:00:00Z
3906924,Aparcabicicletas,166,VALDEFUENTES,16,HORTALEZA,OPERATIVO,447291.56,4483143.98,ETRS89,,,CALLE,JOSE ANTONIO CODERCH,59,28055,,31039798,2017-12-01T00:00:00Z,4060040,MU24,,2026-01-10T00:00:00Z
3907006,Aparcabicicletas,166,VALDEFUENTES,16,HORTALEZA,OPERATIVO,447307.03,4482658.79,ETRS89,,,CALLE,MARIA DE LAS MERCEDES DE BORBON,228,28055,,31045033,2017-12-01T00:00:00Z,4060122,MU24,,2026-01-10T00:00:00Z
3907008,Aparcabicicletas,166,VALDEFUENTES,16,HORTALEZA,OPERATIVO,447308.58,4482658.79,ETRS89,,,CALLE,MARIA DE LAS MERCEDES DE BORBON,228,28055,,31045033,2017-12-01T00:00:00Z,4060124,MU24,,2026-01-10T00:00:00Z
3907132,Aparcabicicletas,166,VALDEFUENTES,16,HORTALEZA,OPERATIVO,447634.36,4483150.71,ETRS89,,,CALLE,FINA DE CALDERON,68,28055,,31039808,2017-12-01T00:00:00Z,4060248,MU24,,2026-01-10T00:00:00Z
3907134,Aparcabicicletas,166,VALDEFUENTES,16,HORTALEZA,OPERATIVO,447634.41,4483149.01,ETRS89,,,CALLE,FINA DE CALDERON,68,28055,,31039808,2017-12-01T00:00:00Z,4060250,MU24,,2026-01-10T00:00:00Z
3907179,Aparcabicicletas,166,VALDEFUENTES,16,HORTALEZA,OPERATIVO,447633.09,4482920.67,ETRS89,,,CALLE,FINA DE CALDERON,28,28055,,31041201,2017-12-01T00:00:00Z,4060295,MU24,,2026-01-10T00:00:00Z
389084,Aparcabicicletas,11,PALACIO,1,CENTRO,OPERATIVO,439590.61,4473946.4,ETRS89,,,CALLE,SEGOVIA,18,28005,,20003906,,1090018,MU24,MU-51,2026-01-10T00:00:00Z
389107,Aparcabicicletas,74,ALMAGRO,7,CHAMBERI,OPERATIVO,441349.62,4475661.47,ETRS89,,,CALLE,ZURBARAN,21,28010,,11040978,2011-05-30T00:00:00Z,1088213,MU24,MU-51,2026-01-10T00:00:00Z
389213,Aparcabicicletas,65,VALDEACEDERAS,6,TETUAN,OPERATIVO,440406.6,4479395.42,ETRS89,,,CALLE,MARQUES DE VIANA,56,28039,,11036029,,1089834,MU24,MU-51,2026-01-10T00:00:00Z
391377,Aparcabicicletas,72,ARAPILES,7,CHAMBERI,OPERATIVO,440259.04,4476509.97,ETRS89,,,CALLE,BRAVO MURILLO,32,28015,,11040240,2021-12-28T00:00:00Z,1131242,MU24,MU-51,2026-01-10T00:00:00Z
3913802,Aparcabicicletas,166,VALDEFUENTES,16,HORTALEZA,OPERATIVO,446669.21,4481364.71,ETRS89,,,CALLE,JUAN DANIEL FULLAONDO,15,28055,,31039883,2017-02-01T00:00:00Z,4063460,MU24,,2026-01-10T00:00:00Z
391412,Aparcabicicletas,75,RIOS ROSAS,7,CHAMBERI,OPERATIVO,440570.58,4476755.48,ETRS89,,,CALLE,SANTA ENGRACIA,125,28003,,11041972,,1083363,MU24,MU-51,2026-01-10T00:00:00Z
387147,Aparcabicicletas,65,VALDEACEDERAS,6,TETUAN,OPERATIVO,440805.59,4479950.4,ETRS89,,,CALLE,PINOS ALTA,63,28029,,11033707,,1089854,MU24,MU-51,2026-01-10T00:00:00Z
387555,Aparcabicicletas,64,ALMENARA,6,TETUAN,OPERATIVO,440954.59,4480514.48,ETRS89,,,CALLE,VIA LIMITE,12A,28029,,31063953,,1094334,MU24,MU-51,2026-01-10T00:00:00Z
388289,Aparcabicicletas,72,ARAPILES,7,CHAMBERI,OPERATIVO,440131.61,4475720.5,ETRS89,,,CALLE,SAN BERNARDO,93,28015,,20013640,,1088298,MU24,MU-51,2026-01-10T00:00:00Z
388463,Aparcabicicletas,75,RIOS ROSAS,7,CHAMBERI,OPERATIVO,440422.44,4477272.61,ETRS89,,,CALLE,SANTA ENGRACIA,142,28003,,11042066,,1083369,MU24,MU-51,2026-01-10T00:00:00Z
389063,Aparcabicicletas,15,UNIVERSIDAD,1,CENTRO,OPERATIVO,440464.57,4474825.47,ETRS89,,,CALLE,VALVERDE,22,28004,,11005658,,1085395,MU24,MU-51,2026-01-10T00:00:00Z
389104,Aparcabicicletas,75,RIOS ROSAS,7,CHAMBERI,OPERATIVO,440423.44,4477269.61,ETRS89,,,CALLE,SANTA ENGRACIA,142,28003,,11042066,,1083367,MU24,MU-51,2026-01-10T00:00:00Z
389422,Aparcabicicletas,76,VALLEHERMOSO,7,CHAMBERI,OPERATIVO,440116.98,4477434.57,ETRS89,,,CALLE,MARQUES DE LEMA,7,28003,,11042435,,1128621,MU24,MU-51,2026-01-10T00:00:00Z
389478,Aparcabicicletas,12,EMBAJADORES,1,CENTRO,OPERATIVO,441073.57,4473360.48,ETRS89,,,CALLE,SANTA ISABEL,53,28012,,20004936,,1079950,MU24,MU-51,2026-01-10T00:00:00Z
389772,Aparcabicicletas,62,CUATRO CAMINOS,6,TETUAN,OPERATIVO,440633.29,4477605.63,ETRS89,,,CALLE,DULCINEA,1,28020,,31009760,1900-01-01T00:00:00Z,1089785,MU24,MU-51,2026-01-10T00:00:00Z
3914495,Aparcabicicletas,166,VALDEFUENTES,16,HORTALEZA,OPERATIVO,446700.18,4481468.32,ETRS89,,,CALLE,MAESTRA DOLORES MARCO,10,28055,,31039871,2017-02-01T00:00:00Z,4063629,MU24,,2026-01-10T00:00:00Z
3914777,Aparcabicicletas,166,VALDEFUENTES,16,HORTALEZA,OPERATIVO,446960.31,4481378.84,ETRS89,,,CALLE,FRANCISCO UMBRAL,61,28055,,31043245,2017-02-01T00:00:00Z,4063723,MU24,,2026-01-10T00:00:00Z
3915036,Aparcabicicletas,152,PUEBLO NUEVO,15,CIUDAD LINEAL,OPERATIVO,445552.24,4475633.09,ETRS89,,,CALLE,ASCAO,4,28017,,20169142,2017-02-01T00:00:00Z,4063774,MU24,MU-51,2026-01-10T00:00:00Z
3915510,Aparcabicicletas,166,VALDEFUENTES,16,HORTALEZA,OPERATIVO,446904.35,4480751.23,ETRS89,,,CALLE,PROVISIONAL CARCAVAS OESTE UNO,100,28055,,31028710,2017-03-01T00:00:00Z,4063897,MU24,,2026-01-10T00:00:00Z
3915984,Aparcabicicletas,201,SIMANCAS,20,SAN BLAS-CANILLEJAS,OPERATIVO,446858.29,4476830.47,ETRS89,,,CALLE,VALENTIN BEATO,6,28037,,11133784,2017-03-01T00:00:00Z,4064018,MU24,,2026-01-10T00:00:00Z
3916411,Aparcabicicletas,166,VALDEFUENTES,16,HORTALEZA,OPERATIVO,446938.99,4481057.47,ETRS89,,,CALLE,PROVISIONAL CARCAVAS OESTE UNO,18,28055,,31046860,2017-03-01T00:00:00Z,4064130,MU24,,2026-01-10T00:00:00Z
3916602,Aparcabicicletas,164,PINAR DEL REY,16,HORTALEZA,OPERATIVO,445123.4,4480205.73,ETRS89,,,CALLE,ANGEL LUIS DE LA HERRAN,35,28043,,20089609,2017-03-01T00:00:00Z,4064181,MU24,MU-51,2026-01-10T00:00:00Z
3916732,Aparcabicicletas,162,PIOVERA,16,HORTALEZA,OPERATIVO,444838.21,4478518.3,ETRS89,,,CALLE,PUERTO DE SANTA MARIA,16,28043,,11114817,2017-03-01T00:00:00Z,4064219,MU24,MU-51,2026-01-10T00:00:00Z
3916957,Aparcabicicletas,166,VALDEFUENTES,16,HORTALEZA,OPERATIVO,446907.21,4480753.5,ETRS89,,,CALLE,PROVISIONAL CARCAVAS OESTE UNO,100,28055,,31028710,2017-03-01T00:00:00Z,4064269,MU24,,2026-01-10T00:00:00Z
3917056,Aparcabicicletas,155,SAN PASCUAL,15,CIUDAD LINEAL,OPERATIVO,444505.33,4476633.73,ETRS89,,,CALLE,VIRGEN DE AFRICA,11,28027,,31015872,2017-03-01T00:00:00Z,4064299,MU24,MU-51,2026-01-10T00:00:00Z
3914662,Aparcabicicletas,205,ROSAS,20,SAN BLAS-CANILLEJAS,OPERATIVO,449137.14,4475748.47,ETRS89,,,CALLE,ESTOCOLMO,59,28022,,31052864,2017-02-01T00:00:00Z,4063678,MU24,ACB,2026-01-10T00:00:00Z
3915433,Aparcabicicletas,205,ROSAS,20,SAN BLAS-CANILLEJAS,OPERATIVO,449135.37,4475748.59,ETRS89,,,CALLE,ESTOCOLMO,59,28022,,31052864,2017-03-01T00:00:00Z,4063879,MU24,ACB,2026-01-10T00:00:00Z
3915541,Aparcabicicletas,206,REJAS,20,SAN BLAS-CANILLEJAS,OPERATIVO,450633.09,4477607.63,ETRS89,,,CALLE,ZAMBRANA,2,28022,,20090569,2017-03-01T00:00:00Z,4063905,MU24,MU-51,2026-01-10T00:00:00Z
3915779,Aparcabicicletas,163,CANILLAS,16,HORTALEZA,OPERATIVO,446590.07,4479419.53,ETRS89,,,CALLE,LAS PEDROÑERAS,1,28043,,20055166,2017-03-01T00:00:00Z,4063966,MU24,MU-51,2026-01-10T00:00:00Z
3915825,Aparcabicicletas,163,CANILLAS,16,HORTALEZA,OPERATIVO,446586.71,4479419.7,ETRS89,,,CALLE,LAS PEDROÑERAS,1,28043,,20055166,2017-03-01T00:00:00Z,4063979,MU24,MU-51,2026-01-10T00:00:00Z
391617,Aparcabicicletas,15,UNIVERSIDAD,1,CENTRO,OPERATIVO,440074.08,4474827.25,ETRS89,,,CALLE,LIBREROS,14,28004,,11007081,,1104251,MU24,MU-51,2026-01-10T00:00:00Z
3916970,Aparcabicicletas,165,APOSTOL SANTIAGO,16,HORTALEZA,OPERATIVO,444021.42,4480985.39,ETRS89,,,CALLE,SOMONTIN,59,28033,,20064870,2017-03-01T00:00:00Z,4064273,MU24,MU-51,2026-01-10T00:00:00Z
3906921,Aparcabicicletas,166,VALDEFUENTES,16,HORTALEZA,OPERATIVO,447291.61,4483141.77,ETRS89,,,CALLE,JOSE ANTONIO CODERCH,59,28055,,31039798,2017-12-01T00:00:00Z,4060037,MU24,,2026-01-10T00:00:00Z
3906923,Aparcabicicletas,166,VALDEFUENTES,16,HORTALEZA,OPERATIVO,447291.56,4483143.21,ETRS89,,,CALLE,JOSE ANTONIO CODERCH,59,28055,,31039798,2017-12-01T00:00:00Z,4060039,MU24,,2026-01-10T00:00:00Z
3906925,Aparcabicicletas,166,VALDEFUENTES,16,HORTALEZA,OPERATIVO,447291.56,4483142.49,ETRS89,,,CALLE,JOSE ANTONIO CODERCH,59,28055,,31039798,2017-12-01T00:00:00Z,4060041,MU24,,2026-01-10T00:00:00Z
3907007,Aparcabicicletas,166,VALDEFUENTES,16,HORTALEZA,OPERATIVO,447307.75,4482658.79,ETRS89,,,CALLE,MARIA DE LAS MERCEDES DE BORBON,228,28055,,31045033,2017-12-01T00:00:00Z,4060123,MU24,,2026-01-10T00:00:00Z
3907009,Aparcabicicletas,166,VALDEFUENTES,16,HORTALEZA,OPERATIVO,447309.4,4482658.79,ETRS89,,,CALLE,MARIA DE LAS MERCEDES DE BORBON,228,28055,,31045033,2017-12-01T00:00:00Z,4060125,MU24,,2026-01-10T00:00:00Z
3907133,Aparcabicicletas,166,VALDEFUENTES,16,HORTALEZA,OPERATIVO,447634.41,4483149.9,ETRS89,,,CALLE,FINA DE CALDERON,68,28055,,31039808,2017-12-01T00:00:00Z,4060249,MU24,,2026-01-10T00:00:00Z
3907135,Aparcabicicletas,166,VALDEFUENTES,16,HORTALEZA,OPERATIVO,447634.46,4483148.25,ETRS89,,,CALLE,FINA DE CALDERON,68,28055,,31039808,2017-12-01T00:00:00Z,4060251,MU24,,2026-01-10T00:00:00Z
3907180,Aparcabicicletas,166,VALDEFUENTES,16,HORTALEZA,OPERATIVO,447633.96,4482920.8,ETRS89,,,CALLE,FINA DE CALDERON,28,28055,,31041201,2017-12-01T00:00:00Z,4060296,MU24,,2026-01-10T00:00:00Z
3907182,Aparcabicicletas,166,VALDEFUENTES,16,HORTALEZA,OPERATIVO,447635.43,4482920.8,ETRS89,,,CALLE,FINA DE CALDERON,28,28055,,31041201,2017-12-01T00:00:00Z,4060298,MU24,,2026-01-10T00:00:00Z
3907260,Aparcabicicletas,166,VALDEFUENTES,16,HORTALEZA,OPERATIVO,447619.03,4482658.5,ETRS89,,,CALLE,MARIA DE LAS MERCEDES DE BORBON,190,28055,,31052866,2017-12-01T00:00:00Z,4060376,MU24,,2026-01-10T00:00:00Z
3907262,Aparcabicicletas,166,VALDEFUENTES,16,HORTALEZA,OPERATIVO,447620.64,4482658.5,ETRS89,,,CALLE,MARIA DE LAS MERCEDES DE BORBON,190,28055,,31052866,2017-12-01T00:00:00Z,4060378,MU24,,2026-01-10T00:00:00Z
3907353,Aparcabicicletas,166,VALDEFUENTES,16,HORTALEZA,OPERATIVO,447945.05,4482658.46,ETRS89,,,CALLE,MARIA DE LAS MERCEDES DE BORBON,120,28055,,31050576,2018-01-01T00:00:00Z,4060469,MU24,,2026-01-10T00:00:00Z
3907355,Aparcabicicletas,166,VALDEFUENTES,16,HORTALEZA,OPERATIVO,447946.64,4482658.51,ETRS89,,,CALLE,MARIA DE LAS MERCEDES DE BORBON,120,28055,,31050576,2018-01-01T00:00:00Z,4060471,MU24,,2026-01-10T00:00:00Z
3907504,Aparcabicicletas,166,VALDEFUENTES,16,HORTALEZA,OPERATIVO,448544.34,4482069.33,ETRS89,,,CALLE,MARIA REICHE,69,28055,,31039308,2018-01-01T00:00:00Z,4060620,MU24,MU-51,2026-01-10T00:00:00Z
3907506,Aparcabicicletas,166,VALDEFUENTES,16,HORTALEZA,OPERATIVO,448544.56,4482043.19,ETRS89,,,CALLE,MARIA REICHE,70,28055,,31039314,2018-01-01T00:00:00Z,4060622,MU24,MU-51,2026-01-10T00:00:00Z
3907583,Aparcabicicletas,166,VALDEFUENTES,16,HORTALEZA,OPERATIVO,448400.22,4482474.64,ETRS89,,,CALLE,JOSE ANTONIO FERNANDEZ ORDOÑEZ,25,28055,,31039111,2018-01-01T00:00:00Z,4060699,MU24,,2026-01-10T00:00:00Z
3907585,Aparcabicicletas,166,VALDEFUENTES,16,HORTALEZA,OPERATIVO,448400.28,4482473.6,ETRS89,,,CALLE,JOSE ANTONIO FERNANDEZ ORDOÑEZ,25,28055,,31039111,2018-01-01T00:00:00Z,4060701,MU24,,2026-01-10T00:00:00Z
3907695,Aparcabicicletas,166,VALDEFUENTES,16,HORTALEZA,OPERATIVO,448469.37,4482459.13,ETRS89,,,CALLE,JOSE ANTONIO FERNANDEZ ORDOÑEZ,35,28055,,31039125,2018-01-01T00:00:00Z,4060811,MU24,,2026-01-10T00:00:00Z
3907697,Aparcabicicletas,166,VALDEFUENTES,16,HORTALEZA,OPERATIVO,448469.66,4482461.48,ETRS89,,,CALLE,JOSE ANTONIO FERNANDEZ ORDOÑEZ,35,28055,,31039125,2018-01-01T00:00:00Z,4060813,MU24,,2026-01-10T00:00:00Z
3907718,Aparcabicicletas,166,VALDEFUENTES,16,HORTALEZA,OPERATIVO,447855.64,4482007.01,ETRS89,,,CALLE,FERNANDO HIGUERAS,1,28055,,31040087,2018-01-01T00:00:00Z,4060834,MU24,,2026-01-10T00:00:00Z
3907720,Aparcabicicletas,166,VALDEFUENTES,16,HORTALEZA,OPERATIVO,447856.58,4482008.4,ETRS89,,,CALLE,FERNANDO HIGUERAS,1,28055,,31040087,2018-01-01T00:00:00Z,4060836,MU24,,2026-01-10T00:00:00Z
3907759,Aparcabicicletas,166,VALDEFUENTES,16,HORTALEZA,OPERATIVO,448404.93,4482695.76,ETRS89,,,CALLE,JORDI SOLE TURA,26,28055,,31051935,2018-01-01T00:00:00Z,4060875,MU24,,2026-01-10T00:00:00Z
3907761,Aparcabicicletas,166,VALDEFUENTES,16,HORTALEZA,OPERATIVO,448404.93,4482697.38,ETRS89,,,CALLE,JORDI SOLE TURA,26,28055,,31051935,2018-01-01T00:00:00Z,4060877,MU24,,2026-01-10T00:00:00Z
3907781,Aparcabicicletas,166,VALDEFUENTES,16,HORTALEZA,OPERATIVO,448404.86,4481881.57,ETRS89,,,CALLE,FERNANDO HIGUERAS,69,28055,,31042716,2018-01-01T00:00:00Z,4060897,MU24,MU-51,2026-01-10T00:00:00Z
3907783,Aparcabicicletas,166,VALDEFUENTES,16,HORTALEZA,OPERATIVO,448404.81,4481883.23,ETRS89,,,CALLE,FERNANDO HIGUERAS,69,28055,,31042716,2018-01-01T00:00:00Z,4060899,MU24,MU-51,2026-01-10T00:00:00Z
3907812,Aparcabicicletas,166,VALDEFUENTES,16,HORTALEZA,OPERATIVO,448462.85,4482704.69,ETRS89,,,CALLE,JORDI SOLE TURA,13,28055,,31039542,2018-01-01T00:00:00Z,4060928,MU24,,2026-01-10T00:00:00Z
3917917,Aparcabicicletas,206,REJAS,20,SAN BLAS-CANILLEJAS,OPERATIVO,450629.73,4477607.73,ETRS89,,,CALLE,CAMPEZO,4,28022,,11136499,2017-03-01T00:00:00Z,4064538,MU24,MU-51,2026-01-10T00:00:00Z
3918181,Aparcabicicletas,165,APOSTOL SANTIAGO,16,HORTALEZA,OPERATIVO,443968.39,4481013.96,ETRS89,,,CALLE,VELEZ RUBIO,111,28033,,11121985,2017-03-01T00:00:00Z,4064592,MU24,MU-38,2026-01-10T00:00:00Z
3919145,Aparcabicicletas,206,REJAS,20,SAN BLAS-CANILLEJAS,OPERATIVO,449833.26,4477535.49,ETRS89,,,CALLE,EUTERPE,1,28022,,31027776,2017-03-01T00:00:00Z,4064814,MU24,MU-51,2026-01-10T00:00:00Z
3919178,Aparcabicicletas,207,CANILLEJAS,20,SAN BLAS-CANILLEJAS,OPERATIVO,447951.29,4477289.21,ETRS89,,,CALLE,BOLTAÑA,11,28022,,20151791,2017-03-01T00:00:00Z,4064822,MU24,MU-51,2026-01-10T00:00:00Z
3919405,Aparcabicicletas,208,EL SALVADOR,20,SAN BLAS-CANILLEJAS,OPERATIVO,446254.7,4476797.25,ETRS89,,,CALLE,RIOBAMBA,11,28027,,20109446,2017-03-01T00:00:00Z,4064888,MU24,MU-51,2026-01-10T00:00:00Z
3920038,Aparcabicicletas,211,ALAMEDA DE OSUNA,21,BARAJAS,OPERATIVO,450592.3,4478792.11,ETRS89,,,CALLE,GALEON,16,28042,,11139966,2017-03-01T00:00:00Z,4065182,MU24,MU-51,2026-01-10T00:00:00Z
3920162,Aparcabicicletas,211,ALAMEDA DE OSUNA,21,BARAJAS,OPERATIVO,450594.93,4478794.52,ETRS89,,,CALLE,GALEON,16,28042,,11139966,2017-03-01T00:00:00Z,4065247,MU24,MU-51,2026-01-10T00:00:00Z
3920285,Aparcabicicletas,206,REJAS,20,SAN BLAS-CANILLEJAS,OPERATIVO,450630.93,4477607.76,ETRS89,,,CALLE,CAMPEZO,4,28022,,11136499,2017-03-01T00:00:00Z,4065309,MU24,MU-51,2026-01-10T00:00:00Z
3920462,Aparcabicicletas,211,ALAMEDA DE OSUNA,21,BARAJAS,OPERATIVO,449541.2,4478188.4,ETRS89,,,CALLE,CATAMARAN,9,28042,,20047353,2017-03-01T00:00:00Z,4065440,MU24,MU-38,2026-01-10T00:00:00Z
3920573,Aparcabicicletas,201,SIMANCAS,20,SAN BLAS-CANILLEJAS,OPERATIVO,446857.85,4476832.06,ETRS89,,,CALLE,VALENTIN BEATO,6,28037,,11133784,2017-04-01T00:00:00Z,4065499,MU24,,2026-01-10T00:00:00Z
3907181,Aparcabicicletas,166,VALDEFUENTES,16,HORTALEZA,OPERATIVO,447634.76,4482920.87,ETRS89,,,CALLE,FINA DE CALDERON,28,28055,,31041201,2017-12-01T00:00:00Z,4060297,MU24,,2026-01-10T00:00:00Z
3907259,Aparcabicicletas,166,VALDEFUENTES,16,HORTALEZA,OPERATIVO,447618.23,4482658.55,ETRS89,,,CALLE,MARIA DE LAS MERCEDES DE BORBON,190,28055,,31052866,2017-12-01T00:00:00Z,4060375,MU24,,2026-01-10T00:00:00Z
3907261,Aparcabicicletas,166,VALDEFUENTES,16,HORTALEZA,OPERATIVO,447619.83,4482658.55,ETRS89,,,CALLE,MARIA DE LAS MERCEDES DE BORBON,190,28055,,31052866,2017-12-01T00:00:00Z,4060377,MU24,,2026-01-10T00:00:00Z
3907352,Aparcabicicletas,166,VALDEFUENTES,16,HORTALEZA,OPERATIVO,447944.31,4482658.51,ETRS89,,,CALLE,MARIA DE LAS MERCEDES DE BORBON,120,28055,,31050576,2018-01-01T00:00:00Z,4060468,MU24,,2026-01-10T00:00:00Z
3907354,Aparcabicicletas,166,VALDEFUENTES,16,HORTALEZA,OPERATIVO,447945.9,4482658.51,ETRS89,,,CALLE,MARIA DE LAS MERCEDES DE BORBON,120,28055,,31050576,2018-01-01T00:00:00Z,4060470,MU24,,2026-01-10T00:00:00Z
3907505,Aparcabicicletas,166,VALDEFUENTES,16,HORTALEZA,OPERATIVO,448542.12,4482069.34,ETRS89,,,CALLE,MARIA REICHE,69,28055,,31039308,2018-01-01T00:00:00Z,4060621,MU24,MU-51,2026-01-10T00:00:00Z
3907507,Aparcabicicletas,166,VALDEFUENTES,16,HORTALEZA,OPERATIVO,448542.33,4482043.19,ETRS89,,,CALLE,MARIA REICHE,70,28055,,31039314,2018-01-01T00:00:00Z,4060623,MU24,MU-51,2026-01-10T00:00:00Z
3907584,Aparcabicicletas,166,VALDEFUENTES,16,HORTALEZA,OPERATIVO,448400.22,4482474.12,ETRS89,,,CALLE,JOSE ANTONIO FERNANDEZ ORDOÑEZ,25,28055,,31039111,2018-01-01T00:00:00Z,4060700,MU24,,2026-01-10T00:00:00Z
3907694,Aparcabicicletas,166,VALDEFUENTES,16,HORTALEZA,OPERATIVO,448469.38,4482458.03,ETRS89,,,CALLE,JOSE ANTONIO FERNANDEZ ORDOÑEZ,38,28055,,31039136,2018-01-01T00:00:00Z,4060810,MU24,,2026-01-10T00:00:00Z
3907696,Aparcabicicletas,166,VALDEFUENTES,16,HORTALEZA,OPERATIVO,448469.36,4482460.07,ETRS89,,,CALLE,JOSE ANTONIO FERNANDEZ ORDOÑEZ,35,28055,,31039125,2018-01-01T00:00:00Z,4060812,MU24,,2026-01-10T00:00:00Z
3907717,Aparcabicicletas,166,VALDEFUENTES,16,HORTALEZA,OPERATIVO,447855.25,4482006.35,ETRS89,,,CALLE,FERNANDO HIGUERAS,1,28055,,31040087,2018-01-01T00:00:00Z,4060833,MU24,,2026-01-10T00:00:00Z
3907719,Aparcabicicletas,166,VALDEFUENTES,16,HORTALEZA,OPERATIVO,447856.03,4482007.67,ETRS89,,,CALLE,FERNANDO HIGUERAS,1,28055,,31040087,2018-01-01T00:00:00Z,4060835,MU24,,2026-01-10T00:00:00Z
3907758,Aparcabicicletas,166,VALDEFUENTES,16,HORTALEZA,OPERATIVO,448404.93,4482694.93,ETRS89,,,CALLE,JORDI SOLE TURA,26,28055,,31051935,2018-01-01T00:00:00Z,4060874,MU24,,2026-01-10T00:00:00Z
3907760,Aparcabicicletas,166,VALDEFUENTES,16,HORTALEZA,OPERATIVO,448404.97,4482696.48,ETRS89,,,CALLE,JORDI SOLE TURA,26,28055,,31051935,2018-01-01T00:00:00Z,4060876,MU24,,2026-01-10T00:00:00Z
3907780,Aparcabicicletas,166,VALDEFUENTES,16,HORTALEZA,OPERATIVO,448404.82,4481880.8,ETRS89,,,CALLE,FERNANDO HIGUERAS,69,28055,,31042716,2018-01-01T00:00:00Z,4060896,MU24,MU-51,2026-01-10T00:00:00Z
3907782,Aparcabicicletas,166,VALDEFUENTES,16,HORTALEZA,OPERATIVO,448404.85,4481882.31,ETRS89,,,CALLE,FERNANDO HIGUERAS,69,28055,,31042716,2018-01-01T00:00:00Z,4060898,MU24,MU-51,2026-01-10T00:00:00Z
3907811,Aparcabicicletas,166,VALDEFUENTES,16,HORTALEZA,OPERATIVO,448462.85,4482704.12,ETRS89,,,CALLE,JORDI SOLE TURA,13,28055,,31039542,2018-01-01T00:00:00Z,4060927,MU24,,2026-01-10T00:00:00Z
3907813,Aparcabicicletas,166,VALDEFUENTES,16,HORTALEZA,OPERATIVO,448462.86,4482705.41,ETRS89,,,CALLE,JORDI SOLE TURA,13,28055,,31039542,2018-01-01T00:00:00Z,4060929,MU24,,2026-01-10T00:00:00Z
3907943,Aparcabicicletas,166,VALDEFUENTES,16,HORTALEZA,OPERATIVO,448647.19,4482042.94,ETRS89,,,CALLE,MARIA REICHE,86,28055,,31039330,2018-01-01T00:00:00Z,4061059,MU24,MU-51,2026-01-10T00:00:00Z
3907945,Aparcabicicletas,166,VALDEFUENTES,16,HORTALEZA,OPERATIVO,448647.54,4482069.36,ETRS89,,,CALLE,MARIA REICHE,81,28055,,31039323,2018-01-01T00:00:00Z,4061061,MU24,MU-51,2026-01-10T00:00:00Z
3907953,Aparcabicicletas,166,VALDEFUENTES,16,HORTALEZA,OPERATIVO,448325.44,4482069.03,ETRS89,,,CALLE,ESTANISLAO PEREZ PITA,44,28055,,31041171,2018-01-01T00:00:00Z,4061069,MU24,MU-51,2026-01-10T00:00:00Z
3907987,Aparcabicicletas,166,VALDEFUENTES,16,HORTALEZA,OPERATIVO,448400.29,4482473.14,ETRS89,,,CALLE,JOSE ANTONIO FERNANDEZ ORDOÑEZ,25,28055,,31039111,2018-01-01T00:00:00Z,4061103,MU24,,2026-01-10T00:00:00Z
3907989,Aparcabicicletas,166,VALDEFUENTES,16,HORTALEZA,OPERATIVO,448145.04,4482454.3,ETRS89,,,CALLE,JOSE ANTONIO FERNANDEZ ORDOÑEZ,8,28055,,31039920,2018-01-01T00:00:00Z,4061105,MU24,,2026-01-10T00:00:00Z
3907991,Aparcabicicletas,166,VALDEFUENTES,16,HORTALEZA,OPERATIVO,448146.6,4482454.13,ETRS89,,,CALLE,JOSE ANTONIO FERNANDEZ ORDOÑEZ,8,28055,,31039920,2018-01-01T00:00:00Z,4061107,MU24,,2026-01-10T00:00:00Z
3907993,Aparcabicicletas,166,VALDEFUENTES,16,HORTALEZA,OPERATIVO,448144.7,4482472.79,ETRS89,,,CALLE,JOSE ANTONIO FERNANDEZ ORDOÑEZ,7,28055,,31039096,2018-01-01T00:00:00Z,4061109,MU24,,2026-01-10T00:00:00Z
3907995,Aparcabicicletas,166,VALDEFUENTES,16,HORTALEZA,OPERATIVO,448146.02,4482472.75,ETRS89,,,CALLE,JOSE ANTONIO FERNANDEZ ORDOÑEZ,7,28055,,31039096,2018-01-01T00:00:00Z,4061111,MU24,,2026-01-10T00:00:00Z
3908010,Aparcabicicletas,166,VALDEFUENTES,16,HORTALEZA,OPERATIVO,448463.19,4481906.95,ETRS89,,,CALLE,FERNANDO HIGUERAS,85,28055,,31039415,2018-01-01T00:00:00Z,4061126,MU24,MU-51,2026-01-10T00:00:00Z
3908012,Aparcabicicletas,166,VALDEFUENTES,16,HORTALEZA,OPERATIVO,448463.27,4481908.68,ETRS89,,,CALLE,FERNANDO HIGUERAS,85,28055,,31039415,2018-01-01T00:00:00Z,4061128,MU24,MU-51,2026-01-10T00:00:00Z
3908194,Aparcabicicletas,166,VALDEFUENTES,16,HORTALEZA,OPERATIVO,448710.9,4481881.4,ETRS89,,,CALLE,FERNANDO HIGUERAS,105,28055,,31039443,2018-01-01T00:00:00Z,4061311,MU24,MU-51,2026-01-10T00:00:00Z
3907944,Aparcabicicletas,166,VALDEFUENTES,16,HORTALEZA,OPERATIVO,448641.63,4482042.67,ETRS89,,,CALLE,MARIA REICHE,86,28055,,31039330,2018-01-01T00:00:00Z,4061060,MU24,MU-51,2026-01-10T00:00:00Z
3907946,Aparcabicicletas,166,VALDEFUENTES,16,HORTALEZA,OPERATIVO,448641.42,4482069.1,ETRS89,,,CALLE,MARIA REICHE,81,28055,,31039323,2018-01-01T00:00:00Z,4061062,MU24,MU-51,2026-01-10T00:00:00Z
3907954,Aparcabicicletas,166,VALDEFUENTES,16,HORTALEZA,OPERATIVO,448331.28,4482069.02,ETRS89,,,CALLE,ESTANISLAO PEREZ PITA,46,28055,,31041172,2018-01-01T00:00:00Z,4061070,MU24,MU-51,2026-01-10T00:00:00Z
3907988,Aparcabicicletas,166,VALDEFUENTES,16,HORTALEZA,OPERATIVO,448144.38,4482454.36,ETRS89,,,CALLE,JOSE ANTONIO FERNANDEZ ORDOÑEZ,8,28055,,31039920,2018-01-01T00:00:00Z,4061104,MU24,,2026-01-10T00:00:00Z
3907990,Aparcabicicletas,166,VALDEFUENTES,16,HORTALEZA,OPERATIVO,448145.76,4482454.25,ETRS89,,,CALLE,JOSE ANTONIO FERNANDEZ ORDOÑEZ,8,28055,,31039920,2018-01-01T00:00:00Z,4061106,MU24,,2026-01-10T00:00:00Z
3907992,Aparcabicicletas,166,VALDEFUENTES,16,HORTALEZA,OPERATIVO,448143.98,4482472.79,ETRS89,,,CALLE,JOSE ANTONIO FERNANDEZ ORDOÑEZ,7,28055,,31039096,2018-01-01T00:00:00Z,4061108,MU24,,2026-01-10T00:00:00Z
3907994,Aparcabicicletas,166,VALDEFUENTES,16,HORTALEZA,OPERATIVO,448145.3,4482472.8,ETRS89,,,CALLE,JOSE ANTONIO FERNANDEZ ORDOÑEZ,7,28055,,31039096,2018-01-01T00:00:00Z,4061110,MU24,,2026-01-10T00:00:00Z
3908009,Aparcabicicletas,166,VALDEFUENTES,16,HORTALEZA,OPERATIVO,448463.35,4481906.13,ETRS89,,,CALLE,FERNANDO HIGUERAS,85,28055,,31039415,2018-01-01T00:00:00Z,4061125,MU24,MU-51,2026-01-10T00:00:00Z
3908011,Aparcabicicletas,166,VALDEFUENTES,16,HORTALEZA,OPERATIVO,448463.35,4481907.86,ETRS89,,,CALLE,FERNANDO HIGUERAS,85,28055,,31039415,2018-01-01T00:00:00Z,4061127,MU24,MU-51,2026-01-10T00:00:00Z
3917875,Aparcabicicletas,204,ARCOS,20,SAN BLAS-CANILLEJAS,OPERATIVO,447249.71,4474589.17,ETRS89,,,CALLE,SAN ROMAN DEL VALLE,8,28037,,31017433,2017-03-01T00:00:00Z,4064523,MU24,MU-51,2026-01-10T00:00:00Z
3918165,Aparcabicicletas,214,TIMON,21,BARAJAS,OPERATIVO,446979.44,4481369.01,ETRS89,,,CALLE,FRANCISCO UMBRAL,59,28055,,31043244,2017-03-01T00:00:00Z,4064588,MU24,,2026-01-10T00:00:00Z
3908196,Aparcabicicletas,166,VALDEFUENTES,16,HORTALEZA,OPERATIVO,448710.93,4481879.75,ETRS89,,,CALLE,FERNANDO HIGUERAS,105,28055,,31039443,2018-01-01T00:00:00Z,4061313,MU24,MU-51,2026-01-10T00:00:00Z
3908266,Aparcabicicletas,166,VALDEFUENTES,16,HORTALEZA,OPERATIVO,448276.05,4483241.52,ETRS89,,,CALLE,LEANDRO SILVA,29,28055,,31038914,2018-01-01T00:00:00Z,4061351,MU24,,2026-01-10T00:00:00Z
3908270,Aparcabicicletas,166,VALDEFUENTES,16,HORTALEZA,OPERATIVO,448277.64,4483241.42,ETRS89,,,CALLE,LEANDRO SILVA,29,28055,,31038914,2018-01-01T00:00:00Z,4061353,MU24,,2026-01-10T00:00:00Z
3908347,Aparcabicicletas,166,VALDEFUENTES,16,HORTALEZA,OPERATIVO,448761.14,4482473.84,ETRS89,,,CALLE,JOSE ANTONIO FERNANDEZ ORDOÑEZ,65,28055,,31039158,2018-01-01T00:00:00Z,4061391,MU24,MU-51,2026-01-10T00:00:00Z
3908351,Aparcabicicletas,166,VALDEFUENTES,16,HORTALEZA,OPERATIVO,448761.13,4482475.42,ETRS89,,,CALLE,JOSE ANTONIO FERNANDEZ ORDOÑEZ,65,28055,,31039158,2018-01-01T00:00:00Z,4061393,MU24,MU-51,2026-01-10T00:00:00Z
3908359,Aparcabicicletas,166,VALDEFUENTES,16,HORTALEZA,OPERATIVO,448405.07,4482229.92,ETRS89,,,CALLE,ESTANISLAO PEREZ PITA,56,28055,,31043621,2018-01-01T00:00:00Z,4061397,MU24,MU-51,2026-01-10T00:00:00Z
3908362,Aparcabicicletas,166,VALDEFUENTES,16,HORTALEZA,OPERATIVO,448404.98,4482228.1,ETRS89,,,CALLE,ESTANISLAO PEREZ PITA,56,28055,,31043621,2018-01-01T00:00:00Z,4061399,MU24,MU-51,2026-01-10T00:00:00Z
3908398,Aparcabicicletas,166,VALDEFUENTES,16,HORTALEZA,OPERATIVO,448276.35,4483104.27,ETRS89,,,CALLE,LEANDRO SILVA,29,28055,,31038914,2018-01-01T00:00:00Z,4061418,MU24,,2026-01-10T00:00:00Z
3908403,Aparcabicicletas,166,VALDEFUENTES,16,HORTALEZA,OPERATIVO,448275.89,4483104.33,ETRS89,,,CALLE,FELIX CANDELA,132,28055,,31043535,2018-01-01T00:00:00Z,4061420,MU24,,2026-01-10T00:00:00Z
391849,Aparcabicicletas,61,BELLAS VISTAS,6,TETUAN,OPERATIVO,439643.75,4478645.24,ETRS89,,,CALLE,ALEJANDRO RODRIGUEZ,39,28039,,11028231,,1110793,MU24,MU-51,2026-01-10T00:00:00Z
3919154,Aparcabicicletas,164,PINAR DEL REY,16,HORTALEZA,OPERATIVO,445179.74,4480752.69,ETRS89,,,CALLE,MAR DE LAS ANTILLAS,10,28033,,31012936,2017-03-01T00:00:00Z,4064816,MU24,MU-51,2026-01-10T00:00:00Z
391924,Aparcabicicletas,16,SOL,1,CENTRO,OPERATIVO,440108.52,4474221.32,ETRS89,,,CALLE,MAYOR,8,28013,,20007086,,1110905,MU24,MU-51,2026-01-10T00:00:00Z
3919436,Aparcabicicletas,164,PINAR DEL REY,16,HORTALEZA,OPERATIVO,445176.28,4480756.33,ETRS89,,,CALLE,MAR DE LAS ANTILLAS,10,28033,,31012936,2017-03-01T00:00:00Z,4064897,MU24,MU-51,2026-01-10T00:00:00Z
3919831,Aparcabicicletas,165,APOSTOL SANTIAGO,16,HORTALEZA,OPERATIVO,443967.49,4481014.53,ETRS89,,,CALLE,VELEZ RUBIO,111,28033,,11121985,2017-03-01T00:00:00Z,4065044,MU24,MU-38,2026-01-10T00:00:00Z
3920042,Aparcabicicletas,155,SAN PASCUAL,15,CIUDAD LINEAL,OPERATIVO,444502.29,4476634.35,ETRS89,,,CALLE,VIRGEN DE AFRICA,11,28027,,31015872,2017-03-01T00:00:00Z,4065184,MU24,MU-51,2026-01-10T00:00:00Z
3920237,Aparcabicicletas,153,QUINTANA,15,CIUDAD LINEAL,OPERATIVO,444733.38,4476285.52,ETRS89,,,CALLE,JOSE DEL HIERRO,1,28027,,20094442,2017-03-01T00:00:00Z,4065285,MU24,MU-51,2026-01-10T00:00:00Z
392030,Aparcabicicletas,76,VALLEHERMOSO,7,CHAMBERI,OPERATIVO,439600.589,4476973.483,ETRS89,,,CALLE,MELQUIADES ALVAREZ,8,28003,,11042618,,1088340,MU24,MU-51,2026-01-10T00:00:00Z
3920356,Aparcabicicletas,152,PUEBLO NUEVO,15,CIUDAD LINEAL,OPERATIVO,445556.8,4475634.64,ETRS89,,,CALLE,ASCAO,4,28017,,20169142,2017-03-01T00:00:00Z,4065380,MU24,MU-51,2026-01-10T00:00:00Z
3920448,Aparcabicicletas,206,REJAS,20,SAN BLAS-CANILLEJAS,OPERATIVO,449833.12,4477532.15,ETRS89,,,CALLE,EUTERPE,5,28022,,31007801,2017-03-01T00:00:00Z,4065433,MU24,MU-51,2026-01-10T00:00:00Z
3920470,Aparcabicicletas,154,LA CONCEPCIÓN,15,CIUDAD LINEAL,OPERATIVO,444700.72,4476306.59,ETRS89,,,CALLE,JOSE DEL HIERRO,1,28027,,20094442,2017-03-01T00:00:00Z,4065444,MU24,MU-51,2026-01-10T00:00:00Z
3920832,Aparcabicicletas,166,VALDEFUENTES,16,HORTALEZA,OPERATIVO,446932.28,4480955.36,ETRS89,,,CALLE,PROVISIONAL CARCAVAS OESTE UNO,38,28055,,31026279,2017-04-01T00:00:00Z,4065636,MU24,,2026-01-10T00:00:00Z
3921042,Aparcabicicletas,155,SAN PASCUAL,15,CIUDAD LINEAL,OPERATIVO,444774.87,4476838.5,ETRS89,,,CALLE,CANAL DE PANAMA,8,28027,,11110958,2017-04-01T00:00:00Z,4065765,MU24,MU-51,2026-01-10T00:00:00Z
3908193,Aparcabicicletas,166,VALDEFUENTES,16,HORTALEZA,OPERATIVO,448710.91,4481882.14,ETRS89,,,CALLE,FERNANDO HIGUERAS,105,28055,,31039443,2018-01-01T00:00:00Z,4061310,MU24,MU-51,2026-01-10T00:00:00Z
3908195,Aparcabicicletas,166,VALDEFUENTES,16,HORTALEZA,OPERATIVO,448710.91,4481880.59,ETRS89,,,CALLE,FERNANDO HIGUERAS,105,28055,,31039443,2018-01-01T00:00:00Z,4061312,MU24,MU-51,2026-01-10T00:00:00Z
3908197,Aparcabicicletas,166,VALDEFUENTES,16,HORTALEZA,OPERATIVO,448710.87,4481878.84,ETRS89,,,CALLE,FERNANDO HIGUERAS,105,28055,,31039443,2018-01-01T00:00:00Z,4061314,MU24,MU-51,2026-01-10T00:00:00Z
3908268,Aparcabicicletas,166,VALDEFUENTES,16,HORTALEZA,OPERATIVO,448276.85,4483241.55,ETRS89,,,CALLE,LEANDRO SILVA,29,28055,,31038914,2018-01-01T00:00:00Z,4061352,MU24,,2026-01-10T00:00:00Z
3908272,Aparcabicicletas,166,VALDEFUENTES,16,HORTALEZA,OPERATIVO,448278.5,4483241.55,ETRS89,,,CALLE,LEANDRO SILVA,29,28055,,31038914,2018-01-01T00:00:00Z,4061354,MU24,,2026-01-10T00:00:00Z
3908349,Aparcabicicletas,166,VALDEFUENTES,16,HORTALEZA,OPERATIVO,448761.13,4482474.75,ETRS89,,,CALLE,JOSE ANTONIO FERNANDEZ ORDOÑEZ,65,28055,,31039158,2018-01-01T00:00:00Z,4061392,MU24,MU-51,2026-01-10T00:00:00Z
3908353,Aparcabicicletas,166,VALDEFUENTES,16,HORTALEZA,OPERATIVO,448761.04,4482476.34,ETRS89,,,CALLE,JOSE ANTONIO FERNANDEZ ORDOÑEZ,65,28055,,31039158,2018-01-01T00:00:00Z,4061394,MU24,MU-51,2026-01-10T00:00:00Z
3908361,Aparcabicicletas,166,VALDEFUENTES,16,HORTALEZA,OPERATIVO,448405.06,4482228.98,ETRS89,,,CALLE,ESTANISLAO PEREZ PITA,56,28055,,31043621,2018-01-01T00:00:00Z,4061398,MU24,MU-51,2026-01-10T00:00:00Z
3908363,Aparcabicicletas,166,VALDEFUENTES,16,HORTALEZA,OPERATIVO,448405.2,4482227.44,ETRS89,,,CALLE,ESTANISLAO PEREZ PITA,56,28055,,31043621,2018-01-01T00:00:00Z,4061400,MU24,MU-51,2026-01-10T00:00:00Z
3908400,Aparcabicicletas,166,VALDEFUENTES,16,HORTALEZA,OPERATIVO,448277.24,4483104.25,ETRS89,,,CALLE,FELIX CANDELA,137,28055,,31039074,2018-01-01T00:00:00Z,4061419,MU24,,2026-01-10T00:00:00Z
3908404,Aparcabicicletas,166,VALDEFUENTES,16,HORTALEZA,OPERATIVO,448278.02,4483104.34,ETRS89,,,CALLE,FELIX CANDELA,137,28055,,31039074,2018-01-01T00:00:00Z,4061421,MU24,,2026-01-10T00:00:00Z
3908621,Aparcabicicletas,166,VALDEFUENTES,16,HORTALEZA,OPERATIVO,448220.33,4482043.24,ETRS89,,,CALLE,MARIA REICHE,34,28055,,31039279,2018-01-01T00:00:00Z,4061537,MU24,MU-51,2026-01-10T00:00:00Z
3908624,Aparcabicicletas,166,VALDEFUENTES,16,HORTALEZA,OPERATIVO,448220.27,4482068.41,ETRS89,,,CALLE,MARIA REICHE,29,28055,,31039266,2018-01-01T00:00:00Z,4061539,MU24,MU-51,2026-01-10T00:00:00Z
3908638,Aparcabicicletas,166,VALDEFUENTES,16,HORTALEZA,OPERATIVO,448462.8,4482220.49,ETRS89,,,CALLE,ESTANISLAO PEREZ PITA,66,28055,,31039921,2018-01-01T00:00:00Z,4061546,MU24,MU-51,2026-01-10T00:00:00Z
3921320,Aparcabicicletas,155,SAN PASCUAL,15,CIUDAD LINEAL,OPERATIVO,444503.81,4476634.04,ETRS89,,,CALLE,VIRGEN DE AFRICA,11,28027,,31015872,2017-04-01T00:00:00Z,4065929,MU24,MU-51,2026-01-10T00:00:00Z
3921413,Aparcabicicletas,154,LA CONCEPCIÓN,15,CIUDAD LINEAL,OPERATIVO,444701.58,4476307.44,ETRS89,,,CALLE,JOSE DEL HIERRO,1,28027,,20094442,2017-04-01T00:00:00Z,4066000,MU24,MU-51,2026-01-10T00:00:00Z
3921647,Aparcabicicletas,162,PIOVERA,16,HORTALEZA,OPERATIVO,447225.12,4479038.47,ETRS89,,,CALLE,FLORENCIO CASTILLO,29,28043,,20055058,2017-04-01T00:00:00Z,4066123,MU24,ACB,2026-01-10T00:00:00Z
3922041,Aparcabicicletas,154,LA CONCEPCIÓN,15,CIUDAD LINEAL,OPERATIVO,444442.1,4476235.93,ETRS89,,,CALLE,VIRGEN DE LA ALEGRIA,18,28027,,20083532,2017-04-01T00:00:00Z,4066375,MU24,MU-51,2026-01-10T00:00:00Z
3922312,Aparcabicicletas,166,VALDEFUENTES,16,HORTALEZA,OPERATIVO,446918.84,4480866.02,ETRS89,,,CALLE,PROVISIONAL CARCAVAS OESTE UNO,70,28055,,31028245,2017-04-01T00:00:00Z,4066525,MU24,,2026-01-10T00:00:00Z
392251,Aparcabicicletas,64,ALMENARA,6,TETUAN,OPERATIVO,440955.61,4480514.47,ETRS89,,,CALLE,VIA LIMITE,12A,28029,,31063953,,1094335,MU24,MU-51,2026-01-10T00:00:00Z
3921278,Aparcabicicletas,154,LA CONCEPCIÓN,15,CIUDAD LINEAL,OPERATIVO,444624.98,4476327.4,ETRS89,,,CALLE,VIRGEN DE NURIA,4,28027,,31044468,2017-04-01T00:00:00Z,4065908,MU24,MU-51,2026-01-10T00:00:00Z
3921352,Aparcabicicletas,204,ARCOS,20,SAN BLAS-CANILLEJAS,OPERATIVO,447250.68,4474589.78,ETRS89,,,CALLE,SAN ROMAN DEL VALLE,8,28037,,31017433,2017-04-01T00:00:00Z,4065957,MU24,MU-51,2026-01-10T00:00:00Z
3921444,Aparcabicicletas,205,ROSAS,20,SAN BLAS-CANILLEJAS,OPERATIVO,449133.89,4475747.19,ETRS89,,,CALLE,ESTOCOLMO,59,28022,,31052864,2017-04-01T00:00:00Z,4066018,MU24,ACB,2026-01-10T00:00:00Z
3921718,Aparcabicicletas,206,REJAS,20,SAN BLAS-CANILLEJAS,OPERATIVO,449833.3,4477533.9,ETRS89,,,CALLE,EUTERPE,5,28022,,31007801,2017-04-01T00:00:00Z,4066194,MU24,MU-51,2026-01-10T00:00:00Z
3922303,Aparcabicicletas,166,VALDEFUENTES,16,HORTALEZA,OPERATIVO,446959.27,4481378.85,ETRS89,,,CALLE,FRANCISCO UMBRAL,61,28055,,31043245,2017-04-01T00:00:00Z,4066516,MU24,,2026-01-10T00:00:00Z
3922369,Aparcabicicletas,163,CANILLAS,16,HORTALEZA,OPERATIVO,446589.23,4479419.57,ETRS89,,,CALLE,LAS PEDROÑERAS,1,28043,,20055166,2017-04-01T00:00:00Z,4066563,MU24,MU-51,2026-01-10T00:00:00Z
3922580,Aparcabicicletas,211,ALAMEDA DE OSUNA,21,BARAJAS,OPERATIVO,449927.86,4478038.96,ETRS89,,,CALLE,BALANDRO,1,28042,,31044565,2017-04-01T00:00:00Z,4066670,MU24,MU-51,2026-01-10T00:00:00Z
3922862,Aparcabicicletas,164,PINAR DEL REY,16,HORTALEZA,OPERATIVO,446158.81,4480117.39,ETRS89,,,CALLE,NEVADO DEL RUIZ,4,28033,,20155744,2017-04-01T00:00:00Z,4066847,MU24,MU-51,2026-01-10T00:00:00Z
3923158,Aparcabicicletas,156,SAN JUAN BAUTISTA,15,CIUDAD LINEAL,OPERATIVO,444780.21,4477884.38,ETRS89,,,CALLE,ARTURO SORIA,126,28043,,20179812,2017-04-01T00:00:00Z,4067023,MU24,MU-51,2026-01-10T00:00:00Z
3923208,Aparcabicicletas,155,SAN PASCUAL,15,CIUDAD LINEAL,OPERATIVO,444500.77,4476634.65,ETRS89,,,CALLE,VIRGEN DE AFRICA,11,28027,,31015872,2017-04-01T00:00:00Z,4067056,MU24,MU-51,2026-01-10T00:00:00Z
3923213,Aparcabicicletas,166,VALDEFUENTES,16,HORTALEZA,OPERATIVO,446917.68,4480866.22,ETRS89,,,CALLE,PROVISIONAL CARCAVAS OESTE UNO,70,28055,,31028245,2017-04-01T00:00:00Z,4067061,MU24,,2026-01-10T00:00:00Z
3923298,Aparcabicicletas,163,CANILLAS,16,HORTALEZA,OPERATIVO,446588.39,4479419.62,ETRS89,,,CALLE,LAS PEDROÑERAS,1,28043,,20055166,2017-05-01T00:00:00Z,4067139,MU24,MU-51,2026-01-10T00:00:00Z
3908622,Aparcabicicletas,166,VALDEFUENTES,16,HORTALEZA,OPERATIVO,448222.11,4482043.03,ETRS89,,,CALLE,MARIA REICHE,34,28055,,31039279,2018-01-01T00:00:00Z,4061538,MU24,MU-51,2026-01-10T00:00:00Z
3908626,Aparcabicicletas,166,VALDEFUENTES,16,HORTALEZA,OPERATIVO,448222.26,4482068.4,ETRS89,,,CALLE,MARIA REICHE,29,28055,,31039266,2018-01-01T00:00:00Z,4061540,MU24,MU-51,2026-01-10T00:00:00Z
3908640,Aparcabicicletas,166,VALDEFUENTES,16,HORTALEZA,OPERATIVO,448462.81,4482220.98,ETRS89,,,CALLE,ESTANISLAO PEREZ PITA,66,28055,,31039921,2018-01-01T00:00:00Z,4061547,MU24,MU-51,2026-01-10T00:00:00Z
3908643,Aparcabicicletas,166,VALDEFUENTES,16,HORTALEZA,OPERATIVO,448462.81,4482221.97,ETRS89,,,CALLE,ESTANISLAO PEREZ PITA,66,28055,,31039921,2018-01-01T00:00:00Z,4061549,MU24,MU-51,2026-01-10T00:00:00Z
3908693,Aparcabicicletas,166,VALDEFUENTES,16,HORTALEZA,OPERATIVO,448711.88,4482693.76,ETRS89,,,CALLE,JULIO CANO LASSO,47,28055,,31040778,2018-01-01T00:00:00Z,4061571,MU24,,2026-01-10T00:00:00Z
3908698,Aparcabicicletas,166,VALDEFUENTES,16,HORTALEZA,OPERATIVO,448710.16,4482693.88,ETRS89,,,CALLE,JULIO CANO LASSO,47,28055,,31040778,2018-01-01T00:00:00Z,4061573,MU24,,2026-01-10T00:00:00Z
3908853,Aparcabicicletas,166,VALDEFUENTES,16,HORTALEZA,OPERATIVO,448709.49,4482230.85,ETRS89,,,CALLE,ESTANISLAO PEREZ PITA,71,28055,,31039237,2018-01-01T00:00:00Z,4061663,MU24,MU-51,2026-01-10T00:00:00Z
3908858,Aparcabicicletas,166,VALDEFUENTES,16,HORTALEZA,OPERATIVO,448711.18,4482230.8,ETRS89,,,CALLE,ESTANISLAO PEREZ PITA,71,28055,,31039237,2018-01-01T00:00:00Z,4061665,MU24,MU-51,2026-01-10T00:00:00Z
3908862,Aparcabicicletas,166,VALDEFUENTES,16,HORTALEZA,OPERATIVO,448712.72,4482230.7,ETRS89,,,CALLE,ESTANISLAO PEREZ PITA,71,28055,,31039237,2018-01-01T00:00:00Z,4061667,MU24,MU-51,2026-01-10T00:00:00Z
3908982,Aparcabicicletas,166,VALDEFUENTES,16,HORTALEZA,OPERATIVO,448006.91,4482133.86,ETRS89,,,CALLE,MARIA REICHE,10,28055,,31043294,2018-01-01T00:00:00Z,4061738,MU24,,2026-01-10T00:00:00Z
3909114,Aparcabicicletas,166,VALDEFUENTES,16,HORTALEZA,OPERATIVO,447799.8,4483206.46,ETRS89,,,CALLE,LUIS MOYA BLANCO,78,28055,,31039812,2018-01-01T00:00:00Z,4061912,MU24,,2026-01-10T00:00:00Z
3909116,Aparcabicicletas,166,VALDEFUENTES,16,HORTALEZA,OPERATIVO,447769.41,4483206.47,ETRS89,,,CALLE,LUIS MOYA BLANCO,75,28055,,31039813,2018-01-01T00:00:00Z,4061914,MU24,,2026-01-10T00:00:00Z
3909492,Aparcabicicletas,205,ROSAS,20,SAN BLAS-CANILLEJAS,OPERATIVO,449134.16,4475745.77,ETRS89,,,CALLE,ESTOCOLMO,59,28022,,31052864,2017-01-01T00:00:00Z,4062109,MU24,ACB,2026-01-10T00:00:00Z
3923443,Aparcabicicletas,166,VALDEFUENTES,16,HORTALEZA,OPERATIVO,446958.39,4481378.88,ETRS89,,,CALLE,FRANCISCO UMBRAL,61,28055,,31043245,2017-05-01T00:00:00Z,4067217,MU24,,2026-01-10T00:00:00Z
392356,Aparcabicicletas,75,RIOS ROSAS,7,CHAMBERI,OPERATIVO,440732.33,4477517.48,ETRS89,,,CALLE,RAIMUNDO FERNANDEZ VILLAVERDE,32,28003,,11042290,,1111012,MU24,MU-51,2026-01-10T00:00:00Z
3923609,Aparcabicicletas,164,PINAR DEL REY,16,HORTALEZA,OPERATIVO,445178.77,4480753.57,ETRS89,,,CALLE,MAR DE LAS ANTILLAS,10,28033,,31012936,2017-05-01T00:00:00Z,4067296,MU24,MU-51,2026-01-10T00:00:00Z
3923626,Aparcabicicletas,211,ALAMEDA DE OSUNA,21,BARAJAS,OPERATIVO,449438.14,4478071.23,ETRS89,,,CALLE,NORAY,13,28042,,20047395,2017-05-01T00:00:00Z,4067306,MU24,MU-51,2026-01-10T00:00:00Z
3922838,Aparcabicicletas,162,PIOVERA,16,HORTALEZA,OPERATIVO,444836.63,4478518.99,ETRS89,,,CALLE,PUERTO DE SANTA MARIA,16,28043,,11114817,2017-04-01T00:00:00Z,4066832,MU24,MU-51,2026-01-10T00:00:00Z
392287,Aparcabicicletas,74,ALMAGRO,7,CHAMBERI,OPERATIVO,440829.87,4476467.36,ETRS89,,,CALLE,GARCIA DE PAREDES,37,28010,28010,11041496,2018-05-04T00:00:00Z,1088217,MU24,MU-51,2026-01-10T00:00:00Z
3922936,Aparcabicicletas,154,LA CONCEPCIÓN,15,CIUDAD LINEAL,OPERATIVO,445139.99,4477281.63,ETRS89,,,CALLE,JUAN PEREZ ZUÑIGA,36,28027,,11110427,2017-04-01T00:00:00Z,4066917,MU24,MU-51,2026-01-10T00:00:00Z
3923100,Aparcabicicletas,166,VALDEFUENTES,16,HORTALEZA,OPERATIVO,446934.74,4480954.77,ETRS89,,,CALLE,PROVISIONAL CARCAVAS OESTE UNO,38,28055,,31026279,2017-04-01T00:00:00Z,4066998,MU24,,2026-01-10T00:00:00Z
3923210,Aparcabicicletas,211,ALAMEDA DE OSUNA,21,BARAJAS,OPERATIVO,449546.52,4478204.45,ETRS89,,,CALLE,CATAMARAN,9,28042,,20047353,2017-04-01T00:00:00Z,4067058,MU24,MU-51,2026-01-10T00:00:00Z
3923372,Aparcabicicletas,206,REJAS,20,SAN BLAS-CANILLEJAS,OPERATIVO,450632.06,4477607.75,ETRS89,,,CALLE,CAMPEZO,4,28022,,11136499,2017-05-01T00:00:00Z,4067178,MU24,MU-51,2026-01-10T00:00:00Z
3923437,Aparcabicicletas,166,VALDEFUENTES,16,HORTALEZA,OPERATIVO,446936.94,4481057.45,ETRS89,,,CALLE,PROVISIONAL CARCAVAS OESTE UNO,18,28055,,31046860,2017-05-01T00:00:00Z,4067213,MU24,,2026-01-10T00:00:00Z
3908642,Aparcabicicletas,166,VALDEFUENTES,16,HORTALEZA,OPERATIVO,448462.81,4482221.56,ETRS89,,,CALLE,ESTANISLAO PEREZ PITA,66,28055,,31039921,2018-01-01T00:00:00Z,4061548,MU24,MU-51,2026-01-10T00:00:00Z
3908690,Aparcabicicletas,166,VALDEFUENTES,16,HORTALEZA,OPERATIVO,448712.75,4482693.88,ETRS89,,,CALLE,JULIO CANO LASSO,47,28055,,31040778,2018-01-01T00:00:00Z,4061570,MU24,,2026-01-10T00:00:00Z
3908695,Aparcabicicletas,166,VALDEFUENTES,16,HORTALEZA,OPERATIVO,448711.02,4482693.88,ETRS89,,,CALLE,JULIO CANO LASSO,47,28055,,31040778,2018-01-01T00:00:00Z,4061572,MU24,,2026-01-10T00:00:00Z
3908701,Aparcabicicletas,166,VALDEFUENTES,16,HORTALEZA,OPERATIVO,448709.48,4482693.88,ETRS89,,,CALLE,JULIO CANO LASSO,47,28055,,31040778,2018-01-01T00:00:00Z,4061574,MU24,,2026-01-10T00:00:00Z
3908855,Aparcabicicletas,166,VALDEFUENTES,16,HORTALEZA,OPERATIVO,448710.24,4482230.8,ETRS89,,,CALLE,ESTANISLAO PEREZ PITA,71,28055,,31039237,2018-01-01T00:00:00Z,4061664,MU24,MU-51,2026-01-10T00:00:00Z
3908860,Aparcabicicletas,166,VALDEFUENTES,16,HORTALEZA,OPERATIVO,448711.93,4482230.75,ETRS89,,,CALLE,ESTANISLAO PEREZ PITA,71,28055,,31039237,2018-01-01T00:00:00Z,4061666,MU24,MU-51,2026-01-10T00:00:00Z
3908980,Aparcabicicletas,166,VALDEFUENTES,16,HORTALEZA,OPERATIVO,448005.68,4482134.79,ETRS89,,,CALLE,MARIA REICHE,10,28055,,31043294,2018-01-01T00:00:00Z,4061737,MU24,,2026-01-10T00:00:00Z
3908985,Aparcabicicletas,166,VALDEFUENTES,16,HORTALEZA,OPERATIVO,448021.98,4482154.92,ETRS89,,,CALLE,MARIA REICHE,7,28055,,31039242,2018-01-01T00:00:00Z,4061740,MU24,,2026-01-10T00:00:00Z
3909113,Aparcabicicletas,166,VALDEFUENTES,16,HORTALEZA,OPERATIVO,447799.88,4483212.21,ETRS89,,,CALLE,LUIS MOYA BLANCO,78,28055,,31039812,2018-01-01T00:00:00Z,4061911,MU24,,2026-01-10T00:00:00Z
3909115,Aparcabicicletas,166,VALDEFUENTES,16,HORTALEZA,OPERATIVO,447769.7,4483211.98,ETRS89,,,CALLE,LUIS MOYA BLANCO,75,28055,,31039813,2018-01-01T00:00:00Z,4061913,MU24,,2026-01-10T00:00:00Z
390926,Aparcabicicletas,64,ALMENARA,6,TETUAN,OPERATIVO,440953.57,4480513.48,ETRS89,,,CALLE,VIA LIMITE,12A,28029,,31063953,,1094332,MU24,MU-51,2026-01-10T00:00:00Z
3909865,Aparcabicicletas,211,ALAMEDA DE OSUNA,21,BARAJAS,OPERATIVO,450772.99,4479228.5,ETRS89,,,CALLE,RIAÑO,9,28042,,11139933,2017-02-01T00:00:00Z,4062278,MU24,MU-51,2026-01-10T00:00:00Z
3910035,Aparcabicicletas,153,QUINTANA,15,CIUDAD LINEAL,OPERATIVO,444735.13,4476284.43,ETRS89,,,CALLE,JOSE DEL HIERRO,1,28027,,20094442,2017-02-01T00:00:00Z,4062373,MU24,MU-51,2026-01-10T00:00:00Z
3923868,Aparcabicicletas,154,LA CONCEPCIÓN,15,CIUDAD LINEAL,OPERATIVO,444807.17,4476408.36,ETRS89,,,CALLE,JOSE DEL HIERRO,3,28027,,20094445,2017-05-01T00:00:00Z,4067462,MU24,MU-51,2026-01-10T00:00:00Z
3924008,Aparcabicicletas,164,PINAR DEL REY,16,HORTALEZA,OPERATIVO,445343.57,4480805.43,ETRS89,,,CALLE,MAR MENOR,25,28033,,11119370,2017-05-01T00:00:00Z,4067557,MU24,MU-51,2026-01-10T00:00:00Z
3924346,Aparcabicicletas,166,VALDEFUENTES,16,HORTALEZA,OPERATIVO,446938.09,4481057.38,ETRS89,,,CALLE,PROVISIONAL CARCAVAS OESTE UNO,18,28055,,31046860,2017-05-01T00:00:00Z,4067783,MU24,,2026-01-10T00:00:00Z
3924538,Aparcabicicletas,166,VALDEFUENTES,16,HORTALEZA,OPERATIVO,446583.52,4481581.24,ETRS89,,,CALLE,HERMANOS GASCON,76,28055,,31052128,2017-05-01T00:00:00Z,4067868,MU24,,2026-01-10T00:00:00Z
3924666,Aparcabicicletas,211,ALAMEDA DE OSUNA,21,BARAJAS,OPERATIVO,449545.61,4478204.01,ETRS89,,,CALLE,CATAMARAN,9,28042,,20047353,2017-05-01T00:00:00Z,4067921,MU24,MU-51,2026-01-10T00:00:00Z
3924846,Aparcabicicletas,164,PINAR DEL REY,16,HORTALEZA,OPERATIVO,446496.46,4479990.02,ETRS89,,,CALLE,NEVADO DEL CUMBAL,2,28033,,20155841,2017-05-01T00:00:00Z,4068033,MU24,MU-51,2026-01-10T00:00:00Z
3925011,Aparcabicicletas,206,REJAS,20,SAN BLAS-CANILLEJAS,OPERATIVO,450634.22,4477607.62,ETRS89,,,CALLE,ZAMBRANA,2,28022,,20090569,2017-05-01T00:00:00Z,4068135,MU24,MU-51,2026-01-10T00:00:00Z
3925094,Aparcabicicletas,214,TIMON,21,BARAJAS,OPERATIVO,446979.29,4481366.49,ETRS89,,,CALLE,FRANCISCO UMBRAL,59,28055,,31043244,2017-05-01T00:00:00Z,4068196,MU24,,2026-01-10T00:00:00Z
3925157,Aparcabicicletas,205,ROSAS,20,SAN BLAS-CANILLEJAS,OPERATIVO,449137.28,4475745.01,ETRS89,,,CALLE,ESTOCOLMO,59,28022,,31052864,2017-05-01T00:00:00Z,4068231,MU24,ACB,2026-01-10T00:00:00Z
3925393,Aparcabicicletas,211,ALAMEDA DE OSUNA,21,BARAJAS,OPERATIVO,449542.76,4478202.33,ETRS89,,,CALLE,CATAMARAN,9,28042,,20047353,2017-05-01T00:00:00Z,4068377,MU24,MU-51,2026-01-10T00:00:00Z
3925496,Aparcabicicletas,164,PINAR DEL REY,16,HORTALEZA,OPERATIVO,446158.69,4480116.32,ETRS89,,,CALLE,NEVADO DEL RUIZ,4,28033,,20155744,2017-05-01T00:00:00Z,4068437,MU24,MU-51,2026-01-10T00:00:00Z
3925630,Aparcabicicletas,154,LA CONCEPCIÓN,15,CIUDAD LINEAL,OPERATIVO,444440.79,4476235.32,ETRS89,,,CALLE,VIRGEN DE LA ALEGRIA,18,28027,,20083532,2017-05-01T00:00:00Z,4068529,MU24,MU-51,2026-01-10T00:00:00Z
3925760,Aparcabicicletas,211,ALAMEDA DE OSUNA,21,BARAJAS,OPERATIVO,449544.7,4478203.39,ETRS89,,,CALLE,CATAMARAN,9,28042,,20047353,2017-05-01T00:00:00Z,4068610,MU24,MU-51,2026-01-10T00:00:00Z
3925844,Aparcabicicletas,211,ALAMEDA DE OSUNA,21,BARAJAS,OPERATIVO,449543.7,4478202.77,ETRS89,,,CALLE,CATAMARAN,9,28042,,20047353,2017-05-01T00:00:00Z,4068661,MU24,MU-51,2026-01-10T00:00:00Z
3926170,Aparcabicicletas,154,LA CONCEPCIÓN,15,CIUDAD LINEAL,OPERATIVO,444699.97,4476305.81,ETRS89,,,CALLE,JOSE DEL HIERRO,1,28027,,20094442,2017-06-01T00:00:00Z,4068850,MU24,MU-51,2026-01-10T00:00:00Z
3926214,Aparcabicicletas,211,ALAMEDA DE OSUNA,21,BARAJAS,OPERATIVO,449540.08,4478190.67,ETRS89,,,CALLE,CATAMARAN,9,28042,,20047353,2017-06-01T00:00:00Z,4068894,MU24,MU-38,2026-01-10T00:00:00Z
3926418,Aparcabicicletas,205,ROSAS,20,SAN BLAS-CANILLEJAS,OPERATIVO,449138.49,4475746.65,ETRS89,,,CALLE,ESTOCOLMO,59,28022,,31052864,2017-06-01T00:00:00Z,4069015,MU24,ACB,2026-01-10T00:00:00Z
3926543,Aparcabicicletas,156,SAN JUAN BAUTISTA,15,CIUDAD LINEAL,OPERATIVO,444779.61,4477885.36,ETRS89,,,CALLE,ARTURO SORIA,126,28043,,20179812,2017-06-01T00:00:00Z,4069082,MU24,MU-51,2026-01-10T00:00:00Z
3926726,Aparcabicicletas,165,APOSTOL SANTIAGO,16,HORTALEZA,OPERATIVO,444407.05,4481047.55,ETRS89,,,CALLE,MONOVAR,19,28033,,11122150,2017-06-01T00:00:00Z,4069209,MU24,MU-51,2026-01-10T00:00:00Z
3926760,Aparcabicicletas,154,LA CONCEPCIÓN,15,CIUDAD LINEAL,OPERATIVO,444439.48,4476235.05,ETRS89,,,CALLE,VIRGEN DE LA ALEGRIA,18,28027,,20083532,2017-06-01T00:00:00Z,4069239,MU24,MU-51,2026-01-10T00:00:00Z
3926901,Aparcabicicletas,154,LA CONCEPCIÓN,15,CIUDAD LINEAL,OPERATIVO,444805.99,4476409.79,ETRS89,,,CALLE,JOSE DEL HIERRO,3,28027,,20094445,2017-06-01T00:00:00Z,4069312,MU24,MU-51,2026-01-10T00:00:00Z
3927011,Aparcabicicletas,152,PUEBLO NUEVO,15,CIUDAD LINEAL,OPERATIVO,445555.72,4475633.97,ETRS89,,,CALLE,ASCAO,4,28017,,20169142,2017-06-01T00:00:00Z,4069370,MU24,MU-51,2026-01-10T00:00:00Z
3927070,Aparcabicicletas,154,LA CONCEPCIÓN,15,CIUDAD LINEAL,OPERATIVO,444623.96,4476326.9,ETRS89,,,CALLE,VIRGEN DE NURIA,4,28027,,31044468,2017-06-01T00:00:00Z,4069399,MU24,MU-51,2026-01-10T00:00:00Z
3909907,Aparcabicicletas,154,LA CONCEPCIÓN,15,CIUDAD LINEAL,OPERATIVO,444444.05,4476237.67,ETRS89,,,CALLE,VIRGEN DE LA ALEGRIA,18,28027,,20083532,2017-02-01T00:00:00Z,4062311,MU24,MU-51,2026-01-10T00:00:00Z
3910304,Aparcabicicletas,155,SAN PASCUAL,15,CIUDAD LINEAL,OPERATIVO,444499.25,4476634.96,ETRS89,,,CALLE,VIRGEN DE AFRICA,11,28027,,31015872,2017-02-01T00:00:00Z,4062462,MU24,MU-51,2026-01-10T00:00:00Z
3910845,Aparcabicicletas,201,SIMANCAS,20,SAN BLAS-CANILLEJAS,OPERATIVO,446857.68,4476833.47,ETRS89,,,CALLE,VALENTIN BEATO,6,28037,,11133784,2017-02-01T00:00:00Z,4062597,MU24,,2026-01-10T00:00:00Z
3911056,Aparcabicicletas,164,PINAR DEL REY,16,HORTALEZA,OPERATIVO,446497.9,4479992.27,ETRS89,,,CALLE,NEVADO DEL CUMBAL,2,28033,,20155841,2017-02-01T00:00:00Z,4062651,MU24,MU-51,2026-01-10T00:00:00Z
391236,Aparcabicicletas,64,ALMENARA,6,TETUAN,OPERATIVO,441438.57,4479864.94,ETRS89,,,CALLE,SAN AQUILINO,2,28029,,20057574,,1110818,MU24,MU-51,2026-01-10T00:00:00Z
3912563,Aparcabicicletas,164,PINAR DEL REY,16,HORTALEZA,OPERATIVO,446159.11,4480119.25,ETRS89,,,CALLE,NEVADO DEL RUIZ,4,28033,,20155744,2017-02-01T00:00:00Z,4063050,MU24,MU-51,2026-01-10T00:00:00Z
3923480,Aparcabicicletas,208,EL SALVADOR,20,SAN BLAS-CANILLEJAS,OPERATIVO,446253.48,4476801.5,ETRS89,,,CALLE,RIOBAMBA,11,28027,,20109446,2017-05-01T00:00:00Z,4067234,MU24,MU-51,2026-01-10T00:00:00Z
3923561,Aparcabicicletas,201,SIMANCAS,20,SAN BLAS-CANILLEJAS,OPERATIVO,446859.02,4476829.22,ETRS89,,,CALLE,VALENTIN BEATO,6,28037,,11133784,2017-05-01T00:00:00Z,4067273,MU24,,2026-01-10T00:00:00Z
3923619,Aparcabicicletas,166,VALDEFUENTES,16,HORTALEZA,OPERATIVO,446354.65,4481849.55,ETRS89,,,CALLE,ROCIO JURADO,44,28055,,31044007,2017-05-01T00:00:00Z,4067300,MU24,,2026-01-10T00:00:00Z
3923795,Aparcabicicletas,204,ARCOS,20,SAN BLAS-CANILLEJAS,OPERATIVO,447248.05,4474588.27,ETRS89,,,CALLE,SAN ROMAN DEL VALLE,8,28037,,31017433,2017-05-01T00:00:00Z,4067429,MU24,MU-51,2026-01-10T00:00:00Z
3923930,Aparcabicicletas,163,CANILLAS,16,HORTALEZA,OPERATIVO,445862.21,4480003.2,ETRS89,,,CALLE,AREQUIPA,12,28043,,20118564,2017-05-01T00:00:00Z,4067513,MU24,MU-51,2026-01-10T00:00:00Z
3924189,Aparcabicicletas,166,VALDEFUENTES,16,HORTALEZA,OPERATIVO,446961.33,4481378.79,ETRS89,,,CALLE,FRANCISCO UMBRAL,61,28055,,31043245,2017-05-01T00:00:00Z,4067698,MU24,,2026-01-10T00:00:00Z
3924546,Aparcabicicletas,208,EL SALVADOR,20,SAN BLAS-CANILLEJAS,OPERATIVO,446254.31,4476798.67,ETRS89,,,CALLE,RIOBAMBA,11,28027,,20109446,2017-05-01T00:00:00Z,4067872,MU24,MU-51,2026-01-10T00:00:00Z
3924720,Aparcabicicletas,164,PINAR DEL REY,16,HORTALEZA,OPERATIVO,446158.57,4480115.18,ETRS89,,,CALLE,NEVADO DEL RUIZ,4,28033,,20155744,2017-05-01T00:00:00Z,4067963,MU24,MU-51,2026-01-10T00:00:00Z
392500,Aparcabicicletas,75,RIOS ROSAS,7,CHAMBERI,OPERATIVO,440796.62,4477540.39,ETRS89,,,CALLE,RAIMUNDO FERNANDEZ VILLAVERDE,43,28003,,11029240,,1088255,MU24,MU-51,2026-01-10T00:00:00Z
3925165,Aparcabicicletas,165,APOSTOL SANTIAGO,16,HORTALEZA,OPERATIVO,444021.08,4480985.39,ETRS89,,,CALLE,SOMONTIN,59,28033,,20064870,2017-05-01T00:00:00Z,4068236,MU24,MU-51,2026-01-10T00:00:00Z
3925259,Aparcabicicletas,211,ALAMEDA DE OSUNA,21,BARAJAS,OPERATIVO,449437.68,4478070.38,ETRS89,,,CALLE,NORAY,13,28042,,20047395,2017-05-01T00:00:00Z,4068307,MU24,MU-51,2026-01-10T00:00:00Z
3925568,Aparcabicicletas,152,PUEBLO NUEVO,15,CIUDAD LINEAL,OPERATIVO,445553.5,4475633.42,ETRS89,,,CALLE,ASCAO,4,28017,,20169142,2017-05-01T00:00:00Z,4068489,MU24,MU-51,2026-01-10T00:00:00Z
3925684,Aparcabicicletas,163,CANILLAS,16,HORTALEZA,OPERATIVO,446584.88,4479419.55,ETRS89,,,CALLE,LAS PEDROÑERAS,1,28043,,20055166,2017-05-01T00:00:00Z,4068555,MU24,MU-51,2026-01-10T00:00:00Z
3925835,Aparcabicicletas,214,TIMON,21,BARAJAS,OPERATIVO,446979.29,4481365.35,ETRS89,,,CALLE,FRANCISCO UMBRAL,59,28055,,31043244,2017-05-01T00:00:00Z,4068652,MU24,,2026-01-10T00:00:00Z
3926178,Aparcabicicletas,205,ROSAS,20,SAN BLAS-CANILLEJAS,OPERATIVO,449135.23,4475744.51,ETRS89,,,CALLE,ESTOCOLMO,59,28022,,31052864,2017-06-01T00:00:00Z,4068858,MU24,ACB,2026-01-10T00:00:00Z
3926315,Aparcabicicletas,166,VALDEFUENTES,16,HORTALEZA,OPERATIVO,446933.9,4480955.05,ETRS89,,,CALLE,PROVISIONAL CARCAVAS OESTE UNO,38,28055,,31026279,2017-06-01T00:00:00Z,4068957,MU24,,2026-01-10T00:00:00Z
3926378,Aparcabicicletas,154,LA CONCEPCIÓN,15,CIUDAD LINEAL,OPERATIVO,444808.3,4476407.51,ETRS89,,,CALLE,JOSE DEL HIERRO,3,28027,,20094445,2017-06-01T00:00:00Z,4068993,MU24,MU-51,2026-01-10T00:00:00Z
3926449,Aparcabicicletas,211,ALAMEDA DE OSUNA,21,BARAJAS,OPERATIVO,449928.65,4478038.27,ETRS89,,,CALLE,BALANDRO,1,28042,,31044565,2017-06-01T00:00:00Z,4069032,MU24,MU-51,2026-01-10T00:00:00Z
3926601,Aparcabicicletas,154,LA CONCEPCIÓN,15,CIUDAD LINEAL,OPERATIVO,444804.8,4476410.99,ETRS89,,,CALLE,JOSE DEL HIERRO,3,28027,,20094445,2017-06-01T00:00:00Z,4069114,MU24,MU-51,2026-01-10T00:00:00Z
3926690,Aparcabicicletas,154,LA CONCEPCIÓN,15,CIUDAD LINEAL,OPERATIVO,444702.38,4476308.06,ETRS89,,,CALLE,JOSE DEL HIERRO,1,28027,,20094442,2017-06-01T00:00:00Z,4069173,MU24,MU-51,2026-01-10T00:00:00Z
3926737,Aparcabicicletas,154,LA CONCEPCIÓN,15,CIUDAD LINEAL,OPERATIVO,444703.41,4476309.01,ETRS89,,,CALLE,JOSE DEL HIERRO,1,28027,,20094442,2017-06-01T00:00:00Z,4069220,MU24,MU-51,2026-01-10T00:00:00Z
3926951,Aparcabicicletas,165,APOSTOL SANTIAGO,16,HORTALEZA,OPERATIVO,444020.51,4480984.61,ETRS89,,,CALLE,SOMONTIN,59,28033,,20064870,2017-06-01T00:00:00Z,4069338,MU24,MU-51,2026-01-10T00:00:00Z
3927039,Aparcabicicletas,166,VALDEFUENTES,16,HORTALEZA,OPERATIVO,446905.99,4480752.24,ETRS89,,,CALLE,PROVISIONAL CARCAVAS OESTE UNO,100,28055,,31028710,2017-06-01T00:00:00Z,4069384,MU24,,2026-01-10T00:00:00Z
3927072,Aparcabicicletas,166,VALDEFUENTES,16,HORTALEZA,OPERATIVO,446936.17,4481057.45,ETRS89,,,CALLE,PROVISIONAL CARCAVAS OESTE UNO,18,28055,,31046860,2017-06-01T00:00:00Z,4069400,MU24,,2026-01-10T00:00:00Z
3927186,Aparcabicicletas,154,LA CONCEPCIÓN,15,CIUDAD LINEAL,OPERATIVO,444442.85,4476236.55,ETRS89,,,CALLE,VIRGEN DE LA ALEGRIA,18,28027,,20083532,2017-06-01T00:00:00Z,4069473,MU24,MU-51,2026-01-10T00:00:00Z
391150,Aparcabicicletas,13,CORTES,1,CENTRO,OPERATIVO,441108.61,4473803.45,ETRS89,,,CALLE,HUERTAS,75,28014,,31008865,,1089961,MU24,MU-51,2026-01-10T00:00:00Z
3911765,Aparcabicicletas,154,LA CONCEPCIÓN,15,CIUDAD LINEAL,OPERATIVO,444621.96,4476326.01,ETRS89,,,CALLE,VIRGEN DE NURIA,4,28027,,31044468,2017-02-01T00:00:00Z,4062832,MU24,MU-51,2026-01-10T00:00:00Z
3912434,Aparcabicicletas,166,VALDEFUENTES,16,HORTALEZA,OPERATIVO,446933.16,4480955.2,ETRS89,,,CALLE,PROVISIONAL CARCAVAS OESTE UNO,38,28055,,31026279,2017-02-01T00:00:00Z,4063006,MU24,,2026-01-10T00:00:00Z
3912457,Aparcabicicletas,211,ALAMEDA DE OSUNA,21,BARAJAS,OPERATIVO,450596.87,4478796.32,ETRS89,,,CALLE,GALEON,16,28042,,11139966,2017-02-01T00:00:00Z,4063012,MU24,MU-51,2026-01-10T00:00:00Z
3912585,Aparcabicicletas,214,TIMON,21,BARAJAS,OPERATIVO,446979.36,4481367.89,ETRS89,,,CALLE,FRANCISCO UMBRAL,59,28055,,31043244,2017-02-01T00:00:00Z,4063059,MU24,,2026-01-10T00:00:00Z
391276,Aparcabicicletas,15,UNIVERSIDAD,1,CENTRO,OPERATIVO,440287.64,4474659.36,ETRS89,,,CALLE,GRAN VIA,32B,28013,,31024731,,1110981,MU24,MU-51,2026-01-10T00:00:00Z
393466,Aparcabicicletas,76,VALLEHERMOSO,7,CHAMBERI,OPERATIVO,439181.64,4477144.49,ETRS89,,,CALLE,JULIAN ROMEA,20,28003,,11042850,,1088241,MU24,MU-51,2026-01-10T00:00:00Z
393568,Aparcabicicletas,74,ALMAGRO,7,CHAMBERI,OPERATIVO,441354.54,4475661.43,ETRS89,,,CALLE,ZURBARAN,21,28010,,11040978,2011-05-30T00:00:00Z,1088216,MU24,MU-51,2026-01-10T00:00:00Z
393844,Aparcabicicletas,11,PALACIO,1,CENTRO,OPERATIVO,439692.6,4474263.5,ETRS89,,,CALLE,SANTA CLARA,1,28013,,31037355,,1085338,MU24,MU-51,2026-01-10T00:00:00Z
3927794,Aparcabicicletas,166,VALDEFUENTES,16,HORTALEZA,OPERATIVO,446698.71,4481469.13,ETRS89,,,CALLE,MAESTRA DOLORES MARCO,10,28055,,31039871,2017-06-01T00:00:00Z,4069854,MU24,,2026-01-10T00:00:00Z
3927919,Aparcabicicletas,163,CANILLAS,16,HORTALEZA,OPERATIVO,445865.63,4480003.14,ETRS89,,,CALLE,AREQUIPA,12,28043,,20118564,2017-06-01T00:00:00Z,4069920,MU24,MU-51,2026-01-10T00:00:00Z
3927998,Aparcabicicletas,156,SAN JUAN BAUTISTA,15,CIUDAD LINEAL,OPERATIVO,444779.02,4477886.34,ETRS89,,,CALLE,ARTURO SORIA,126,28043,,20179812,2017-06-01T00:00:00Z,4069963,MU24,MU-51,2026-01-10T00:00:00Z
3928179,Aparcabicicletas,154,LA CONCEPCIÓN,15,CIUDAD LINEAL,OPERATIVO,444623.1,4476326.57,ETRS89,,,CALLE,VIRGEN DE NURIA,4,28027,,31044468,2017-06-01T00:00:00Z,4070097,MU24,MU-51,2026-01-10T00:00:00Z
3928237,Aparcabicicletas,154,LA CONCEPCIÓN,15,CIUDAD LINEAL,OPERATIVO,444809.26,4476406.54,ETRS89,,,CALLE,JOSE DEL HIERRO,3,28027,,20094445,2017-06-01T00:00:00Z,4070127,MU24,MU-51,2026-01-10T00:00:00Z
3928300,Aparcabicicletas,166,VALDEFUENTES,16,HORTALEZA,OPERATIVO,446701.66,4481467.63,ETRS89,,,CALLE,MAESTRA DOLORES MARCO,10,28055,,31039871,2017-06-01T00:00:00Z,4070159,MU24,,2026-01-10T00:00:00Z
3928548,Aparcabicicletas,165,APOSTOL SANTIAGO,16,HORTALEZA,OPERATIVO,444019.59,4480983.82,ETRS89,,,CALLE,SOMONTIN,59,28033,,20064870,2017-07-01T00:00:00Z,4070288,MU24,MU-51,2026-01-10T00:00:00Z
3928581,Aparcabicicletas,166,VALDEFUENTES,16,HORTALEZA,OPERATIVO,446920.04,4480865.99,ETRS89,,,CALLE,PROVISIONAL CARCAVAS OESTE UNO,70,28055,,31028245,2017-07-01T00:00:00Z,4070316,MU24,,2026-01-10T00:00:00Z
3928971,Aparcabicicletas,166,VALDEFUENTES,16,HORTALEZA,OPERATIVO,446584.39,4481581.94,ETRS89,,,CALLE,HERMANOS GASCON,76,28055,,31052128,2017-07-01T00:00:00Z,4070531,MU24,,2026-01-10T00:00:00Z
3929009,Aparcabicicletas,206,REJAS,20,SAN BLAS-CANILLEJAS,OPERATIVO,449833.22,4477533.0,ETRS89,,,CALLE,EUTERPE,5,28022,,31007801,2017-07-01T00:00:00Z,4070549,MU24,MU-51,2026-01-10T00:00:00Z
3929089,Aparcabicicletas,164,PINAR DEL REY,16,HORTALEZA,OPERATIVO,446158.96,4480118.35,ETRS89,,,CALLE,NEVADO DEL RUIZ,4,28033,,20155744,2017-07-01T00:00:00Z,4070585,MU24,MU-51,2026-01-10T00:00:00Z
3912570,Aparcabicicletas,164,PINAR DEL REY,16,HORTALEZA,OPERATIVO,445343.54,4480803.81,ETRS89,,,CALLE,MAR MENOR,25,28033,,11119370,2017-02-01T00:00:00Z,4063053,MU24,MU-51,2026-01-10T00:00:00Z
3912682,Aparcabicicletas,153,QUINTANA,15,CIUDAD LINEAL,OPERATIVO,444734.28,4476284.95,ETRS89,,,CALLE,JOSE DEL HIERRO,1,28027,,20094442,2017-02-01T00:00:00Z,4063093,MU24,MU-51,2026-01-10T00:00:00Z
391281,Aparcabicicletas,76,VALLEHERMOSO,7,CHAMBERI,OPERATIVO,439760.62,4477488.49,ETRS89,,,CALLE,GENERAL IBAÑEZ DE IBERO,4A,28003,,31044157,,1088346,MU24,MU-51,2026-01-10T00:00:00Z
3913287,Aparcabicicletas,163,CANILLAS,16,HORTALEZA,OPERATIVO,445863.92,4480003.17,ETRS89,,,CALLE,AREQUIPA,12,28043,,20118564,2017-02-01T00:00:00Z,4063265,MU24,MU-51,2026-01-10T00:00:00Z
393530,Aparcabicicletas,76,VALLEHERMOSO,7,CHAMBERI,OPERATIVO,440292.57,4477567.49,ETRS89,,,CALLE,BRAVO MURILLO,99,28003,,11042382,,1088248,MU24,MU-51,2026-01-10T00:00:00Z
393604,Aparcabicicletas,63,CASTILLEJOS,6,TETUAN,OPERATIVO,440817.62,4478716.46,ETRS89,,,CALLE,INFANTA MERCEDES,47,28020,,11030336,,1089742,MU24,MU-51,2026-01-10T00:00:00Z
394149,Aparcabicicletas,15,UNIVERSIDAD,1,CENTRO,OPERATIVO,440289.55,4474708.41,ETRS89,,,CALLE,MESONERO ROMANOS,17,28004,,20006452,,1085354,MU24,MU-51,2026-01-10T00:00:00Z
394856,Aparcabicicletas,61,BELLAS VISTAS,6,TETUAN,OPERATIVO,439643.32,4478644.02,ETRS89,,,CALLE,ALEJANDRO RODRIGUEZ,39,28039,,11028231,,1110794,MU24,MU-51,2026-01-10T00:00:00Z
394869,Aparcabicicletas,66,BERRUGUETE,6,TETUAN,OPERATIVO,440525.6,4479282.47,ETRS89,,,CALLE,MARQUES DE VIANA,41,28039,,11036732,,1094385,MU24,MU-51,2026-01-10T00:00:00Z
3927328,Aparcabicicletas,166,VALDEFUENTES,16,HORTALEZA,OPERATIVO,446920.84,4480865.91,ETRS89,,,CALLE,PROVISIONAL CARCAVAS OESTE UNO,70,28055,,31028245,2017-06-01T00:00:00Z,4069583,MU24,,2026-01-10T00:00:00Z
3927730,Aparcabicicletas,166,VALDEFUENTES,16,HORTALEZA,OPERATIVO,446670.72,4481366.18,ETRS89,,,CALLE,JUAN DANIEL FULLAONDO,15,28055,,31039883,2017-06-01T00:00:00Z,4069796,MU24,,2026-01-10T00:00:00Z
392795,Aparcabicicletas,15,UNIVERSIDAD,1,CENTRO,OPERATIVO,440464.56,4474823.47,ETRS89,,,CALLE,VALVERDE,22,28004,,11005658,,1085393,MU24,MU-51,2026-01-10T00:00:00Z
3928062,Aparcabicicletas,163,CANILLAS,16,HORTALEZA,OPERATIVO,445860.5,4480003.23,ETRS89,,,CALLE,AREQUIPA,12,28043,,20118564,2017-06-01T00:00:00Z,4070004,MU24,MU-51,2026-01-10T00:00:00Z
3928181,Aparcabicicletas,206,REJAS,20,SAN BLAS-CANILLEJAS,OPERATIVO,449833.29,4477534.7,ETRS89,,,CALLE,EUTERPE,5,28022,,31007801,2017-06-01T00:00:00Z,4070098,MU24,MU-51,2026-01-10T00:00:00Z
3928443,Aparcabicicletas,204,ARCOS,20,SAN BLAS-CANILLEJAS,OPERATIVO,447249.02,4474588.66,ETRS89,,,CALLE,SAN ROMAN DEL VALLE,8,28037,,31017433,2017-06-01T00:00:00Z,4070234,MU24,MU-51,2026-01-10T00:00:00Z
3928926,Aparcabicicletas,208,EL SALVADOR,20,SAN BLAS-CANILLEJAS,OPERATIVO,446253.04,4476803.15,ETRS89,,,CALLE,RIOBAMBA,11,28027,,20109446,2017-07-01T00:00:00Z,4070507,MU24,MU-51,2026-01-10T00:00:00Z
3928985,Aparcabicicletas,162,PIOVERA,16,HORTALEZA,OPERATIVO,444835.72,4478519.57,ETRS89,,,CALLE,PUERTO DE SANTA MARIA,16,28043,,11114817,2017-07-01T00:00:00Z,4070537,MU24,MU-51,2026-01-10T00:00:00Z
3929019,Aparcabicicletas,153,QUINTANA,15,CIUDAD LINEAL,OPERATIVO,444736.2,4476283.8,ETRS89,,,CALLE,JOSE DEL HIERRO,1,28027,,20094442,2017-07-01T00:00:00Z,4070554,MU24,MU-51,2026-01-10T00:00:00Z
3929139,Aparcabicicletas,152,PUEBLO NUEVO,15,CIUDAD LINEAL,OPERATIVO,445554.41,4475633.81,ETRS89,,,CALLE,ASCAO,4,28017,,20169142,2017-07-01T00:00:00Z,4070606,MU24,MU-51,2026-01-10T00:00:00Z
394866,Aparcabicicletas,75,RIOS ROSAS,7,CHAMBERI,OPERATIVO,440423.43,4477268.61,ETRS89,,,CALLE,SANTA ENGRACIA,142,28003,,11042066,,1083370,MU24,MU-51,2026-01-10T00:00:00Z
394928,Aparcabicicletas,11,PALACIO,1,CENTRO,OPERATIVO,439439.72,4473721.94,ETRS89,,,CALLE,DON PEDRO,16,28005,,11000916,,1131237,MU24,MU-51,2026-01-10T00:00:00Z
395474,Aparcabicicletas,75,RIOS ROSAS,7,CHAMBERI,OPERATIVO,440421.44,4477274.62,ETRS89,,,CALLE,SANTA ENGRACIA,142,28003,,11042066,,1083366,MU24,MU-51,2026-01-10T00:00:00Z
396769,Aparcabicicletas,16,SOL,1,CENTRO,OPERATIVO,440003.51,4474204.17,ETRS89,,,CALLE,MAYOR,24,28013,,11007811,,1110902,MU24,MU-51,2026-01-10T00:00:00Z
397150,Aparcabicicletas,62,CUATRO CAMINOS,6,TETUAN,OPERATIVO,440633.28,4477604.41,ETRS89,,,CALLE,DULCINEA,1,28020,,31009760,,1089783,MU24,MU-51,2026-01-10T00:00:00Z
397487,Aparcabicicletas,76,VALLEHERMOSO,7,CHAMBERI,OPERATIVO,439759.62,4477490.5,ETRS89,,,CALLE,GENERAL IBAÑEZ DE IBERO,4A,28003,,31044157,,1088344,MU24,MU-51,2026-01-10T00:00:00Z
397551,Aparcabicicletas,15,UNIVERSIDAD,1,CENTRO,OPERATIVO,440528.47,4474826.51,ETRS89,,,CALLE,FUENCARRAL,29,28004,,11005638,,1085367,MU24,MU-51,2026-01-10T00:00:00Z
397614,Aparcabicicletas,76,VALLEHERMOSO,7,CHAMBERI,OPERATIVO,439871.628,4476716.43,ETRS89,,,CALLE,CEA BERMUDEZ,26,28003,,11042545,,1088353,MU24,MU-51,2026-01-10T00:00:00Z
397947,Aparcabicicletas,76,VALLEHERMOSO,7,CHAMBERI,OPERATIVO,439695.59,4476921.43,ETRS89,,,CALLE,JESUS MAESTRO,3,28003,,11042635,,1088232,MU24,MU-51,2026-01-10T00:00:00Z
3929385,Aparcabicicletas,166,VALDEFUENTES,16,HORTALEZA,OPERATIVO,446582.61,4481580.63,ETRS89,,,CALLE,HERMANOS GASCON,76,28055,,31052128,2017-07-01T00:00:00Z,4070750,MU24,,2026-01-10T00:00:00Z
3929563,Aparcabicicletas,162,PIOVERA,16,HORTALEZA,OPERATIVO,444834.98,4478519.97,ETRS89,,,CALLE,PUERTO DE SANTA MARIA,16,28043,,11114817,2017-07-01T00:00:00Z,4070860,MU24,MU-51,2026-01-10T00:00:00Z
395146,Aparcabicicletas,63,CASTILLEJOS,6,TETUAN,OPERATIVO,441037.64,4479186.39,ETRS89,,,CALLE,FRANCISCO GERVAS,26,28020,,11030792,,1089746,MU24,MU-51,2026-01-10T00:00:00Z
395621,Aparcabicicletas,76,VALLEHERMOSO,7,CHAMBERI,OPERATIVO,439297.73,4477393.76,ETRS89,,,CALLE,POETA ANGELA FIGUERA,10,28003,,11042956,,1111033,MU24,MU-51,2026-01-10T00:00:00Z
395875,Aparcabicicletas,76,VALLEHERMOSO,7,CHAMBERI,OPERATIVO,439012.28,4477177.95,ETRS89,,,CALLE,ISAAC PERAL,60,28040,,11042839,,1110826,MU24,MU-51,2026-01-10T00:00:00Z
396932,Aparcabicicletas,63,CASTILLEJOS,6,TETUAN,OPERATIVO,440741.032,4479013.566,ETRS89,,,CALLE,PENSAMIENTO,2,28020,,11030421,,1128172,MU24,MU-51,2026-01-10T00:00:00Z
397222,Aparcabicicletas,62,CUATRO CAMINOS,6,TETUAN,OPERATIVO,440387.59,4478232.44,ETRS89,,,CALLE,BRAVO MURILLO,162,28020,,11029812,,1089802,MU24,MU-51,2026-01-10T00:00:00Z
397547,Aparcabicicletas,76,VALLEHERMOSO,7,CHAMBERI,OPERATIVO,439178.58,4477144.52,ETRS89,,,CALLE,JULIAN ROMEA,20,28003,,11042850,,1088245,MU24,MU-51,2026-01-10T00:00:00Z
397573,Aparcabicicletas,76,VALLEHERMOSO,7,CHAMBERI,OPERATIVO,440116.88,4477432.46,ETRS89,,,CALLE,MARQUES DE LEMA,7,28003,,11042435,,1128622,MU24,MU-51,2026-01-10T00:00:00Z
397641,Aparcabicicletas,76,VALLEHERMOSO,7,CHAMBERI,OPERATIVO,439696.58,4476918.43,ETRS89,,,CALLE,JESUS MAESTRO,3,28003,,11042635,,1088235,MU24,MU-51,2026-01-10T00:00:00Z
399596,Aparcabicicletas,64,ALMENARA,6,TETUAN,OPERATIVO,440859.54,4480039.56,ETRS89,,,CALLE,MARCELINA,42,28029,,11033017,,1094347,MU24,MU-51,2026-01-10T00:00:00Z
3996987,Aparcabicicletas,163,CANILLAS,16,HORTALEZA,OPERATIVO,446585.94,4479419.63,ETRS89,,,CALLE,LAS PEDROÑERAS,1,28043,,20055166,2017-05-01T00:00:00Z,4067368,MU24,MU-51,2026-01-10T00:00:00Z
3929596,Aparcabicicletas,166,VALDEFUENTES,16,HORTALEZA,OPERATIVO,446672.32,4481367.86,ETRS89,,,CALLE,JUAN DANIEL FULLAONDO,15,28055,,31039883,2017-07-01T00:00:00Z,4070878,MU24,,2026-01-10T00:00:00Z
393022,Aparcabicicletas,71,GAZTAMBIDE,7,CHAMBERI,OPERATIVO,439531.51,4476484.72,ETRS89,,,CALLE,GUZMAN EL BUENO,75,28015,,11039033,,1088207,MU24,MU-51,2026-01-10T00:00:00Z
398527,Aparcabicicletas,64,ALMENARA,6,TETUAN,OPERATIVO,441486.63,4479982.68,ETRS89,,,CALLE,SAN BENITO,6,28029,,11031825,,1125306,MU24,MU-51,2026-01-10T00:00:00Z
398588,Aparcabicicletas,14,JUSTICIA,1,CENTRO,OPERATIVO,440875.59,4475080.41,ETRS89,,,CALLE,SAN GREGORIO,10,28004,,31037770,,1093806,MU24,MU-51,2026-01-10T00:00:00Z
398983,Aparcabicicletas,73,TRAFALGAR,7,CHAMBERI,OPERATIVO,440901.7,4475712.61,ETRS89,,,CALLE,SANTA ENGRACIA,13,28010,,11040783,,1110834,MU24,MU-51,2026-01-10T00:00:00Z
399191,Aparcabicicletas,73,TRAFALGAR,7,CHAMBERI,OPERATIVO,440904.55,4475708.48,ETRS89,,,CALLE,SANTA ENGRACIA,13,28010,,11040783,,1088183,MU24,MU-51,2026-01-10T00:00:00Z
400253,Aparcabicicletas,75,RIOS ROSAS,7,CHAMBERI,OPERATIVO,440730.13,4477517.72,ETRS89,,,CALLE,RAIMUNDO FERNANDEZ VILLAVERDE,32,28003,,11042290,,1111010,MU24,MU-51,2026-01-10T00:00:00Z
398110,Aparcabicicletas,71,GAZTAMBIDE,7,CHAMBERI,OPERATIVO,439345.63,4476585.46,ETRS89,,,CALLE,JOAQUIN MARIA LOPEZ,50,28015,,20013348,,1088199,MU24,MU-51,2026-01-10T00:00:00Z
398268,Aparcabicicletas,72,ARAPILES,7,CHAMBERI,OPERATIVO,440033.58,4476074.4,ETRS89,,,CALLE,ARAPILES,10,28015,,11039613,,1080425,MU24,MU-51,2026-01-10T00:00:00Z
3929574,Aparcabicicletas,204,ARCOS,20,SAN BLAS-CANILLEJAS,OPERATIVO,447251.49,4474590.48,ETRS89,,,CALLE,SAN ROMAN DEL VALLE,8,28037,,31017433,2017-07-01T00:00:00Z,4070866,MU24,MU-51,2026-01-10T00:00:00Z
392980,Aparcabicicletas,11,PALACIO,1,CENTRO,OPERATIVO,439528.02,4474086.11,ETRS89,,,CALLE,MAYOR,86,28013,,11000048,,1110898,MU24,MU-51,2026-01-10T00:00:00Z
398422,Aparcabicicletas,64,ALMENARA,6,TETUAN,OPERATIVO,441686.51,4480435.91,ETRS89,,,CALLE,LUIS ESTEBAN,1,28029,,31040996,,1126780,MU24,MU-36,2026-01-10T00:00:00Z
398540,Aparcabicicletas,75,RIOS ROSAS,7,CHAMBERI,OPERATIVO,441036.55,4477293.4,ETRS89,,,CALLE,AGUSTIN DE BETANCOURT,15,28003,,20014624,2012-06-30T00:00:00Z,1088313,MU24,MU-51,2026-01-10T00:00:00Z
398567,Aparcabicicletas,64,ALMENARA,6,TETUAN,OPERATIVO,441434.2,4479859.2,ETRS89,,,CALLE,SAN AQUILINO,2,28029,,20057574,,1110812,MU24,MU-51,2026-01-10T00:00:00Z
400612,Aparcabicicletas,12,EMBAJADORES,1,CENTRO,OPERATIVO,440659.04,4473701.76,ETRS89,,,CALLE,SANTA ISABEL,10,28012,,11002560,,1141493,MU24,MU-51,2026-01-10T00:00:00Z
400660,Aparcabicicletas,76,VALLEHERMOSO,7,CHAMBERI,OPERATIVO,439869.592,4476716.446,ETRS89,,,CALLE,CEA BERMUDEZ,26,28003,,11042545,,1088352,MU24,MU-51,2026-01-10T00:00:00Z
400879,Aparcabicicletas,76,VALLEHERMOSO,7,CHAMBERI,OPERATIVO,440286.7,4477383.82,ETRS89,,,CALLE,BRAVO MURILLO,85,28003,,11042375,,1139486,MU24,MU-51,2026-01-10T00:00:00Z
401712,Aparcabicicletas,72,ARAPILES,7,CHAMBERI,OPERATIVO,440169.7,4476018.36,ETRS89,,,CALLE,MAGALLANES,3,28015,,11039624,,1128776,MU24,MU-51,2026-01-10T00:00:00Z
402047,Aparcabicicletas,76,VALLEHERMOSO,7,CHAMBERI,OPERATIVO,439760.63,4477489.49,ETRS89,,,CALLE,GENERAL IBAÑEZ DE IBERO,4A,28003,,31044157,,1088345,MU24,MU-51,2026-01-10T00:00:00Z
403162,Aparcabicicletas,14,JUSTICIA,1,CENTRO,OPERATIVO,440604.6,4475355.41,ETRS89,,,CALLE,BARCELO,9,28004,,11005237,,1090036,MU24,MU-51,2026-01-10T00:00:00Z
399661,Aparcabicicletas,62,CUATRO CAMINOS,6,TETUAN,OPERATIVO,440387.63,4478236.43,ETRS89,,,CALLE,BRAVO MURILLO,162,28020,,11029812,,1089805,MU24,MU-51,2026-01-10T00:00:00Z
3996941,Aparcabicicletas,166,VALDEFUENTES,16,HORTALEZA,OPERATIVO,446908.56,4480754.55,ETRS89,,,CALLE,PROVISIONAL CARCAVAS OESTE UNO,100,28055,,31028710,2017-03-01T00:00:00Z,4064658,MU24,,2026-01-10T00:00:00Z
3997015,Aparcabicicletas,215,CORRALEJOS,21,BARAJAS,OPERATIVO,449649.64,4479896.61,ETRS89,,,CALLE,BAHIA DE MALAGA,20,28042,,31049849,2019-11-18T00:00:00Z,4070908,MU24,MU-51,2026-01-10T00:00:00Z
3997017,Aparcabicicletas,215,CORRALEJOS,21,BARAJAS,OPERATIVO,449650.76,4479894.69,ETRS89,,,CALLE,BAHIA DE MALAGA,20,28042,,31049849,2019-11-18T00:00:00Z,4070910,MU24,MU-51,2026-01-10T00:00:00Z
3997019,Aparcabicicletas,215,CORRALEJOS,21,BARAJAS,OPERATIVO,449651.88,4479892.93,ETRS89,,,CALLE,BAHIA DE MALAGA,20,28042,,31049849,2019-11-18T00:00:00Z,4070912,MU24,MU-51,2026-01-10T00:00:00Z
400395,Aparcabicicletas,64,ALMENARA,6,TETUAN,OPERATIVO,441349.56,4479758.41,ETRS89,,,CALLE,CONDE DEL SERRALLO,4,28029,,20056824,,1094325,MU24,MU-51,2026-01-10T00:00:00Z
400721,Aparcabicicletas,71,GAZTAMBIDE,7,CHAMBERI,OPERATIVO,439514.58,4476195.46,ETRS89,,,CALLE,FERNANDO EL CATOLICO,52,28015,,20013232,,1088286,MU24,MU-51,2026-01-10T00:00:00Z
400884,Aparcabicicletas,76,VALLEHERMOSO,7,CHAMBERI,OPERATIVO,440286.88,4477384.7,ETRS89,,,CALLE,BRAVO MURILLO,85,28003,,11042375,,1139485,MU24,MU-51,2026-01-10T00:00:00Z
402128,Aparcabicicletas,76,VALLEHERMOSO,7,CHAMBERI,OPERATIVO,440207.53,4477145.34,ETRS89,,,CALLE,ESQUILACHE,2,28003,,11042384,2022-02-17T00:00:00Z,1111044,MU24,MU-51,2026-01-10T00:00:00Z
403111,Aparcabicicletas,63,CASTILLEJOS,6,TETUAN,OPERATIVO,441038.56,4479185.5,ETRS89,,,CALLE,FRANCISCO GERVAS,26,28020,,11030792,,1089747,MU24,MU-51,2026-01-10T00:00:00Z
403454,Aparcabicicletas,65,VALDEACEDERAS,6,TETUAN,OPERATIVO,440805.61,4479952.4,ETRS89,,,CALLE,PINOS ALTA,60,28029,,20011860,,1089855,MU24,MU-51,2026-01-10T00:00:00Z
3997016,Aparcabicicletas,215,CORRALEJOS,21,BARAJAS,OPERATIVO,449650.2,4479895.61,ETRS89,,,CALLE,BAHIA DE MALAGA,20,28042,,31049849,2019-11-18T00:00:00Z,4070909,MU24,MU-51,2026-01-10T00:00:00Z
3997018,Aparcabicicletas,215,CORRALEJOS,21,BARAJAS,OPERATIVO,449651.31,4479893.79,ETRS89,,,CALLE,BAHIA DE MALAGA,20,28042,,31049849,2019-11-18T00:00:00Z,4070911,MU24,MU-51,2026-01-10T00:00:00Z
399746,Aparcabicicletas,76,VALLEHERMOSO,7,CHAMBERI,OPERATIVO,440205.41,4477144.36,ETRS89,,,CALLE,ESQUILACHE,2,28003,,11042384,2022-02-17T00:00:00Z,1111041,MU24,MU-51,2026-01-10T00:00:00Z
400107,Aparcabicicletas,12,EMBAJADORES,1,CENTRO,OPERATIVO,440891.37,4473465.7,ETRS89,,,CALLE,SANTA ISABEL,46,28012,,11002996,,1141508,MU24,MU-51,2026-01-10T00:00:00Z
399794,Aparcabicicletas,75,RIOS ROSAS,7,CHAMBERI,OPERATIVO,440798.58,4477540.49,ETRS89,,,CALLE,RAIMUNDO FERNANDEZ VILLAVERDE,43,28003,,11029240,,1088253,MU24,MU-51,2026-01-10T00:00:00Z
400199,Aparcabicicletas,65,VALDEACEDERAS,6,TETUAN,OPERATIVO,440405.6,4479396.43,ETRS89,,,CALLE,MARQUES DE VIANA,56,28039,,11036029,,1089832,MU24,MU-51,2026-01-10T00:00:00Z
401326,Aparcabicicletas,62,CUATRO CAMINOS,6,TETUAN,OPERATIVO,440633.11,4477603.52,ETRS89,,,CALLE,DULCINEA,1,28020,,31009760,1900-01-01T00:00:00Z,1089784,MU24,MU-51,2026-01-10T00:00:00Z
401393,Aparcabicicletas,12,EMBAJADORES,1,CENTRO,OPERATIVO,441081.6,4473356.42,ETRS89,,,CALLE,SANTA ISABEL,53,28012,,20004936,,1079945,MU24,MU-51,2026-01-10T00:00:00Z
402636,Aparcabicicletas,75,RIOS ROSAS,7,CHAMBERI,OPERATIVO,440592.32,4477058.69,ETRS89,,,CALLE,RIOS ROSAS,21,28003,,11042093,,1088279,MU24,MU-51,2026-01-10T00:00:00Z
402899,Aparcabicicletas,12,EMBAJADORES,1,CENTRO,OPERATIVO,440892.04,4473465.25,ETRS89,,,CALLE,SANTA ISABEL,46,28012,,11002996,,1141509,MU24,MU-51,2026-01-10T00:00:00Z
404591,Aparcabicicletas,75,RIOS ROSAS,7,CHAMBERI,OPERATIVO,441020.62,4477026.44,ETRS89,,,CALLE,RIOS ROSAS,57,28003,,20014598,,1088271,MU24,MU-51,2026-01-10T00:00:00Z
405013,Aparcabicicletas,12,EMBAJADORES,1,CENTRO,OPERATIVO,440294.62,4473938.43,ETRS89,,,CALLE,DOCTOR CORTEZO,2,28012,,20004288,,1085421,MU24,MU-51,2026-01-10T00:00:00Z
405410,Aparcabicicletas,12,EMBAJADORES,1,CENTRO,OPERATIVO,440214.153,4473923.865,ETRS89,,,CALLE,CONDE DE ROMANONES,3,28012,,11001562,,1093664,MU24,MU-51,2026-01-10T00:00:00Z
401183,Aparcabicicletas,65,VALDEACEDERAS,6,TETUAN,OPERATIVO,440805.58,4479949.4,ETRS89,,,CALLE,PINOS ALTA,63,28029,,11033707,,1089853,MU24,MU-51,2026-01-10T00:00:00Z
401350,Aparcabicicletas,12,EMBAJADORES,1,CENTRO,OPERATIVO,440661.31,4473699.08,ETRS89,,,CALLE,TORRECILLA DEL LEAL,1,28012,,11002629,,1141497,MU24,MU-51,2026-01-10T00:00:00Z
401493,Aparcabicicletas,76,VALLEHERMOSO,7,CHAMBERI,OPERATIVO,439760.6,4477486.49,ETRS89,,,CALLE,GENERAL IBAÑEZ DE IBERO,4A,28003,,31044157,,1088347,MU24,MU-51,2026-01-10T00:00:00Z
402426,Aparcabicicletas,11,PALACIO,1,CENTRO,OPERATIVO,439882.57,4473786.43,ETRS89,,,CALLE,CAVA ALTA,6,28005,,20003940,,1093517,MU24,MU-51,2026-01-10T00:00:00Z
402677,Aparcabicicletas,76,VALLEHERMOSO,7,CHAMBERI,OPERATIVO,440265.56,4476711.5,ETRS89,,,CALLE,BRAVO MURILLO,49A,28003,,31044176,,1083374,MU24,MU-51,2026-01-10T00:00:00Z
402962,Aparcabicicletas,65,VALDEACEDERAS,6,TETUAN,OPERATIVO,439598.98,4479979.58,ETRS89,,,CALLE,VILLAAMIL,263,28039,,11054691,,1122124,MU24,MU-51,2026-01-10T00:00:00Z
403034,Aparcabicicletas,92,ARGÜELLES,9,MONCLOA-ARAVACA,OPERATIVO,438875.407,4475940.026,ETRS89,,,CALLE,ROMERO ROBLEDO,15,28008,,20016982,2021-12-09T00:00:00Z,1103712,MU24,MU-51,2026-01-10T00:00:00Z
404106,Aparcabicicletas,13,CORTES,1,CENTRO,OPERATIVO,441111.65,4473801.43,ETRS89,,,CALLE,HUERTAS,75,28014,,31008865,,1110845,MU24,MU-51,2026-01-10T00:00:00Z
404481,Aparcabicicletas,76,VALLEHERMOSO,7,CHAMBERI,OPERATIVO,439012.6,4477175.51,ETRS89,,,CALLE,ISAAC PERAL,60,28040,,11042839,,1088240,MU24,MU-51,2026-01-10T00:00:00Z
405426,Aparcabicicletas,12,EMBAJADORES,1,CENTRO,OPERATIVO,439897.59,4473363.7,ETRS89,,,CALLE,CARLOS ARNICHES,5,28005,,31008831,,1143783,MU24,MU-51,2026-01-10T00:00:00Z
405472,Aparcabicicletas,64,ALMENARA,6,TETUAN,OPERATIVO,441436.77,4479862.07,ETRS89,,,CALLE,SAN AQUILINO,2,28029,,20057574,,1110815,MU24,MU-51,2026-01-10T00:00:00Z
405463,Aparcabicicletas,75,RIOS ROSAS,7,CHAMBERI,OPERATIVO,440571.57,4476752.47,ETRS89,,,CALLE,SANTA ENGRACIA,125,28003,,11041972,,1083361,MU24,MU-51,2026-01-10T00:00:00Z
405582,Aparcabicicletas,16,SOL,1,CENTRO,OPERATIVO,440107.58,4474221.21,ETRS89,,,CALLE,MAYOR,8,28013,,20007086,,1110904,MU24,MU-51,2026-01-10T00:00:00Z
405962,Aparcabicicletas,15,UNIVERSIDAD,1,CENTRO,OPERATIVO,440541.56,4474873.48,ETRS89,,,CALLE,FUENCARRAL,35,28004,,11005641,,1085360,MU24,MU-51,2026-01-10T00:00:00Z
406022,Aparcabicicletas,63,CASTILLEJOS,6,TETUAN,OPERATIVO,441035.6,4479186.41,ETRS89,,,CALLE,FRANCISCO GERVAS,26,28020,,11030792,,1089744,MU24,MU-51,2026-01-10T00:00:00Z
406038,Aparcabicicletas,12,EMBAJADORES,1,CENTRO,OPERATIVO,440213.44,4473919.541,ETRS89,,,CALLE,CONDE DE ROMANONES,3,28012,,11001562,,1093667,MU24,MU-51,2026-01-10T00:00:00Z
406226,Aparcabicicletas,64,ALMENARA,6,TETUAN,OPERATIVO,441433.77,4479858.1,ETRS89,,,CALLE,SAN AQUILINO,2,28029,,20057574,,1110811,MU24,MU-51,2026-01-10T00:00:00Z
406306,Aparcabicicletas,12,EMBAJADORES,1,CENTRO,OPERATIVO,441152.55,4473315.45,ETRS89,,,CALLE,SANTA ISABEL,57,28012,,20004938,,1079961,MU24,MU-51,2026-01-10T00:00:00Z
406523,Aparcabicicletas,63,CASTILLEJOS,6,TETUAN,OPERATIVO,440737.988,4479014.589,ETRS89,,,CALLE,PENSAMIENTO,2,28020,,11030421,,1128170,MU24,MU-51,2026-01-10T00:00:00Z
407394,Aparcabicicletas,16,SOL,1,CENTRO,OPERATIVO,439948.22,4474196.85,ETRS89,,,CALLE,BORDADORES,1,28013,,20007070,,1110900,MU24,MU-51,2026-01-10T00:00:00Z
407501,Aparcabicicletas,64,ALMENARA,6,TETUAN,OPERATIVO,441489.59,4479982.21,ETRS89,,,CALLE,SAN BENITO,6,28029,,11031825,,1124877,MU24,MU-51,2026-01-10T00:00:00Z
407901,Aparcabicicletas,65,VALDEACEDERAS,6,TETUAN,OPERATIVO,439887.35,4480237.35,ETRS89,,,CALLE,SINESIO DELGADO,23,28029,,31045419,,1111081,MU24,MU-38,2026-01-10T00:00:00Z
408006,Aparcabicicletas,75,RIOS ROSAS,7,CHAMBERI,OPERATIVO,440571.56,4476751.47,ETRS89,,,CALLE,SANTA ENGRACIA,125,28003,,11041972,,1083362,MU24,MU-51,2026-01-10T00:00:00Z
408130,Aparcabicicletas,76,VALLEHERMOSO,7,CHAMBERI,OPERATIVO,440265.56,4476710.5,ETRS89,,,CALLE,BRAVO MURILLO,49A,28003,,31044176,,1083373,MU24,MU-51,2026-01-10T00:00:00Z
409603,Aparcabicicletas,64,ALMENARA,6,TETUAN,OPERATIVO,441349.56,4479758.41,ETRS89,,,CALLE,CONDE DEL SERRALLO,4,28029,,20056824,,1094324,MU24,MU-51,2026-01-10T00:00:00Z
409833,Aparcabicicletas,72,ARAPILES,7,CHAMBERI,OPERATIVO,440259.03,4476508.63,ETRS89,,,CALLE,BRAVO MURILLO,32,28015,,11040240,2021-12-28T00:00:00Z,1131241,MU24,MU-51,2026-01-10T00:00:00Z
403522,Aparcabicicletas,15,UNIVERSIDAD,1,CENTRO,OPERATIVO,440545.35,4474965.36,ETRS89,,,CALLE,FUENCARRAL,46,28004,28004,11004423,,1085356,MU24,MU-51,2026-01-10T00:00:00Z
403636,Aparcabicicletas,12,EMBAJADORES,1,CENTRO,OPERATIVO,440630.59,4473087.45,ETRS89,,,CALLE,VALENCIA,32,28012,,11002359,,1085412,MU24,MU-51,2026-01-10T00:00:00Z
406728,Aparcabicicletas,63,CASTILLEJOS,6,TETUAN,OPERATIVO,440728.24,4479014.44,ETRS89,,,CALLE,PENSAMIENTO,2,28020,,11030421,,1128168,MU24,MU-51,2026-01-10T00:00:00Z
406873,Aparcabicicletas,64,ALMENARA,6,TETUAN,OPERATIVO,441434.97,4479860.09,ETRS89,,,CALLE,SAN AQUILINO,2,28029,,20057574,,1110813,MU24,MU-51,2026-01-10T00:00:00Z
407341,Aparcabicicletas,64,ALMENARA,6,TETUAN,OPERATIVO,441618.98,4480462.19,ETRS89,,,CALLE,LUIS ESTEBAN,5,28029,,31040998,,1124882,MU24,MU-51,2026-01-10T00:00:00Z
407380,Aparcabicicletas,66,BERRUGUETE,6,TETUAN,OPERATIVO,440141.38,4478778.78,ETRS89,,,CALLE,AMBROSIO VALLEJO,2,28039,,20013036,,1110799,MU24,MU-51,2026-01-10T00:00:00Z
408482,Aparcabicicletas,64,ALMENARA,6,TETUAN,OPERATIVO,441432.74,4479857.33,ETRS89,,,CALLE,SAN AQUILINO,2,28029,,20057574,,1110810,MU24,MU-51,2026-01-10T00:00:00Z
408605,Aparcabicicletas,71,GAZTAMBIDE,7,CHAMBERI,OPERATIVO,439142.58,4476210.46,ETRS89,,,CALLE,FERNANDO EL CATOLICO,77,28015,,11038665,,1088291,MU24,MU-51,2026-01-10T00:00:00Z
405629,Aparcabicicletas,15,UNIVERSIDAD,1,CENTRO,OPERATIVO,440464.57,4474824.47,ETRS89,,,CALLE,VALVERDE,22,28004,,11005658,,1085394,MU24,MU-51,2026-01-10T00:00:00Z
403632,Aparcabicicletas,65,VALDEACEDERAS,6,TETUAN,OPERATIVO,440948.58,4479537.66,ETRS89,,,CALLE,TORRIJOS,3,28039,,11033867,2022-12-15T00:00:00Z,1089881,MU24,MU-51,2026-01-10T00:00:00Z
403673,Aparcabicicletas,15,UNIVERSIDAD,1,CENTRO,OPERATIVO,440529.48,4474826.5,ETRS89,,,CALLE,FUENCARRAL,29,28004,,11005638,,1085366,MU24,MU-51,2026-01-10T00:00:00Z
406730,Aparcabicicletas,63,CASTILLEJOS,6,TETUAN,OPERATIVO,440739.68,4479014.132,ETRS89,,,CALLE,PENSAMIENTO,2,28020,,11030421,,1128171,MU24,MU-51,2026-01-10T00:00:00Z
407320,Aparcabicicletas,64,ALMENARA,6,TETUAN,OPERATIVO,441349.56,4479758.41,ETRS89,,,CALLE,CONDE DEL SERRALLO,4,28029,,20056824,,1094323,MU24,MU-51,2026-01-10T00:00:00Z
407367,Aparcabicicletas,76,VALLEHERMOSO,7,CHAMBERI,OPERATIVO,439177.57,4477144.42,ETRS89,,,CALLE,JULIAN ROMEA,20,28003,,11042850,,1088243,MU24,MU-51,2026-01-10T00:00:00Z
408273,Aparcabicicletas,73,TRAFALGAR,7,CHAMBERI,OPERATIVO,440634.93,4475778.11,ETRS89,,,CALLE,FRANCISCO DE ROJAS,14,28010,,31037600,,1128762,MU24,MU-51,2026-01-10T00:00:00Z
408552,Aparcabicicletas,66,BERRUGUETE,6,TETUAN,OPERATIVO,440527.32,4479286.01,ETRS89,,,CALLE,MARQUES DE VIANA,41,28039,,11036732,,1094383,MU24,MU-51,2026-01-10T00:00:00Z
408724,Aparcabicicletas,75,RIOS ROSAS,7,CHAMBERI,OPERATIVO,440731.31,4477517.6,ETRS89,,,CALLE,RAIMUNDO FERNANDEZ VILLAVERDE,32,28003,,11042290,,1111011,MU24,MU-51,2026-01-10T00:00:00Z
409067,Aparcabicicletas,75,RIOS ROSAS,7,CHAMBERI,OPERATIVO,441036.56,4477294.4,ETRS89,,,CALLE,AGUSTIN DE BETANCOURT,15,28003,,20014624,2012-06-30T00:00:00Z,1088311,MU24,MU-51,2026-01-10T00:00:00Z
410160,Aparcabicicletas,72,ARAPILES,7,CHAMBERI,OPERATIVO,440184.22,4475956.64,ETRS89,,,CALLE,SAN BERNARDO,107,28015,,11039630,,1125283,MU24,MU-51,2026-01-10T00:00:00Z
410390,Aparcabicicletas,11,PALACIO,1,CENTRO,OPERATIVO,439393.9,4474068.1,ETRS89,,,CALLE,MAYOR,83,28013,,11000040,,1110909,MU24,MU-51,2026-01-10T00:00:00Z
410521,Aparcabicicletas,12,EMBAJADORES,1,CENTRO,OPERATIVO,441079.57,4473357.43,ETRS89,,,CALLE,SANTA ISABEL,53,28012,,20004936,,1079946,MU24,MU-51,2026-01-10T00:00:00Z
410578,Aparcabicicletas,76,VALLEHERMOSO,7,CHAMBERI,OPERATIVO,439012.6,4477175.51,ETRS89,,,CALLE,ISAAC PERAL,60,28040,,11042839,,1088238,MU24,MU-51,2026-01-10T00:00:00Z
411196,Aparcabicicletas,62,CUATRO CAMINOS,6,TETUAN,OPERATIVO,440990.31,4477678.73,ETRS89,,,CALLE,HERNANI,68,28020,,11029251,,1128611,MU24,MU-51,2026-01-10T00:00:00Z
411681,Aparcabicicletas,66,BERRUGUETE,6,TETUAN,OPERATIVO,440139.57,4478775.47,ETRS89,,,CALLE,AMBROSIO VALLEJO,2,28039,,20013036,,1089771,MU24,MU-51,2026-01-10T00:00:00Z
412624,Aparcabicicletas,71,GAZTAMBIDE,7,CHAMBERI,OPERATIVO,439346.57,4476585.46,ETRS89,,,CALLE,JOAQUIN MARIA LOPEZ,50,28015,,20013348,,1088200,MU24,MU-51,2026-01-10T00:00:00Z
412922,Aparcabicicletas,15,UNIVERSIDAD,1,CENTRO,OPERATIVO,440021.55,4474846.43,ETRS89,,,CALLE,MARQUES DE LEGANES,5,28004,,11007091,,1085387,MU24,MU-51,2026-01-10T00:00:00Z
413024,Aparcabicicletas,66,BERRUGUETE,6,TETUAN,OPERATIVO,440501.62,4478805.44,ETRS89,,,CALLE,NUESTRA SEÑORA DEL CARMEN,3,28039,,20127483,,1094371,MU24,MU-51,2026-01-10T00:00:00Z
413166,Aparcabicicletas,66,BERRUGUETE,6,TETUAN,OPERATIVO,440502.82,4478805.87,ETRS89,,,CALLE,NUESTRA SEÑORA DEL CARMEN,3,28039,,20127483,,1110801,MU24,MU-51,2026-01-10T00:00:00Z
413357,Aparcabicicletas,74,ALMAGRO,7,CHAMBERI,OPERATIVO,440828.6,4476467.15,ETRS89,,,CALLE,GARCIA DE PAREDES,37,28010,28010,11041496,2018-05-04T00:00:00Z,1088218,MU24,MU-51,2026-01-10T00:00:00Z
413484,Aparcabicicletas,64,ALMENARA,6,TETUAN,OPERATIVO,441620.33,4480461.85,ETRS89,,,CALLE,LUIS ESTEBAN,5,28029,,31040998,,1124883,MU24,MU-51,2026-01-10T00:00:00Z
414173,Aparcabicicletas,75,RIOS ROSAS,7,CHAMBERI,OPERATIVO,440486.18,4477427.19,ETRS89,,,CALLE,MAUDES,14,28003,,11042318,,1122426,MU24,MU-51,2026-01-10T00:00:00Z
410006,Aparcabicicletas,73,TRAFALGAR,7,CHAMBERI,OPERATIVO,440635.55,4475781.32,ETRS89,,,CALLE,FRANCISCO DE ROJAS,14,28010,,31037600,,1128760,MU24,MU-51,2026-01-10T00:00:00Z
410378,Aparcabicicletas,75,RIOS ROSAS,7,CHAMBERI,OPERATIVO,440570.56,4476753.48,ETRS89,,,CALLE,SANTA ENGRACIA,125,28003,,11041972,,1083365,MU24,MU-51,2026-01-10T00:00:00Z
410421,Aparcabicicletas,76,VALLEHERMOSO,7,CHAMBERI,OPERATIVO,439179.6,4477144.51,ETRS89,,,CALLE,JULIAN ROMEA,20,28003,,11042850,,1088244,MU24,MU-51,2026-01-10T00:00:00Z
410543,Aparcabicicletas,12,EMBAJADORES,1,CENTRO,OPERATIVO,440892.97,4473465.02,ETRS89,,,CALLE,SANTA ISABEL,46,28012,,11002996,,1141510,MU24,MU-51,2026-01-10T00:00:00Z
410652,Aparcabicicletas,72,ARAPILES,7,CHAMBERI,OPERATIVO,440184.18,4475962.08,ETRS89,,,CALLE,SAN BERNARDO,107,28015,,11039630,,1125279,MU24,MU-51,2026-01-10T00:00:00Z
411602,Aparcabicicletas,75,RIOS ROSAS,7,CHAMBERI,OPERATIVO,440483.13,4477427.54,ETRS89,,,CALLE,MAUDES,14,28003,,11042318,,1122423,MU24,MU-51,2026-01-10T00:00:00Z
412772,Aparcabicicletas,12,EMBAJADORES,1,CENTRO,OPERATIVO,440295.59,4473942.42,ETRS89,,,CALLE,DOCTOR CORTEZO,2,28012,,20004288,,1085424,MU24,MU-51,2026-01-10T00:00:00Z
413015,Aparcabicicletas,62,CUATRO CAMINOS,6,TETUAN,OPERATIVO,440935.23,4478016.85,ETRS89,,,CALLE,EDGAR NEVILLE,24B,28020,,20149143,,1125325,MU24,MU-51,2026-01-10T00:00:00Z
413079,Aparcabicicletas,76,VALLEHERMOSO,7,CHAMBERI,OPERATIVO,440265.57,4476712.5,ETRS89,,,CALLE,BRAVO MURILLO,49A,28003,,31044176,,1083375,MU24,MU-51,2026-01-10T00:00:00Z
413365,Aparcabicicletas,76,VALLEHERMOSO,7,CHAMBERI,OPERATIVO,439868.575,4476716.455,ETRS89,,,CALLE,CEA BERMUDEZ,26,28003,,11042545,,1088351,MU24,MU-51,2026-01-10T00:00:00Z
414073,Aparcabicicletas,66,BERRUGUETE,6,TETUAN,OPERATIVO,440471.63,4478979.4,ETRS89,,,CALLE,HIERBABUENA,2,28039,,11037992,,1094379,MU24,MU-51,2026-01-10T00:00:00Z
414271,Aparcabicicletas,74,ALMAGRO,7,CHAMBERI,OPERATIVO,441354.66,4476110.34,ETRS89,,,CALLE,MIGUEL ANGEL,1B,28010,,11041249,,1111025,MU24,MU-51,2026-01-10T00:00:00Z
415084,Aparcabicicletas,64,ALMENARA,6,TETUAN,OPERATIVO,441432.57,4479856.44,ETRS89,,,CALLE,SAN AQUILINO,2,28029,,20057574,,1066492,MU24,AP-2,2026-01-10T00:00:00Z
415386,Aparcabicicletas,61,BELLAS VISTAS,6,TETUAN,OPERATIVO,439643.05,4478642.8,ETRS89,,,CALLE,ALEJANDRO RODRIGUEZ,39,28039,,11028231,,1110795,MU24,MU-51,2026-01-10T00:00:00Z
415667,Aparcabicicletas,75,RIOS ROSAS,7,CHAMBERI,OPERATIVO,441018.6,4477027.46,ETRS89,,,CALLE,RIOS ROSAS,57,28003,,20014598,,1088275,MU24,MU-51,2026-01-10T00:00:00Z
416117,Aparcabicicletas,71,GAZTAMBIDE,7,CHAMBERI,OPERATIVO,439516.62,4476195.44,ETRS89,,,CALLE,FERNANDO EL CATOLICO,52,28015,,20013232,,1088289,MU24,MU-51,2026-01-10T00:00:00Z
416276,Aparcabicicletas,74,ALMAGRO,7,CHAMBERI,OPERATIVO,441060.59,4476230.43,ETRS89,,,CALLE,FERNANDEZ DE LA HOZ,27,28010,,11041298,,1083403,MU24,MU-51,2026-01-10T00:00:00Z
417170,Aparcabicicletas,75,RIOS ROSAS,7,CHAMBERI,OPERATIVO,440961.58,4476647.82,ETRS89,,,CALLE,JOSE ABASCAL,41,28003,,11041614,2022-02-17T00:00:00Z,1083408,MU24,MU-51,2026-01-10T00:00:00Z
417715,Aparcabicicletas,76,VALLEHERMOSO,7,CHAMBERI,OPERATIVO,439598.63,4476972.5,ETRS89,,,CALLE,MELQUIADES ALVAREZ,8,28003,,11042618,,1088339,MU24,MU-51,2026-01-10T00:00:00Z
411754,Aparcabicicletas,13,CORTES,1,CENTRO,OPERATIVO,440697.59,4474509.47,ETRS89,,,CALLE,CABALLERO DE GRACIA,15,28013,,20147371,2013-10-30T00:00:00Z,1089949,MU24,MU-51,2026-01-10T00:00:00Z
414991,Aparcabicicletas,73,TRAFALGAR,7,CHAMBERI,OPERATIVO,440635.81,4475782.87,ETRS89,,,CALLE,FRANCISCO DE ROJAS,14,28010,,31037600,,1128759,MU24,MU-51,2026-01-10T00:00:00Z
415241,Aparcabicicletas,75,RIOS ROSAS,7,CHAMBERI,OPERATIVO,440800.61,4477540.47,ETRS89,,,CALLE,RAIMUNDO FERNANDEZ VILLAVERDE,43,28003,,11029240,,1088251,MU24,MU-51,2026-01-10T00:00:00Z
415481,Aparcabicicletas,12,EMBAJADORES,1,CENTRO,OPERATIVO,440642.64,4473056.28,ETRS89,,,CALLE,VALENCIA,25,28012,,11003061,,1110917,MU24,MU-51,2026-01-10T00:00:00Z
416182,Aparcabicicletas,12,EMBAJADORES,1,CENTRO,OPERATIVO,441155.59,4473313.43,ETRS89,,,CALLE,SANTA ISABEL,57,28012,,20004938,,1079796,MU24,MU-51,2026-01-10T00:00:00Z
416627,Aparcabicicletas,76,VALLEHERMOSO,7,CHAMBERI,OPERATIVO,439295.95,4477393.89,ETRS89,,,CALLE,POETA ANGELA FIGUERA,10,28003,,11042956,,1111034,MU24,MU-51,2026-01-10T00:00:00Z
417669,Aparcabicicletas,12,EMBAJADORES,1,CENTRO,OPERATIVO,440631.59,4473085.45,ETRS89,,,CALLE,VALENCIA,32,28012,,11002359,,1085414,MU24,MU-51,2026-01-10T00:00:00Z
418045,Aparcabicicletas,72,ARAPILES,7,CHAMBERI,OPERATIVO,440170.19,4476016.47,ETRS89,,,CALLE,MAGALLANES,3,28015,,11039624,,1128777,MU24,MU-51,2026-01-10T00:00:00Z
406030,Aparcabicicletas,65,VALDEACEDERAS,6,TETUAN,OPERATIVO,439597.62,4479979.48,ETRS89,,,CALLE,VILLAAMIL,263,28039,,11054691,,1089874,MU24,MU-51,2026-01-10T00:00:00Z
406120,Aparcabicicletas,73,TRAFALGAR,7,CHAMBERI,OPERATIVO,440634.66,4475776.55,ETRS89,,,CALLE,FRANCISCO DE ROJAS,14,28010,,31037600,,1128763,MU24,MU-51,2026-01-10T00:00:00Z
406378,Aparcabicicletas,66,BERRUGUETE,6,TETUAN,OPERATIVO,440140.43,4478776.46,ETRS89,,,CALLE,AMBROSIO VALLEJO,2,28039,,20013036,,1125301,MU24,MU-51,2026-01-10T00:00:00Z
406575,Aparcabicicletas,11,PALACIO,1,CENTRO,OPERATIVO,439725.52,4474379.02,ETRS89,,,CALLE,VERGARA,3B,28013,,31037358,,1110894,MU24,MU-51,2026-01-10T00:00:00Z
407416,Aparcabicicletas,62,CUATRO CAMINOS,6,TETUAN,OPERATIVO,440387.61,4478234.44,ETRS89,,,CALLE,BRAVO MURILLO,162,28020,,11029812,,1089803,MU24,MU-51,2026-01-10T00:00:00Z
407967,Aparcabicicletas,65,VALDEACEDERAS,6,TETUAN,OPERATIVO,440247.67,4480302.62,ETRS89,,,CALLE,SINESIO DELGADO,28,28029,,20047796,,1133330,MU24,MU-38,2026-01-10T00:00:00Z
408024,Aparcabicicletas,64,ALMENARA,6,TETUAN,OPERATIVO,440954.59,4480514.48,ETRS89,,,CALLE,VIA LIMITE,12A,28029,,31063953,,1094333,MU24,MU-51,2026-01-10T00:00:00Z
408173,Aparcabicicletas,72,ARAPILES,7,CHAMBERI,OPERATIVO,440034.6,4476074.5,ETRS89,,,CALLE,ARAPILES,10,28015,,11039613,,1080427,MU24,MU-51,2026-01-10T00:00:00Z
409725,Aparcabicicletas,12,EMBAJADORES,1,CENTRO,OPERATIVO,440660.72,4473700.08,ETRS89,,,CALLE,TORRECILLA DEL LEAL,1,28012,,11002629,,1141496,MU24,MU-51,2026-01-10T00:00:00Z
409956,Aparcabicicletas,11,PALACIO,1,CENTRO,OPERATIVO,439692.58,4474260.4,ETRS89,,,CALLE,SANTA CLARA,1,28013,,31037355,,1085336,MU24,MU-51,2026-01-10T00:00:00Z
411848,Aparcabicicletas,62,CUATRO CAMINOS,6,TETUAN,OPERATIVO,440935.85,4478021.29,ETRS89,,,CALLE,EDGAR NEVILLE,24B,28020,,20149143,,1110791,MU24,MU-51,2026-01-10T00:00:00Z
412189,Aparcabicicletas,11,PALACIO,1,CENTRO,OPERATIVO,439626.61,4473243.44,ETRS89,,,CALLE,PALOMA,39,28005,,20105817,,1084215,MU24,MU-51,2026-01-10T00:00:00Z
420087,Aparcabicicletas,74,ALMAGRO,7,CHAMBERI,OPERATIVO,441350.55,4475661.46,ETRS89,,,CALLE,ZURBARAN,21,28010,,11040978,2011-05-30T00:00:00Z,1088214,MU24,MU-51,2026-01-10T00:00:00Z
420284,Aparcabicicletas,74,ALMAGRO,7,CHAMBERI,OPERATIVO,441060.6,4476232.43,ETRS89,,,CALLE,FERNANDEZ DE LA HOZ,27,28010,,11041298,,1083404,MU24,MU-51,2026-01-10T00:00:00Z
420384,Aparcabicicletas,62,CUATRO CAMINOS,6,TETUAN,OPERATIVO,440990.11,4477674.63,ETRS89,,,CALLE,RAIMUNDO FERNANDEZ VILLAVERDE,57B,28003,,11029263,,1128609,MU24,MU-51,2026-01-10T00:00:00Z
422843,Aparcabicicletas,75,RIOS ROSAS,7,CHAMBERI,OPERATIVO,440592.32,4477058.69,ETRS89,,,CALLE,RIOS ROSAS,21,28003,,11042093,,1088280,MU24,MU-51,2026-01-10T00:00:00Z
423045,Aparcabicicletas,64,ALMENARA,6,TETUAN,OPERATIVO,441490.95,4479982.09,ETRS89,,,CALLE,SAN BENITO,6,28029,,11031825,,1124878,MU24,MU-51,2026-01-10T00:00:00Z
423287,Aparcabicicletas,64,ALMENARA,6,TETUAN,OPERATIVO,441437.45,4479863.06,ETRS89,,,CALLE,SAN AQUILINO,2,28029,,20057574,,1110816,MU24,MU-51,2026-01-10T00:00:00Z
423345,Aparcabicicletas,13,CORTES,1,CENTRO,OPERATIVO,440992.605,4474318.431,ETRS89,,,CALLE,MARQUES DE CUBAS,4,28014,,20005286,,1090031,MU24,MU-51,2026-01-10T00:00:00Z
423498,Aparcabicicletas,66,BERRUGUETE,6,TETUAN,OPERATIVO,440501.62,4478805.44,ETRS89,,,CALLE,NUESTRA SEÑORA DEL CARMEN,3,28039,,20127483,,1094373,MU24,MU-51,2026-01-10T00:00:00Z
423516,Aparcabicicletas,75,RIOS ROSAS,7,CHAMBERI,OPERATIVO,440487.02,4477427.07,ETRS89,,,CALLE,MAUDES,14,28003,,11042318,,1122427,MU24,MU-51,2026-01-10T00:00:00Z
423714,Aparcabicicletas,62,CUATRO CAMINOS,6,TETUAN,OPERATIVO,440935.67,4478019.85,ETRS89,,,CALLE,EDGAR NEVILLE,24B,28020,,20149143,,1110792,MU24,MU-51,2026-01-10T00:00:00Z
423783,Aparcabicicletas,15,UNIVERSIDAD,1,CENTRO,OPERATIVO,440463.62,4474822.48,ETRS89,,,CALLE,VALVERDE,22,28004,,11005658,,1085392,MU24,MU-51,2026-01-10T00:00:00Z
423845,Aparcabicicletas,65,VALDEACEDERAS,6,TETUAN,OPERATIVO,440134.61,4480338.49,ETRS89,,,CALLE,SINESIO DELGADO,34,28029,,20047808,,944801,MU24,MU-38,2026-01-10T00:00:00Z
424043,Aparcabicicletas,75,RIOS ROSAS,7,CHAMBERI,OPERATIVO,440572.56,4476749.47,ETRS89,,,CALLE,SANTA ENGRACIA,125,28003,,11041972,,1083364,MU24,MU-51,2026-01-10T00:00:00Z
425280,Aparcabicicletas,63,CASTILLEJOS,6,TETUAN,OPERATIVO,441034.58,4479186.42,ETRS89,,,CALLE,FRANCISCO GERVAS,26,28020,,11030792,,1089743,MU24,MU-51,2026-01-10T00:00:00Z
425557,Aparcabicicletas,13,CORTES,1,CENTRO,OPERATIVO,440696.57,4474509.48,ETRS89,,,CALLE,CABALLERO DE GRACIA,28,28013,,11004173,2013-10-30T00:00:00Z,1089948,MU24,MU-51,2026-01-10T00:00:00Z
419039,Aparcabicicletas,72,ARAPILES,7,CHAMBERI,OPERATIVO,440259.01,4476506.08,ETRS89,,,CALLE,BRAVO MURILLO,32,28015,,11040240,2021-12-28T00:00:00Z,1131239,MU24,MU-51,2026-01-10T00:00:00Z
420647,Aparcabicicletas,12,EMBAJADORES,1,CENTRO,OPERATIVO,439897.66,4473361.48,ETRS89,,,CALLE,CARLOS ARNICHES,5,28005,,31008831,,1143785,MU24,MU-51,2026-01-10T00:00:00Z
420695,Aparcabicicletas,72,ARAPILES,7,CHAMBERI,OPERATIVO,440172.08,4476009.13,ETRS89,,,CALLE,MAGALLANES,1,28015,,11039623,,1128781,MU24,MU-51,2026-01-10T00:00:00Z
420802,Aparcabicicletas,12,EMBAJADORES,1,CENTRO,OPERATIVO,441076.61,4473358.45,ETRS89,,,CALLE,SANTA ISABEL,53,28012,,20004936,,1079948,MU24,MU-51,2026-01-10T00:00:00Z
421180,Aparcabicicletas,11,PALACIO,1,CENTRO,OPERATIVO,439882.57,4473787.42,ETRS89,,,CALLE,CAVA ALTA,6,28005,,20003940,,1093602,MU24,MU-51,2026-01-10T00:00:00Z
411884,Aparcabicicletas,11,PALACIO,1,CENTRO,OPERATIVO,439392.29,4474068.22,ETRS89,,,CALLE,MAYOR,85,28013,,11000041,,1110908,MU24,MU-51,2026-01-10T00:00:00Z
412020,Aparcabicicletas,74,ALMAGRO,7,CHAMBERI,OPERATIVO,441084.58,4475592.4,ETRS89,,,CALLE,ALMAGRO,7,28010,,20014094,2022-02-17T00:00:00Z,1104196,MU24,MU-51,2026-01-10T00:00:00Z
412296,Aparcabicicletas,64,ALMENARA,6,TETUAN,OPERATIVO,441441.4,4479869.03,ETRS89,,,CALLE,SAN AQUILINO,2,28029,,20057574,,1110822,MU24,MU-51,2026-01-10T00:00:00Z
412517,Aparcabicicletas,16,SOL,1,CENTRO,OPERATIVO,439948.46,4474195.29,ETRS89,,,CALLE,MAYOR,32,28013,,11007815,,1110901,MU24,MU-51,2026-01-10T00:00:00Z
419376,Aparcabicicletas,12,EMBAJADORES,1,CENTRO,OPERATIVO,441082.61,4473355.41,ETRS89,,,CALLE,SANTA ISABEL,53,28012,,20004936,,1079944,MU24,MU-51,2026-01-10T00:00:00Z
419563,Aparcabicicletas,71,GAZTAMBIDE,7,CHAMBERI,OPERATIVO,439143.69,4476211.01,ETRS89,,,CALLE,FERNANDO EL CATOLICO,77,28015,,11038665,,1110827,MU24,MU-51,2026-01-10T00:00:00Z
419771,Aparcabicicletas,76,VALLEHERMOSO,7,CHAMBERI,OPERATIVO,440293.56,4477563.48,ETRS89,,,CALLE,BRAVO MURILLO,99,28003,,11042382,,1088250,MU24,MU-51,2026-01-10T00:00:00Z
420681,Aparcabicicletas,75,RIOS ROSAS,7,CHAMBERI,OPERATIVO,440590.38,4477059.7,ETRS89,,,CALLE,RIOS ROSAS,21,28003,,11042093,,1088276,MU24,MU-51,2026-01-10T00:00:00Z
420706,Aparcabicicletas,13,CORTES,1,CENTRO,OPERATIVO,440991.541,4474323.435,ETRS89,,,CALLE,MARQUES DE CUBAS,13,28014,,20147587,,1090035,MU24,MU-51,2026-01-10T00:00:00Z
420814,Aparcabicicletas,71,GAZTAMBIDE,7,CHAMBERI,OPERATIVO,439146.56,4476072.89,ETRS89,,,CALLE,MELENDEZ VALDES,69,28015,,20013180,,1099720,MU24,MU-51,2026-01-10T00:00:00Z
421214,Aparcabicicletas,11,PALACIO,1,CENTRO,OPERATIVO,439625.59,4473243.45,ETRS89,,,CALLE,PALOMA,39,28005,,20105817,,1084214,MU24,MU-51,2026-01-10T00:00:00Z
421316,Aparcabicicletas,11,PALACIO,1,CENTRO,OPERATIVO,439727.45,4473880.14,ETRS89,,,CALLE,SEGOVIA,11,28005,,31041185,,1113420,MU24,MU-51,2026-01-10T00:00:00Z
421629,Aparcabicicletas,15,UNIVERSIDAD,1,CENTRO,OPERATIVO,440287.63,4474658.14,ETRS89,,,CALLE,GRAN VIA,32B,28013,,31024731,,1110982,MU24,MU-51,2026-01-10T00:00:00Z
422133,Aparcabicicletas,71,GAZTAMBIDE,7,CHAMBERI,OPERATIVO,439147.23,4476072.44,ETRS89,,,CALLE,MELENDEZ VALDES,69,28015,,20013180,,1099719,MU24,MU-51,2026-01-10T00:00:00Z
422429,Aparcabicicletas,13,CORTES,1,CENTRO,OPERATIVO,441110.56,4473802.43,ETRS89,,,CALLE,HUERTAS,75,28014,,31008865,,1089958,MU24,MU-51,2026-01-10T00:00:00Z
422654,Aparcabicicletas,64,ALMENARA,6,TETUAN,OPERATIVO,441621.69,4480461.51,ETRS89,,,CALLE,LUIS ESTEBAN,5,28029,,31040998,,1124884,MU24,MU-51,2026-01-10T00:00:00Z
418443,Aparcabicicletas,64,ALMENARA,6,TETUAN,OPERATIVO,441439.34,4479865.82,ETRS89,,,CALLE,SAN AQUILINO,2,28029,,20057574,,1110819,MU24,MU-51,2026-01-10T00:00:00Z
420112,Aparcabicicletas,74,ALMAGRO,7,CHAMBERI,OPERATIVO,441354.64,4476107.68,ETRS89,,,CALLE,MIGUEL ANGEL,1B,28010,,11041249,,1111028,MU24,MU-51,2026-01-10T00:00:00Z
420144,Aparcabicicletas,62,CUATRO CAMINOS,6,TETUAN,OPERATIVO,441030.62,4477875.45,ETRS89,,,CALLE,ORENSE,15B,28020,,31041819,,1089762,MU24,MU-51,2026-01-10T00:00:00Z
420467,Aparcabicicletas,11,PALACIO,1,CENTRO,OPERATIVO,439439.63,4473721.39,ETRS89,,,CALLE,DON PEDRO,16,28005,,11000916,,1131236,MU24,MU-51,2026-01-10T00:00:00Z
423041,Aparcabicicletas,71,GAZTAMBIDE,7,CHAMBERI,OPERATIVO,439138.6,4476210.49,ETRS89,,,CALLE,FERNANDO EL CATOLICO,77,28015,,11038665,,1088293,MU24,MU-51,2026-01-10T00:00:00Z
423232,Aparcabicicletas,76,VALLEHERMOSO,7,CHAMBERI,OPERATIVO,440292.57,4477566.49,ETRS89,,,CALLE,BRAVO MURILLO,99,28003,,11042382,,1088249,MU24,MU-51,2026-01-10T00:00:00Z
423317,Aparcabicicletas,13,CORTES,1,CENTRO,OPERATIVO,441106.59,4473804.46,ETRS89,,,CALLE,HUERTAS,75,28014,,31008865,,1089957,MU24,MU-51,2026-01-10T00:00:00Z
423408,Aparcabicicletas,73,TRAFALGAR,7,CHAMBERI,OPERATIVO,440902.62,4475710.5,ETRS89,,,CALLE,SANTA ENGRACIA,13,28010,,11040783,,1088182,MU24,MU-51,2026-01-10T00:00:00Z
423508,Aparcabicicletas,12,EMBAJADORES,1,CENTRO,OPERATIVO,441156.6,4473312.42,ETRS89,,,CALLE,SANTA ISABEL,57,28012,,20004938,,1079965,MU24,MU-51,2026-01-10T00:00:00Z
421231,Aparcabicicletas,73,TRAFALGAR,7,CHAMBERI,OPERATIVO,440730.45,4476240.47,ETRS89,,,CALLE,SANTA ENGRACIA,71,28010,,11040522,,1174289,MU24,MU-51,2026-01-10T00:00:00Z
421320,Aparcabicicletas,92,ARGÜELLES,9,MONCLOA-ARAVACA,OPERATIVO,438872.607,4475938.516,ETRS89,,,CALLE,ROMERO ROBLEDO,15,28008,,20016982,2021-12-09T00:00:00Z,1103716,MU24,MU-51,2026-01-10T00:00:00Z
422167,Aparcabicicletas,76,VALLEHERMOSO,7,CHAMBERI,OPERATIVO,440293.57,4477564.48,ETRS89,,,CALLE,BRAVO MURILLO,99,28003,,11042382,,1088247,MU24,MU-51,2026-01-10T00:00:00Z
422414,Aparcabicicletas,72,ARAPILES,7,CHAMBERI,OPERATIVO,440184.15,4475957.97,ETRS89,,,CALLE,SAN BERNARDO,107,28015,,11039630,,1125282,MU24,MU-51,2026-01-10T00:00:00Z
422543,Aparcabicicletas,15,UNIVERSIDAD,1,CENTRO,OPERATIVO,439641.41,4475733.98,ETRS89,,,CALLE,ALBERTO AGUILERA,36,28015,,11039701,,1085349,MU24,MU-51,2026-01-10T00:00:00Z
426782,Aparcabicicletas,15,UNIVERSIDAD,1,CENTRO,OPERATIVO,440541.59,4474876.47,ETRS89,,,CALLE,FUENCARRAL,35,28004,,11005641,,1085359,MU24,MU-51,2026-01-10T00:00:00Z
427559,Aparcabicicletas,14,JUSTICIA,1,CENTRO,OPERATIVO,440917.62,4475074.42,ETRS89,,,CALLE,BELEN,7,28004,,11005011,,1093769,MU24,MU-51,2026-01-10T00:00:00Z
427719,Aparcabicicletas,12,EMBAJADORES,1,CENTRO,OPERATIVO,440630.58,4473086.45,ETRS89,,,CALLE,VALENCIA,32,28012,,11002359,,1085413,MU24,MU-51,2026-01-10T00:00:00Z
425736,Aparcabicicletas,74,ALMAGRO,7,CHAMBERI,OPERATIVO,441354.64,4476108.57,ETRS89,,,CALLE,MIGUEL ANGEL,1B,28010,,11041249,,1111027,MU24,MU-51,2026-01-10T00:00:00Z
425857,Aparcabicicletas,75,RIOS ROSAS,7,CHAMBERI,OPERATIVO,440733.6,4477517.36,ETRS89,,,CALLE,RAIMUNDO FERNANDEZ VILLAVERDE,32,28003,,11042290,,1111013,MU24,MU-51,2026-01-10T00:00:00Z
423586,Aparcabicicletas,66,BERRUGUETE,6,TETUAN,OPERATIVO,440524.57,4479281.48,ETRS89,,,CALLE,MARQUES DE VIANA,41,28039,,11036732,,1094382,MU24,MU-51,2026-01-10T00:00:00Z
423723,Aparcabicicletas,14,JUSTICIA,1,CENTRO,OPERATIVO,440602.56,4475354.43,ETRS89,,,CALLE,BARCELO,7,28004,,11005236,,1090037,MU24,MU-51,2026-01-10T00:00:00Z
424116,Aparcabicicletas,62,CUATRO CAMINOS,6,TETUAN,OPERATIVO,440387.62,4478235.44,ETRS89,,,CALLE,BRAVO MURILLO,162,28020,,11029812,,1089804,MU24,MU-51,2026-01-10T00:00:00Z
425687,Aparcabicicletas,74,ALMAGRO,7,CHAMBERI,OPERATIVO,441356.57,4475661.42,ETRS89,,,CALLE,ZURBARAN,21,28010,,11040978,2011-05-30T00:00:00Z,1088212,MU24,MU-51,2026-01-10T00:00:00Z
426108,Aparcabicicletas,63,CASTILLEJOS,6,TETUAN,OPERATIVO,440825.6,4479178.41,ETRS89,,,CALLE,BRAVO MURILLO,278,28020,,11030453,,1089767,MU24,MU-51,2026-01-10T00:00:00Z
426331,Aparcabicicletas,15,UNIVERSIDAD,1,CENTRO,OPERATIVO,439637.68,4475734.68,ETRS89,,,CALLE,ALBERTO AGUILERA,38,28015,,11039702,,1110835,MU24,MU-51,2026-01-10T00:00:00Z
428965,Aparcabicicletas,13,CORTES,1,CENTRO,OPERATIVO,440991.61,4474321.436,ETRS89,,,CALLE,MARQUES DE CUBAS,4,28014,,20005286,,1090034,MU24,MU-51,2026-01-10T00:00:00Z
426345,Aparcabicicletas,62,CUATRO CAMINOS,6,TETUAN,OPERATIVO,441030.55,4477877.45,ETRS89,,,CALLE,ORENSE,15B,28020,,31041819,,1089764,MU24,MU-51,2026-01-10T00:00:00Z
429056,Aparcabicicletas,92,ARGÜELLES,9,MONCLOA-ARAVACA,OPERATIVO,439310.592,4475367.45,ETRS89,,,CALLE,EVARISTO SAN MIGUEL,7,28008,,11052384,2021-12-09T00:00:00Z,1099623,MU24,MU-51,2026-01-10T00:00:00Z
429339,Aparcabicicletas,74,ALMAGRO,7,CHAMBERI,OPERATIVO,441087.58,4475596.48,ETRS89,,,CALLE,ALMAGRO,7,28010,,20014094,2022-02-17T00:00:00Z,1104195,MU24,MU-51,2026-01-10T00:00:00Z
429765,Aparcabicicletas,71,GAZTAMBIDE,7,CHAMBERI,OPERATIVO,439517.63,4476194.44,ETRS89,,,CALLE,FERNANDO EL CATOLICO,52,28015,,20013232,,1088290,MU24,MU-51,2026-01-10T00:00:00Z
430583,Aparcabicicletas,62,CUATRO CAMINOS,6,TETUAN,OPERATIVO,440387.63,4478237.43,ETRS89,,,CALLE,BRAVO MURILLO,162,28020,,11029812,,1089806,MU24,MU-51,2026-01-10T00:00:00Z
431324,Aparcabicicletas,72,ARAPILES,7,CHAMBERI,OPERATIVO,439865.49,4475888.37,ETRS89,,,CALLE,VALLEHERMOSO,15,28015,,11039765,,1111039,MU24,MU-51,2026-01-10T00:00:00Z
432004,Aparcabicicletas,74,ALMAGRO,7,CHAMBERI,OPERATIVO,441060.56,4476227.43,ETRS89,,,CALLE,FERNANDEZ DE LA HOZ,27,28010,,11041298,,1083401,MU24,MU-51,2026-01-10T00:00:00Z
432176,Aparcabicicletas,66,BERRUGUETE,6,TETUAN,OPERATIVO,440471.56,4478980.4,ETRS89,,,CALLE,HIERBABUENA,2,28039,,11037992,,1094380,MU24,MU-51,2026-01-10T00:00:00Z
429392,Aparcabicicletas,13,CORTES,1,CENTRO,OPERATIVO,440991.602,4474320.437,ETRS89,,,CALLE,MARQUES DE CUBAS,4,28014,,20005286,,1090033,MU24,MU-51,2026-01-10T00:00:00Z
430108,Aparcabicicletas,71,GAZTAMBIDE,7,CHAMBERI,OPERATIVO,439145.71,4476073.68,ETRS89,,,CALLE,MELENDEZ VALDES,69,28015,,20013180,,1099717,MU24,MU-51,2026-01-10T00:00:00Z
431099,Aparcabicicletas,14,JUSTICIA,1,CENTRO,OPERATIVO,440917.61,4475073.42,ETRS89,,,CALLE,BELEN,7,28004,,11005011,,1093768,MU24,MU-51,2026-01-10T00:00:00Z
431706,Aparcabicicletas,64,ALMENARA,6,TETUAN,OPERATIVO,441348.1,4479756.09,ETRS89,,,CALLE,CONDE DEL SERRALLO,4,28029,,20056824,,1110766,MU24,MU-51,2026-01-10T00:00:00Z
432027,Aparcabicicletas,74,ALMAGRO,7,CHAMBERI,OPERATIVO,441353.6,4475661.44,ETRS89,,,CALLE,ZURBARAN,21,28010,,11040978,2011-05-30T00:00:00Z,1025552,MU24,MU-51,2026-01-10T00:00:00Z
432357,Aparcabicicletas,64,ALMENARA,6,TETUAN,OPERATIVO,441440.63,4479867.92,ETRS89,,,CALLE,SAN AQUILINO,2,28029,,20057574,,1110821,MU24,MU-51,2026-01-10T00:00:00Z
432656,Aparcabicicletas,12,EMBAJADORES,1,CENTRO,OPERATIVO,440213.046,4473923.319,ETRS89,,,CALLE,CONDE DE ROMANONES,3,28012,,11001562,,1093665,MU24,MU-51,2026-01-10T00:00:00Z
432820,Aparcabicicletas,64,ALMENARA,6,TETUAN,OPERATIVO,440956.04,4480515.46,ETRS89,,,CALLE,VIA LIMITE,12A,28029,,31063953,,1111003,MU24,MU-51,2026-01-10T00:00:00Z
433247,Aparcabicicletas,64,ALMENARA,6,TETUAN,OPERATIVO,441439.77,4479866.93,ETRS89,,,CALLE,SAN AQUILINO,2,28029,,20057574,,1110820,MU24,MU-51,2026-01-10T00:00:00Z
433440,Aparcabicicletas,72,ARAPILES,7,CHAMBERI,OPERATIVO,440171.67,4476010.91,ETRS89,,,CALLE,MAGALLANES,1,28015,,11039623,,1128780,MU24,MU-51,2026-01-10T00:00:00Z
434280,Aparcabicicletas,75,RIOS ROSAS,7,CHAMBERI,OPERATIVO,440958.36,4476648.51,ETRS89,,,CALLE,JOSE ABASCAL,41,28003,,11041614,2022-02-17T00:00:00Z,1083410,MU24,MU-51,2026-01-10T00:00:00Z
438410,Aparcabicicletas,61,BELLAS VISTAS,6,TETUAN,OPERATIVO,439644.27,4478646.68,ETRS89,,,CALLE,ALEJANDRO RODRIGUEZ,39,28039,,11028231,,1094360,MU24,MU-51,2026-01-10T00:00:00Z
438509,Aparcabicicletas,66,BERRUGUETE,6,TETUAN,OPERATIVO,440501.62,4478804.44,ETRS89,,,CALLE,NUESTRA SEÑORA DEL CARMEN,3,28039,,20127483,,1094374,MU24,MU-51,2026-01-10T00:00:00Z
422746,Aparcabicicletas,76,VALLEHERMOSO,7,CHAMBERI,OPERATIVO,439866.624,4476716.47,ETRS89,,,CALLE,CEA BERMUDEZ,26,28003,,11042545,,1088349,MU24,MU-51,2026-01-10T00:00:00Z
426492,Aparcabicicletas,73,TRAFALGAR,7,CHAMBERI,OPERATIVO,440355.55,4475794.42,ETRS89,,,CALLE,FUENCARRAL,123,28010,,11039923,,1088283,MU24,MU-51,2026-01-10T00:00:00Z
426825,Aparcabicicletas,12,EMBAJADORES,1,CENTRO,OPERATIVO,440295.58,4473941.42,ETRS89,,,CALLE,DOCTOR CORTEZO,2,28012,,20004288,,1085423,MU24,MU-51,2026-01-10T00:00:00Z
427608,Aparcabicicletas,75,RIOS ROSAS,7,CHAMBERI,OPERATIVO,441016.56,4477027.47,ETRS89,,,CALLE,RIOS ROSAS,57,28003,,20014598,,1088274,MU24,MU-51,2026-01-10T00:00:00Z
427848,Aparcabicicletas,66,BERRUGUETE,6,TETUAN,OPERATIVO,440526.88,4479284.68,ETRS89,,,CALLE,MARQUES DE VIANA,41,28039,,11036732,,1110804,MU24,MU-51,2026-01-10T00:00:00Z
428245,Aparcabicicletas,65,VALDEACEDERAS,6,TETUAN,OPERATIVO,440950.02,4479536.76,ETRS89,,,CALLE,TORRIJOS,3,28039,,11033867,2022-12-15T00:00:00Z,1089885,MU24,MU-51,2026-01-10T00:00:00Z
428457,Aparcabicicletas,14,JUSTICIA,1,CENTRO,OPERATIVO,440600.61,4475354.44,ETRS89,,,CALLE,BARCELO,7,28004,,11005236,,1090038,MU24,MU-51,2026-01-10T00:00:00Z
434598,Aparcabicicletas,65,VALDEACEDERAS,6,TETUAN,OPERATIVO,440156.61,4480322.44,ETRS89,,,CALLE,SINESIO DELGADO,34,28029,,20047808,,944794,MU24,MU-38,2026-01-10T00:00:00Z
434674,Aparcabicicletas,11,PALACIO,1,CENTRO,OPERATIVO,439589.59,4473946.41,ETRS89,,,CALLE,SEGOVIA,18,28005,,20003906,,1090017,MU24,MU-51,2026-01-10T00:00:00Z
435068,Aparcabicicletas,76,VALLEHERMOSO,7,CHAMBERI,OPERATIVO,439601.607,4476973.475,ETRS89,,,CALLE,MELQUIADES ALVAREZ,8,28003,,11042618,,1088341,MU24,MU-51,2026-01-10T00:00:00Z
436619,Aparcabicicletas,11,PALACIO,1,CENTRO,OPERATIVO,439692.57,4474259.4,ETRS89,,,CALLE,SANTA CLARA,1,28013,,31037355,,1085335,MU24,MU-51,2026-01-10T00:00:00Z
437493,Aparcabicicletas,12,EMBAJADORES,1,CENTRO,OPERATIVO,440894.15,4473463.9,ETRS89,,,CALLE,SANTA ISABEL,46,28012,,11002996,,1141512,MU24,MU-51,2026-01-10T00:00:00Z
437588,Aparcabicicletas,74,ALMAGRO,7,CHAMBERI,OPERATIVO,441085.61,4475594.5,ETRS89,,,CALLE,ALMAGRO,7,28010,,20014094,2022-02-17T00:00:00Z,1104198,MU24,MU-51,2026-01-10T00:00:00Z
437850,Aparcabicicletas,15,UNIVERSIDAD,1,CENTRO,OPERATIVO,440546.44,4474964.13,ETRS89,,,CALLE,FUENCARRAL,46,28004,28004,11004423,,1085358,MU24,MU-51,2026-01-10T00:00:00Z
433257,Aparcabicicletas,15,UNIVERSIDAD,1,CENTRO,OPERATIVO,439643.36,4475734.19,ETRS89,,,CALLE,ALBERTO AGUILERA,23,28015,,11006483,,1085350,MU24,MU-51,2026-01-10T00:00:00Z
433376,Aparcabicicletas,64,ALMENARA,6,TETUAN,OPERATIVO,441347.84,4479754.76,ETRS89,,,CALLE,CONDE DEL SERRALLO,4,28029,,20056824,,1110767,MU24,MU-51,2026-01-10T00:00:00Z
433412,Aparcabicicletas,75,RIOS ROSAS,7,CHAMBERI,OPERATIVO,440484.06,4477427.42,ETRS89,,,CALLE,MAUDES,14,28003,,11042318,,1122424,MU24,MU-51,2026-01-10T00:00:00Z
433771,Aparcabicicletas,75,RIOS ROSAS,7,CHAMBERI,OPERATIVO,441021.56,4477026.43,ETRS89,,,CALLE,RIOS ROSAS,57,28003,,20014598,,1088273,MU24,MU-51,2026-01-10T00:00:00Z
434193,Aparcabicicletas,62,CUATRO CAMINOS,6,TETUAN,OPERATIVO,441030.6,4477873.46,ETRS89,,,CALLE,ORENSE,15B,28020,,31041819,,1089760,MU24,MU-51,2026-01-10T00:00:00Z
435715,Aparcabicicletas,65,VALDEACEDERAS,6,TETUAN,OPERATIVO,440407.61,4479394.42,ETRS89,,,CALLE,MARQUES DE VIANA,56,28039,,11036029,,1089835,MU24,MU-51,2026-01-10T00:00:00Z
436981,Aparcabicicletas,76,VALLEHERMOSO,7,CHAMBERI,OPERATIVO,440286.86,4477382.81,ETRS89,,,CALLE,BRAVO MURILLO,85,28003,,11042375,,1139487,MU24,MU-51,2026-01-10T00:00:00Z
438224,Aparcabicicletas,74,ALMAGRO,7,CHAMBERI,OPERATIVO,440825.89,4476467.28,ETRS89,,,CALLE,GARCIA DE PAREDES,37,28010,28010,11041496,2018-05-04T00:00:00Z,1088221,MU24,MU-51,2026-01-10T00:00:00Z
440396,Aparcabicicletas,66,BERRUGUETE,6,TETUAN,OPERATIVO,440470.62,4478979.41,ETRS89,,,CALLE,HIERBABUENA,2,28039,,11037992,,1094378,MU24,MU-51,2026-01-10T00:00:00Z
440585,Aparcabicicletas,76,VALLEHERMOSO,7,CHAMBERI,OPERATIVO,439696.59,4476919.43,ETRS89,,,CALLE,JESUS MAESTRO,3,28003,,11042635,,1088234,MU24,MU-51,2026-01-10T00:00:00Z
441256,Aparcabicicletas,71,GAZTAMBIDE,7,CHAMBERI,OPERATIVO,439138.6,4476210.49,ETRS89,,,CALLE,FERNANDO EL CATOLICO,77,28015,,11038665,,1088294,MU24,MU-51,2026-01-10T00:00:00Z
428240,Aparcabicicletas,74,ALMAGRO,7,CHAMBERI,OPERATIVO,441354.65,4476109.34,ETRS89,,,CALLE,MIGUEL ANGEL,1B,28010,,11041249,,1111026,MU24,MU-51,2026-01-10T00:00:00Z
428329,Aparcabicicletas,11,PALACIO,1,CENTRO,OPERATIVO,439587.56,4473946.43,ETRS89,,,CALLE,SEGOVIA,18,28005,,20003906,,1090016,MU24,MU-51,2026-01-10T00:00:00Z
435033,Aparcabicicletas,73,TRAFALGAR,7,CHAMBERI,OPERATIVO,440355.56,4475795.42,ETRS89,,,CALLE,FUENCARRAL,123,28010,,11039923,,1088284,MU24,MU-51,2026-01-10T00:00:00Z
435073,Aparcabicicletas,64,ALMENARA,6,TETUAN,OPERATIVO,441435.83,4479860.97,ETRS89,,,CALLE,SAN AQUILINO,2,28029,,20057574,,1110814,MU24,MU-51,2026-01-10T00:00:00Z
438437,Aparcabicicletas,64,ALMENARA,6,TETUAN,OPERATIVO,441437.97,4479863.95,ETRS89,,,CALLE,SAN AQUILINO,2,28029,,20057574,,1110817,MU24,MU-51,2026-01-10T00:00:00Z
440732,Aparcabicicletas,62,CUATRO CAMINOS,6,TETUAN,OPERATIVO,440934.88,4478015.41,ETRS89,,,CALLE,EDGAR NEVILLE,24B,28020,,20149143,,1125326,MU24,MU-51,2026-01-10T00:00:00Z
440952,Aparcabicicletas,62,CUATRO CAMINOS,6,TETUAN,OPERATIVO,440935.49,4478018.29,ETRS89,,,CALLE,EDGAR NEVILLE,24B,28020,,20149143,,1094397,MU24,MU-51,2026-01-10T00:00:00Z
441479,Aparcabicicletas,71,GAZTAMBIDE,7,CHAMBERI,OPERATIVO,439531.49,4476482.72,ETRS89,,,CALLE,GUZMAN EL BUENO,75,28015,,11039033,,1088209,MU24,MU-51,2026-01-10T00:00:00Z
438961,Aparcabicicletas,13,CORTES,1,CENTRO,OPERATIVO,440700.55,4474508.45,ETRS89,,,CALLE,CABALLERO DE GRACIA,15,28013,,20147371,2013-10-30T00:00:00Z,1089951,MU24,MU-51,2026-01-10T00:00:00Z
457574,Aparcabicicletas,22,ACACIAS,2,ARGANZUELA,OPERATIVO,440303.142,4472674.444,ETRS89,,,CALLE,PEÑUELAS,29,28005,28005,20007398,,161177-PUNTO,MU24,MU-38,2026-01-10T00:00:00Z
457578,Aparcabicicletas,22,ACACIAS,2,ARGANZUELA,OPERATIVO,440301.636,4472677.12,ETRS89,,,CALLE,PEÑUELAS,29,28005,28005,20007398,,,MU24,MU-38,2026-01-10T00:00:00Z
457613,Aparcabicicletas,97,ARAVACA,9,MONCLOA-ARAVACA,OPERATIVO,433409.878,4477863.304,ETRS89,,,CALLE,GOLONDRINA,104,28023,,31044466,2022-05-10T00:00:00Z,161358-PUNTO,MU24,MU-51,2026-01-10T00:00:00Z
457620,Aparcabicicletas,97,ARAVACA,9,MONCLOA-ARAVACA,OPERATIVO,433410.495,4477814.263,ETRS89,,,CALLE,GOLONDRINA,104,28023,,31044466,2022-05-10T00:00:00Z,,MU24,,2026-01-10T00:00:00Z
457622,Aparcabicicletas,97,ARAVACA,9,MONCLOA-ARAVACA,OPERATIVO,433410.519,4477814.696,ETRS89,,,CALLE,GOLONDRINA,104,28023,,31044466,2022-05-11T00:00:00Z,,MU24,,2026-01-10T00:00:00Z
457628,Aparcabicicletas,24,LEGAZPI,2,ARGANZUELA,OPERATIVO,441232.89,4471027.1,ETRS89,,,CALLE,TENIENTE CORONEL NOREÑA,41,28045,28045,11009248,,161180-PUNTO,MU24,MU-51,2026-01-10T00:00:00Z
457632,Aparcabicicletas,24,LEGAZPI,2,ARGANZUELA,OPERATIVO,441232.21,4471026.33,ETRS89,,,CALLE,TENIENTE CORONEL NOREÑA,41,28045,28045,11009248,,162108-PUNTO,MU24,MU-51,2026-01-10T00:00:00Z
457638,Aparcabicicletas,97,ARAVACA,9,MONCLOA-ARAVACA,OPERATIVO,434660.272,4478167.863,ETRS89,,,CALLE,ENEBRO,21,28023,,11058366,2022-06-14T00:00:00Z,,MU24,,2026-01-10T00:00:00Z
457642,Aparcabicicletas,24,LEGAZPI,2,ARGANZUELA,OPERATIVO,441233.32,4471027.54,ETRS89,,,CALLE,TENIENTE CORONEL NOREÑA,41,28045,28045,11009248,,162111-PUNTO,MU24,MU-51,2026-01-10T00:00:00Z
457647,Aparcabicicletas,97,ARAVACA,9,MONCLOA-ARAVACA,OPERATIVO,434660.513,4478167.695,ETRS89,,,CALLE,ENEBRO,21,28023,,11058366,2022-05-19T00:00:00Z,,MU24,,2026-01-10T00:00:00Z
457652,Aparcabicicletas,97,ARAVACA,9,MONCLOA-ARAVACA,OPERATIVO,434659.694,4478168.176,ETRS89,,,CALLE,ENEBRO,21,28023,,11058366,2022-05-26T00:00:00Z,161360-PUNTO,MU24,,2026-01-10T00:00:00Z
457657,Aparcabicicletas,24,LEGAZPI,2,ARGANZUELA,OPERATIVO,442399.67,4471458.41,ETRS89,,,CALLE,TITAN,8,28045,28045,31022353,,162114-PUNTO,MU24,MU-51,2026-01-10T00:00:00Z
457662,Aparcabicicletas,24,LEGAZPI,2,ARGANZUELA,OPERATIVO,442398.9,4471457.98,ETRS89,,,CALLE,TITAN,8,28045,28045,31022353,,162116-PUNTO,MU24,MU-51,2026-01-10T00:00:00Z
436613,Aparcabicicletas,76,VALLEHERMOSO,7,CHAMBERI,OPERATIVO,440116.59,4477428.13,ETRS89,,,CALLE,MARQUES DE LEMA,7,28003,,11042435,,1128624,MU24,MU-51,2026-01-10T00:00:00Z
437411,Aparcabicicletas,75,RIOS ROSAS,7,CHAMBERI,OPERATIVO,440734.96,4477517.35,ETRS89,,,CALLE,RAIMUNDO FERNANDEZ VILLAVERDE,32,28003,,11042290,,1111014,MU24,MU-51,2026-01-10T00:00:00Z
437531,Aparcabicicletas,12,EMBAJADORES,1,CENTRO,OPERATIVO,440659.71,4473701.2,ETRS89,,,CALLE,TORRECILLA DEL LEAL,1,28012,,11002629,,1141494,MU24,MU-51,2026-01-10T00:00:00Z
437655,Aparcabicicletas,66,BERRUGUETE,6,TETUAN,OPERATIVO,440503.31,4478804.54,ETRS89,,,CALLE,NUESTRA SEÑORA DEL CARMEN,3,28039,,20127483,,1110802,MU24,MU-51,2026-01-10T00:00:00Z
438876,Aparcabicicletas,76,VALLEHERMOSO,7,CHAMBERI,OPERATIVO,439760.61,4477487.49,ETRS89,,,CALLE,GENERAL IBAÑEZ DE IBERO,4A,28003,,31044157,,1088348,MU24,MU-51,2026-01-10T00:00:00Z
439118,Aparcabicicletas,65,VALDEACEDERAS,6,TETUAN,OPERATIVO,440804.64,4479948.41,ETRS89,,,CALLE,PINOS ALTA,63,28029,,11033707,,1089852,MU24,MU-51,2026-01-10T00:00:00Z
451944,Aparcabicicletas,72,ARAPILES,7,CHAMBERI,OPERATIVO,439747.45,4476135.08,ETRS89,,,CALLE,GALILEO,37,28015,28015,31042764,2016-03-30T00:00:00Z,,MU24,,2026-01-10T00:00:00Z
457576,Aparcabicicletas,22,ACACIAS,2,ARGANZUELA,OPERATIVO,440301.13,4472678.01,ETRS89,,,CALLE,PEÑUELAS,29,28005,28005,20007398,,162096-PUNTO,MU24,MU-51,2026-01-10T00:00:00Z
441455,Aparcabicicletas,71,GAZTAMBIDE,7,CHAMBERI,OPERATIVO,439515.6,4476195.45,ETRS89,,,CALLE,FERNANDO EL CATOLICO,52,28015,,20013232,,1088288,MU24,MU-51,2026-01-10T00:00:00Z
441778,Aparcabicicletas,66,BERRUGUETE,6,TETUAN,OPERATIVO,440470.61,4478978.41,ETRS89,,,CALLE,HIERBABUENA,2,28039,,11037992,,1094377,MU24,MU-51,2026-01-10T00:00:00Z
457408,Aparcabicicletas,104,ALUCHE,10,LATINA,OPERATIVO,435882.094,4471911.492,ETRS89,,,CALLE,CAMARENA,57,28047,,11065037,2022-08-16T00:00:00Z,161326-PUNTO,MU24,,2026-01-10T00:00:00Z
457410,Aparcabicicletas,107,AGUILAS,10,LATINA,OPERATIVO,433801.86,4470563.812,ETRS89,,,CALLE,FUENTE DEL TIRO,72,28024,,20134686,2022-08-10T00:00:00Z,161327-PUNTO,MU24,MU-51,2026-01-10T00:00:00Z
457412,Aparcabicicletas,21,IMPERIAL,2,ARGANZUELA,OPERATIVO,438866.15,4473538.11,ETRS89,,,CALLE,LINNEO,31,28005,28005,11008086,,162059-PUNTO,MU24,MU-51,2026-01-10T00:00:00Z
457417,Aparcabicicletas,107,AGUILAS,10,LATINA,OPERATIVO,434303.725,4470059.799,ETRS89,,,CALLE,BLAS CABRERA,50,28044,,11067883,2022-06-07T00:00:00Z,161330-PUNTO,MU24,,2026-01-10T00:00:00Z
457422,Aparcabicicletas,107,AGUILAS,10,LATINA,OPERATIVO,435047.702,4470789.48,ETRS89,,,CALLE,NAVIA,27,28044,,20137018,2022-08-10T00:00:00Z,,MU24,,2026-01-10T00:00:00Z
457424,Aparcabicicletas,107,AGUILAS,10,LATINA,OPERATIVO,435049.386,4470789.769,ETRS89,,,CALLE,NAVIA,27,28044,,20137018,2022-07-05T00:00:00Z,,MU24,,2026-01-10T00:00:00Z
457426,Aparcabicicletas,107,AGUILAS,10,LATINA,OPERATIVO,435046.835,4470789.336,ETRS89,,,CALLE,NAVIA,27,28044,,20137018,2022-10-13T00:00:00Z,,MU24,,2026-01-10T00:00:00Z
457428,Aparcabicicletas,107,AGUILAS,10,LATINA,OPERATIVO,434486.829,4470390.58,ETRS89,,,CALLE,JOSE DE CADALSO,19,28044,,31025319,2022-09-07T00:00:00Z,,MU24,,2026-01-10T00:00:00Z
457431,Aparcabicicletas,107,AGUILAS,10,LATINA,OPERATIVO,434487.433,4470372.044,ETRS89,,,CALLE,JOSE DE CADALSO,19,28044,,31025319,2022-07-13T00:00:00Z,,MU24,,2026-01-10T00:00:00Z
457433,Aparcabicicletas,107,AGUILAS,10,LATINA,OPERATIVO,434486.829,4470390.844,ETRS89,,,CALLE,JOSE DE CADALSO,19,28044,,31025319,2022-08-09T00:00:00Z,,MU24,,2026-01-10T00:00:00Z
457435,Aparcabicicletas,107,AGUILAS,10,LATINA,OPERATIVO,434487.337,4470373.681,ETRS89,,,CALLE,JOSE DE CADALSO,19,28044,,31025319,2022-09-07T00:00:00Z,,MU24,,2026-01-10T00:00:00Z
457439,Aparcabicicletas,106,CUATRO VIENTOS,10,LATINA,OPERATIVO,435064.862,4469069.261,ETRS89,,,CALLE,TROMBONES,13,28054,,31036380,2022-06-16T00:00:00Z,,MU24,,2026-01-10T00:00:00Z
457404,Aparcabicicletas,21,IMPERIAL,2,ARGANZUELA,OPERATIVO,438866.25,4473539.44,ETRS89,,,CALLE,LINNEO,31,28005,28005,11008086,,161163-PUNTO,MU24,MU-51,2026-01-10T00:00:00Z
457411,Aparcabicicletas,107,AGUILAS,10,LATINA,OPERATIVO,433587.223,4470543.929,ETRS89,,,CALLE,FUENTE DE LIMA,22,28024,,11067134,2022-07-12T00:00:00Z,161328-PUNTO,MU24,MU-51,2026-01-10T00:00:00Z
457415,Aparcabicicletas,21,IMPERIAL,2,ARGANZUELA,OPERATIVO,438866.24,4473538.77,ETRS89,,,CALLE,LINNEO,31,28005,28005,11008086,,162060-PUNTO,MU24,MU-51,2026-01-10T00:00:00Z
457420,Aparcabicicletas,107,AGUILAS,10,LATINA,OPERATIVO,435128.744,4470018.212,ETRS89,,,CALLE,BLAS CABRERA,90,28044,,11068588,2022-09-14T00:00:00Z,161331-PUNTO,MU24,MU-51,2026-01-10T00:00:00Z
457423,Aparcabicicletas,107,AGUILAS,10,LATINA,OPERATIVO,435048.52,4470789.625,ETRS89,,,CALLE,NAVIA,27,28044,,20137018,2022-09-06T00:00:00Z,,MU24,,2026-01-10T00:00:00Z
457425,Aparcabicicletas,107,AGUILAS,10,LATINA,OPERATIVO,435050.445,4470789.914,ETRS89,,,CALLE,NAVIA,27,28044,,20137018,2022-08-18T00:00:00Z,,MU24,,2026-01-10T00:00:00Z
457427,Aparcabicicletas,104,ALUCHE,10,LATINA,OPERATIVO,435510.014,4470893.002,ETRS89,,,CALLE,VALMOJADO,295,28047,,31034501,2022-06-21T00:00:00Z,161332-PUNTO,MU24,MU-51,2026-01-10T00:00:00Z
457429,Aparcabicicletas,21,IMPERIAL,2,ARGANZUELA,OPERATIVO,438866.15,4473537.55,ETRS89,,,CALLE,LINNEO,31,28005,28005,11008086,,162061-PUNTO,MU24,MU-51,2026-01-10T00:00:00Z
457432,Aparcabicicletas,21,IMPERIAL,2,ARGANZUELA,OPERATIVO,438866.25,4473539.99,ETRS89,,,CALLE,LINNEO,31,28005,28005,11008086,,162063-PUNTO,MU24,MU-51,2026-01-10T00:00:00Z
457434,Aparcabicicletas,107,AGUILAS,10,LATINA,OPERATIVO,434487.048,4470378.302,ETRS89,,,CALLE,JOSE DE CADALSO,19,28044,,31025319,2022-08-01T00:00:00Z,,MU24,MU-51,2026-01-10T00:00:00Z
457436,Aparcabicicletas,107,AGUILAS,10,LATINA,OPERATIVO,434487.24,4470375.317,ETRS89,,,CALLE,JOSE DE CADALSO,19,28044,,31025319,2022-06-07T00:00:00Z,161333-PUNTO,MU24,MU-51,2026-01-10T00:00:00Z
457610,Aparcabicicletas,101,LOS CARMENES,10,LATINA,OPERATIVO,437572.312,4472240.523,ETRS89,,,CALLE,GALLUR,1,28047,,11059060,2022-06-28T00:00:00Z,161357-PUNTO,MU24,,2026-01-10T00:00:00Z
457618,Aparcabicicletas,97,ARAVACA,9,MONCLOA-ARAVACA,OPERATIVO,433410.519,4477815.129,ETRS89,,,CALLE,GOLONDRINA,104,28023,,31044466,2022-05-10T00:00:00Z,,MU24,,2026-01-10T00:00:00Z
457621,Aparcabicicletas,97,ARAVACA,9,MONCLOA-ARAVACA,OPERATIVO,433410.495,4477815.514,ETRS89,,,CALLE,GOLONDRINA,104,28023,,31044466,2022-05-10T00:00:00Z,,MU24,,2026-01-10T00:00:00Z
457623,Aparcabicicletas,97,ARAVACA,9,MONCLOA-ARAVACA,OPERATIVO,433410.519,4477815.947,ETRS89,,,CALLE,GOLONDRINA,104,28023,,31044466,2022-06-09T00:00:00Z,161359-PUNTO,MU24,,2026-01-10T00:00:00Z
457629,Aparcabicicletas,97,ARAVACA,9,MONCLOA-ARAVACA,OPERATIVO,434660.007,4478168.056,ETRS89,,,CALLE,ENEBRO,21,28023,,11058366,2022-06-16T00:00:00Z,,MU24,,2026-01-10T00:00:00Z
457636,Aparcabicicletas,24,LEGAZPI,2,ARGANZUELA,OPERATIVO,441231.87,4471025.89,ETRS89,,,CALLE,TENIENTE CORONEL NOREÑA,41,28045,28045,11009248,,162109-PUNTO,MU24,MU-51,2026-01-10T00:00:00Z
457640,Aparcabicicletas,24,LEGAZPI,2,ARGANZUELA,OPERATIVO,441232.55,4471026.66,ETRS89,,,CALLE,TENIENTE CORONEL NOREÑA,41,28045,28045,11009248,,162110-PUNTO,MU24,MU-51,2026-01-10T00:00:00Z
457645,Aparcabicicletas,24,LEGAZPI,2,ARGANZUELA,OPERATIVO,442396.94,4471457.1,ETRS89,,,CALLE,TITAN,8,28045,28045,31022353,,162113-PUNTO,MU24,MU-51,2026-01-10T00:00:00Z
457650,Aparcabicicletas,97,ARAVACA,9,MONCLOA-ARAVACA,OPERATIVO,434659.478,4478168.393,ETRS89,,,CALLE,ENEBRO,21,28023,,11058366,2022-06-15T00:00:00Z,,MU24,,2026-01-10T00:00:00Z
457660,Aparcabicicletas,25,DELICIAS,2,ARGANZUELA,OPERATIVO,441625.51,4472439.14,ETRS89,,,CALLE,BUSTAMANTE,20,28045,28045,31001897,,162115-PUNTO,MU24,MU-51,2026-01-10T00:00:00Z
457663,Aparcabicicletas,24,LEGAZPI,2,ARGANZUELA,OPERATIVO,442397.62,4471457.43,ETRS89,,,CALLE,TITAN,8,28045,28045,31022353,,162117-PUNTO,MU24,MU-51,2026-01-10T00:00:00Z
457441,Aparcabicicletas,106,CUATRO VIENTOS,10,LATINA,OPERATIVO,435064.428,4469066.566,ETRS89,,,CALLE,TROMBONES,13,28054,,31036380,2022-06-21T00:00:00Z,,MU24,,2026-01-10T00:00:00Z
457443,Aparcabicicletas,106,CUATRO VIENTOS,10,LATINA,OPERATIVO,435064.669,4469068.058,ETRS89,,,CALLE,TROMBONES,13,28054,,31036380,2022-05-10T00:00:00Z,161334-PUNTO,MU24,,2026-01-10T00:00:00Z
457448,Aparcabicicletas,107,AGUILAS,10,LATINA,OPERATIVO,434487.24,4470376.569,ETRS89,,,CALLE,JOSE DE CADALSO,19,28044,,31025319,2022-07-19T00:00:00Z,,MU24,,2026-01-10T00:00:00Z
457457,Aparcabicicletas,21,IMPERIAL,2,ARGANZUELA,OPERATIVO,439059.26,4473755.11,ETRS89,,,CALLE,MAZARREDO,11,28005,28005,31052131,,162072-PUNTO,MU24,MU-51,2026-01-10T00:00:00Z
457460,Aparcabicicletas,21,IMPERIAL,2,ARGANZUELA,OPERATIVO,439058.67,4473755,ETRS89,,,CALLE,MAZARREDO,11,28005,28005,31052131,,162074-PUNTO,MU24,MU-51,2026-01-10T00:00:00Z
457464,Aparcabicicletas,104,ALUCHE,10,LATINA,OPERATIVO,435316.984,4471566.311,ETRS89,,,CALLE,TEMBLEQUE,104,28024,,11065563,2022-07-20T00:00:00Z,161339-PUNTO,MU24,,2026-01-10T00:00:00Z
457469,Aparcabicicletas,104,ALUCHE,10,LATINA,OPERATIVO,435343.344,4471202.478,ETRS89,,,CALLE,MAQUEDA,117,28024,,11065473,2022-04-12T00:00:00Z,161341-PUNTO,MU24,MU-51,2026-01-10T00:00:00Z
457479,Aparcabicicletas,103,LUCERO,10,LATINA,OPERATIVO,436378.444,4473268.073,ETRS89,,,CALLE,VILLAVALIENTE,29,28011,,11064051,2022-05-17T00:00:00Z,161345-PUNTO,MU24,,2026-01-10T00:00:00Z
457484,Aparcabicicletas,103,LUCERO,10,LATINA,OPERATIVO,435540.37,4472778.572,ETRS89,,,CALLE,SAN ROBERTO,8,28011,,11064205,2022-07-20T00:00:00Z,161347-PUNTO,MU24,,2026-01-10T00:00:00Z
457490,Aparcabicicletas,103,LUCERO,10,LATINA,OPERATIVO,436436.108,4472606.421,ETRS89,,,CALLE,CASTROSERNA,4,28047,,20086999,2022-08-23T00:00:00Z,161348-PUNTO,MU24,,2026-01-10T00:00:00Z
457498,Aparcabicicletas,103,LUCERO,10,LATINA,OPERATIVO,436384.027,4472412.825,ETRS89,,,CALLE,CONCEJAL FRANCISCO JOSE JIMENEZ MARTIN,146,28047,,20086557,2022-06-15T00:00:00Z,,MU24,,2026-01-10T00:00:00Z
457502,Aparcabicicletas,103,LUCERO,10,LATINA,OPERATIVO,436385.732,4472414.389,ETRS89,,,CALLE,CONCEJAL FRANCISCO JOSE JIMENEZ MARTIN,146,28047,,20086557,2022-08-17T00:00:00Z,,MU24,,2026-01-10T00:00:00Z
457508,Aparcabicicletas,103,LUCERO,10,LATINA,OPERATIVO,436390.381,4472413.595,ETRS89,,,CALLE,CONCEJAL FRANCISCO JOSE JIMENEZ MARTIN,146,28047,,20086557,2022-06-09T00:00:00Z,,MU24,,2026-01-10T00:00:00Z
457540,Aparcabicicletas,102,PUERTA DEL ANGEL,10,LATINA,OPERATIVO,438108.821,4473360.378,ETRS89,,,CALLE,CARAMUEL,58,28011,,11061206,2022-07-28T00:00:00Z,161352-PUNTO,MU24,,2026-01-10T00:00:00Z
457546,Aparcabicicletas,22,ACACIAS,2,ARGANZUELA,OPERATIVO,440018.48,4472638.31,ETRS89,,,CALLE,CAOBA,6,28005,28005,20129132,,162091-PUNTO,MU24,MU-51,2026-01-10T00:00:00Z
457550,Aparcabicicletas,22,ACACIAS,2,ARGANZUELA,OPERATIVO,440021.63,4472639.61,ETRS89,,,CALLE,CAOBA,6,28005,28005,20129132,,162093-PUNTO,MU24,MU-51,2026-01-10T00:00:00Z
457665,Aparcabicicletas,24,LEGAZPI,2,ARGANZUELA,OPERATIVO,442398.22,4471457.65,ETRS89,,,CALLE,TITAN,8,28045,28045,31022353,,162118-PUNTO,MU24,MU-51,2026-01-10T00:00:00Z
457669,Aparcabicicletas,24,LEGAZPI,2,ARGANZUELA,OPERATIVO,442177.722,4471492.09,ETRS89,,,CALLE,MENESES,4,28045,28045,31022245,,161181-PUNTO,MU24,MU-38,2026-01-10T00:00:00Z
457672,Aparcabicicletas,97,ARAVACA,9,MONCLOA-ARAVACA,OPERATIVO,433644.957,4478239.951,ETRS89,,,CALLE,HUMERA,40,28023,,31011019,2022-09-15T00:00:00Z,,MU24,,2026-01-10T00:00:00Z
457454,Aparcabicicletas,104,ALUCHE,10,LATINA,OPERATIVO,435828.646,4472080.531,ETRS89,,,CALLE,VALMOJADO,61,28047,,11065308,2022-08-10T00:00:00Z,161337-PUNTO,MU24,,2026-01-10T00:00:00Z
457458,Aparcabicicletas,21,IMPERIAL,2,ARGANZUELA,OPERATIVO,439059.94,4473755.21,ETRS89,,,CALLE,MAZARREDO,11,28005,28005,31052131,,162073-PUNTO,MU24,MU-51,2026-01-10T00:00:00Z
457461,Aparcabicicletas,21,IMPERIAL,2,ARGANZUELA,OPERATIVO,439057.31,4473755.01,ETRS89,,,CALLE,MAZARREDO,11,28005,28005,31052131,,162075-PUNTO,MU24,MU-51,2026-01-10T00:00:00Z
457463,Aparcabicicletas,104,ALUCHE,10,LATINA,OPERATIVO,435625.708,4471608.564,ETRS89,,,CALLE,ILLESCAS,151,28047,,31050623,2022-05-10T00:00:00Z,161338-PUNTO,MU24,,2026-01-10T00:00:00Z
457468,Aparcabicicletas,104,ALUCHE,10,LATINA,OPERATIVO,435602.711,4471338.543,ETRS89,,,CALLE,VALMOJADO,173,28047,,11065168,2022-07-06T00:00:00Z,161340-PUNTO,MU24,,2026-01-10T00:00:00Z
457470,Aparcabicicletas,104,ALUCHE,10,LATINA,OPERATIVO,435512.036,4470897.237,ETRS89,,,CALLE,VALMOJADO,295,28047,,31034501,2022-06-15T00:00:00Z,161342-PUNTO,MU24,,2026-01-10T00:00:00Z
457481,Aparcabicicletas,103,LUCERO,10,LATINA,OPERATIVO,435698.999,4472827.772,ETRS89,,,CALLE,SAN JUAN DE MATA,21,28011,,11064128,2022-06-15T00:00:00Z,161346-PUNTO,MU24,,2026-01-10T00:00:00Z
457489,Aparcabicicletas,103,LUCERO,10,LATINA,OPERATIVO,436437.36,4472606.517,ETRS89,,,CALLE,CASTROSERNA,4,28047,,20086999,2022-05-24T00:00:00Z,,MU24,,2026-01-10T00:00:00Z
457495,Aparcabicicletas,103,LUCERO,10,LATINA,OPERATIVO,435890.305,4472502.763,ETRS89,,,CALLE,CONCEJAL FRANCISCO JOSE JIMENEZ MARTIN,174,28011,,20086599,2022-08-09T00:00:00Z,161349-PUNTO,MU24,,2026-01-10T00:00:00Z
457505,Aparcabicicletas,103,LUCERO,10,LATINA,OPERATIVO,436389.033,4472413.595,ETRS89,,,CALLE,CONCEJAL FRANCISCO JOSE JIMENEZ MARTIN,146,28047,,20086557,2022-05-24T00:00:00Z,,MU24,MU-51,2026-01-10T00:00:00Z
457510,Aparcabicicletas,103,LUCERO,10,LATINA,OPERATIVO,436387.396,4472413.403,ETRS89,,,CALLE,CONCEJAL FRANCISCO JOSE JIMENEZ MARTIN,146,28047,,20086557,2022-07-19T00:00:00Z,161350-PUNTO,MU24,,2026-01-10T00:00:00Z
457539,Aparcabicicletas,22,ACACIAS,2,ARGANZUELA,OPERATIVO,440019.926,4472639.072,ETRS89,,,CALLE,CAOBA,6,28005,28005,20129132,,161173-PUNTO,MU24,MU-38,2026-01-10T00:00:00Z
457542,Aparcabicicletas,22,ACACIAS,2,ARGANZUELA,OPERATIVO,440019.24,4472638.63,ETRS89,,,CALLE,CAOBA,6,28005,28005,20129132,,162089-PUNTO,MU24,MU-51,2026-01-10T00:00:00Z
457548,Aparcabicicletas,22,ACACIAS,2,ARGANZUELA,OPERATIVO,440021.197,4472638.84,ETRS89,,,CALLE,CAOBA,6,28005,28005,20129132,,162092-PUNTO,MU24,MU-51,2026-01-10T00:00:00Z
457554,Aparcabicicletas,22,ACACIAS,2,ARGANZUELA,OPERATIVO,440181.24,4472360.38,ETRS89,,,CALLE,ARGANDA,42,28005,28005,20065138,,162094-PUNTO,MU24,MU-51,2026-01-10T00:00:00Z
457569,Aparcabicicletas,22,ACACIAS,2,ARGANZUELA,OPERATIVO,439913.13,4472422.13,ETRS89,,,CALLE,ARGANDA,10,28005,28005,11010576,1900-01-01T00:00:00Z,162095-PUNTO,MU24,MU-51,2026-01-10T00:00:00Z
458419,Aparcabicicletas,34,IBIZA,3,RETIRO,OPERATIVO,442334.19,4474763.67,ETRS89,,,CALLE,O''DONNELL,4,28009,28009,11012679,,162254-PUNTO,MU24,MU-51,2026-01-10T00:00:00Z
458421,Aparcabicicletas,55,NUEVA ESPAÑA,5,CHAMARTIN,OPERATIVO,443293.92,4479473.9,ETRS89,,,CALLE,DRACENA,29,28016,28016,11026872,,,MU24,MU-38,2026-01-10T00:00:00Z
458423,Aparcabicicletas,55,NUEVA ESPAÑA,5,CHAMARTIN,OPERATIVO,443294.09,4479475.0,ETRS89,,,CALLE,DRACENA,29,28016,28016,11026872,,,MU24,MU-38,2026-01-10T00:00:00Z
458425,Aparcabicicletas,54,HISPANOAMERICA,5,CHAMARTIN,OPERATIVO,442837.45,4478588.32,ETRS89,,,CALLE,PUERTO RICO,34,28016,28016,11025158,,,MU24,MU-38,2026-01-10T00:00:00Z
458427,Aparcabicicletas,54,HISPANOAMERICA,5,CHAMARTIN,OPERATIVO,443445.93,4478272.43,ETRS89,,,CALLE,PINTOR RIBERA,26,28016,28016,31008467,,,MU24,MU-38,2026-01-10T00:00:00Z
457566,Aparcabicicletas,22,ACACIAS,2,ARGANZUELA,OPERATIVO,439913.3,4472422.02,ETRS89,,,CALLE,ARGANDA,10,28005,28005,11010576,1900-01-01T00:00:00Z,161175-PUNTO,MU24,MU-38,2026-01-10T00:00:00Z
457571,Aparcabicicletas,22,ACACIAS,2,ARGANZUELA,OPERATIVO,439435.736,4472587.597,ETRS89,,,CALLE,TOLEDO,181,28005,28005,20002162,,161176-PUNTO,MU24,MU-38,2026-01-10T00:00:00Z
458418,Aparcabicicletas,55,NUEVA ESPAÑA,5,CHAMARTIN,OPERATIVO,443293.74,4479473.01,ETRS89,,,CALLE,DRACENA,29,28016,28016,11026872,,,MU24,MU-38,2026-01-10T00:00:00Z
458420,Aparcabicicletas,55,NUEVA ESPAÑA,5,CHAMARTIN,OPERATIVO,443293.83,4479473.45,ETRS89,,,CALLE,DRACENA,29,28016,28016,11026872,,,MU24,MU-38,2026-01-10T00:00:00Z
458422,Aparcabicicletas,55,NUEVA ESPAÑA,5,CHAMARTIN,OPERATIVO,443294.01,4479474.45,ETRS89,,,CALLE,DRACENA,29,28016,28016,11026872,,,MU24,MU-38,2026-01-10T00:00:00Z
458424,Aparcabicicletas,54,HISPANOAMERICA,5,CHAMARTIN,OPERATIVO,442837.38,4478589.09,ETRS89,,,CALLE,PUERTO RICO,34,28016,28016,11025158,,,MU24,MU-38,2026-01-10T00:00:00Z
458426,Aparcabicicletas,54,HISPANOAMERICA,5,CHAMARTIN,OPERATIVO,442837.45,4478587.54,ETRS89,,,CALLE,PUERTO RICO,34,28016,28016,11025158,,,MU24,MU-38,2026-01-10T00:00:00Z
458428,Aparcabicicletas,34,IBIZA,3,RETIRO,OPERATIVO,442334.02,4474764.23,ETRS89,,,CALLE,O''DONNELL,4,28009,28009,11012679,,162263-PUNTO,MU24,MU-51,2026-01-10T00:00:00Z
458430,Aparcabicicletas,33,ESTRELLA,3,RETIRO,OPERATIVO,443506.86,4474025.66,ETRS89,,,CALLE,JUAN ESPLANDIU,1,28007,28007,11012057,,162265-PUNTO,MU24,MU-51,2026-01-10T00:00:00Z
458432,Aparcabicicletas,34,IBIZA,3,RETIRO,OPERATIVO,442334.96,4474765.22,ETRS89,,,CALLE,O''DONNELL,4,28009,28009,11012679,,162267-PUNTO,MU24,MU-51,2026-01-10T00:00:00Z
458434,Aparcabicicletas,54,HISPANOAMERICA,5,CHAMARTIN,OPERATIVO,443037.15,4478845.33,ETRS89,,,CALLE,COSTA RICA,32,28016,28016,11025091,,,MU24,MU-38,2026-01-10T00:00:00Z
458435,Aparcabicicletas,34,IBIZA,3,RETIRO,OPERATIVO,442333.77,4474764.9,ETRS89,,,CALLE,O''DONNELL,4,28009,28009,11012679,,162270-PUNTO,MU24,MU-51,2026-01-10T00:00:00Z
458437,Aparcabicicletas,34,IBIZA,3,RETIRO,OPERATIVO,442511.86,4474102.71,ETRS89,,,CALLE,DOCE DE OCTUBRE,1,28009,28009,11012364,,162272-PUNTO,MU24,MU-51,2026-01-10T00:00:00Z
458442,Aparcabicicletas,27,ATOCHA,2,ARGANZUELA,OPERATIVO,442735.59,4471834.7,ETRS89,,,CALLE,RETAMA,4,28045,28045,20111962,,162275-PUNTO,MU24,MU-51,2026-01-10T00:00:00Z
458444,Aparcabicicletas,54,HISPANOAMERICA,5,CHAMARTIN,OPERATIVO,443039.36,4478845.31,ETRS89,,,CALLE,COSTA RICA,32,28016,28016,11025091,,,MU24,MU-38,2026-01-10T00:00:00Z
458446,Aparcabicicletas,54,HISPANOAMERICA,5,CHAMARTIN,OPERATIVO,443040.2,4478845.3,ETRS89,,,CALLE,COSTA RICA,32,28016,28016,11025091,,,MU24,MU-38,2026-01-10T00:00:00Z
458453,Aparcabicicletas,52,PROSPERIDAD,5,CHAMARTIN,OPERATIVO,443377.08,4477163.11,ETRS89,,,CALLE,CORAZON DE MARIA,25,28002,28002,11022810,,,MU24,MU-51,2026-01-10T00:00:00Z
458455,Aparcabicicletas,52,PROSPERIDAD,5,CHAMARTIN,OPERATIVO,443378.08,4477160.88,ETRS89,,,CALLE,CORAZON DE MARIA,25,28002,28002,11022809,,,MU24,MU-51,2026-01-10T00:00:00Z
458457,Aparcabicicletas,52,PROSPERIDAD,5,CHAMARTIN,OPERATIVO,442982.8,4476840.41,ETRS89,,,CALLE,CORAZON DE MARIA,1,28002,28002,11022758,,,MU24,MU-38,2026-01-10T00:00:00Z
458459,Aparcabicicletas,52,PROSPERIDAD,5,CHAMARTIN,OPERATIVO,442984.51,4476841.62,ETRS89,,,CALLE,CORAZON DE MARIA,1,28002,28002,11022758,,,MU24,MU-38,2026-01-10T00:00:00Z
458471,Aparcabicicletas,35,LOS JERONIMOS,3,RETIRO,OPERATIVO,441357.23,4474401.16,ETRS89,,,CALLE,MONTALBAN,3,28014,28014,11012789,,162304-PUNTO,MU24,MU-51,2026-01-10T00:00:00Z
458473,Aparcabicicletas,35,LOS JERONIMOS,3,RETIRO,OPERATIVO,441357.33,4474402.82,ETRS89,,,CALLE,MONTALBAN,3,28014,28014,11012789,,162306-PUNTO,MU24,MU-51,2026-01-10T00:00:00Z
458441,Aparcabicicletas,54,HISPANOAMERICA,5,CHAMARTIN,OPERATIVO,443037.92,4478845.43,ETRS89,,,CALLE,COSTA RICA,32,28016,28016,11025091,,,MU24,MU-38,2026-01-10T00:00:00Z
458443,Aparcabicicletas,54,HISPANOAMERICA,5,CHAMARTIN,OPERATIVO,443038.59,4478845.43,ETRS89,,,CALLE,COSTA RICA,32,28016,28016,11025091,,,MU24,MU-38,2026-01-10T00:00:00Z
458445,Aparcabicicletas,34,IBIZA,3,RETIRO,OPERATIVO,442512.11,4474102.49,ETRS89,,,CALLE,DOCE DE OCTUBRE,1,28009,28009,11012364,,162278-PUNTO,MU24,MU-51,2026-01-10T00:00:00Z
458452,Aparcabicicletas,52,PROSPERIDAD,5,CHAMARTIN,OPERATIVO,443634.18,4477482.98,ETRS89,,,CALLE,PADRE CLARET,9,28002,28002,11027466,,,MU24,MU-38,2026-01-10T00:00:00Z
458454,Aparcabicicletas,52,PROSPERIDAD,5,CHAMARTIN,OPERATIVO,443377.58,4477161.77,ETRS89,,,CALLE,CORAZON DE MARIA,25,28002,28002,11022809,,,MU24,MU-51,2026-01-10T00:00:00Z
458456,Aparcabicicletas,52,PROSPERIDAD,5,CHAMARTIN,OPERATIVO,443378.41,4477159.66,ETRS89,,,CALLE,CORAZON DE MARIA,25,28002,28002,11022809,,,MU24,MU-51,2026-01-10T00:00:00Z
458458,Aparcabicicletas,52,PROSPERIDAD,5,CHAMARTIN,OPERATIVO,442983.65,4476841.18,ETRS89,,,CALLE,CORAZON DE MARIA,1,28002,28002,11022758,,,MU24,MU-38,2026-01-10T00:00:00Z
458461,Aparcabicicletas,52,PROSPERIDAD,5,CHAMARTIN,OPERATIVO,442985.19,4476841.94,ETRS89,,,CALLE,CORAZON DE MARIA,1,28002,28002,11022758,,,MU24,MU-38,2026-01-10T00:00:00Z
458463,Aparcabicicletas,26,PALOS DE LA FRONTERA,2,ARGANZUELA,OPERATIVO,440983.21,4472725.12,ETRS89,,,CALLE,PALOS DE LA FRONTERA,40,28045,28045,20107719,,162296-PUNTO,MU24,MU-51,2026-01-10T00:00:00Z
458476,Aparcabicicletas,51,EL VISO,5,CHAMARTIN,OPERATIVO,442488.4,4477666.75,ETRS89,,,CALLE,PRINCIPE DE VERGARA,187,28002,28002,11021652,,,MU24,MU-51,2026-01-10T00:00:00Z
458475,Aparcabicicletas,35,LOS JERONIMOS,3,RETIRO,OPERATIVO,441347.0,4474405.57,ETRS89,,,CALLE,MONTALBAN,3,28014,28014,11012789,,162308-PUNTO,MU24,MU-51,2026-01-10T00:00:00Z
458477,Aparcabicicletas,35,LOS JERONIMOS,3,RETIRO,OPERATIVO,441357.42,4474403.49,ETRS89,,,CALLE,MONTALBAN,3,28014,28014,11012789,,162310-PUNTO,MU24,MU-51,2026-01-10T00:00:00Z
458479,Aparcabicicletas,35,LOS JERONIMOS,3,RETIRO,OPERATIVO,441357.24,4474402.16,ETRS89,,,CALLE,MONTALBAN,3,28014,28014,11012789,,162312-PUNTO,MU24,MU-51,2026-01-10T00:00:00Z
457685,Aparcabicicletas,25,DELICIAS,2,ARGANZUELA,OPERATIVO,441624.91,4472439.25,ETRS89,,,CALLE,BUSTAMANTE,20,28045,28045,31001897,,162122-PUNTO,MU24,MU-51,2026-01-10T00:00:00Z
457687,Aparcabicicletas,97,ARAVACA,9,MONCLOA-ARAVACA,OPERATIVO,434570.498,4478007.519,ETRS89,,,CALLE,BARDEGUERAL,16,28023,,20140585,2022-09-05T00:00:00Z,,MU24,,2026-01-10T00:00:00Z
457691,Aparcabicicletas,97,ARAVACA,9,MONCLOA-ARAVACA,OPERATIVO,434570.498,4478006.749,ETRS89,,,CALLE,BARDEGUERAL,16,28023,,20140585,2022-10-31T00:00:00Z,,MU24,,2026-01-10T00:00:00Z
457695,Aparcabicicletas,25,DELICIAS,2,ARGANZUELA,OPERATIVO,441527.36,4472444.9,ETRS89,,,CALLE,CANARIAS,76,28045,28045,20135103,,162125-PUNTO,MU24,MU-51,2026-01-10T00:00:00Z
457697,Aparcabicicletas,25,DELICIAS,2,ARGANZUELA,OPERATIVO,442008.66,4472174.64,ETRS89,,,CALLE,MENDEZ ALVARO,47,28045,28045,11010555,,162126-PUNTO,MU24,MU-51,2026-01-10T00:00:00Z
457715,Aparcabicicletas,24,LEGAZPI,2,ARGANZUELA,OPERATIVO,441551.9,4471607.17,ETRS89,,,CALLE,BRONCE,1A,28045,28045,31025852,,162131-PUNTO,MU24,MU-51,2026-01-10T00:00:00Z
457718,Aparcabicicletas,96,EL PLANTIO,9,MONCLOA-ARAVACA,OPERATIVO,431500.813,4479686.476,ETRS89,,,CALLE,RAFAEL BOTI,64,28023,,31023498,2022-07-29T00:00:00Z,161365-PUNTO,MU24,,2026-01-10T00:00:00Z
457721,Aparcabicicletas,24,LEGAZPI,2,ARGANZUELA,OPERATIVO,441551.23,4471608.73,ETRS89,,,CALLE,BRONCE,1A,28045,28045,31025852,,162133-PUNTO,MU24,MU-51,2026-01-10T00:00:00Z
457726,Aparcabicicletas,24,LEGAZPI,2,ARGANZUELA,OPERATIVO,441553.4,4471603.6,ETRS89,,,CALLE,BRONCE,1A,28045,28045,31025852,,162135-PUNTO,MU24,MU-51,2026-01-10T00:00:00Z
457733,Aparcabicicletas,94,VALDEZARZA,9,MONCLOA-ARAVACA,OPERATIVO,439609.002,4478818.776,ETRS89,,,CALLE,FRANCOS RODRIGUEZ,100,28039,,11055490,2022-08-23T00:00:00Z,161366-PUNTO,MU24,,2026-01-10T00:00:00Z
457736,Aparcabicicletas,25,DELICIAS,2,ARGANZUELA,OPERATIVO,441633.78,4472280.45,ETRS89,,,CALLE,RAMIREZ DE PRADO,6B,28045,28045,31030453,,162138-PUNTO,MU24,MU-51,2026-01-10T00:00:00Z
457739,Aparcabicicletas,25,DELICIAS,2,ARGANZUELA,OPERATIVO,441633.89,4472283.66,ETRS89,,,CALLE,RAMIREZ DE PRADO,6B,28045,28045,31030453,,162139-PUNTO,MU24,MU-51,2026-01-10T00:00:00Z
457742,Aparcabicicletas,25,DELICIAS,2,ARGANZUELA,OPERATIVO,441633.97,4472283,ETRS89,,,CALLE,RAMIREZ DE PRADO,6B,28045,28045,31030453,,162140-PUNTO,MU24,MU-51,2026-01-10T00:00:00Z
458481,Aparcabicicletas,35,LOS JERONIMOS,3,RETIRO,OPERATIVO,441346.81,4474402.68,ETRS89,,,CALLE,MONTALBAN,3,28014,28014,11012789,,162314-PUNTO,MU24,MU-51,2026-01-10T00:00:00Z
458483,Aparcabicicletas,46,CASTELLANA,4,SALAMANCA,OPERATIVO,441779.54,4476165.31,ETRS89,,,CALLE,SERRANO,102,28006,28006,11019873,,,MU24,MU-38,2026-01-10T00:00:00Z
458485,Aparcabicicletas,26,PALOS DE LA FRONTERA,2,ARGANZUELA,OPERATIVO,440984.82,4472725.22,ETRS89,,,CALLE,PALOS DE LA FRONTERA,40,28045,28045,20107719,,162318-PUNTO,MU24,MU-51,2026-01-10T00:00:00Z
458487,Aparcabicicletas,35,LOS JERONIMOS,3,RETIRO,OPERATIVO,441346.82,4474403.68,ETRS89,,,CALLE,MONTALBAN,3,28014,28014,11012789,,162320-PUNTO,MU24,MU-51,2026-01-10T00:00:00Z
458489,Aparcabicicletas,46,CASTELLANA,4,SALAMANCA,OPERATIVO,441646.0,4475660.71,ETRS89,,,CALLE,MARQUES DE VILLAMAGNA,1,28001,28001,11019723,,162322-PUNTO,MU24,AP-2,2026-01-10T00:00:00Z
458491,Aparcabicicletas,26,PALOS DE LA FRONTERA,2,ARGANZUELA,OPERATIVO,440983.97,4472725.34,ETRS89,,,CALLE,PALOS DE LA FRONTERA,40,28045,28045,20107719,,162324-PUNTO,MU24,MU-51,2026-01-10T00:00:00Z
458500,Aparcabicicletas,45,LISTA,4,SALAMANCA,OPERATIVO,442453.2,4476518.43,ETRS89,,,CALLE,MARIA DE MOLINA,62,28006,28006,11018938,,,MU24,MU-51,2026-01-10T00:00:00Z
458505,Aparcabicicletas,46,CASTELLANA,4,SALAMANCA,OPERATIVO,442182.77,4476536.72,ETRS89,,,CALLE,NUÑEZ DE BALBOA,125,28006,28006,11020044,,,MU24,MU-51,2026-01-10T00:00:00Z
458508,Aparcabicicletas,25,DELICIAS,2,ARGANZUELA,OPERATIVO,441339.71,4471770.23,ETRS89,,,CALLE,ALICANTE,14,28045,28045,20131941,,162339-PUNTO,MU24,MU-51,2026-01-10T00:00:00Z
458510,Aparcabicicletas,45,LISTA,4,SALAMANCA,OPERATIVO,443112.88,4475641.44,ETRS89,,,CALLE,MARTIRES CONCEPCIONISTAS,23,28006,28006,11019214,,,MU24,MU-38,2026-01-10T00:00:00Z
458512,Aparcabicicletas,45,LISTA,4,SALAMANCA,OPERATIVO,443112.88,4475641.11,ETRS89,,,CALLE,MARTIRES CONCEPCIONISTAS,23,28006,28006,11019214,,,MU24,MU-38,2026-01-10T00:00:00Z
458514,Aparcabicicletas,45,LISTA,4,SALAMANCA,OPERATIVO,443112.87,4475640.22,ETRS89,,,CALLE,MARTIRES CONCEPCIONISTAS,23,28006,28006,11019214,,,MU24,MU-38,2026-01-10T00:00:00Z
458517,Aparcabicicletas,35,LOS JERONIMOS,3,RETIRO,OPERATIVO,441540.1,4474394.73,ETRS89,,,CALLE,ALFONSO XII,12,28014,28014,11012744,,162348-PUNTO,MU24,MU-51,2026-01-10T00:00:00Z
458519,Aparcabicicletas,35,LOS JERONIMOS,3,RETIRO,OPERATIVO,441541.13,4474395.95,ETRS89,,,CALLE,ALFONSO XII,12,28014,28014,11012744,,162350-PUNTO,MU24,MU-51,2026-01-10T00:00:00Z
458521,Aparcabicicletas,35,LOS JERONIMOS,3,RETIRO,OPERATIVO,441540.93,4474370.64,ETRS89,,,CALLE,ALFONSO XII,14,28014,28014,11012745,,162352-PUNTO,MU24,MU-51,2026-01-10T00:00:00Z
458523,Aparcabicicletas,35,LOS JERONIMOS,3,RETIRO,OPERATIVO,441542.28,4474369.41,ETRS89,,,CALLE,ALFONSO XII,14,28014,28014,11012745,,162354-PUNTO,MU24,MU-51,2026-01-10T00:00:00Z
458525,Aparcabicicletas,35,LOS JERONIMOS,3,RETIRO,OPERATIVO,441541.61,4474369.97,ETRS89,,,CALLE,ALFONSO XII,14,28014,28014,11012745,,162356-PUNTO,MU24,MU-51,2026-01-10T00:00:00Z
458527,Aparcabicicletas,25,DELICIAS,2,ARGANZUELA,OPERATIVO,441340.38,4471769.11,ETRS89,,,CALLE,ALICANTE,14,28045,28045,20131941,,162358-PUNTO,MU24,MU-51,2026-01-10T00:00:00Z
458480,Aparcabicicletas,51,EL VISO,5,CHAMARTIN,OPERATIVO,442488.4,4477667.52,ETRS89,,,CALLE,PRINCIPE DE VERGARA,187,28002,28002,11021652,,,MU24,MU-51,2026-01-10T00:00:00Z
457670,Aparcabicicletas,24,LEGAZPI,2,ARGANZUELA,OPERATIVO,442177.05,4471492.43,ETRS89,,,CALLE,MENESES,4,28045,28045,31022245,,162119-PUNTO,MU24,MU-51,2026-01-10T00:00:00Z
457684,Aparcabicicletas,97,ARAVACA,9,MONCLOA-ARAVACA,OPERATIVO,434570.547,4478005.931,ETRS89,,,CALLE,BARDEGUERAL,16,28023,,20140585,2022-08-24T00:00:00Z,161363-PUNTO,MU24,,2026-01-10T00:00:00Z
457686,Aparcabicicletas,25,DELICIAS,2,ARGANZUELA,OPERATIVO,442007.49,4472175.98,ETRS89,,,CALLE,MENDEZ ALVARO,47,28045,28045,11010555,,161184-PUNTO,MU24,MU-51,2026-01-10T00:00:00Z
457690,Aparcabicicletas,25,DELICIAS,2,ARGANZUELA,OPERATIVO,442007.99,4472175.31,ETRS89,,,CALLE,MENDEZ ALVARO,47,28045,28045,11010555,,162123-PUNTO,MU24,MU-51,2026-01-10T00:00:00Z
457692,Aparcabicicletas,25,DELICIAS,2,ARGANZUELA,OPERATIVO,442009.42,4472173.96,ETRS89,,,CALLE,MENDEZ ALVARO,47,28045,28045,11010555,,162124-PUNTO,MU24,MU-51,2026-01-10T00:00:00Z
457696,Aparcabicicletas,97,ARAVACA,9,MONCLOA-ARAVACA,OPERATIVO,434570.498,4478004.438,ETRS89,,,CALLE,BARDEGUERAL,16,28023,,20140585,2022-07-19T00:00:00Z,,MU24,,2026-01-10T00:00:00Z
457699,Aparcabicicletas,97,ARAVACA,9,MONCLOA-ARAVACA,OPERATIVO,434570.498,4478005.208,ETRS89,,,CALLE,BARDEGUERAL,16,28023,,20140585,2022-07-13T00:00:00Z,,MU24,,2026-01-10T00:00:00Z
458531,Aparcabicicletas,41,RECOLETOS,4,SALAMANCA,OPERATIVO,441576.27,4474898.31,ETRS89,,,CALLE,VILLANUEVA,12,28001,28001,11013761,1900-01-01T00:00:00Z,162361-PUNTO,MU24,MU-51,2026-01-10T00:00:00Z
458533,Aparcabicicletas,41,RECOLETOS,4,SALAMANCA,OPERATIVO,441617.89,4474806.4,ETRS89,,,CALLE,CONDE DE ARANDA,1,28001,28001,11013814,,162363-PUNTO,MU24,MU-51,2026-01-10T00:00:00Z
458542,Aparcabicicletas,41,RECOLETOS,4,SALAMANCA,OPERATIVO,441688.74,4475321.25,ETRS89,,,CALLE,HERMOSILLA,12,28001,28001,11013990,,162370-PUNTO,MU24,MU-51,2026-01-10T00:00:00Z
458544,Aparcabicicletas,44,GUINDALERA,4,SALAMANCA,OPERATIVO,443396.27,4476202.69,ETRS89,,,CALLE,MARTINEZ IZQUIERDO,43,28028,,11018436,,162372-PUNTO,MU24,MU-51,2026-01-10T00:00:00Z
458546,Aparcabicicletas,44,GUINDALERA,4,SALAMANCA,OPERATIVO,443396.57,4476202.89,ETRS89,,,CALLE,MARTINEZ IZQUIERDO,43,28028,,11018436,,162374-PUNTO,MU24,MU-51,2026-01-10T00:00:00Z
458549,Aparcabicicletas,41,RECOLETOS,4,SALAMANCA,OPERATIVO,441689.34,4475321.25,ETRS89,,,CALLE,HERMOSILLA,12,28001,28001,11013990,,162377-PUNTO,MU24,MU-51,2026-01-10T00:00:00Z
458555,Aparcabicicletas,26,PALOS DE LA FRONTERA,2,ARGANZUELA,OPERATIVO,440982.36,4472725.13,ETRS89,,,CALLE,PALOS DE LA FRONTERA,40,28045,28045,20107719,,162383-PUNTO,MU24,MU-51,2026-01-10T00:00:00Z
458557,Aparcabicicletas,35,LOS JERONIMOS,3,RETIRO,OPERATIVO,441327.08,4473789.41,ETRS89,,,CALLE,RUIZ DE ALARCON,27,28014,28014,11012952,,162385-PUNTO,MU24,MU-51,2026-01-10T00:00:00Z
458559,Aparcabicicletas,36,NIÑO JESUS,3,RETIRO,OPERATIVO,442803.45,4473974.02,ETRS89,,,CALLE,PIO BAROJA,4,28009,,11013570,,162387-PUNTO,MU24,MU-51,2026-01-10T00:00:00Z
458561,Aparcabicicletas,36,NIÑO JESUS,3,RETIRO,OPERATIVO,442802.74,4473973.66,ETRS89,,,CALLE,PIO BAROJA,4,28009,,11013570,,162389-PUNTO,MU24,MU-51,2026-01-10T00:00:00Z
457713,Aparcabicicletas,24,LEGAZPI,2,ARGANZUELA,OPERATIVO,441553.06,4471604.27,ETRS89,,,CALLE,BRONCE,1A,28045,28045,31025852,,161186-PUNTO,MU24,MU-51,2026-01-10T00:00:00Z
457717,Aparcabicicletas,96,EL PLANTIO,9,MONCLOA-ARAVACA,OPERATIVO,431501.608,4479686.308,ETRS89,,,CALLE,RAFAEL BOTI,64,28023,,31023498,2022-07-22T00:00:00Z,,MU24,,2026-01-10T00:00:00Z
457720,Aparcabicicletas,24,LEGAZPI,2,ARGANZUELA,OPERATIVO,441551.65,4471608.06,ETRS89,,,CALLE,BRONCE,1A,28045,28045,31025852,,162132-PUNTO,MU24,MU-51,2026-01-10T00:00:00Z
457724,Aparcabicicletas,24,LEGAZPI,2,ARGANZUELA,OPERATIVO,441552.65,4471605.16,ETRS89,,,CALLE,BRONCE,1A,28045,28045,31025852,,162134-PUNTO,MU24,MU-51,2026-01-10T00:00:00Z
457727,Aparcabicicletas,24,LEGAZPI,2,ARGANZUELA,OPERATIVO,441552.4,4471606.05,ETRS89,,,CALLE,BRONCE,1A,28045,28045,31025852,,162136-PUNTO,MU24,MU-51,2026-01-10T00:00:00Z
458482,Aparcabicicletas,46,CASTELLANA,4,SALAMANCA,OPERATIVO,441779.29,4476165.64,ETRS89,,,CALLE,SERRANO,102,28006,28006,11019873,,,MU24,MU-38,2026-01-10T00:00:00Z
458484,Aparcabicicletas,46,CASTELLANA,4,SALAMANCA,OPERATIVO,441779.04,4476166.09,ETRS89,,,CALLE,SERRANO,102,28006,28006,11019873,,,MU24,MU-38,2026-01-10T00:00:00Z
458486,Aparcabicicletas,46,CASTELLANA,4,SALAMANCA,OPERATIVO,441768.7,4475905.3,ETRS89,,,CALLE,PADILLA,1,28006,28006,11019862,,,MU24,MU-38,2026-01-10T00:00:00Z
458488,Aparcabicicletas,46,CASTELLANA,4,SALAMANCA,OPERATIVO,441767.94,4475905.2,ETRS89,,,CALLE,PADILLA,1,28006,28006,11019862,,,MU24,MU-38,2026-01-10T00:00:00Z
458490,Aparcabicicletas,35,LOS JERONIMOS,3,RETIRO,OPERATIVO,441346.82,4474404.68,ETRS89,,,CALLE,MONTALBAN,3,28014,28014,11012789,,162323-PUNTO,MU24,MU-51,2026-01-10T00:00:00Z
458502,Aparcabicicletas,45,LISTA,4,SALAMANCA,OPERATIVO,442455.32,4476518.08,ETRS89,,,CALLE,MARIA DE MOLINA,62,28006,28006,11018938,,,MU24,MU-51,2026-01-10T00:00:00Z
458504,Aparcabicicletas,46,CASTELLANA,4,SALAMANCA,OPERATIVO,442182.26,4476536.17,ETRS89,,,CALLE,NUÑEZ DE BALBOA,125,28006,28006,11020044,,,MU24,MU-51,2026-01-10T00:00:00Z
458506,Aparcabicicletas,25,DELICIAS,2,ARGANZUELA,OPERATIVO,441339.96,4471769.67,ETRS89,,,CALLE,ALICANTE,14,28045,28045,20131941,,162337-PUNTO,MU24,MU-51,2026-01-10T00:00:00Z
458509,Aparcabicicletas,35,LOS JERONIMOS,3,RETIRO,OPERATIVO,441411.04,4474555.48,ETRS89,,,CALLE,ALCALA,54,28014,28014,11012723,,162340-PUNTO,MU24,MU-51,2026-01-10T00:00:00Z
458511,Aparcabicicletas,35,LOS JERONIMOS,3,RETIRO,OPERATIVO,441410.11,4474555.37,ETRS89,,,CALLE,ALCALA,54,28014,28014,11012723,,162342-PUNTO,MU24,MU-51,2026-01-10T00:00:00Z
458513,Aparcabicicletas,35,LOS JERONIMOS,3,RETIRO,OPERATIVO,441541.64,4474396.5,ETRS89,,,CALLE,ALFONSO XII,12,28014,28014,11012744,,162344-PUNTO,MU24,MU-51,2026-01-10T00:00:00Z
458516,Aparcabicicletas,44,GUINDALERA,4,SALAMANCA,OPERATIVO,442732.16,4476317.7,ETRS89,,,CALLE,MEJICO,1,28028,28028,11018865,,,MU24,MU-38,2026-01-10T00:00:00Z
458518,Aparcabicicletas,44,GUINDALERA,4,SALAMANCA,OPERATIVO,442732.42,4476317.48,ETRS89,,,CALLE,MEJICO,1,28028,28028,11018865,,,MU24,MU-38,2026-01-10T00:00:00Z
458520,Aparcabicicletas,35,LOS JERONIMOS,3,RETIRO,OPERATIVO,441540.79,4474395.39,ETRS89,,,CALLE,ALFONSO XII,12,28014,28014,11012744,,162351-PUNTO,MU24,MU-51,2026-01-10T00:00:00Z
458522,Aparcabicicletas,35,LOS JERONIMOS,3,RETIRO,OPERATIVO,441540.34,4474370.98,ETRS89,,,CALLE,ALFONSO XII,14,28014,28014,11012745,,162353-PUNTO,MU24,MU-51,2026-01-10T00:00:00Z
458524,Aparcabicicletas,44,GUINDALERA,4,SALAMANCA,OPERATIVO,442803.64,4476580.8,ETRS89,,,CALLE,PILAR DE ZARAGOZA,93,28028,28028,11018900,,,MU24,MU-38,2026-01-10T00:00:00Z
457735,Aparcabicicletas,25,DELICIAS,2,ARGANZUELA,OPERATIVO,441633.87,4472281.33,ETRS89,,,CALLE,RAMIREZ DE PRADO,6B,28045,28045,31030453,,161188-PUNTO,MU24,MU-51,2026-01-10T00:00:00Z
457738,Aparcabicicletas,93,CIUDAD UNIVERSITARIA,9,MONCLOA-ARAVACA,OPERATIVO,439316.834,4478828.95,ETRS89,,,CALLE,MARIA AUXILIADORA,2,28040,,31012992,2022-07-19T00:00:00Z,,MU24,MU-51,2026-01-10T00:00:00Z
457740,Aparcabicicletas,93,CIUDAD UNIVERSITARIA,9,MONCLOA-ARAVACA,OPERATIVO,439315.048,4478829.1,ETRS89,,,CALLE,MARIA AUXILIADORA,2,28040,,31012992,2022-07-14T00:00:00Z,161367-PUNTO,MU24,,2026-01-10T00:00:00Z
457744,Aparcabicicletas,25,DELICIAS,2,ARGANZUELA,OPERATIVO,441370.97,4472392.06,ETRS89,,,CALLE,GENERAL LACY,25,28045,28045,11009552,,161189-PUNTO,MU24,MU-51,2026-01-10T00:00:00Z
458567,Aparcabicicletas,41,RECOLETOS,4,SALAMANCA,OPERATIVO,441646.49,4475037.07,ETRS89,,,CALLE,JORGE JUAN,4,28001,28001,11013994,,162395-PUNTO,MU24,MU-51,2026-01-10T00:00:00Z
457749,Aparcabicicletas,25,DELICIAS,2,ARGANZUELA,OPERATIVO,441371.06,4472393.61,ETRS89,,,CALLE,GENERAL LACY,25,28045,28045,11009552,,162142-PUNTO,MU24,MU-51,2026-01-10T00:00:00Z
457753,Aparcabicicletas,25,DELICIAS,2,ARGANZUELA,OPERATIVO,441371.16,4472395.39,ETRS89,,,CALLE,GENERAL LACY,25,28045,28045,11009552,,162144-PUNTO,MU24,MU-51,2026-01-10T00:00:00Z
457763,Aparcabicicletas,25,DELICIAS,2,ARGANZUELA,OPERATIVO,441524.65,4472445.14,ETRS89,,,CALLE,CANARIAS,76,28045,28045,20135103,,161191-PUNTO,MU24,MU-51,2026-01-10T00:00:00Z
457771,Aparcabicicletas,25,DELICIAS,2,ARGANZUELA,OPERATIVO,441525.16,4472445.14,ETRS89,,,CALLE,CANARIAS,76,28045,28045,20135103,,162148-PUNTO,MU24,MU-51,2026-01-10T00:00:00Z
457788,Aparcabicicletas,26,PALOS DE LA FRONTERA,2,ARGANZUELA,OPERATIVO,440536.84,4472982.85,ETRS89,,,CALLE,BERNARDINO OBREGON,1,28012,28012,20008190,,162150-PUNTO,MU24,MU-51,2026-01-10T00:00:00Z
457805,Aparcabicicletas,25,DELICIAS,2,ARGANZUELA,OPERATIVO,441626.1,4472439.13,ETRS89,,,CALLE,BUSTAMANTE,20,28045,28045,31001897,,161195-PUNTO,MU24,MU-51,2026-01-10T00:00:00Z
457814,Aparcabicicletas,25,DELICIAS,2,ARGANZUELA,OPERATIVO,441623.39,4472439.27,ETRS89,,,CALLE,BUSTAMANTE,20,28045,28045,31001897,,162156-PUNTO,MU24,MU-51,2026-01-10T00:00:00Z
457821,Aparcabicicletas,91,CASA DE CAMPO,9,MONCLOA-ARAVACA,OPERATIVO,437941.638,4475994.378,ETRS89,,,CALLE,SENDA DEL REY,8,28008,,31026240,2022-06-14T00:00:00Z,161374-PUNTO,MU24,MU-51,2026-01-10T00:00:00Z
458584,Aparcabicicletas,41,RECOLETOS,4,SALAMANCA,OPERATIVO,441823.8,4474685.97,ETRS89,,,CALLE,LAGASCA,2,28001,,11013863,,162400-PUNTO,MU24,MU-51,2026-01-10T00:00:00Z
458590,Aparcabicicletas,42,GOYA,4,SALAMANCA,OPERATIVO,443233.482,4474776.122,ETRS89,,,CALLE,DOCTOR ESQUERDO,38,28028,,31050016,,162402-PUNTO,MU24,MU-51,2026-01-10T00:00:00Z
458595,Aparcabicicletas,51,EL VISO,5,CHAMARTIN,OPERATIVO,441514.097,4476757.483,ETRS89,,,CALLE,PEDRO DE VALDIVIA,6,28006,28006,11020541,,,MU24,,2026-01-10T00:00:00Z
458598,Aparcabicicletas,42,GOYA,4,SALAMANCA,OPERATIVO,443233.49,4474777.122,ETRS89,,,CALLE,DOCTOR ESQUERDO,38,28028,,31050016,,162407-PUNTO,MU24,MU-51,2026-01-10T00:00:00Z
458600,Aparcabicicletas,51,EL VISO,5,CHAMARTIN,OPERATIVO,441795.49,4477136.71,ETRS89,,,CALLE,SERRANO,131,28006,28006,31048666,,,MU24,MU-38,2026-01-10T00:00:00Z
458602,Aparcabicicletas,51,EL VISO,5,CHAMARTIN,OPERATIVO,441794.98,4477137.05,ETRS89,,,CALLE,SERRANO,131,28006,28006,31048666,,,MU24,MU-38,2026-01-10T00:00:00Z
458605,Aparcabicicletas,51,EL VISO,5,CHAMARTIN,OPERATIVO,442457.45,4477325.42,ETRS89,,,CALLE,PRINCIPE DE VERGARA,139,28002,28002,11021619,,,MU24,MU-38,2026-01-10T00:00:00Z
457746,Aparcabicicletas,25,DELICIAS,2,ARGANZUELA,OPERATIVO,441370.97,4472392.84,ETRS89,,,CALLE,GENERAL LACY,25,28045,28045,11009552,,162141-PUNTO,MU24,MU-51,2026-01-10T00:00:00Z
457751,Aparcabicicletas,25,DELICIAS,2,ARGANZUELA,OPERATIVO,441371.07,4472394.5,ETRS89,,,CALLE,GENERAL LACY,25,28045,28045,11009552,,162143-PUNTO,MU24,MU-51,2026-01-10T00:00:00Z
457766,Aparcabicicletas,25,DELICIAS,2,ARGANZUELA,OPERATIVO,441525.75,4472445.13,ETRS89,,,CALLE,CANARIAS,76,28045,28045,20135103,,,MU24,MU-38,2026-01-10T00:00:00Z
457769,Aparcabicicletas,25,DELICIAS,2,ARGANZUELA,OPERATIVO,441526.85,4472445.01,ETRS89,,,CALLE,CANARIAS,76,28045,28045,20135103,,162147-PUNTO,MU24,MU-51,2026-01-10T00:00:00Z
457786,Aparcabicicletas,26,PALOS DE LA FRONTERA,2,ARGANZUELA,OPERATIVO,440536.34,4472983.74,ETRS89,,,CALLE,BERNARDINO OBREGON,1,28012,28012,20008190,,161193-PUNTO,MU24,MU-51,2026-01-10T00:00:00Z
457796,Aparcabicicletas,97,ARAVACA,9,MONCLOA-ARAVACA,OPERATIVO,433079.241,4478413.943,ETRS89,,,CALLE,ESCULTOR PERESEJO,66,28023,,20063938,2022-08-09T00:00:00Z,161373-PUNTO,MU24,AP-2,2026-01-10T00:00:00Z
458611,Aparcabicicletas,52,PROSPERIDAD,5,CHAMARTIN,OPERATIVO,443637.91,4477235.07,ETRS89,,,CALLE,SANTA HORTENSIA,30A,28002,28002,31025357,,,MU24,MU-38,2026-01-10T00:00:00Z
458615,Aparcabicicletas,46,CASTELLANA,4,SALAMANCA,OPERATIVO,442345.914,4476117.429,ETRS89,40.43370130,-3.67974252,CALLE,PRINCIPE DE VERGARA,61,28006,28006,11019915,,162423-PUNTO,MU24,MU-51,2026-01-10T00:00:00Z
457907,Aparcabicicletas,87,MIRASIERRA,8,FUENCARRAL-EL PARDO,OPERATIVO,439514.749,4482527.197,ETRS89,,,CALLE,LA MASO,22,28034,,20016656,2022-09-29T00:00:00Z,161384-PUNTO,MU24,MU-51,2026-01-10T00:00:00Z
457911,Aparcabicicletas,32,ADELFAS,3,RETIRO,OPERATIVO,443311.49,4472639.48,ETRS89,,,CALLE,VALDERRIBAS,99,28007,,20045674,,161206-PUNTO,MU24,MU-51,2026-01-10T00:00:00Z
457913,Aparcabicicletas,87,MIRASIERRA,8,FUENCARRAL-EL PARDO,OPERATIVO,438486.145,4482059.104,ETRS89,,,CALLE,CERRO MINGUETE,156,28035,,31044725,2022-10-28T00:00:00Z,161387-PUNTO,MU24,MU-51,2026-01-10T00:00:00Z
458526,Aparcabicicletas,44,GUINDALERA,4,SALAMANCA,OPERATIVO,442803.55,4476580.02,ETRS89,,,CALLE,PILAR DE ZARAGOZA,93,28028,28028,11018900,,,MU24,MU-38,2026-01-10T00:00:00Z
458530,Aparcabicicletas,44,GUINDALERA,4,SALAMANCA,OPERATIVO,442731.99,4476317.93,ETRS89,,,CALLE,FRANCISCO SILVELA,66,28028,28028,11018865,,,MU24,MU-38,2026-01-10T00:00:00Z
458532,Aparcabicicletas,41,RECOLETOS,4,SALAMANCA,OPERATIVO,441574.58,4474898.88,ETRS89,,,CALLE,VILLANUEVA,12,28001,28001,11013761,1900-01-01T00:00:00Z,162362-PUNTO,MU24,MU-51,2026-01-10T00:00:00Z
458538,Aparcabicicletas,41,RECOLETOS,4,SALAMANCA,OPERATIVO,441618.4,4474806.51,ETRS89,,,CALLE,CONDE DE ARANDA,1,28001,28001,11013814,,162366-PUNTO,MU24,MU-51,2026-01-10T00:00:00Z
458543,Aparcabicicletas,44,GUINDALERA,4,SALAMANCA,OPERATIVO,443396.89,4476203.14,ETRS89,,,CALLE,MARTINEZ IZQUIERDO,43,28028,,11018436,,162371-PUNTO,MU24,MU-51,2026-01-10T00:00:00Z
458545,Aparcabicicletas,44,GUINDALERA,4,SALAMANCA,OPERATIVO,443395.97,4476202.5,ETRS89,,,CALLE,MARTINEZ IZQUIERDO,43,28028,,11018436,,162373-PUNTO,MU24,MU-51,2026-01-10T00:00:00Z
458547,Aparcabicicletas,44,GUINDALERA,4,SALAMANCA,OPERATIVO,443395.65,4476202.25,ETRS89,,,CALLE,MARTINEZ IZQUIERDO,43,28028,,11018436,,162375-PUNTO,MU24,MU-51,2026-01-10T00:00:00Z
458554,Aparcabicicletas,35,LOS JERONIMOS,3,RETIRO,OPERATIVO,441326.98,4473787.97,ETRS89,,,CALLE,RUIZ DE ALARCON,27,28014,28014,11012952,,162382-PUNTO,MU24,MU-51,2026-01-10T00:00:00Z
458556,Aparcabicicletas,35,LOS JERONIMOS,3,RETIRO,OPERATIVO,441326.89,4473787.2,ETRS89,,,CALLE,RUIZ DE ALARCON,27,28014,28014,11012952,,162384-PUNTO,MU24,MU-51,2026-01-10T00:00:00Z
458558,Aparcabicicletas,35,LOS JERONIMOS,3,RETIRO,OPERATIVO,441326.97,4473786.31,ETRS89,,,CALLE,RUIZ DE ALARCON,27,28014,28014,11012952,,162386-PUNTO,MU24,MU-51,2026-01-10T00:00:00Z
458560,Aparcabicicletas,36,NIÑO JESUS,3,RETIRO,OPERATIVO,442802.07,4473973.32,ETRS89,,,CALLE,PIO BAROJA,4,28009,,11013570,,162388-PUNTO,MU24,MU-51,2026-01-10T00:00:00Z
458563,Aparcabicicletas,44,GUINDALERA,4,SALAMANCA,OPERATIVO,443381.14,4475781.39,ETRS89,,,CALLE,DOCTOR GOMEZ ULLA,11,28028,28028,11017103,,162391-PUNTO,MU24,MU-51,2026-01-10T00:00:00Z
458568,Aparcabicicletas,41,RECOLETOS,4,SALAMANCA,OPERATIVO,441646.92,4475037.18,ETRS89,,,CALLE,JORGE JUAN,4,28001,28001,11013994,,162396-PUNTO,MU24,MU-51,2026-01-10T00:00:00Z
457819,Aparcabicicletas,91,CASA DE CAMPO,9,MONCLOA-ARAVACA,OPERATIVO,437941.843,4475994.077,ETRS89,,,CALLE,SENDA DEL REY,8,28008,,31026240,2018-08-01T00:00:00Z,162548-PUNTO,MU24,MU-51,2026-01-10T00:00:00Z
457869,Aparcabicicletas,46,CASTELLANA,4,SALAMANCA,OPERATIVO,442052.65,4476009.0,ETRS89,,,CALLE,JUAN BRAVO,16,28006,28006,11019596,,162174-PUNTO,MU24,MU-51,2026-01-10T00:00:00Z
457892,Aparcabicicletas,31,PACIFICO,3,RETIRO,OPERATIVO,442087.12,4473058.99,ETRS89,,,CALLE,FUENTERRABIA,2,28014,,11010631,,161202-PUNTO,MU24,MU-51,2026-01-10T00:00:00Z
457899,Aparcabicicletas,32,ADELFAS,3,RETIRO,OPERATIVO,442857.26,4472053.54,ETRS89,,,CALLE,LUIS PEIDRO,2,28007,,31037836,,161204-PUNTO,MU24,MU-51,2026-01-10T00:00:00Z
457903,Aparcabicicletas,32,ADELFAS,3,RETIRO,OPERATIVO,442743.45,4472430.74,ETRS89,,,CALLE,CERRO DE LA PLATA,4,28007,28007,20118541,,161205-PUNTO,MU24,MU-38,2026-01-10T00:00:00Z
458586,Aparcabicicletas,41,RECOLETOS,4,SALAMANCA,OPERATIVO,441993.33,4475435.11,ETRS89,,,CALLE,VELAZQUEZ,56,28001,28001,11014343,,162401-PUNTO,MU24,MU-51,2026-01-10T00:00:00Z
458593,Aparcabicicletas,42,GOYA,4,SALAMANCA,OPERATIVO,443233.485,4474776.566,ETRS89,,,CALLE,DOCTOR ESQUERDO,38,28028,,31050016,,162403-PUNTO,MU24,MU-51,2026-01-10T00:00:00Z
458597,Aparcabicicletas,51,EL VISO,5,CHAMARTIN,OPERATIVO,441514.906,4476756.431,ETRS89,,,CALLE,PEDRO DE VALDIVIA,6,28006,28006,11020541,,,MU24,,2026-01-10T00:00:00Z
458599,Aparcabicicletas,51,EL VISO,5,CHAMARTIN,OPERATIVO,441513.45,4476758.494,ETRS89,,,CALLE,PEDRO DE VALDIVIA,6,28006,28006,11020541,,,MU24,,2026-01-10T00:00:00Z
458601,Aparcabicicletas,42,GOYA,4,SALAMANCA,OPERATIVO,443233.492,4474777.455,ETRS89,,,CALLE,DOCTOR ESQUERDO,38,28028,,31050016,,162410-PUNTO,MU24,MU-51,2026-01-10T00:00:00Z
458604,Aparcabicicletas,51,EL VISO,5,CHAMARTIN,OPERATIVO,442457.74,4477330.19,ETRS89,,,CALLE,PRINCIPE DE VERGARA,139,28002,28002,11021619,,,MU24,MU-38,2026-01-10T00:00:00Z
458610,Aparcabicicletas,52,PROSPERIDAD,5,CHAMARTIN,OPERATIVO,443638.33,4477234.29,ETRS89,,,CALLE,SANTA HORTENSIA,30A,28002,28002,31025357,,,MU24,MU-38,2026-01-10T00:00:00Z
458614,Aparcabicicletas,52,PROSPERIDAD,5,CHAMARTIN,OPERATIVO,443442.31,4477276.4,ETRS89,,,CALLE,SANTA HORTENSIA,31,28002,28002,11027467,,,MU24,MU-38,2026-01-10T00:00:00Z
458616,Aparcabicicletas,52,PROSPERIDAD,5,CHAMARTIN,OPERATIVO,443443.5,4477276.06,ETRS89,,,CALLE,SANTA HORTENSIA,31,28002,28002,11027467,,,MU24,MU-38,2026-01-10T00:00:00Z
458620,Aparcabicicletas,42,GOYA,4,SALAMANCA,OPERATIVO,442939.92,4474973.72,ETRS89,,,CALLE,LOMBIA,18,28009,28009,11015545,,162428-PUNTO,MU24,MU-51,2026-01-10T00:00:00Z
458627,Aparcabicicletas,44,GUINDALERA,4,SALAMANCA,OPERATIVO,443381.73,4475780.05,ETRS89,,,CALLE,DOCTOR GOMEZ ULLA,11,28028,28028,11017103,,162434-PUNTO,MU24,MU-51,2026-01-10T00:00:00Z
458631,Aparcabicicletas,53,CIUDAD JARDIN,5,CHAMARTIN,OPERATIVO,442589.71,4477861.9,ETRS89,,,CALLE,DOCTOR MARCO CORERA,2,28002,28002,31052956,,,MU24,MU-38,2026-01-10T00:00:00Z
458633,Aparcabicicletas,53,CIUDAD JARDIN,5,CHAMARTIN,OPERATIVO,442589.12,4477862.34,ETRS89,,,CALLE,DOCTOR MARCO CORERA,2,28002,28002,31052956,,,MU24,MU-38,2026-01-10T00:00:00Z
457912,Aparcabicicletas,87,MIRASIERRA,8,FUENCARRAL-EL PARDO,OPERATIVO,439482.643,4482114.899,ETRS89,,,CALLE,LA MASO,76,28034,,11051005,2022-08-09T00:00:00Z,161386-PUNTO,MU24,,2026-01-10T00:00:00Z
457917,Aparcabicicletas,33,ESTRELLA,3,RETIRO,OPERATIVO,443614.1,4474138.3,ETRS89,,,CALLE,JUAN ESPLANDIU,2B,28007,28007,11013647,,161208-PUNTO,MU24,MU-51,2026-01-10T00:00:00Z
457921,Aparcabicicletas,33,ESTRELLA,3,RETIRO,OPERATIVO,443511.27,4474093.67,ETRS89,,,CALLE,JUAN ESPLANDIU,1,28007,28007,11012057,,161211-PUNTO,MU24,MU-51,2026-01-10T00:00:00Z
457925,Aparcabicicletas,72,ARAPILES,7,CHAMBERI,OPERATIVO,439747.26,4476133.64,ETRS89,,,CALLE,GALILEO,37,28015,28015,31042764,,,MU24,,2026-01-10T00:00:00Z
457927,Aparcabicicletas,72,ARAPILES,7,CHAMBERI,OPERATIVO,439747.59,4476131.86,ETRS89,,,CALLE,GALILEO,37,28015,28015,31042764,,,MU24,,2026-01-10T00:00:00Z
457931,Aparcabicicletas,33,ESTRELLA,3,RETIRO,OPERATIVO,443215.55,4474017.45,ETRS89,,,CALLE,DOCTOR ESQUERDO,107,28007,,11012040,,161212-PUNTO,MU24,MU-51,2026-01-10T00:00:00Z
457934,Aparcabicicletas,33,ESTRELLA,3,RETIRO,OPERATIVO,443387.56,4474059.19,ETRS89,,,CALLE,JOSE MARTINEZ DE VELASCO,18,28007,28007,20066362,,161213-PUNTO,MU24,MU-51,2026-01-10T00:00:00Z
457936,Aparcabicicletas,86,VALVERDE,8,FUENCARRAL-EL PARDO,OPERATIVO,441243.334,4482180.343,ETRS89,,,CALLE,FRANCISCO SANCHA,44,28034,,11047267,2022-11-15T00:00:00Z,161396-PUNTO,MU24,MU-51,2026-01-10T00:00:00Z
457946,Aparcabicicletas,86,VALVERDE,8,FUENCARRAL-EL PARDO,OPERATIVO,443298.605,4484377.376,ETRS89,,,CALLE,TOQUES,11,28050,,31009168,2022-10-20T00:00:00Z,161399-PUNTO,MU24,,2026-01-10T00:00:00Z
457950,Aparcabicicletas,34,IBIZA,3,RETIRO,OPERATIVO,442796.37,4474746.85,ETRS89,,,CALLE,O'DONNELL,36,28009,,11012609,,161215-PUNTO,MU24,MU-51,2026-01-10T00:00:00Z
457954,Aparcabicicletas,85,LA PAZ,8,FUENCARRAL-EL PARDO,OPERATIVO,440606.203,4482093.574,ETRS89,,,CALLE,ALFREDO MARQUERIE,21,28034,,11045818,2022-07-08T00:00:00Z,161401-PUNTO,MU24,MU-51,2026-01-10T00:00:00Z
457957,Aparcabicicletas,85,LA PAZ,8,FUENCARRAL-EL PARDO,OPERATIVO,440222.189,4481874.757,ETRS89,,,CALLE,VALENCIA DE DON JUAN,4,28034,,11045831,2022-08-09T00:00:00Z,161402-PUNTO,MU24,MU-51,2026-01-10T00:00:00Z
457914,Aparcabicicletas,32,ADELFAS,3,RETIRO,OPERATIVO,442928.35,4472761.91,ETRS89,,,CALLE,DOCTOR ESQUERDO,189,28007,,11011582,,161207-PUNTO,MU24,MU-51,2026-01-10T00:00:00Z
457916,Aparcabicicletas,87,MIRASIERRA,8,FUENCARRAL-EL PARDO,OPERATIVO,440662.413,4483611.668,ETRS89,,,CALLE,MONASTERIO DE EL PAULAR,140,28049,,31025800,2022-09-08T00:00:00Z,161389-PUNTO,MU24,,2026-01-10T00:00:00Z
457919,Aparcabicicletas,33,ESTRELLA,3,RETIRO,OPERATIVO,443386.91,4474063.08,ETRS89,,,CALLE,JOSE MARTINEZ DE VELASCO,18,28007,28007,20066362,,161210-PUNTO,MU24,MU-51,2026-01-10T00:00:00Z
457926,Aparcabicicletas,86,VALVERDE,8,FUENCARRAL-EL PARDO,OPERATIVO,441841.227,4483416.342,ETRS89,,,CALLE,NUESTRA SEÑORA DE VALVERDE,2,28034,,20149861,2022-12-23T00:00:00Z,161393-PUNTO,MU24,MU-51,2026-01-10T00:00:00Z
457928,Aparcabicicletas,72,ARAPILES,7,CHAMBERI,OPERATIVO,439746.1,4476136.76,ETRS89,,,CALLE,GALILEO,37,28015,28015,31042764,,,MU24,,2026-01-10T00:00:00Z
457930,Aparcabicicletas,86,VALVERDE,8,FUENCARRAL-EL PARDO,OPERATIVO,441514.419,4482196.204,ETRS89,,,CALLE,LABASTIDA,1,28034,,20152071,2022-08-25T00:00:00Z,161395-PUNTO,MU24,,2026-01-10T00:00:00Z
457941,Aparcabicicletas,86,VALVERDE,8,FUENCARRAL-EL PARDO,OPERATIVO,441429.957,4481910.873,ETRS89,,,CALLE,VIRGEN DE ARANZAZU,5,28034,,11047353,2022-08-23T00:00:00Z,161397-PUNTO,MU24,MU-51,2026-01-10T00:00:00Z
457959,Aparcabicicletas,64,ALMENARA,6,TETUAN,OPERATIVO,441036.28,4480273.28,ETRS89,,,CALLE,MONTOYA,54,28029,28029,11032916,,,MU24,MU-38,2026-01-10T00:00:00Z
457969,Aparcabicicletas,85,LA PAZ,8,FUENCARRAL-EL PARDO,OPERATIVO,441627.849,4480657.527,ETRS89,,,CALLE,SINESIO DELGADO,2,28029,,11046911,2022-07-14T00:00:00Z,161406-PUNTO,MU24,,2026-01-10T00:00:00Z
457974,Aparcabicicletas,84,PILAR,8,FUENCARRAL-EL PARDO,OPERATIVO,439742.644,4481559.898,ETRS89,,,CALLE,FERMIN CABALLERO,68,28034,,11045737,2022-07-22T00:00:00Z,161408-PUNTO,MU24,,2026-01-10T00:00:00Z
457978,Aparcabicicletas,35,LOS JERONIMOS,3,RETIRO,OPERATIVO,441357.43,4474404.37,ETRS89,,,CALLE,MONTALBAN,3,28014,28014,11012789,,161219-PUNTO,MU24,MU-51,2026-01-10T00:00:00Z
457982,Aparcabicicletas,35,LOS JERONIMOS,3,RETIRO,OPERATIVO,441346.89,4474401.79,ETRS89,,,CALLE,MONTALBAN,3,28014,28014,11012789,,161220-PUNTO,MU24,MU-51,2026-01-10T00:00:00Z
457986,Aparcabicicletas,84,PILAR,8,FUENCARRAL-EL PARDO,OPERATIVO,439448.686,4480379.376,ETRS89,,,CALLE,CELANOVA,2,28029,,31022383,2022-07-26T00:00:00Z,161415-PUNTO,MU24,MU-51,2026-01-10T00:00:00Z
457988,Aparcabicicletas,84,PILAR,8,FUENCARRAL-EL PARDO,OPERATIVO,439546.974,4480320.654,ETRS89,,,CALLE,BECERREA,4,28029,,20097696,2022-08-09T00:00:00Z,161416-PUNTO,MU24,MU-51,2026-01-10T00:00:00Z
457953,Aparcabicicletas,64,ALMENARA,6,TETUAN,OPERATIVO,441034.0,4480275.07,ETRS89,,,CALLE,MONTOYA,54,28029,28029,11032916,,,MU24,MU-38,2026-01-10T00:00:00Z
457956,Aparcabicicletas,64,ALMENARA,6,TETUAN,OPERATIVO,441035.01,4480274.06,ETRS89,,,CALLE,MONTOYA,54,28029,28029,11032916,,,MU24,MU-38,2026-01-10T00:00:00Z
457958,Aparcabicicletas,34,IBIZA,3,RETIRO,OPERATIVO,442335.74,4474766.66,ETRS89,,,CALLE,O''DONNELL,4,28009,28009,11012679,,161216-PUNTO,MU24,MU-51,2026-01-10T00:00:00Z
457961,Aparcabicicletas,64,ALMENARA,6,TETUAN,OPERATIVO,441037.46,4480272.38,ETRS89,,,CALLE,MONTOYA,54,28029,28029,11032916,,,MU24,MU-38,2026-01-10T00:00:00Z
457966,Aparcabicicletas,85,LA PAZ,8,FUENCARRAL-EL PARDO,OPERATIVO,440443.212,4480776.099,ETRS89,,,CALLE,GINZO DE LIMIA,2,28029,,11046785,2022-08-17T00:00:00Z,161405-PUNTO,MU24,MU-51,2026-01-10T00:00:00Z
457973,Aparcabicicletas,84,PILAR,8,FUENCARRAL-EL PARDO,OPERATIVO,440096.131,4481675.306,ETRS89,,,CALLE,GINZO DE LIMIA,47,28034,,20139529,2022-07-19T00:00:00Z,161407-PUNTO,MU24,,2026-01-10T00:00:00Z
457977,Aparcabicicletas,83,PEÑAGRANDE,8,FUENCARRAL-EL PARDO,OPERATIVO,437761.014,4481793.994,ETRS89,,,CALLE,ROSALIA DE CASTRO,69,28035,,31015444,2022-08-23T00:00:00Z,161409-PUNTO,MU24,MU-38,2026-01-10T00:00:00Z
457985,Aparcabicicletas,84,PILAR,8,FUENCARRAL-EL PARDO,OPERATIVO,440226.387,4480447.336,ETRS89,,,CALLE,RIBADAVIA,20,28029,,11046264,2022-07-26T00:00:00Z,161414-PUNTO,MU24,,2026-01-10T00:00:00Z
457987,Aparcabicicletas,35,LOS JERONIMOS,3,RETIRO,OPERATIVO,441411.97,4474555.47,ETRS89,,,CALLE,ALCALA,54,28014,28014,11012723,,161221-PUNTO,MU24,MU-51,2026-01-10T00:00:00Z
457992,Aparcabicicletas,83,PEÑAGRANDE,8,FUENCARRAL-EL PARDO,OPERATIVO,438735.177,4481846.871,ETRS89,,,CALLE,RISCOS DE POLANCO,3,28035,,20087521,2022-07-12T00:00:00Z,161419-PUNTO,MU24,MU-51,2026-01-10T00:00:00Z
457996,Aparcabicicletas,83,PEÑAGRANDE,8,FUENCARRAL-EL PARDO,OPERATIVO,438341.851,4481549.417,ETRS89,,,CALLE,RAMON GOMEZ DE LA SERNA,103,28035,,11077589,2022-09-21T00:00:00Z,161421-PUNTO,MU24,,2026-01-10T00:00:00Z
458001,Aparcabicicletas,35,LOS JERONIMOS,3,RETIRO,OPERATIVO,441554.94,4473294.1,ETRS89,,,CALLE,ALFONSO XII,64,28014,28014,11012964,,161223-PUNTO,MU24,MU-51,2026-01-10T00:00:00Z
458003,Aparcabicicletas,35,LOS JERONIMOS,3,RETIRO,OPERATIVO,441542.24,4474397.05,ETRS89,,,CALLE,ALFONSO XII,12,28014,28014,11012744,,161224-PUNTO,MU24,MU-51,2026-01-10T00:00:00Z
458005,Aparcabicicletas,35,LOS JERONIMOS,3,RETIRO,OPERATIVO,441543.994,4474371.391,ETRS89,,,CALLE,ALFONSO XII,14,28014,28014,11012745,,161225-PUNTO,MU24,MU-38,2026-01-10T00:00:00Z
458022,Aparcabicicletas,41,RECOLETOS,4,SALAMANCA,OPERATIVO,441690.27,4475321.13,ETRS89,,,CALLE,HERMOSILLA,12,28001,28001,11013990,,161234-PUNTO,MU24,MU-51,2026-01-10T00:00:00Z
458031,Aparcabicicletas,55,NUEVA ESPAÑA,5,CHAMARTIN,OPERATIVO,443246.84,4479647.625,ETRS89,,,CALLE,ROSA JARDON,9,28016,28016,11026902,,161242-PUNTO,MU24,MU-51,2026-01-10T00:00:00Z
458033,Aparcabicicletas,55,NUEVA ESPAÑA,5,CHAMARTIN,OPERATIVO,441573.92,4479110.14,ETRS89,,,CALLE,JUAN HURTADO DE MENDOZA,1,28036,28036,31008516,,161244-PUNTO,MU24,MU-38,2026-01-10T00:00:00Z
458041,Aparcabicicletas,41,RECOLETOS,4,SALAMANCA,OPERATIVO,441823.35,4474685.92,ETRS89,,,CALLE,LAGASCA,2,28001,,11013863,,161250-PUNTO,MU24,MU-51,2026-01-10T00:00:00Z
458050,Aparcabicicletas,41,RECOLETOS,4,SALAMANCA,OPERATIVO,441993.42,4475436.11,ETRS89,,,CALLE,VELAZQUEZ,56,28001,28001,11014343,,161258-PUNTO,MU24,MU-51,2026-01-10T00:00:00Z
458052,Aparcabicicletas,54,HISPANOAMERICA,5,CHAMARTIN,OPERATIVO,441744.96,4478752.59,ETRS89,,,CALLE,JUAN RAMON JIMENEZ,9,28036,28036,11025560,,161260-PUNTO,MU24,MU-51,2026-01-10T00:00:00Z
458057,Aparcabicicletas,54,HISPANOAMERICA,5,CHAMARTIN,OPERATIVO,441793.85,4478628.44,ETRS89,,,CALLE,PADRE DAMIAN,24,28036,28036,31042940,,161263-PUNTO,MU24,MU-38,2026-01-10T00:00:00Z
458074,Aparcabicicletas,42,GOYA,4,SALAMANCA,OPERATIVO,442939.81,4474970.5,ETRS89,,,CALLE,LOMBIA,18,28009,28009,11015545,,161274-PUNTO,MU24,MU-51,2026-01-10T00:00:00Z
458077,Aparcabicicletas,53,CIUDAD JARDIN,5,CHAMARTIN,OPERATIVO,442590.13,4477861.56,ETRS89,,,CALLE,DOCTOR MARCO CORERA,2,28002,28002,31052956,,161276-PUNTO,MU24,MU-38,2026-01-10T00:00:00Z
458083,Aparcabicicletas,53,CIUDAD JARDIN,5,CHAMARTIN,OPERATIVO,442708.15,4477768.74,ETRS89,,,CALLE,EUGENIO SALAZAR,55,28002,28002,31042753,,161278-PUNTO,MU24,MU-38,2026-01-10T00:00:00Z
458085,Aparcabicicletas,46,CASTELLANA,4,SALAMANCA,OPERATIVO,442347.078,4476117.284,ETRS89,40.43370008,-3.67972878,CALLE,PRINCIPE DE VERGARA,61,28006,28006,11019915,,161280-PUNTO,MU24,MU-51,2026-01-10T00:00:00Z
458092,Aparcabicicletas,44,GUINDALERA,4,SALAMANCA,OPERATIVO,443381.48,4475780.72,ETRS89,,,CALLE,DOCTOR GOMEZ ULLA,11,28028,28028,11017103,,161285-PUNTO,MU24,MU-51,2026-01-10T00:00:00Z
458094,Aparcabicicletas,52,PROSPERIDAD,5,CHAMARTIN,OPERATIVO,443441.04,4477276.63,ETRS89,,,CALLE,SANTA HORTENSIA,31,28002,28002,11027467,,161287-PUNTO,MU24,MU-38,2026-01-10T00:00:00Z
458099,Aparcabicicletas,44,GUINDALERA,4,SALAMANCA,OPERATIVO,443380.64,4475782.17,ETRS89,,,CALLE,DOCTOR GOMEZ ULLA,11,28028,28028,11017103,,161290-PUNTO,MU24,MU-51,2026-01-10T00:00:00Z
458104,Aparcabicicletas,52,PROSPERIDAD,5,CHAMARTIN,OPERATIVO,443377.18,4477164.11,ETRS89,,,CALLE,CORAZON DE MARIA,25,28002,28002,11022810,,161292-PUNTO,MU24,MU-51,2026-01-10T00:00:00Z
458112,Aparcabicicletas,51,EL VISO,5,CHAMARTIN,OPERATIVO,441796.16,4477136.49,ETRS89,,,CALLE,SERRANO,131,28006,28006,31048666,,161298-PUNTO,MU24,MU-38,2026-01-10T00:00:00Z
458122,Aparcabicicletas,46,CASTELLANA,4,SALAMANCA,OPERATIVO,442181.91,4476535.62,ETRS89,,,CALLE,NUÑEZ DE BALBOA,125,28006,28006,11020044,,161304-PUNTO,MU24,MU-51,2026-01-10T00:00:00Z
458129,Aparcabicicletas,46,CASTELLANA,4,SALAMANCA,OPERATIVO,441646.77,4475660.6,ETRS89,,,CALLE,MARQUES DE VILLAMAGNA,3,28001,28001,11019723,,161309-PUNTO,MU24,AP-2,2026-01-10T00:00:00Z
458131,Aparcabicicletas,46,CASTELLANA,4,SALAMANCA,OPERATIVO,441767.257,4475905.204,ETRS89,,,CALLE,PADILLA,1,28006,28006,11019862,,161311-PUNTO,MU24,MU-38,2026-01-10T00:00:00Z
458133,Aparcabicicletas,45,LISTA,4,SALAMANCA,OPERATIVO,442853.63,4475961.78,ETRS89,,,CALLE,JUAN BRAVO,62,28006,28006,11019099,,161313-PUNTO,MU24,MU-51,2026-01-10T00:00:00Z
458135,Aparcabicicletas,82,FUENTELARREINA,8,FUENCARRAL-EL PARDO,OPERATIVO,437310.059,4481181.334,ETRS89,,,CALLE,FRESNEDILLAS,8 B,28035,,11043870,2022-09-20T00:00:00Z,161429-PUNTO,MU24,ACB,2026-01-10T00:00:00Z
458145,Aparcabicicletas,107,AGUILAS,10,LATINA,OPERATIVO,434482.265,4470551.087,ETRS89,,,CALLE,JOSE DE CADALSO,1,28044,,11068677,2022-06-21T00:00:00Z,161437-PUNTO,MU24,AP-1,2026-01-10T00:00:00Z
458147,Aparcabicicletas,86,VALVERDE,8,FUENCARRAL-EL PARDO,OPERATIVO,443427.27,4484848.645,ETRS89,,,CALLE,PORTOMARIN,21,28050,,31050947,2022-09-08T00:00:00Z,161439-PUNTO,MU24,ACB,2026-01-10T00:00:00Z
457999,Aparcabicicletas,83,PEÑAGRANDE,8,FUENCARRAL-EL PARDO,OPERATIVO,439166.631,4481528.699,ETRS89,,,CALLE,ISLA DE AROSA,47,28035,,11045555,2022-07-27T00:00:00Z,161422-PUNTO,MU24,,2026-01-10T00:00:00Z
458002,Aparcabicicletas,83,PEÑAGRANDE,8,FUENCARRAL-EL PARDO,OPERATIVO,439200.757,4481297.754,ETRS89,,,CALLE,FERMIN CABALLERO,82,28035,,11045647,2022-06-29T00:00:00Z,161423-PUNTO,MU24,,2026-01-10T00:00:00Z
458004,Aparcabicicletas,83,PEÑAGRANDE,8,FUENCARRAL-EL PARDO,OPERATIVO,438919.262,4480936.827,ETRS89,,,CALLE,SANTIAGO DE COMPOSTELA,104,28035,,20097783,2022-07-26T00:00:00Z,161424-PUNTO,MU24,,2026-01-10T00:00:00Z
458006,Aparcabicicletas,83,PEÑAGRANDE,8,FUENCARRAL-EL PARDO,OPERATIVO,439065.835,4480414.448,ETRS89,,,CALLE,LA CABRERA,33,28035,,31044378,2022-07-19T00:00:00Z,161425-PUNTO,MU24,,2026-01-10T00:00:00Z
458008,Aparcabicicletas,25,DELICIAS,2,ARGANZUELA,OPERATIVO,441339.38,4471770.78,ETRS89,,,CALLE,ALICANTE,14,28045,28045,20131941,,161226-PUNTO,MU24,MU-51,2026-01-10T00:00:00Z
458015,Aparcabicicletas,35,LOS JERONIMOS,3,RETIRO,OPERATIVO,441327.07,4473788.64,ETRS89,,,CALLE,RUIZ DE ALARCON,27,28014,28014,11012952,,161227-PUNTO,MU24,MU-51,2026-01-10T00:00:00Z
458017,Aparcabicicletas,36,NIÑO JESUS,3,RETIRO,OPERATIVO,442800.61,4473972.54,ETRS89,,,CALLE,PIO BAROJA,4,28009,,11013570,,161229-PUNTO,MU24,MU-51,2026-01-10T00:00:00Z
458019,Aparcabicicletas,41,RECOLETOS,4,SALAMANCA,OPERATIVO,441645.98,4475037.08,ETRS89,,,CALLE,JORGE JUAN,4,28001,28001,11013994,,161231-PUNTO,MU24,MU-51,2026-01-10T00:00:00Z
458021,Aparcabicicletas,56,CASTILLA,5,CHAMARTIN,OPERATIVO,441989.43,4481279.99,ETRS89,,,CALLE,CONDE DE TORRALBA,23,28046,28046,20103420,,161233-PUNTO,MU24,MU-38,2026-01-10T00:00:00Z
458026,Aparcabicicletas,41,RECOLETOS,4,SALAMANCA,OPERATIVO,441618.99,4474806.51,ETRS89,,,CALLE,CONDE DE ARANDA,1,28001,28001,11013814,,161237-PUNTO,MU24,MU-51,2026-01-10T00:00:00Z
458028,Aparcabicicletas,41,RECOLETOS,4,SALAMANCA,OPERATIVO,441575.42,4474898.65,ETRS89,,,CALLE,VILLANUEVA,12,28001,28001,11013761,1900-01-01T00:00:00Z,161239-PUNTO,MU24,MU-51,2026-01-10T00:00:00Z
458032,Aparcabicicletas,41,RECOLETOS,4,SALAMANCA,OPERATIVO,441298.26,4474573.15,ETRS89,,,CALLE,ALCALA,53,28014,,11013649,,161243-PUNTO,MU24,MU-51,2026-01-10T00:00:00Z
458039,Aparcabicicletas,55,NUEVA ESPAÑA,5,CHAMARTIN,OPERATIVO,443037.75,4478957.22,ETRS89,,,CALLE,PARAGUAY,8,28016,28016,20103062,,161249-PUNTO,MU24,MU-51,2026-01-10T00:00:00Z
458044,Aparcabicicletas,41,RECOLETOS,4,SALAMANCA,OPERATIVO,442258.42,4474776.33,ETRS89,,,CALLE,O'DONNELL,7,28009,,11014619,,161253-PUNTO,MU24,MU-51,2026-01-10T00:00:00Z
458046,Aparcabicicletas,41,RECOLETOS,4,SALAMANCA,OPERATIVO,441794.1,4475178.52,ETRS89,,,CALLE,GOYA,10,28001,,11013902,,161255-PUNTO,MU24,MU-51,2026-01-10T00:00:00Z
458060,Aparcabicicletas,42,GOYA,4,SALAMANCA,OPERATIVO,443233.495,4474777.787,ETRS89,,,CALLE,DOCTOR ESQUERDO,38,28028,,31050016,,161265-PUNTO,MU24,MU-51,2026-01-10T00:00:00Z
458078,Aparcabicicletas,53,CIUDAD JARDIN,5,CHAMARTIN,OPERATIVO,442963.94,4477804.75,ETRS89,,,CALLE,PRADILLO,30,28002,28002,11023728,,161277-PUNTO,MU24,MU-51,2026-01-10T00:00:00Z
458084,Aparcabicicletas,43,FUENTE DEL BERRO,4,SALAMANCA,OPERATIVO,443571.34,4474701.97,ETRS89,,,CALLE,ELVIRA,31,28028,28028,20182773,,161279-PUNTO,MU24,MU-51,2026-01-10T00:00:00Z
458086,Aparcabicicletas,53,CIUDAD JARDIN,5,CHAMARTIN,OPERATIVO,442564.07,4477548.72,ETRS89,,,CALLE,SUERO DE QUIÑONES,21,28002,28002,11023932,,161281-PUNTO,MU24,MU-51,2026-01-10T00:00:00Z
458090,Aparcabicicletas,53,CIUDAD JARDIN,5,CHAMARTIN,OPERATIVO,442588.87,4477862.902,ETRS89,,,CALLE,DOCTOR MARCO CORERA,2,28002,28002,31052956,,161284-PUNTO,MU24,MU-38,2026-01-10T00:00:00Z
458093,Aparcabicicletas,52,PROSPERIDAD,5,CHAMARTIN,OPERATIVO,443695.82,4477774.79,ETRS89,,,CALLE,PADRE CLARET,23,28002,28002,11022999,,161286-PUNTO,MU24,MU-38,2026-01-10T00:00:00Z
458097,Aparcabicicletas,52,PROSPERIDAD,5,CHAMARTIN,OPERATIVO,443637.49,4477235.85,ETRS89,,,CALLE,SANTA HORTENSIA,30A,28002,28002,31025357,,161288-PUNTO,MU24,MU-38,2026-01-10T00:00:00Z
458102,Aparcabicicletas,52,PROSPERIDAD,5,CHAMARTIN,OPERATIVO,443633.74,4477481.32,ETRS89,,,CALLE,PADRE CLARET,9,28002,28002,11027466,,161291-PUNTO,MU24,MU-38,2026-01-10T00:00:00Z
458106,Aparcabicicletas,51,EL VISO,5,CHAMARTIN,OPERATIVO,441796.84,4477136.26,ETRS89,,,CALLE,SERRANO,131,28006,28006,31048666,,161293-PUNTO,MU24,MU-38,2026-01-10T00:00:00Z
458110,Aparcabicicletas,51,EL VISO,5,CHAMARTIN,OPERATIVO,442457.27,4477323.975,ETRS89,,,CALLE,PRINCIPE DE VERGARA,139,28002,28002,11021619,,161297-PUNTO,MU24,MU-38,2026-01-10T00:00:00Z
458115,Aparcabicicletas,51,EL VISO,5,CHAMARTIN,OPERATIVO,441512.247,4476760.61,ETRS89,,,CALLE,PEDRO DE VALDIVIA,6,28006,28006,11020541,,161300-PUNTO,MU24,MU-38,2026-01-10T00:00:00Z
458119,Aparcabicicletas,51,EL VISO,5,CHAMARTIN,OPERATIVO,442488.49,4477668.19,ETRS89,,,CALLE,PRINCIPE DE VERGARA,187,28002,28002,11021652,,161302-PUNTO,MU24,MU-51,2026-01-10T00:00:00Z
458124,Aparcabicicletas,44,GUINDALERA,4,SALAMANCA,OPERATIVO,442731.657,4476318.152,ETRS89,,,CALLE,FRANCISCO SILVELA,66,28028,28028,11018853,,161305-PUNTO,MU24,MU-38,2026-01-10T00:00:00Z
458127,Aparcabicicletas,44,GUINDALERA,4,SALAMANCA,OPERATIVO,442803.371,4476579.025,ETRS89,,,CALLE,PILAR DE ZARAGOZA,93,28028,28028,11018900,,161307-PUNTO,MU24,MU-38,2026-01-10T00:00:00Z
458130,Aparcabicicletas,45,LISTA,4,SALAMANCA,OPERATIVO,443112.872,4475640.664,ETRS89,,,CALLE,MARTIRES CONCEPCIONISTAS,23,28006,28006,11019214,,161310-PUNTO,MU24,MU-38,2026-01-10T00:00:00Z
458132,Aparcabicicletas,45,LISTA,4,SALAMANCA,OPERATIVO,442454.22,4476518.09,ETRS89,,,CALLE,MARIA DE MOLINA,62,28006,28006,11018938,,161312-PUNTO,MU24,MU-51,2026-01-10T00:00:00Z
458134,Aparcabicicletas,101,LOS CARMENES,10,LATINA,OPERATIVO,436913.048,4471956.525,ETRS89,,,CALLE,ALHAMBRA,102,28047,,11063760,2022-06-21T00:00:00Z,161428-PUNTO,MU24,AP-1,2026-01-10T00:00:00Z
458146,Aparcabicicletas,86,VALVERDE,8,FUENCARRAL-EL PARDO,OPERATIVO,441915.04,4484238.36,ETRS89,,,CALLE,NUESTRA SEÑORA DE VALVERDE,105,28034,,11049018,2020-06-10T00:00:00Z,161438-PUNTO,MU24,ACB,2026-01-10T00:00:00Z
458148,Aparcabicicletas,87,MIRASIERRA,8,FUENCARRAL-EL PARDO,OPERATIVO,438732.076,4482597.169,ETRS89,,,CALLE,SENDA DEL INFANTE,36,28035,,20135684,2022-06-20T00:00:00Z,161440-PUNTO,MU24,ACB,2026-01-10T00:00:00Z
458158,Aparcabicicletas,46,CASTELLANA,4,SALAMANCA,OPERATIVO,441647.1,4475660.59,ETRS89,,,CALLE,MARQUES DE VILLAMAGNA,3,28001,28001,11019723,,161318-PUNTO,MU24,AP-2,2026-01-10T00:00:00Z
458173,Aparcabicicletas,85,LA PAZ,8,FUENCARRAL-EL PARDO,OPERATIVO,440805.16,4482159.815,ETRS89,,,CALLE,SANGENJO,38,28034,,20165668,2022-05-31T00:00:00Z,161449-PUNTO,MU24,AP-2,2026-01-10T00:00:00Z
458192,Aparcabicicletas,97,ARAVACA,9,MONCLOA-ARAVACA,OPERATIVO,433078.13,4478413.709,ETRS89,,,CALLE,ESCULTOR PERESEJO,66,28023,,20063938,2022-07-12T00:00:00Z,161456-PUNTO,MU24,AP-2,2026-01-10T00:00:00Z
458195,Aparcabicicletas,97,ARAVACA,9,MONCLOA-ARAVACA,OPERATIVO,433076.012,4478413.083,ETRS89,,,CALLE,ESCULTOR PERESEJO,66,28023,,20063938,2022-07-12T00:00:00Z,161458-PUNTO,MU24,AP-2,2026-01-10T00:00:00Z
458203,Aparcabicicletas,35,LOS JERONIMOS,3,RETIRO,OPERATIVO,442098.03,4473328.96,ETRS89,,,CALLE,ANDRES TORREJON,26,28014,28014,11013069,,161320-PUNTO,MU24,MU-38,2026-01-10T00:00:00Z
458238,Aparcabicicletas,24,LEGAZPI,2,ARGANZUELA,OPERATIVO,441715.75,4471416.29,ETRS89,,,CALLE,ANTRACITA,32,28045,28045,20170760,2025-08-13T00:00:00Z,,MU24,MU-51,2026-01-10T00:00:00Z
458240,Aparcabicicletas,24,LEGAZPI,2,ARGANZUELA,OPERATIVO,441715.672,4471417.29,ETRS89,,,CALLE,ANTRACITA,32,28045,28045,20170760,2025-08-13T00:00:00Z,,MU24,MU-51,2026-01-10T00:00:00Z
458242,Aparcabicicletas,24,LEGAZPI,2,ARGANZUELA,OPERATIVO,441715.69,4471419.18,ETRS89,,,CALLE,ANTRACITA,32,28045,28045,20170760,,,MU24,MU-38,2026-01-10T00:00:00Z
458244,Aparcabicicletas,25,DELICIAS,2,ARGANZUELA,OPERATIVO,441340.8,4471768.33,ETRS89,,,CALLE,ALICANTE,14,28045,28045,20131941,,162182-PUNTO,MU24,MU-51,2026-01-10T00:00:00Z
458257,Aparcabicicletas,41,RECOLETOS,4,SALAMANCA,OPERATIVO,442066.18,4474975.76,ETRS89,,,CALLE,NUÐEZ DE BALBOA,16,28001,,11014560,,162190-PUNTO,MU24,AP-2,2026-01-10T00:00:00Z
458262,Aparcabicicletas,46,CASTELLANA,4,SALAMANCA,OPERATIVO,441647.44,4475660.59,ETRS89,,,CALLE,MARQUES DE VILLAMAGNA,3,28001,28001,11019723,,162193-PUNTO,MU24,AP-2,2026-01-10T00:00:00Z
458266,Aparcabicicletas,85,LA PAZ,8,FUENCARRAL-EL PARDO,OPERATIVO,440807.197,4482159.716,ETRS89,,,CALLE,SANGENJO,38,28034,,20165668,2022-08-10T00:00:00Z,162563-PUNTO,MU24,AP-2,2026-01-10T00:00:00Z
458272,Aparcabicicletas,85,LA PAZ,8,FUENCARRAL-EL PARDO,OPERATIVO,440802.178,4482159.567,ETRS89,,,CALLE,SANGENJO,38,28034,,20165668,2022-05-25T00:00:00Z,162569-PUNTO,MU24,AP-2,2026-01-10T00:00:00Z
458275,Aparcabicicletas,85,LA PAZ,8,FUENCARRAL-EL PARDO,OPERATIVO,440802.824,4482159.616,ETRS89,,,CALLE,SANGENJO,38,28034,,20165668,2022-05-25T00:00:00Z,162571-PUNTO,MU24,AP-2,2026-01-10T00:00:00Z
458286,Aparcabicicletas,97,ARAVACA,9,MONCLOA-ARAVACA,OPERATIVO,433077.46,4478413.52,ETRS89,,,CALLE,ESCULTOR PERESEJO,66,28023,,20063938,2021-08-11T00:00:00Z,162581-PUNTO,MU24,AP-2,2026-01-10T00:00:00Z
458289,Aparcabicicletas,35,LOS JERONIMOS,3,RETIRO,OPERATIVO,441543.16,4473470.25,ETRS89,,,CALLE,CLAUDIO MOYANO,1,28014,28014,11012968,,162194-PUNTO,MU24,MU-51,2026-01-10T00:00:00Z
458293,Aparcabicicletas,35,LOS JERONIMOS,3,RETIRO,OPERATIVO,441545.39,4473472.45,ETRS89,,,CALLE,CLAUDIO MOYANO,1,28014,28014,11012968,,162195-PUNTO,MU24,MU-51,2026-01-10T00:00:00Z
458303,Aparcabicicletas,31,PACIFICO,3,RETIRO,OPERATIVO,442448.08,4472558.11,ETRS89,,,CALLE,TELLEZ,29,28007,28007,20088240,,162199-PUNTO,MU24,MU-51,2026-01-10T00:00:00Z
458149,Aparcabicicletas,87,MIRASIERRA,8,FUENCARRAL-EL PARDO,OPERATIVO,439042.631,4483144.272,ETRS89,,,CALLE,LEONOR LOPEZ DE CORDOBA,2,28049,,31049759,2022-04-12T00:00:00Z,161441-PUNTO,MU24,ACB,2026-01-10T00:00:00Z
458157,Aparcabicicletas,41,RECOLETOS,4,SALAMANCA,OPERATIVO,442066.13,4474974.77,ETRS89,,,CALLE,NUÐEZ DE BALBOA,16,28001,,11014560,,161317-PUNTO,MU24,AP-2,2026-01-10T00:00:00Z
458171,Aparcabicicletas,97,ARAVACA,9,MONCLOA-ARAVACA,OPERATIVO,434480.859,4478165.062,ETRS89,,,CALLE,ARROYO DE POZUELO,10,28023,,31045365,2022-07-12T00:00:00Z,161448-PUNTO,MU24,MU-51,2026-01-10T00:00:00Z
458193,Aparcabicicletas,83,PEÑAGRANDE,8,FUENCARRAL-EL PARDO,OPERATIVO,437760.34,4481793.224,ETRS89,,,CALLE,ROSALIA DE CASTRO,69,28035,,31015444,2022-08-15T00:00:00Z,161457-PUNTO,MU24,MU-38,2026-01-10T00:00:00Z
458197,Aparcabicicletas,97,ARAVACA,9,MONCLOA-ARAVACA,OPERATIVO,433076.734,4478413.324,ETRS89,,,CALLE,ESCULTOR PERESEJO,66,28023,,20063938,2022-06-06T00:00:00Z,161459-PUNTO,MU24,AP-2,2026-01-10T00:00:00Z
458237,Aparcabicicletas,24,LEGAZPI,2,ARGANZUELA,OPERATIVO,441715.744,4471415.52,ETRS89,,,CALLE,ANTRACITA,32,28045,28045,20170760,2025-08-13T00:00:00Z,,MU24,MU-51,2026-01-10T00:00:00Z
458239,Aparcabicicletas,24,LEGAZPI,2,ARGANZUELA,OPERATIVO,441715.821,4471414.52,ETRS89,,,CALLE,ANTRACITA,32,28045,28045,20170760,2025-08-13T00:00:00Z,,MU24,MU-51,2026-01-10T00:00:00Z
458241,Aparcabicicletas,24,LEGAZPI,2,ARGANZUELA,OPERATIVO,441715.68,4471418.29,ETRS89,,,CALLE,ANTRACITA,32,28045,28045,20170760,2025-08-13T00:00:00Z,,MU24,MU-51,2026-01-10T00:00:00Z
458256,Aparcabicicletas,97,ARAVACA,9,MONCLOA-ARAVACA,OPERATIVO,434480.233,4478165.062,ETRS89,,,CALLE,ARROYO DE POZUELO,10,28023,,31045365,2022-07-25T00:00:00Z,162557-PUNTO,MU24,MU-51,2026-01-10T00:00:00Z
458258,Aparcabicicletas,41,RECOLETOS,4,SALAMANCA,OPERATIVO,442066.23,4474973.67,ETRS89,,,CALLE,NUÐEZ DE BALBOA,16,28001,,11014560,,162191-PUNTO,MU24,AP-2,2026-01-10T00:00:00Z
458265,Aparcabicicletas,85,LA PAZ,8,FUENCARRAL-EL PARDO,OPERATIVO,440806.203,4482159.815,ETRS89,,,CALLE,SANGENJO,38,28034,,20165668,2022-09-21T00:00:00Z,162562-PUNTO,MU24,AP-2,2026-01-10T00:00:00Z
458269,Aparcabicicletas,85,LA PAZ,8,FUENCARRAL-EL PARDO,OPERATIVO,440804.414,4482159.765,ETRS89,,,CALLE,SANGENJO,38,28034,,20165668,2022-05-25T00:00:00Z,162566-PUNTO,MU24,AP-2,2026-01-10T00:00:00Z
458271,Aparcabicicletas,85,LA PAZ,8,FUENCARRAL-EL PARDO,OPERATIVO,440803.768,4482159.716,ETRS89,,,CALLE,SANGENJO,38,28034,,20165668,2022-05-25T00:00:00Z,162568-PUNTO,MU24,AP-2,2026-01-10T00:00:00Z
458274,Aparcabicicletas,85,LA PAZ,8,FUENCARRAL-EL PARDO,OPERATIVO,440801.383,4482159.467,ETRS89,,,CALLE,SANGENJO,38,28034,,20165668,2022-05-25T00:00:00Z,162570-PUNTO,MU24,AP-2,2026-01-10T00:00:00Z
458285,Aparcabicicletas,97,ARAVACA,9,MONCLOA-ARAVACA,OPERATIVO,433078.707,4478413.853,ETRS89,,,CALLE,ESCULTOR PERESEJO,66,28023,,20063938,2022-05-11T00:00:00Z,162580-PUNTO,MU24,AP-2,2026-01-10T00:00:00Z
458287,Aparcabicicletas,97,ARAVACA,9,MONCLOA-ARAVACA,OPERATIVO,433075.29,4478412.89,ETRS89,,,CALLE,ESCULTOR PERESEJO,66,28023,,20063938,2021-09-02T00:00:00Z,162582-PUNTO,MU24,AP-2,2026-01-10T00:00:00Z
458296,Aparcabicicletas,35,LOS JERONIMOS,3,RETIRO,OPERATIVO,441542.14,4473469.15,ETRS89,,,CALLE,CLAUDIO MOYANO,1,28014,28014,11012968,,162196-PUNTO,MU24,MU-51,2026-01-10T00:00:00Z
458298,Aparcabicicletas,35,LOS JERONIMOS,3,RETIRO,OPERATIVO,441544.27,4473471.35,ETRS89,,,CALLE,CLAUDIO MOYANO,1,28014,28014,11012968,,162197-PUNTO,MU24,MU-51,2026-01-10T00:00:00Z
458300,Aparcabicicletas,35,LOS JERONIMOS,3,RETIRO,OPERATIVO,441541.36,4473468.04,ETRS89,,,CALLE,CLAUDIO MOYANO,1,28014,28014,11012968,,162198-PUNTO,MU24,MU-51,2026-01-10T00:00:00Z
458308,Aparcabicicletas,31,PACIFICO,3,RETIRO,OPERATIVO,442443.36,4472562.14,ETRS89,,,CALLE,TELLEZ,29,28007,28007,20088237,,162201-PUNTO,MU24,MU-51,2026-01-10T00:00:00Z
458310,Aparcabicicletas,31,PACIFICO,3,RETIRO,OPERATIVO,442448.59,4472557.88,ETRS89,,,CALLE,TELLEZ,31,28007,28007,20088240,,162202-PUNTO,MU24,MU-51,2026-01-10T00:00:00Z
458318,Aparcabicicletas,31,PACIFICO,3,RETIRO,OPERATIVO,442089.86,4473059.38,ETRS89,,,CALLE,FUENTERRABIA,2,28014,,11010631,,162204-PUNTO,MU24,MU-51,2026-01-10T00:00:00Z
458325,Aparcabicicletas,31,PACIFICO,3,RETIRO,OPERATIVO,442086.18,4473058.69,ETRS89,,,CALLE,FUENTERRABIA,2,28014,,11010631,,162206-PUNTO,MU24,MU-51,2026-01-10T00:00:00Z
458327,Aparcabicicletas,31,PACIFICO,3,RETIRO,OPERATIVO,442088.86,4473059.23,ETRS89,,,CALLE,FUENTERRABIA,2,28014,,11010631,,162207-PUNTO,MU24,MU-51,2026-01-10T00:00:00Z
458335,Aparcabicicletas,32,ADELFAS,3,RETIRO,OPERATIVO,442858.75,4472051.11,ETRS89,,,CALLE,LUIS PEIDRO,2,28007,,31037836,,162212-PUNTO,MU24,MU-51,2026-01-10T00:00:00Z
458344,Aparcabicicletas,32,ADELFAS,3,RETIRO,OPERATIVO,442856.91,4472054.29,ETRS89,,,CALLE,LUIS PEIDRO,2,28007,,31037836,,162214-PUNTO,MU24,MU-51,2026-01-10T00:00:00Z
458346,Aparcabicicletas,32,ADELFAS,3,RETIRO,OPERATIVO,442857.65,4472052.9,ETRS89,,,CALLE,LUIS PEIDRO,2,28007,,31037836,,162216-PUNTO,MU24,MU-51,2026-01-10T00:00:00Z
458348,Aparcabicicletas,87,MIRASIERRA,8,FUENCARRAL-EL PARDO,OPERATIVO,440662.41,4483612.56,ETRS89,,,CALLE,MONASTERIO DE EL PAULAR,140,28049,,31025800,2022-08-03T00:00:00Z,,MU24,,2026-01-10T00:00:00Z
458350,Aparcabicicletas,32,ADELFAS,3,RETIRO,OPERATIVO,442745.75,4472432.06,ETRS89,,,CALLE,CERRO DE LA PLATA,4,28007,28007,20118541,,162217-PUNTO,MU24,MU-51,2026-01-10T00:00:00Z
458352,Aparcabicicletas,87,MIRASIERRA,8,FUENCARRAL-EL PARDO,OPERATIVO,440662.36,4483613.9,ETRS89,,,CALLE,MONASTERIO DE EL PAULAR,140,28049,,31025800,2021-08-04T00:00:00Z,,MU24,,2026-01-10T00:00:00Z
458362,Aparcabicicletas,32,ADELFAS,3,RETIRO,OPERATIVO,443311.34,4472637.05,ETRS89,,,CALLE,VALDERRIBAS,99,28007,,20045674,,162221-PUNTO,MU24,MU-51,2026-01-10T00:00:00Z
458364,Aparcabicicletas,32,ADELFAS,3,RETIRO,OPERATIVO,443311.54,4472640.38,ETRS89,,,CALLE,VALDERRIBAS,101,28007,,20045677,,162222-PUNTO,MU24,MU-51,2026-01-10T00:00:00Z
458366,Aparcabicicletas,32,ADELFAS,3,RETIRO,OPERATIVO,442928.69,4472762.24,ETRS89,,,CALLE,DOCTOR ESQUERDO,189,28007,,11011582,,162223-PUNTO,MU24,MU-51,2026-01-10T00:00:00Z
458371,Aparcabicicletas,86,VALVERDE,8,FUENCARRAL-EL PARDO,OPERATIVO,443299.82,4484378.59,ETRS89,,,CALLE,TOQUES,11,28050,,31009168,2021-08-31T00:00:00Z,,MU24,,2026-01-10T00:00:00Z
458373,Aparcabicicletas,32,ADELFAS,3,RETIRO,OPERATIVO,442929.03,4472763.01,ETRS89,,,CALLE,DOCTOR ESQUERDO,189,28007,,11011582,,162225-PUNTO,MU24,MU-51,2026-01-10T00:00:00Z
458375,Aparcabicicletas,86,VALVERDE,8,FUENCARRAL-EL PARDO,OPERATIVO,443298.88,4484377.72,ETRS89,,,CALLE,TOQUES,11,28050,,31009168,2021-08-12T00:00:00Z,,MU24,,2026-01-10T00:00:00Z
458319,Aparcabicicletas,31,PACIFICO,3,RETIRO,OPERATIVO,442088.07,4473059.14,ETRS89,,,CALLE,FUENTERRABIA,2,28014,,11010631,,162205-PUNTO,MU24,MU-51,2026-01-10T00:00:00Z
458345,Aparcabicicletas,32,ADELFAS,3,RETIRO,OPERATIVO,442858.2,4472052.05,ETRS89,,,CALLE,LUIS PEIDRO,2,28007,,31037836,,162215-PUNTO,MU24,MU-51,2026-01-10T00:00:00Z
458347,Aparcabicicletas,87,MIRASIERRA,8,FUENCARRAL-EL PARDO,OPERATIVO,440662.41,4483613.26,ETRS89,,,CALLE,MONASTERIO DE EL PAULAR,140,28049,,31025800,2022-08-16T00:00:00Z,,MU24,,2026-01-10T00:00:00Z
458349,Aparcabicicletas,87,MIRASIERRA,8,FUENCARRAL-EL PARDO,OPERATIVO,440670.52,4483597.33,ETRS89,,,CALLE,MONASTERIO DE EL PAULAR,140,28049,,31025800,2021-08-02T00:00:00Z,,MU24,,2026-01-10T00:00:00Z
458351,Aparcabicicletas,87,MIRASIERRA,8,FUENCARRAL-EL PARDO,OPERATIVO,440662.36,4483614.65,ETRS89,,,CALLE,MONASTERIO DE EL PAULAR,140,28049,,31025800,2021-09-08T00:00:00Z,,MU24,,2026-01-10T00:00:00Z
458355,Aparcabicicletas,32,ADELFAS,3,RETIRO,OPERATIVO,442745.5,4472431.73,ETRS89,,,CALLE,CERRO DE LA PLATA,4,28007,28007,20118541,,162218-PUNTO,MU24,MU-51,2026-01-10T00:00:00Z
458359,Aparcabicicletas,32,ADELFAS,3,RETIRO,OPERATIVO,442743.88,4472431.07,ETRS89,,,CALLE,CERRO DE LA PLATA,4,28007,28007,20118541,,162220-PUNTO,MU24,MU-51,2026-01-10T00:00:00Z
458369,Aparcabicicletas,32,ADELFAS,3,RETIRO,OPERATIVO,442927.92,4472761.36,ETRS89,,,CALLE,DOCTOR ESQUERDO,189,28007,,11011582,,162224-PUNTO,MU24,MU-51,2026-01-10T00:00:00Z
458372,Aparcabicicletas,86,VALVERDE,8,FUENCARRAL-EL PARDO,OPERATIVO,443299.52,4484378.32,ETRS89,,,CALLE,TOQUES,11,28050,,31009168,2021-08-04T00:00:00Z,,MU24,,2026-01-10T00:00:00Z
458374,Aparcabicicletas,86,VALVERDE,8,FUENCARRAL-EL PARDO,OPERATIVO,443299.23,4484378.07,ETRS89,,,CALLE,TOQUES,11,28050,,31009168,2021-08-06T00:00:00Z,,MU24,,2026-01-10T00:00:00Z
458376,Aparcabicicletas,32,ADELFAS,3,RETIRO,OPERATIVO,442929.63,4472763.79,ETRS89,,,CALLE,DOCTOR ESQUERDO,189,28007,,11011582,,162226-PUNTO,MU24,MU-51,2026-01-10T00:00:00Z
458379,Aparcabicicletas,33,ESTRELLA,3,RETIRO,OPERATIVO,443614.37,4474139.63,ETRS89,,,CALLE,JUAN ESPLANDIU,2B,28007,28007,11013647,,162227-PUNTO,MU24,MU-51,2026-01-10T00:00:00Z
458383,Aparcabicicletas,33,ESTRELLA,3,RETIRO,OPERATIVO,443388.16,4474059.19,ETRS89,,,CALLE,JOSE MARTINEZ DE VELASCO,18,28007,28007,20066362,,162228-PUNTO,MU24,MU-51,2026-01-10T00:00:00Z
458385,Aparcabicicletas,33,ESTRELLA,3,RETIRO,OPERATIVO,443510.55,4474087.24,ETRS89,,,CALLE,JUAN ESPLANDIU,1,28007,28007,11012057,,162229-PUNTO,MU24,MU-51,2026-01-10T00:00:00Z
458389,Aparcabicicletas,33,ESTRELLA,3,RETIRO,OPERATIVO,443510.81,4474088.57,ETRS89,,,CALLE,JUAN ESPLANDIU,1,28007,28007,11012057,,162231-PUNTO,MU24,MU-51,2026-01-10T00:00:00Z
458394,Aparcabicicletas,33,ESTRELLA,3,RETIRO,OPERATIVO,443215.5,4474016.93,ETRS89,,,CALLE,DOCTOR ESQUERDO,107,28007,,11012040,,162233-PUNTO,MU24,MU-51,2026-01-10T00:00:00Z
458396,Aparcabicicletas,33,ESTRELLA,3,RETIRO,OPERATIVO,443215.55,4474016.41,ETRS89,,,CALLE,DOCTOR ESQUERDO,107,28007,,11012040,,162234-PUNTO,MU24,MU-51,2026-01-10T00:00:00Z
458398,Aparcabicicletas,34,IBIZA,3,RETIRO,OPERATIVO,442796.02,4474746.57,ETRS89,,,CALLE,O'DONNELL,36,28009,,11012609,,162235-PUNTO,MU24,MU-51,2026-01-10T00:00:00Z
458406,Aparcabicicletas,34,IBIZA,3,RETIRO,OPERATIVO,442795.65,4474746.42,ETRS89,,,CALLE,O'DONNELL,36,28009,,11012609,,162241-PUNTO,MU24,MU-51,2026-01-10T00:00:00Z
458387,Aparcabicicletas,33,ESTRELLA,3,RETIRO,OPERATIVO,443511.01,4474092.67,ETRS89,,,CALLE,JUAN ESPLANDIU,1,28007,28007,11012057,,162230-PUNTO,MU24,MU-51,2026-01-10T00:00:00Z
458393,Aparcabicicletas,33,ESTRELLA,3,RETIRO,OPERATIVO,443215.6,4474017.92,ETRS89,,,CALLE,DOCTOR ESQUERDO,107,28007,,11012040,,162232-PUNTO,MU24,MU-51,2026-01-10T00:00:00Z
458401,Aparcabicicletas,34,IBIZA,3,RETIRO,OPERATIVO,442794.93,4474746.1,ETRS89,,,CALLE,O'DONNELL,36,28009,,11012609,,162236-PUNTO,MU24,MU-51,2026-01-10T00:00:00Z
458414,Aparcabicicletas,34,IBIZA,3,RETIRO,OPERATIVO,442795.3,4474746.27,ETRS89,,,CALLE,O'DONNELL,36,28009,,11012609,,162249-PUNTO,MU24,MU-51,2026-01-10T00:00:00Z
4745158,Aparcabicicletas,171,VILLAVERDE ALTO - CASCO HISTORICO DE VILLAVERDE,17,VILLAVERDE,OPERATIVO,441133.62,4465918.86,ETRS89,,,CALLE,SAN DALMACIO,1 G,28021,"SAN DALMACIO, 000001  G",31023110,2018-02-27T00:00:00Z,,MU24,,2026-01-10T00:00:00Z
4745160,Aparcabicicletas,171,VILLAVERDE ALTO - CASCO HISTORICO DE VILLAVERDE,17,VILLAVERDE,OPERATIVO,441132.1,4465918.76,ETRS89,,,CALLE,SAN DALMACIO,1,28021,"SAN DALMACIO, 000001  G",31042000,2018-02-27T00:00:00Z,,MU24,,2026-01-10T00:00:00Z
4745165,Aparcabicicletas,171,VILLAVERDE ALTO - CASCO HISTORICO DE VILLAVERDE,17,VILLAVERDE,OPERATIVO,441131.33,4465918.65,ETRS89,,,CALLE,SAN DALMACIO,1 G,28021,"SAN DALMACIO, 000001  G",31023110,2018-02-27T00:00:00Z,,MU24,,2026-01-10T00:00:00Z
4745167,Aparcabicicletas,116,BUENAVISTA,11,CARABANCHEL,OPERATIVO,435682.71,4468330.74,ETRS89,,,CALLE,SALVADOR ALLENDE,28,28054,"SALVADOR ALLENDE, 000028",31004667,2018-02-27T00:00:00Z,,MU24,MU-51,2026-01-10T00:00:00Z
4745169,Aparcabicicletas,116,BUENAVISTA,11,CARABANCHEL,OPERATIVO,435682.2,4468330.08,ETRS89,,,CALLE,SALVADOR ALLENDE,28,28054,"SALVADOR ALLENDE, 000028",31004667,2018-02-27T00:00:00Z,,MU24,MU-51,2026-01-10T00:00:00Z
4745172,Aparcabicicletas,116,BUENAVISTA,11,CARABANCHEL,OPERATIVO,435683.14,4468331.62,ETRS89,,,CALLE,SALVADOR ALLENDE,28,28054,"SALVADOR ALLENDE, 000028",31004667,2018-02-27T00:00:00Z,,MU24,MU-51,2026-01-10T00:00:00Z
4745322,Aparcabicicletas,132,SAN DIEGO,13,PUENTE DE VALLECAS,OPERATIVO,443420.894,4471132.059,ETRS89,,,CALLE,SIERRA DE ALQUIFE,10,28053,"SIERRA DE ALQUIFE, 000010",20028354,2018-02-23T00:00:00Z,,MU24,MU-51,2026-01-10T00:00:00Z
4731886,Aparcabicicletas,117,ABRANTES,11,CARABANCHEL,OPERATIVO,437656.65,4469850.53,ETRS89,,,CALLE,CAMINO VIEJO DE LEGANES,188,28025,"CAMINO VIEJO DE LEGANÉS, 000188",31009842,2018-01-09T00:00:00Z,,MU24,MU-51,2026-01-10T00:00:00Z
4745159,Aparcabicicletas,171,VILLAVERDE ALTO - CASCO HISTORICO DE VILLAVERDE,17,VILLAVERDE,OPERATIVO,441132.94,4465918.75,ETRS89,,,CALLE,SAN DALMACIO,1 G,28021,"SAN DALMACIO, 000001  G",31023110,2018-02-27T00:00:00Z,,MU24,,2026-01-10T00:00:00Z
4745166,Aparcabicicletas,171,VILLAVERDE ALTO - CASCO HISTORICO DE VILLAVERDE,17,VILLAVERDE,OPERATIVO,441134.39,4465918.74,ETRS89,,,CALLE,SAN DALMACIO,1 G,28021,"SAN DALMACIO, 000001  G",31023110,2018-02-27T00:00:00Z,,MU24,,2026-01-10T00:00:00Z
4745168,Aparcabicicletas,116,BUENAVISTA,11,CARABANCHEL,OPERATIVO,435684.17,4468333.06,ETRS89,,,CALLE,SALVADOR ALLENDE,28,28054,"SALVADOR ALLENDE, 000028",31004667,2018-02-27T00:00:00Z,,MU24,MU-51,2026-01-10T00:00:00Z
4745170,Aparcabicicletas,116,BUENAVISTA,11,CARABANCHEL,OPERATIVO,435683.74,4468332.39,ETRS89,,,CALLE,SALVADOR ALLENDE,28,28054,"SALVADOR ALLENDE, 000028",31004667,2018-02-27T00:00:00Z,,MU24,MU-51,2026-01-10T00:00:00Z
4745358,Aparcabicicletas,134,PALOMERAS SURESTE,13,PUENTE DE VALLECAS,OPERATIVO,445287.5,4470658.88,ETRS89,,,CALLE,GERARDO DIEGO,15,28018,"GERARDO DIEGO, 000015",20035240,2018-02-22T00:00:00Z,,MU24,MU-51,2026-01-10T00:00:00Z
4745360,Aparcabicicletas,134,PALOMERAS SURESTE,13,PUENTE DE VALLECAS,OPERATIVO,445286.74,4470659.22,ETRS89,,,CALLE,GERARDO DIEGO,15,28018,"GERARDO DIEGO, 000015",20035240,2018-02-22T00:00:00Z,,MU24,MU-51,2026-01-10T00:00:00Z
4745486,Aparcabicicletas,21,IMPERIAL,2,ARGANZUELA,OPERATIVO,438972.61,4473345.64,ETRS89,,,CALLE,JEMENUÑO,2B,28005,28005,20122189,,165078-PUNTO,MU24,MU-51,2026-01-10T00:00:00Z
4745359,Aparcabicicletas,134,PALOMERAS SURESTE,13,PUENTE DE VALLECAS,OPERATIVO,445286.06,4470659.67,ETRS89,,,CALLE,GERARDO DIEGO,15,28018,"GERARDO DIEGO, 000015",20035240,2018-02-22T00:00:00Z,,MU24,MU-51,2026-01-10T00:00:00Z
4745369,Aparcabicicletas,134,PALOMERAS SURESTE,13,PUENTE DE VALLECAS,OPERATIVO,445288.09,4470658.54,ETRS89,,,CALLE,GERARDO DIEGO,15,28018,"GERARDO DIEGO, 000015",20035240,2018-02-22T00:00:00Z,,MU24,MU-51,2026-01-10T00:00:00Z
4745487,Aparcabicicletas,21,IMPERIAL,2,ARGANZUELA,OPERATIVO,438973.13,4473347.3,ETRS89,,,CALLE,JEMENUÑO,2B,28005,28005,20122186,,165078-PUNTO,MU24,MU-51,2026-01-10T00:00:00Z
4745489,Aparcabicicletas,21,IMPERIAL,2,ARGANZUELA,OPERATIVO,438974.95,4473352.17,ETRS89,,,CALLE,JEMENUÑO,2B,28005,28005,20122186,,165076-PUNTO,MU24,MU-51,2026-01-10T00:00:00Z
4745577,Aparcabicicletas,132,SAN DIEGO,13,PUENTE DE VALLECAS,OPERATIVO,443359.22,4471901.68,ETRS89,,,CALLE,PEÑA GORBEA,13,28053,"PEÑA GORBEA, 000013",20027790,2018-03-02T00:00:00Z,,MU24,MU-51,2026-01-10T00:00:00Z
4745683,Aparcabicicletas,61,BELLAS VISTAS,6,TETUAN,OPERATIVO,440289.22,4477711.04,ETRS89,,,CALLE,BRAVO MURILLO,107,28020,28020,11029075,2016-10-03T00:00:00Z,,MU24,MU-51,2026-01-10T00:00:00Z
4745685,Aparcabicicletas,61,BELLAS VISTAS,6,TETUAN,OPERATIVO,440287.36,4477711.39,ETRS89,,,CALLE,BRAVO MURILLO,107,28020,28020,11029075,2016-10-03T00:00:00Z,,MU24,MU-51,2026-01-10T00:00:00Z
4745688,Aparcabicicletas,61,BELLAS VISTAS,6,TETUAN,OPERATIVO,440279.395,4477712.122,ETRS89,,,CALLE,BRAVO MURILLO,107,28020,28020,11029075,2016-10-03T00:00:00Z,,MU24,MU-51,2026-01-10T00:00:00Z
4745691,Aparcabicicletas,61,BELLAS VISTAS,6,TETUAN,OPERATIVO,440277.361,4477712.249,ETRS89,,,CALLE,BRAVO MURILLO,107,28020,28020,11029075,2016-10-03T00:00:00Z,,MU24,MU-51,2026-01-10T00:00:00Z
4746803,Aparcabicicletas,175,ANGELES,17,VILLAVERDE,OPERATIVO,440829.61,4467556.35,ETRS89,,,CALLE,BOHEMIOS,16,28041,"LOS BOHEMIOS, 000016",31009944,2018-03-14T00:00:00Z,,MU24,,2026-01-10T00:00:00Z
4746811,Aparcabicicletas,175,ANGELES,17,VILLAVERDE,OPERATIVO,440830.97,4467556.45,ETRS89,,,CALLE,BOHEMIOS,16,28041,"LOS BOHEMIOS, 000016",31009944,2018-03-14T00:00:00Z,,MU24,,2026-01-10T00:00:00Z
4745488,Aparcabicicletas,21,IMPERIAL,2,ARGANZUELA,OPERATIVO,438973.74,4473349.18,ETRS89,,,CALLE,JEMENUÑO,2B,28005,28005,20122186,,165077-PUNTO,MU24,MU-51,2026-01-10T00:00:00Z
4745578,Aparcabicicletas,132,SAN DIEGO,13,PUENTE DE VALLECAS,OPERATIVO,443358.46,4471902.02,ETRS89,,,CALLE,PEÑA GORBEA,13,28053,"PEÑA GORBEA, 000013",20027790,2018-03-02T00:00:00Z,,MU24,MU-51,2026-01-10T00:00:00Z
4745684,Aparcabicicletas,61,BELLAS VISTAS,6,TETUAN,OPERATIVO,440286.68,4477711.51,ETRS89,,,CALLE,BRAVO MURILLO,107,28020,28020,11029075,2016-10-03T00:00:00Z,,MU24,MU-51,2026-01-10T00:00:00Z
4745687,Aparcabicicletas,61,BELLAS VISTAS,6,TETUAN,OPERATIVO,440276.514,4477712.367,ETRS89,,,CALLE,BRAVO MURILLO,107,28020,28020,11029075,2016-10-03T00:00:00Z,,MU24,MU-51,2026-01-10T00:00:00Z
4745690,Aparcabicicletas,61,BELLAS VISTAS,6,TETUAN,OPERATIVO,440278.463,4477712.24,ETRS89,,,CALLE,BRAVO MURILLO,107,28020,28020,11029075,2016-10-03T00:00:00Z,,MU24,MU-51,2026-01-10T00:00:00Z
4746802,Aparcabicicletas,175,ANGELES,17,VILLAVERDE,OPERATIVO,440830.29,4467556.45,ETRS89,,,CALLE,BOHEMIOS,16,28041,"LOS BOHEMIOS, 000016",31009944,2018-03-14T00:00:00Z,,MU24,,2026-01-10T00:00:00Z
4746810,Aparcabicicletas,175,ANGELES,17,VILLAVERDE,OPERATIVO,440831.57,4467556.56,ETRS89,,,CALLE,BOHEMIOS,16,28041,"LOS BOHEMIOS, 000016",31009944,2018-03-14T00:00:00Z,,MU24,,2026-01-10T00:00:00Z
4747264,Aparcabicicletas,135,PORTAZGO,13,PUENTE DE VALLECAS,OPERATIVO,445067.25,4471729.58,ETRS89,,,CALLE,TOSSA,2,28038,"TOSSA, 000002",20173361,2018-03-12T00:00:00Z,,MU24,MU-38,2026-01-10T00:00:00Z
4747310,Aparcabicicletas,132,SAN DIEGO,13,PUENTE DE VALLECAS,OPERATIVO,443461.52,4471984.16,ETRS89,,,CALLE,PUERTO DE ALCOLEA,1,28053,"PUERTO DE ALCOLEA, 000001",31035072,2018-03-12T00:00:00Z,,MU24,MU-51,2026-01-10T00:00:00Z
4748549,Aparcabicicletas,94,VALDEZARZA,9,MONCLOA-ARAVACA,OPERATIVO,439045.28,4479740.76,ETRS89,,,CALLE,ANTONIO MACHADO,14 A,28035,,20104474,2021-08-04T00:00:00Z,,MU24,MU-51,2026-01-10T00:00:00Z
4749617,Aparcabicicletas,33,ESTRELLA,3,RETIRO,OPERATIVO,443386.9,4474060.64,ETRS89,,,CALLE,JOSE MARTINEZ DE VELASCO,18,28007,28007,20066362,,,MU24,MU-51,2026-01-10T00:00:00Z
4749274,Aparcabicicletas,175,ANGELES,17,VILLAVERDE,OPERATIVO,440839.31,4466694.98,ETRS89,,,CALLE,ROMERAL,11,28021,"ROMERAL, 000011",20153740,2018-03-23T00:00:00Z,,MU24,,2026-01-10T00:00:00Z
4749637,Aparcabicicletas,33,ESTRELLA,3,RETIRO,OPERATIVO,443587.66,4473870.97,ETRS89,,,CALLE,PEZ VOLADOR,30,28007,28007,11011966,,,MU24,MU-51,2026-01-10T00:00:00Z
4749639,Aparcabicicletas,33,ESTRELLA,3,RETIRO,OPERATIVO,443586.04,4473869.87,ETRS89,,,CALLE,PEZ VOLADOR,30,28007,28007,11011966,,,MU24,MU-51,2026-01-10T00:00:00Z
458641,Aparcabicicletas,43,FUENTE DEL BERRO,4,SALAMANCA,OPERATIVO,443572.79,4474702.18,ETRS89,,,CALLE,ELVIRA,31,28028,28028,20182773,,162447-PUNTO,MU24,MU-51,2026-01-10T00:00:00Z
458643,Aparcabicicletas,54,HISPANOAMERICA,5,CHAMARTIN,OPERATIVO,441792.06,4478626.34,ETRS89,,,CALLE,PADRE DAMIAN,24,28036,28036,31042940,,,MU24,MU-38,2026-01-10T00:00:00Z
458645,Aparcabicicletas,54,HISPANOAMERICA,5,CHAMARTIN,OPERATIVO,441792.48,4478627.0,ETRS89,,,CALLE,PADRE DAMIAN,24,28036,28036,31042940,,,MU24,MU-38,2026-01-10T00:00:00Z
458653,Aparcabicicletas,55,NUEVA ESPAÑA,5,CHAMARTIN,OPERATIVO,442608.07,4478918.98,ETRS89,,,CALLE,PRINCIPE DE VERGARA,283,28016,28016,31021821,,,MU24,MU-38,2026-01-10T00:00:00Z
458655,Aparcabicicletas,55,NUEVA ESPAÑA,5,CHAMARTIN,OPERATIVO,442606.39,4478920.66,ETRS89,,,CALLE,PRINCIPE DE VERGARA,283,28016,28016,31021821,,,MU24,MU-38,2026-01-10T00:00:00Z
4749638,Aparcabicicletas,33,ESTRELLA,3,RETIRO,OPERATIVO,443586.89,4473870.42,ETRS89,,,CALLE,PEZ VOLADOR,30,28007,28007,11011966,,,MU24,MU-51,2026-01-10T00:00:00Z
4749640,Aparcabicicletas,33,ESTRELLA,3,RETIRO,OPERATIVO,443585.27,4473869.1,ETRS89,,,CALLE,PEZ VOLADOR,30,28007,28007,11011966,,,MU24,MU-51,2026-01-10T00:00:00Z
458640,Aparcabicicletas,54,HISPANOAMERICA,5,CHAMARTIN,OPERATIVO,441793.42,4478628.0,ETRS89,,,CALLE,PADRE DAMIAN,24,28036,28036,31042940,,,MU24,MU-38,2026-01-10T00:00:00Z
458642,Aparcabicicletas,54,HISPANOAMERICA,5,CHAMARTIN,OPERATIVO,441792.83,4478627.56,ETRS89,,,CALLE,PADRE DAMIAN,24,28036,28036,31042940,,,MU24,MU-38,2026-01-10T00:00:00Z
458644,Aparcabicicletas,43,FUENTE DEL BERRO,4,SALAMANCA,OPERATIVO,443572.02,4474702.08,ETRS89,,,CALLE,ELVIRA,31,28028,28028,20182773,,162450-PUNTO,MU24,MU-51,2026-01-10T00:00:00Z
458652,Aparcabicicletas,55,NUEVA ESPAÑA,5,CHAMARTIN,OPERATIVO,442605.8,4478921.22,ETRS89,,,CALLE,PRINCIPE DE VERGARA,283,28016,28016,31021821,,,MU24,MU-38,2026-01-10T00:00:00Z
458654,Aparcabicicletas,55,NUEVA ESPAÑA,5,CHAMARTIN,OPERATIVO,442607.49,4478919.54,ETRS89,,,CALLE,PRINCIPE DE VERGARA,283,28016,28016,31021821,,,MU24,MU-38,2026-01-10T00:00:00Z
458656,Aparcabicicletas,55,NUEVA ESPAÑA,5,CHAMARTIN,OPERATIVO,443035.2,4478957.13,ETRS89,,,CALLE,PARAGUAY,8,28016,28016,20103062,,,MU24,MU-51,2026-01-10T00:00:00Z
458658,Aparcabicicletas,55,NUEVA ESPAÑA,5,CHAMARTIN,OPERATIVO,443036.22,4478957.23,ETRS89,,,CALLE,PARAGUAY,8,28016,28016,20103062,,,MU24,MU-51,2026-01-10T00:00:00Z
4740867,Aparcabicicletas,35,LOS JERONIMOS,3,RETIRO,OPERATIVO,441368.06,4474386.49,ETRS89,,,CALLE,MONTALBAN,4,28014,,11012783,,164968-PUNTO,MU24,MU-51,2026-01-10T00:00:00Z
4740869,Aparcabicicletas,35,LOS JERONIMOS,3,RETIRO,OPERATIVO,441368.06,4474384.72,ETRS89,,,CALLE,MONTALBAN,4,28014,,11012783,,164967-PUNTO,MU24,MU-51,2026-01-10T00:00:00Z
4740871,Aparcabicicletas,35,LOS JERONIMOS,3,RETIRO,OPERATIVO,441367.83,4474382.66,ETRS89,,,CALLE,MONTALBAN,4,28014,,11012783,,164964-PUNTO,MU24,MU-51,2026-01-10T00:00:00Z
4740915,Aparcabicicletas,41,RECOLETOS,4,SALAMANCA,OPERATIVO,441354.46,4474581.88,ETRS89,,,CALLE,ALCALA,59,28014,,11013652,,164992-PUNTO,MU24,MU-51,2026-01-10T00:00:00Z
4740918,Aparcabicicletas,41,RECOLETOS,4,SALAMANCA,OPERATIVO,441356.72,4474582.08,ETRS89,,,CALLE,ALCALA,59,28014,,11013652,,164990-PUNTO,MU24,MU-51,2026-01-10T00:00:00Z
4741271,Aparcabicicletas,175,ANGELES,17,VILLAVERDE,OPERATIVO,440666.57,4467965.47,ETRS89,,,CALLE,LA CANCION DEL OLVIDO,13,28041,"LA CANCIÓN DEL OLVIDO, 000013",11129032,2017-12-13T00:00:00Z,,MU24,,2026-01-10T00:00:00Z
4741274,Aparcabicicletas,175,ANGELES,17,VILLAVERDE,OPERATIVO,440665.98,4467965.58,ETRS89,,,CALLE,LA CANCION DEL OLVIDO,13,28041,"LA CANCIÓN DEL OLVIDO, 000013",11129032,2017-12-13T00:00:00Z,,MU24,,2026-01-10T00:00:00Z
4741334,Aparcabicicletas,64,ALMENARA,6,TETUAN,OPERATIVO,441488.07,4479982.44,ETRS89,,,CALLE,SAN BENITO,6,28029,28029,11031825,2017-10-26T00:00:00Z,,MU24,MU-51,2026-01-10T00:00:00Z
4741410,Aparcabicicletas,131,ENTREVIAS,13,PUENTE DE VALLECAS,OPERATIVO,443935.26,4469437.7,ETRS89,,,CALLE,VECINOS DEL POZO,9,28053,"VECINOS DEL POZO, 000009",31049971,2018-02-13T00:00:00Z,,MU24,MU-51,2026-01-10T00:00:00Z
4741420,Aparcabicicletas,132,SAN DIEGO,13,PUENTE DE VALLECAS,OPERATIVO,443308.42,4470355.43,ETRS89,,,CALLE,PUERTO DE BALBARAN,2,28018,"PUERTO DE BALBARÁN, 000002",31049523,2018-02-12T00:00:00Z,,MU24,MU-51,2026-01-10T00:00:00Z
4741425,Aparcabicicletas,131,ENTREVIAS,13,PUENTE DE VALLECAS,OPERATIVO,443932.46,4469438.83,ETRS89,,,CALLE,VECINOS DEL POZO,9,28053,"VECINOS DEL POZO, 000009",31049971,2018-02-13T00:00:00Z,,MU24,MU-51,2026-01-10T00:00:00Z
4741428,Aparcabicicletas,132,SAN DIEGO,13,PUENTE DE VALLECAS,OPERATIVO,443307.83,4470356.1,ETRS89,,,CALLE,PUERTO DE BALBARAN,2,28018,"PUERTO DE BALBARÁN, 000002",31049523,2018-02-12T00:00:00Z,,MU24,MU-51,2026-01-10T00:00:00Z
4741433,Aparcabicicletas,132,SAN DIEGO,13,PUENTE DE VALLECAS,OPERATIVO,443309.85,4470353.64,ETRS89,,,CALLE,PUERTO DE BALBARAN,2,28018,"PUERTO DE BALBARÁN, 000002",31049523,2018-02-12T00:00:00Z,,MU24,MU-51,2026-01-10T00:00:00Z
4741761,Aparcabicicletas,132,SAN DIEGO,13,PUENTE DE VALLECAS,OPERATIVO,443616.5,4470651.82,ETRS89,,,CALLE,MARTINEZ DE LA RIVA,106,28018,"MARTÍNEZ DE LA RIVA, 000106",31043264,2018-02-05T00:00:00Z,,MU24,MU-51,2026-01-10T00:00:00Z
4741763,Aparcabicicletas,132,SAN DIEGO,13,PUENTE DE VALLECAS,OPERATIVO,443617.09,4470652.15,ETRS89,,,CALLE,MARTINEZ DE LA RIVA,106,28018,"MARTÍNEZ DE LA RIVA, 000106",31043264,2018-02-05T00:00:00Z,,MU24,MU-51,2026-01-10T00:00:00Z
4742407,Aparcabicicletas,131,ENTREVIAS,13,PUENTE DE VALLECAS,OPERATIVO,444239.57,4469237.07,ETRS89,,,CALLE,REGUERA DE TOMATEROS,39,28053,"REGUERA DE TOMATEROS, 000039  B",11087193,2018-02-14T00:00:00Z,,MU24,MU-51,2026-01-10T00:00:00Z
4749868,Aparcabicicletas,14,JUSTICIA,1,CENTRO,OPERATIVO,440640.41,4475356.46,ETRS89,,,CALLE,BARCELO,2,28004,28004,11005231,,,MU24,MU-51,2026-01-10T00:00:00Z
458659,Aparcabicicletas,55,NUEVA ESPAÑA,5,CHAMARTIN,OPERATIVO,443038.51,4478957.21,ETRS89,,,CALLE,PARAGUAY,8,28016,28016,20103062,,,MU24,MU-51,2026-01-10T00:00:00Z
4740868,Aparcabicicletas,35,LOS JERONIMOS,3,RETIRO,OPERATIVO,441367.88,4474385.41,ETRS89,,,CALLE,MONTALBAN,4,28014,,11012783,,164966-PUNTO,MU24,MU-51,2026-01-10T00:00:00Z
4740870,Aparcabicicletas,35,LOS JERONIMOS,3,RETIRO,OPERATIVO,441367.93,4474383.61,ETRS89,,,CALLE,MONTALBAN,4,28014,,11012783,,164965-PUNTO,MU24,MU-51,2026-01-10T00:00:00Z
4740914,Aparcabicicletas,41,RECOLETOS,4,SALAMANCA,OPERATIVO,441355.56,4474581.88,ETRS89,,,CALLE,ALCALA,59,28014,,11013652,,164991-PUNTO,MU24,MU-51,2026-01-10T00:00:00Z
4740916,Aparcabicicletas,41,RECOLETOS,4,SALAMANCA,OPERATIVO,441353.51,4474581.68,ETRS89,,,CALLE,ALCALA,59,28014,,11013652,,164993-PUNTO,MU24,MU-51,2026-01-10T00:00:00Z
4741270,Aparcabicicletas,175,ANGELES,17,VILLAVERDE,OPERATIVO,440320.9,4467327.26,ETRS89,,,CALLE,EL SANTO DE LA ISIDRA,14,28041,"EL SANTO DE LA ISIDRA, 000014",31055463,2017-12-13T00:00:00Z,,MU24,,2026-01-10T00:00:00Z
4741272,Aparcabicicletas,175,ANGELES,17,VILLAVERDE,OPERATIVO,440383.37,4467505.15,ETRS89,,,CALLE,EL CASERIO,1,28041,"El Caserio, 28041 Madrid, Spain",31043785,2017-12-13T00:00:00Z,,MU24,,2026-01-10T00:00:00Z
4741275,Aparcabicicletas,175,ANGELES,17,VILLAVERDE,OPERATIVO,440258.35,4467150.93,ETRS89,,,CALLE,LA PICARA MOLINERA,91,28041,"LA PÍCARA MOLINERA, 000091",31055548,2017-12-13T00:00:00Z,,MU24,,2026-01-10T00:00:00Z
4741335,Aparcabicicletas,64,ALMENARA,6,TETUAN,OPERATIVO,441492.39,4479981.97,ETRS89,,,CALLE,SAN BENITO,6,28029,28029,11031825,2017-10-26T00:00:00Z,,MU24,MU-51,2026-01-10T00:00:00Z
4741418,Aparcabicicletas,131,ENTREVIAS,13,PUENTE DE VALLECAS,OPERATIVO,443934.58,4469438.04,ETRS89,,,CALLE,VECINOS DEL POZO,9,28053,"VECINOS DEL POZO, 000009",31049971,2018-02-13T00:00:00Z,,MU24,MU-51,2026-01-10T00:00:00Z
4741422,Aparcabicicletas,131,ENTREVIAS,13,PUENTE DE VALLECAS,OPERATIVO,443933.82,4469438.27,ETRS89,,,CALLE,VECINOS DEL POZO,9,28053,"VECINOS DEL POZO, 000009",31049971,2018-02-13T00:00:00Z,,MU24,MU-51,2026-01-10T00:00:00Z
4741427,Aparcabicicletas,132,SAN DIEGO,13,PUENTE DE VALLECAS,OPERATIVO,443308.84,4470354.87,ETRS89,,,CALLE,PUERTO DE BALBARAN,2,28018,"PUERTO DE BALBARÁN, 000002",31049523,2018-02-12T00:00:00Z,,MU24,MU-51,2026-01-10T00:00:00Z
4741429,Aparcabicicletas,132,SAN DIEGO,13,PUENTE DE VALLECAS,OPERATIVO,443309.34,4470354.31,ETRS89,,,CALLE,PUERTO DE BALBARAN,2,28018,"PUERTO DE BALBARÁN, 000002",31049523,2018-02-12T00:00:00Z,,MU24,MU-51,2026-01-10T00:00:00Z
4741754,Aparcabicicletas,132,SAN DIEGO,13,PUENTE DE VALLECAS,OPERATIVO,443618.55,4470653.36,ETRS89,,,CALLE,MARTINEZ DE LA RIVA,106,28018,"MARTÍNEZ DE LA RIVA, 000106",31043264,2018-02-05T00:00:00Z,,MU24,MU-51,2026-01-10T00:00:00Z
4741762,Aparcabicicletas,132,SAN DIEGO,13,PUENTE DE VALLECAS,OPERATIVO,443617.61,4470652.48,ETRS89,,,CALLE,MARTINEZ DE LA RIVA,106,28018,"MARTÍNEZ DE LA RIVA, 000106",31043264,2018-02-05T00:00:00Z,,MU24,MU-51,2026-01-10T00:00:00Z
4741765,Aparcabicicletas,132,SAN DIEGO,13,PUENTE DE VALLECAS,OPERATIVO,443618.03,4470652.81,ETRS89,,,CALLE,MARTINEZ DE LA RIVA,106,28018,"MARTÍNEZ DE LA RIVA, 000106",31043264,2018-02-05T00:00:00Z,,MU24,MU-51,2026-01-10T00:00:00Z
4742408,Aparcabicicletas,131,ENTREVIAS,13,PUENTE DE VALLECAS,OPERATIVO,444241.86,4469236.28,ETRS89,,,CALLE,REGUERA DE TOMATEROS,39,28053,"REGUERA DE TOMATEROS, 000039  B",11087193,2018-02-14T00:00:00Z,,MU24,MU-51,2026-01-10T00:00:00Z
4749869,Aparcabicicletas,14,JUSTICIA,1,CENTRO,OPERATIVO,440641.77,4475357.23,ETRS89,,,CALLE,BARCELO,2,28004,28004,11005231,,,MU24,MU-51,2026-01-10T00:00:00Z
4749871,Aparcabicicletas,14,JUSTICIA,1,CENTRO,OPERATIVO,440638.7,4475355.47,ETRS89,,,CALLE,BARCELO,2,28004,28004,11005231,,,MU24,MU-51,2026-01-10T00:00:00Z
4755068,Aparcabicicletas,173,BUTARQUE,17,VILLAVERDE,OPERATIVO,442543.17,4466162.15,ETRS89,,,CALLE,BERROCAL,46,28021,"BERROCAL, 000046",20178377,2018-04-09T00:00:00Z,,MU24,,2026-01-10T00:00:00Z
4749870,Aparcabicicletas,14,JUSTICIA,1,CENTRO,OPERATIVO,440639.73,4475356.13,ETRS89,,,CALLE,BARCELO,2,28004,28004,11005231,,,MU24,MU-51,2026-01-10T00:00:00Z
4749872,Aparcabicicletas,14,JUSTICIA,1,CENTRO,OPERATIVO,440642.79,4475357.33,ETRS89,,,CALLE,BARCELO,2,28004,28004,11005231,,,MU24,MU-51,2026-01-10T00:00:00Z
4756319,Aparcabicicletas,174,LOS ROSALES,17,VILLAVERDE,OPERATIVO,441515.37,4468116.44,ETRS89,,,CALLE,UNANIMIDAD,13,28041,"UNANIMIDAD, 000013",31018923,2018-04-10T00:00:00Z,,MU24,,2026-01-10T00:00:00Z
4780550,Aparcabicicletas,46,CASTELLANA,4,SALAMANCA,OPERATIVO,442054.09,4476008.88,ETRS89,,,CALLE,JUAN BRAVO,16,28006,28006,11019596,,,MU24,MU-51,2026-01-10T00:00:00Z
4780553,Aparcabicicletas,46,CASTELLANA,4,SALAMANCA,OPERATIVO,442055.7,4476008.76,ETRS89,,,CALLE,JUAN BRAVO,16,28006,28006,11019596,,,MU24,MU-51,2026-01-10T00:00:00Z
4780551,Aparcabicicletas,46,CASTELLANA,4,SALAMANCA,OPERATIVO,442053.41,4476009.0,ETRS89,,,CALLE,JUAN BRAVO,16,28006,28006,11019596,,,MU24,MU-51,2026-01-10T00:00:00Z
4780554,Aparcabicicletas,46,CASTELLANA,4,SALAMANCA,OPERATIVO,442054.94,4476008.76,ETRS89,,,CALLE,JUAN BRAVO,16,28006,28006,11019596,,,MU24,MU-51,2026-01-10T00:00:00Z
4780579,Aparcabicicletas,51,EL VISO,5,CHAMARTIN,OPERATIVO,442488.54,4477668.84,ETRS89,,,CALLE,PRINCIPE DE VERGARA,187,28002,,11021652,,,MU24,MU-51,2026-01-10T00:00:00Z
4782661,Aparcabicicletas,117,ABRANTES,11,CARABANCHEL,OPERATIVO,438617.47,4470438.61,ETRS89,,,CALLE,VIA LUSITANA,3 A,28025,"VÍA LUSITANA, 000003  A",31041453,2018-04-25T00:00:00Z,,MU24,MU-51,2026-01-10T00:00:00Z
4782803,Aparcabicicletas,171,VILLAVERDE ALTO - CASCO HISTORICO DE VILLAVERDE,17,VILLAVERDE,OPERATIVO,439592.4,4466742.53,ETRS89,,,CALLE,ARROYO BUENO,53,28021,"ARROYO BUENO, 000053",11124899,2018-04-26T00:00:00Z,,MU24,,2026-01-10T00:00:00Z
4782834,Aparcabicicletas,207,CANILLEJAS,20,SAN BLAS-CANILLEJAS,OPERATIVO,448197.73,4477032.65,ETRS89,,,CALLE,CIRCE,50,28022,PARQUE CANILLEJAS,20043156,2019-12-09T00:00:00Z,,MU24,MU-51,2026-01-10T00:00:00Z
4782836,Aparcabicicletas,207,CANILLEJAS,20,SAN BLAS-CANILLEJAS,OPERATIVO,448194.82,4477031.19,ETRS89,,,CALLE,CIRCE,50,28022,PARQUE CANILLEJAS,20043156,2019-08-06T00:00:00Z,,MU24,MU-51,2026-01-10T00:00:00Z
4782838,Aparcabicicletas,207,CANILLEJAS,20,SAN BLAS-CANILLEJAS,OPERATIVO,448189.4,4477029.08,ETRS89,,,CALLE,CIRCE,50,28022,PARQUE CANILLEJAS,20043156,2019-08-06T00:00:00Z,,MU24,MU-51,2026-01-10T00:00:00Z
4780578,Aparcabicicletas,51,EL VISO,5,CHAMARTIN,OPERATIVO,442488.61,4477669.64,ETRS89,,,CALLE,PRINCIPE DE VERGARA,187,28002,,11021652,,,MU24,MU-51,2026-01-10T00:00:00Z
4782800,Aparcabicicletas,171,VILLAVERDE ALTO - CASCO HISTORICO DE VILLAVERDE,17,VILLAVERDE,OPERATIVO,439591.47,4466742.54,ETRS89,,,CALLE,ARROYO BUENO,53,28021,"ARROYO BUENO, 000053",11124899,2018-04-26T00:00:00Z,,MU24,,2026-01-10T00:00:00Z
4782833,Aparcabicicletas,207,CANILLEJAS,20,SAN BLAS-CANILLEJAS,OPERATIVO,448189.42,4477027.26,ETRS89,,,CALLE,CIRCE,50,28022,PARQUE CANILLEJAS,20043156,2021-09-02T00:00:00Z,,MU24,MU-51,2026-01-10T00:00:00Z
4782835,Aparcabicicletas,207,CANILLEJAS,20,SAN BLAS-CANILLEJAS,OPERATIVO,448196.4,4477031.59,ETRS89,,,CALLE,CIRCE,50,28022,PARQUE CANILLEJAS,20043156,2019-12-09T00:00:00Z,,MU24,MU-51,2026-01-10T00:00:00Z
4782837,Aparcabicicletas,207,CANILLEJAS,20,SAN BLAS-CANILLEJAS,OPERATIVO,448191.91,4477030.13,ETRS89,,,CALLE,CIRCE,50,28022,PARQUE CANILLEJAS,20043156,2019-08-06T00:00:00Z,,MU24,MU-51,2026-01-10T00:00:00Z
4784122,Aparcabicicletas,117,ABRANTES,11,CARABANCHEL,OPERATIVO,439001.02,4470671.48,ETRS89,,,CALLE,MARCELO USERA,170,28026,"PZ FERNÁNDEZ LADREDA, 000003",11085133,1900-01-01T00:00:00Z,1008621,MU24,,2026-01-10T00:00:00Z
4784617,Aparcabicicletas,125,MOSCARDO,12,USERA,OPERATIVO,440574.38,4471305.69,ETRS89,,,CALLE,SAN ZACARIAS,4,28026,"Calle San Zacarías, 4-174, 28026 Madrid, Spain",31010018,2018-05-24T00:00:00Z,,MU24,,2026-01-10T00:00:00Z
4784661,Aparcabicicletas,112,OPAÑEL,11,CARABANCHEL,OPERATIVO,438956.28,4470869.55,ETRS89,,,CALLE,SANTA LUCRECIA,11,28019,"SANTA LUCRECIA, 000011",31000482,2018-05-25T00:00:00Z,,MU24,,2026-01-10T00:00:00Z
4784663,Aparcabicicletas,112,OPAÑEL,11,CARABANCHEL,OPERATIVO,438956.7,4470869.44,ETRS89,,,CALLE,SANTA LUCRECIA,11,28019,"SANTA LUCRECIA, 000011",31000482,2018-05-25T00:00:00Z,,MU24,,2026-01-10T00:00:00Z
4742410,Aparcabicicletas,131,ENTREVIAS,13,PUENTE DE VALLECAS,OPERATIVO,444238.81,4469237.41,ETRS89,,,CALLE,REGUERA DE TOMATEROS,39,28053,"Calle Reguera de Tomateros, 39B, 28053 Madrid, Spain",11087193,2018-02-14T00:00:00Z,,MU24,MU-51,2026-01-10T00:00:00Z
4742894,Aparcabicicletas,66,BERRUGUETE,6,TETUAN,OPERATIVO,440526.28,4479283.8,ETRS89,,,CALLE,MARQUES DE VIANA,41,28039,28039,11036732,2017-10-26T00:00:00Z,,MU24,MU-51,2026-01-10T00:00:00Z
4742901,Aparcabicicletas,63,CASTILLEJOS,6,TETUAN,OPERATIVO,440825.52,4479179.52,ETRS89,,,CALLE,BRAVO MURILLO,278,28020,28020,11030453,2017-10-26T00:00:00Z,,MU24,MU-51,2026-01-10T00:00:00Z
4796645,Aparcabicicletas,156,SAN JUAN BAUTISTA,15,CIUDAD LINEAL,OPERATIVO,444712.51,4478155.68,ETRS89,,,CALLE,ESTRECHO DE MESINA,1,28043,ESCUELA INFANTIL EL ENCINAR,11111443,2018-08-01T00:00:00Z,,MU24,MU-51,2026-01-10T00:00:00Z
4796647,Aparcabicicletas,156,SAN JUAN BAUTISTA,15,CIUDAD LINEAL,OPERATIVO,444715.284,4478157.396,ETRS89,,,CALLE,ESTRECHO DE MESINA,1,28043,ESCUELA INFANTIL EL ENCINAR,11111443,2018-08-01T00:00:00Z,,MU24,MU-51,2026-01-10T00:00:00Z
4796649,Aparcabicicletas,156,SAN JUAN BAUTISTA,15,CIUDAD LINEAL,OPERATIVO,444716.872,4478158.189,ETRS89,,,CALLE,ESTRECHO DE MESINA,1,28043,ESCUELA INFANTIL EL ENCINAR,11111443,2018-08-01T00:00:00Z,,MU24,MU-51,2026-01-10T00:00:00Z
4797649,Aparcabicicletas,181,CASCO HISTORICO DE VALLECAS,18,VILLA DE VALLECAS,OPERATIVO,447228.88,4469536.83,ETRS89,,,CALLE,LA REVOLTOSA,26,28031,"LA REVOLTOSA, 000026",11130838,2018-08-13T00:00:00Z,,MU24,MU-51,2026-01-10T00:00:00Z
4982173,Aparcabicicletas,132,SAN DIEGO,13,PUENTE DE VALLECAS,OPERATIVO,443533.3,4471258.98,ETRS89,,,CALLE,SIERRA CARBONERA,74,28053,"SIERRA CARBONERA, 000074",11092753,2018-10-26T00:00:00Z,,MU24,ACB,2026-01-10T00:00:00Z
4982187,Aparcabicicletas,181,CASCO HISTORICO DE VALLECAS,18,VILLA DE VALLECAS,OPERATIVO,447482.53,4469230.34,ETRS89,,,CALLE,CONGOSTO,35,28031,"Aurora Apdo Correos, 28223 Madrid, Spain",11131198,2018-10-29T00:00:00Z,,MU24,MU-51,2026-01-10T00:00:00Z
4784819,Aparcabicicletas,141,PAVONES,14,MORATALAZ,OPERATIVO,446326.75,4472215.21,ETRS89,,,CALLE,VALDEBERNARDO,2,28030,"VALDEBERNARDO, 000002",11103385,2018-05-25T00:00:00Z,,MU24,MU-51,2026-01-10T00:00:00Z
4985724,Aparcabicicletas,72,ARAPILES,7,CHAMBERI,OPERATIVO,439884.97,4476021.86,ETRS89,,,CALLE,VALLEHERMOSO,26,28015,28015,11039651,2018-11-20T00:00:00Z,,MU24,MU-51,2026-01-10T00:00:00Z
4985727,Aparcabicicletas,72,ARAPILES,7,CHAMBERI,OPERATIVO,439885.5,4476024.63,ETRS89,,,CALLE,VALLEHERMOSO,26,28015,28015,11039651,2018-11-20T00:00:00Z,,MU24,MU-51,2026-01-10T00:00:00Z
4784660,Aparcabicicletas,112,OPAÑEL,11,CARABANCHEL,OPERATIVO,438957.13,4470869.32,ETRS89,,,CALLE,SANTA LUCRECIA,11,28019,"SANTA LUCRECIA, 000011",31000482,2018-05-25T00:00:00Z,,MU24,,2026-01-10T00:00:00Z
4784662,Aparcabicicletas,112,OPAÑEL,11,CARABANCHEL,OPERATIVO,438957.55,4470869.1,ETRS89,,,CALLE,SANTA LUCRECIA,11,28019,"SANTA LUCRECIA, 000011",31000482,2018-05-25T00:00:00Z,,MU24,,2026-01-10T00:00:00Z
4785140,Aparcabicicletas,21,IMPERIAL,2,ARGANZUELA,OPERATIVO,438974.34,4473350.73,ETRS89,,,CALLE,JEMENUÑO,2B,28005,28005,20122186,,,MU24,MU-51,2026-01-10T00:00:00Z
4985726,Aparcabicicletas,72,ARAPILES,7,CHAMBERI,OPERATIVO,439885.52,4476027.19,ETRS89,,,CALLE,VALLEHERMOSO,26,28015,28015,11039651,2018-11-20T00:00:00Z,,MU24,MU-51,2026-01-10T00:00:00Z
4742409,Aparcabicicletas,131,ENTREVIAS,13,PUENTE DE VALLECAS,OPERATIVO,444241.09,4469236.51,ETRS89,,,CALLE,REGUERA DE TOMATEROS,39,28053,"REGUERA DE TOMATEROS, 000039  B",11087193,2018-02-14T00:00:00Z,,MU24,MU-51,2026-01-10T00:00:00Z
4742411,Aparcabicicletas,131,ENTREVIAS,13,PUENTE DE VALLECAS,OPERATIVO,444240.42,4469236.84,ETRS89,,,CALLE,REGUERA DE TOMATEROS,39,28053,"REGUERA DE TOMATEROS, 000039  B",11087193,2018-02-14T00:00:00Z,,MU24,MU-51,2026-01-10T00:00:00Z
4742898,Aparcabicicletas,63,CASTILLEJOS,6,TETUAN,OPERATIVO,440825.0,4479177.86,ETRS89,,,CALLE,BRAVO MURILLO,278,28020,28020,11030453,2017-10-26T00:00:00Z,,MU24,MU-51,2026-01-10T00:00:00Z
4796646,Aparcabicicletas,156,SAN JUAN BAUTISTA,15,CIUDAD LINEAL,OPERATIVO,444713.17,4478156.07,ETRS89,,,CALLE,ESTRECHO DE MESINA,1,28043,ESCUELA INFANTIL EL ENCINAR,11111443,2018-08-01T00:00:00Z,,MU24,MU-51,2026-01-10T00:00:00Z
4796648,Aparcabicicletas,156,SAN JUAN BAUTISTA,15,CIUDAD LINEAL,OPERATIVO,444716.343,4478157.793,ETRS89,,,CALLE,ESTRECHO DE MESINA,1,28043,ESCUELA INFANTIL EL ENCINAR,11111443,2018-08-01T00:00:00Z,,MU24,MU-51,2026-01-10T00:00:00Z
4797528,Aparcabicicletas,76,VALLEHERMOSO,7,CHAMBERI,OPERATIVO,439694.99,4476921.22,ETRS89,,,CALLE,JESUS MAESTRO,3,28003,28003,11042635,2018-08-16T00:00:00Z,,MU24,MU-51,2026-01-10T00:00:00Z
4939975,Aparcabicicletas,182,SANTA EUGENIA,18,VILLA DE VALLECAS,OPERATIVO,448830.47,4470399.01,ETRS89,,,CALLE,CERRO DE ALMODOVAR,9,28007,"CERRO DE ALMODÓVAR, 000009",31044545,2018-09-28T00:00:00Z,,MU24,MU-51,2026-01-10T00:00:00Z
4982179,Aparcabicicletas,132,SAN DIEGO,13,PUENTE DE VALLECAS,OPERATIVO,443532.61,4471257.54,ETRS89,,,CALLE,SIERRA CARBONERA,74,28053,"SIERRA CARBONERA, 000074",11092753,2018-10-26T00:00:00Z,,MU24,ACB,2026-01-10T00:00:00Z
4982191,Aparcabicicletas,181,CASCO HISTORICO DE VALLECAS,18,VILLA DE VALLECAS,OPERATIVO,447481.6,4469230.02,ETRS89,,,CALLE,CONGOSTO,35,28031,"Aurora Apdo Correos, 28223 Madrid, Spain",11131198,2018-10-29T00:00:00Z,,MU24,MU-51,2026-01-10T00:00:00Z
4985728,Aparcabicicletas,72,ARAPILES,7,CHAMBERI,OPERATIVO,439885.32,4476023.19,ETRS89,,,CALLE,VALLEHERMOSO,26,28015,28015,11039651,2018-11-20T00:00:00Z,,MU24,MU-51,2026-01-10T00:00:00Z
4986038,Aparcabicicletas,97,ARAVACA,9,MONCLOA-ARAVACA,OPERATIVO,433645.29,4478222.58,ETRS89,,,CALLE,HUMERA,40,28023,,31011019,2021-08-11T00:00:00Z,,MU24,MU-51,2026-01-10T00:00:00Z
4985729,Aparcabicicletas,72,ARAPILES,7,CHAMBERI,OPERATIVO,439885.34,4476025.97,ETRS89,,,CALLE,VALLEHERMOSO,26,28015,28015,11039651,2018-11-20T00:00:00Z,,MU24,MU-51,2026-01-10T00:00:00Z
4989282,Aparcabicicletas,141,PAVONES,14,MORATALAZ,OPERATIVO,445983.77,4472282.05,ETRS89,,,CALLE,FUENTE CARRANTONA,10 C,28030,"FUENTE CARRANTONA, 000010  C",20098143,2018-12-26T00:00:00Z,,MU24,MU-51,2026-01-10T00:00:00Z
4990373,Aparcabicicletas,14,JUSTICIA,1,CENTRO,OPERATIVO,440685.75,4474975.24,ETRS89,,,CALLE,HERNAN CORTES,23,28004,28004,11004874,2018-07-30T00:00:00Z,,MU24,MU-51,2026-01-10T00:00:00Z
4990377,Aparcabicicletas,14,JUSTICIA,1,CENTRO,OPERATIVO,440586.9,4475005.88,ETRS89,,,CALLE,HERNAN CORTES,3,28004,28004,11004884,2018-07-30T00:00:00Z,,MU24,MU-51,2026-01-10T00:00:00Z
4990383,Aparcabicicletas,14,JUSTICIA,1,CENTRO,OPERATIVO,440702.89,4475029.72,ETRS89,,,CALLE,FARMACIA,16,28004,28004,20160608,2018-07-30T00:00:00Z,,MU24,MU-51,2026-01-10T00:00:00Z
4990386,Aparcabicicletas,14,JUSTICIA,1,CENTRO,OPERATIVO,440582.29,4475045.21,ETRS89,,,CALLE,FARMACIA,2,28004,28004,11004888,2018-07-30T00:00:00Z,,MU24,MU-51,2026-01-10T00:00:00Z
4990389,Aparcabicicletas,14,JUSTICIA,1,CENTRO,OPERATIVO,440713.76,4475105.78,ETRS89,,,CALLE,SANTA BRIGIDA,25,28004,28004,11004923,2018-07-30T00:00:00Z,,MU24,MU-51,2026-01-10T00:00:00Z
4990392,Aparcabicicletas,14,JUSTICIA,1,CENTRO,OPERATIVO,440685.22,4475101.34,ETRS89,,,CALLE,SANTA BRIGIDA,12,28004,28004,11004941,2018-07-30T00:00:00Z,,MU24,MU-51,2026-01-10T00:00:00Z
4990395,Aparcabicicletas,14,JUSTICIA,1,CENTRO,OPERATIVO,440579.21,4475095.52,ETRS89,,,CALLE,SANTA BRIGIDA,2,28004,28004,11004936,2018-07-30T00:00:00Z,,MU24,MU-51,2026-01-10T00:00:00Z
4990436,Aparcabicicletas,14,JUSTICIA,1,CENTRO,OPERATIVO,440756.51,4474847.13,ETRS89,,,CALLE,SAN BARTOLOME,23,28004,28004,11004526,2018-07-30T00:00:00Z,,MU24,MU-51,2026-01-10T00:00:00Z
4990442,Aparcabicicletas,14,JUSTICIA,1,CENTRO,OPERATIVO,440704.78,4474893.72,ETRS89,,,CALLE,AUGUSTO FIGUEROA,16,28004,28004,11004498,2018-07-30T00:00:00Z,,MU24,MU-51,2026-01-10T00:00:00Z
4990445,Aparcabicicletas,14,JUSTICIA,1,CENTRO,OPERATIVO,440922.51,4474822.95,ETRS89,,,CALLE,AUGUSTO FIGUEROA,36A,28004,28004,31056638,2018-07-30T00:00:00Z,,MU24,MU-51,2026-01-10T00:00:00Z
4988196,Aparcabicicletas,83,PEÑAGRANDE,8,FUENCARRAL-EL PARDO,OPERATIVO,439234.01,4481879.38,ETRS89,,,CALLE,VALLE DE PINARES LLANOS,1,28035,,20075089,2021-08-11T00:00:00Z,,MU24,MU-51,2026-01-10T00:00:00Z
4989294,Aparcabicicletas,141,PAVONES,14,MORATALAZ,OPERATIVO,446720.75,4472246.48,ETRS89,,,CALLE,BRUJAS,34,28030,"BRUJAS, 000034",31045387,2018-12-20T00:00:00Z,,MU24,,2026-01-10T00:00:00Z
4990375,Aparcabicicletas,14,JUSTICIA,1,CENTRO,OPERATIVO,440648.17,4474986.3,ETRS89,,,CALLE,HERNAN CORTES,15,28004,28004,11004878,2018-07-30T00:00:00Z,,MU24,MU-51,2026-01-10T00:00:00Z
4990379,Aparcabicicletas,14,JUSTICIA,1,CENTRO,OPERATIVO,440576.91,4475009.18,ETRS89,,,CALLE,HERNAN CORTES,1,28004,28004,11004885,2018-07-30T00:00:00Z,,MU24,MU-51,2026-01-10T00:00:00Z
4990384,Aparcabicicletas,14,JUSTICIA,1,CENTRO,OPERATIVO,440700.77,4475030.4,ETRS89,,,CALLE,FARMACIA,16,28004,28004,20160608,2018-07-30T00:00:00Z,,MU24,MU-51,2026-01-10T00:00:00Z
4990387,Aparcabicicletas,14,JUSTICIA,1,CENTRO,OPERATIVO,440580.43,4475045.45,ETRS89,,,CALLE,FARMACIA,2,28004,28004,11004888,2018-07-30T00:00:00Z,,MU24,MU-51,2026-01-10T00:00:00Z
4990390,Aparcabicicletas,14,JUSTICIA,1,CENTRO,OPERATIVO,440716.56,4475106.2,ETRS89,,,CALLE,SANTA BRIGIDA,27,28004,28004,11004922,2018-07-30T00:00:00Z,,MU24,MU-51,2026-01-10T00:00:00Z
4990394,Aparcabicicletas,14,JUSTICIA,1,CENTRO,OPERATIVO,440581.76,4475096.39,ETRS89,,,CALLE,SANTA BRIGIDA,2,28004,28004,11004936,2018-07-30T00:00:00Z,,MU24,MU-51,2026-01-10T00:00:00Z
4990396,Aparcabicicletas,14,JUSTICIA,1,CENTRO,OPERATIVO,440576.07,4475094.77,ETRS89,,,CALLE,SANTA BRIGIDA,2,28004,28004,11004936,2018-07-30T00:00:00Z,,MU24,MU-51,2026-01-10T00:00:00Z
4990440,Aparcabicicletas,14,JUSTICIA,1,CENTRO,OPERATIVO,440807.08,4474838.29,ETRS89,,,CALLE,BARBIERI,22,28004,28004,20005608,2018-07-30T00:00:00Z,,MU24,MU-51,2026-01-10T00:00:00Z
4990443,Aparcabicicletas,14,JUSTICIA,1,CENTRO,OPERATIVO,440706.31,4474893.15,ETRS89,,,CALLE,AUGUSTO FIGUEROA,16,28004,28004,11004498,2018-07-30T00:00:00Z,,MU24,MU-51,2026-01-10T00:00:00Z
4990447,Aparcabicicletas,14,JUSTICIA,1,CENTRO,OPERATIVO,440935.57,4474822.41,ETRS89,,,CALLE,AUGUSTO FIGUEROA,36A,28004,28004,31056638,2018-07-30T00:00:00Z,,MU24,MU-51,2026-01-10T00:00:00Z
4990451,Aparcabicicletas,14,JUSTICIA,1,CENTRO,OPERATIVO,440905.15,4474741.06,ETRS89,,,CALLE,SAN MARCOS,41,28004,28004,11004659,2018-07-30T00:00:00Z,,MU24,MU-51,2026-01-10T00:00:00Z
4990450,Aparcabicicletas,14,JUSTICIA,1,CENTRO,OPERATIVO,440913.81,4474741.43,ETRS89,,,CALLE,SAN MARCOS,41,28004,28004,11004659,2018-07-30T00:00:00Z,,MU24,MU-51,2026-01-10T00:00:00Z
4990453,Aparcabicicletas,14,JUSTICIA,1,CENTRO,OPERATIVO,440810.63,4474750.24,ETRS89,,,CALLE,SAN MARCOS,33,28004,28004,11004650,2018-07-30T00:00:00Z,,MU24,MU-51,2026-01-10T00:00:00Z
4990456,Aparcabicicletas,14,JUSTICIA,1,CENTRO,OPERATIVO,440856.31,4474743.66,ETRS89,,,CALLE,SAN MARCOS,37,28004,28004,11004660,2018-07-30T00:00:00Z,,MU24,MU-51,2026-01-10T00:00:00Z
4990460,Aparcabicicletas,14,JUSTICIA,1,CENTRO,OPERATIVO,440713.4,4474781.76,ETRS89,,,CALLE,SAN MARCOS,11,28004,28004,20005596,2018-07-30T00:00:00Z,,MU24,MU-51,2026-01-10T00:00:00Z
4990467,Aparcabicicletas,14,JUSTICIA,1,CENTRO,OPERATIVO,440854.9,4474833.92,ETRS89,,,CALLE,AUGUSTO FIGUEROA,26,28004,28004,11004665,2018-07-30T00:00:00Z,,MU24,MU-51,2026-01-10T00:00:00Z
4990470,Aparcabicicletas,14,JUSTICIA,1,CENTRO,OPERATIVO,440759.65,4474590.68,ETRS89,,,CALLE,REINA,33,28004,28004,11004339,2018-07-30T00:00:00Z,,MU24,MU-51,2026-01-10T00:00:00Z
4990481,Aparcabicicletas,14,JUSTICIA,1,CENTRO,OPERATIVO,440625.65,4474639.7,ETRS89,,,CALLE,REINA,15,28004,28004,11004309,2018-07-30T00:00:00Z,,MU24,MU-51,2026-01-10T00:00:00Z
4990567,Aparcabicicletas,14,JUSTICIA,1,CENTRO,OPERATIVO,440703.22,4474610.33,ETRS89,,,CALLE,REINA,27,28004,28004,11004342,2018-07-30T00:00:00Z,,MU24,MU-51,2026-01-10T00:00:00Z
4990570,Aparcabicicletas,14,JUSTICIA,1,CENTRO,OPERATIVO,440561.12,4474664.52,ETRS89,,,CALLE,REINA,3,28004,28004,11004315,2018-07-30T00:00:00Z,,MU24,MU-51,2026-01-10T00:00:00Z
4990576,Aparcabicicletas,14,JUSTICIA,1,CENTRO,OPERATIVO,440785.12,4474764.65,ETRS89,,,CALLE,BARBIERI,14,28004,28004,20005606,2018-07-30T00:00:00Z,,MU24,MU-51,2026-01-10T00:00:00Z
4990580,Aparcabicicletas,14,JUSTICIA,1,CENTRO,OPERATIVO,440764.75,4474688.66,ETRS89,,,CALLE,BARBIERI,4,28004,28004,11004265,2018-07-30T00:00:00Z,,MU24,MU-51,2026-01-10T00:00:00Z
4990584,Aparcabicicletas,14,JUSTICIA,1,CENTRO,OPERATIVO,440839.95,4474617.24,ETRS89,,,CALLE,LIBERTAD,2,28004,28004,20005466,2018-07-30T00:00:00Z,,MU24,MU-51,2026-01-10T00:00:00Z
4990587,Aparcabicicletas,14,JUSTICIA,1,CENTRO,OPERATIVO,440837.75,4474650.34,ETRS89,,,CALLE,LIBERTAD,4,28004,28004,11004285,2018-07-30T00:00:00Z,,MU24,MU-51,2026-01-10T00:00:00Z
4990591,Aparcabicicletas,14,JUSTICIA,1,CENTRO,OPERATIVO,440843.4,4474785.5,ETRS89,,,CALLE,LIBERTAD,22,28004,28004,11004662,2018-07-30T00:00:00Z,,MU24,MU-51,2026-01-10T00:00:00Z
4990454,Aparcabicicletas,14,JUSTICIA,1,CENTRO,OPERATIVO,440812.67,4474750.11,ETRS89,,,CALLE,SAN MARCOS,33,28004,28004,11004650,2018-07-30T00:00:00Z,,MU24,MU-51,2026-01-10T00:00:00Z
4990458,Aparcabicicletas,14,JUSTICIA,1,CENTRO,OPERATIVO,440712.13,4474782.21,ETRS89,,,CALLE,SAN MARCOS,9,28004,28004,11004516,2018-07-30T00:00:00Z,,MU24,MU-51,2026-01-10T00:00:00Z
4990462,Aparcabicicletas,14,JUSTICIA,1,CENTRO,OPERATIVO,440756.01,4474763.44,ETRS89,,,CALLE,SAN MARCOS,19,28004,28004,11004634,2018-07-30T00:00:00Z,,MU24,MU-51,2026-01-10T00:00:00Z
4990469,Aparcabicicletas,14,JUSTICIA,1,CENTRO,OPERATIVO,440760.92,4474590.0,ETRS89,,,CALLE,REINA,33,28004,28004,11004339,2018-07-30T00:00:00Z,,MU24,MU-51,2026-01-10T00:00:00Z
4990472,Aparcabicicletas,14,JUSTICIA,1,CENTRO,OPERATIVO,440766.77,4474643.46,ETRS89,,,CALLE,INFANTAS,19,28004,28004,11004284,2018-07-30T00:00:00Z,,MU24,MU-51,2026-01-10T00:00:00Z
4990566,Aparcabicicletas,14,JUSTICIA,1,CENTRO,OPERATIVO,440701.27,4474611.01,ETRS89,,,CALLE,REINA,27,28004,28004,11004342,2018-07-30T00:00:00Z,,MU24,MU-51,2026-01-10T00:00:00Z
4990569,Aparcabicicletas,14,JUSTICIA,1,CENTRO,OPERATIVO,440559.17,4474665.31,ETRS89,,,CALLE,REINA,3,28004,28004,11004315,2018-07-30T00:00:00Z,,MU24,MU-51,2026-01-10T00:00:00Z
4990573,Aparcabicicletas,14,JUSTICIA,1,CENTRO,OPERATIVO,440778.21,4474738.62,ETRS89,,,CALLE,BARBIERI,12,28004,28004,11004270,2018-07-30T00:00:00Z,,MU24,MU-51,2026-01-10T00:00:00Z
4990579,Aparcabicicletas,14,JUSTICIA,1,CENTRO,OPERATIVO,440763.61,4474683.56,ETRS89,,,CALLE,BARBIERI,4,28004,28004,11004265,2018-07-30T00:00:00Z,,MU24,MU-51,2026-01-10T00:00:00Z
4990582,Aparcabicicletas,14,JUSTICIA,1,CENTRO,OPERATIVO,440793.32,4474792.67,ETRS89,,,CALLE,BARBIERI,18,28004,28004,11004655,2018-07-30T00:00:00Z,,MU24,MU-51,2026-01-10T00:00:00Z
4990586,Aparcabicicletas,14,JUSTICIA,1,CENTRO,OPERATIVO,440837.57,4474648.34,ETRS89,,,CALLE,LIBERTAD,4,28004,28004,11004285,2018-07-30T00:00:00Z,,MU24,MU-51,2026-01-10T00:00:00Z
4990589,Aparcabicicletas,14,JUSTICIA,1,CENTRO,OPERATIVO,440843.18,4474779.51,ETRS89,,,CALLE,LIBERTAD,20,28004,28004,20005616,2018-07-30T00:00:00Z,,MU24,MU-51,2026-01-10T00:00:00Z
4990593,Aparcabicicletas,14,JUSTICIA,1,CENTRO,OPERATIVO,440845.01,4474817.13,ETRS89,,,CALLE,LIBERTAD,26,28004,28004,11004664,2018-07-30T00:00:00Z,,MU24,MU-51,2026-01-10T00:00:00Z
4990603,Aparcabicicletas,14,JUSTICIA,1,CENTRO,OPERATIVO,440842.46,4474762.31,ETRS89,,,CALLE,LIBERTAD,21,28004,28004,20005620,2018-07-30T00:00:00Z,,MU24,MU-51,2026-01-10T00:00:00Z
4990595,Aparcabicicletas,14,JUSTICIA,1,CENTRO,OPERATIVO,440845.02,4474819.12,ETRS89,,,CALLE,LIBERTAD,26,28004,28004,11004664,2018-07-30T00:00:00Z,,MU24,MU-51,2026-01-10T00:00:00Z
4990604,Aparcabicicletas,14,JUSTICIA,1,CENTRO,OPERATIVO,440842.26,4474759.53,ETRS89,,,CALLE,LIBERTAD,18,28004,28004,20005614,2018-07-30T00:00:00Z,,MU24,MU-51,2026-01-10T00:00:00Z
4990609,Aparcabicicletas,14,JUSTICIA,1,CENTRO,OPERATIVO,440597.75,4474705.08,ETRS89,,,CALLE,INFANTAS,10,28004,28004,11004324,2018-07-30T00:00:00Z,,MU24,MU-51,2026-01-10T00:00:00Z
4990612,Aparcabicicletas,14,JUSTICIA,1,CENTRO,OPERATIVO,440700.37,4474668.41,ETRS89,,,CALLE,INFANTAS,11,28004,28004,20005568,2018-07-30T00:00:00Z,,MU24,MU-51,2026-01-10T00:00:00Z
4990615,Aparcabicicletas,14,JUSTICIA,1,CENTRO,OPERATIVO,440741.06,4474653.32,ETRS89,,,CALLE,INFANTAS,17,28004,28004,20005570,2018-07-30T00:00:00Z,,MU24,MU-51,2026-01-10T00:00:00Z
4982243,Aparcabicicletas,181,CASCO HISTORICO DE VALLECAS,18,VILLA DE VALLECAS,OPERATIVO,447483.3,4469230.67,ETRS89,,,CALLE,CONGOSTO,35,28031,"Aurora Apdo Correos, 28223 Madrid, Spain",11131198,2018-10-31T00:00:00Z,,MU24,MU-51,2026-01-10T00:00:00Z
5068927,Aparcabicicletas,121,ORCASITAS,12,USERA,OPERATIVO,438972.94,4469431.33,ETRS89,,,CALLE,TOLOSA,2,28041,"TOLOSA, 000002",11079512,2023-04-21T00:00:00Z,,MU24,MU-51,2026-01-10T00:00:00Z
5068929,Aparcabicicletas,121,ORCASITAS,12,USERA,OPERATIVO,438973.7,4469431.32,ETRS89,,,CALLE,TOLOSA,2,28041,"TOLOSA, 000002",11079512,2023-04-21T00:00:00Z,,MU24,MU-51,2026-01-10T00:00:00Z
5068932,Aparcabicicletas,121,ORCASITAS,12,USERA,OPERATIVO,438972.18,4469431.22,ETRS89,,,CALLE,TOLOSA,2,28041,"TOLOSA, 000002",11079512,2023-04-21T00:00:00Z,,MU24,MU-51,2026-01-10T00:00:00Z
5068934,Aparcabicicletas,121,ORCASITAS,12,USERA,OPERATIVO,438971.41,4469431.23,ETRS89,,,CALLE,TOLOSA,2,28041,"TOLOSA, 000002",11079512,2023-04-21T00:00:00Z,,MU24,MU-51,2026-01-10T00:00:00Z
5068988,Aparcabicicletas,122,ORCASUR,12,USERA,OPERATIVO,440460.78,4469342.01,ETRS89,,,CALLE,MADRE ROSA BLANCO,3,28041,"MADRE ROSA BLANCO, 000003",31048238,1900-01-01T00:00:00Z,,MU24,MU-51,2026-01-10T00:00:00Z
5068990,Aparcabicicletas,122,ORCASUR,12,USERA,OPERATIVO,440460.43,4469341.24,ETRS89,,,CALLE,MADRE ROSA BLANCO,3,28041,"MADRE ROSA BLANCO, 000003",31048238,1900-01-01T00:00:00Z,,MU24,MU-51,2026-01-10T00:00:00Z
5068992,Aparcabicicletas,122,ORCASUR,12,USERA,OPERATIVO,440459.48,4469338.8,ETRS89,,,CALLE,MADRE ROSA BLANCO,3,28041,"MADRE ROSA BLANCO, 000003",31048238,1900-01-01T00:00:00Z,,MU24,MU-51,2026-01-10T00:00:00Z
4990608,Aparcabicicletas,14,JUSTICIA,1,CENTRO,OPERATIVO,440596.14,4474705.76,ETRS89,,,CALLE,INFANTAS,10,28004,28004,11004324,2018-07-30T00:00:00Z,,MU24,MU-51,2026-01-10T00:00:00Z
4990611,Aparcabicicletas,14,JUSTICIA,1,CENTRO,OPERATIVO,440699.02,4474669.09,ETRS89,,,CALLE,INFANTAS,11,28004,28004,20005568,2018-07-30T00:00:00Z,,MU24,MU-51,2026-01-10T00:00:00Z
4990614,Aparcabicicletas,14,JUSTICIA,1,CENTRO,OPERATIVO,440743.0,4474652.42,ETRS89,,,CALLE,INFANTAS,17,28004,28004,20005570,2018-07-30T00:00:00Z,,MU24,MU-51,2026-01-10T00:00:00Z
4990617,Aparcabicicletas,14,JUSTICIA,1,CENTRO,OPERATIVO,440822.34,4474621.38,ETRS89,,,CALLE,INFANTAS,25,28004,28004,11004281,2018-07-30T00:00:00Z,,MU24,MU-51,2026-01-10T00:00:00Z
4990620,Aparcabicicletas,14,JUSTICIA,1,CENTRO,OPERATIVO,440857.7,4474609.0,ETRS89,,,CALLE,INFANTAS,27,28004,28004,11004301,2018-07-30T00:00:00Z,,MU24,MU-51,2026-01-10T00:00:00Z
5031744,Aparcabicicletas,114,VISTA ALEGRE,11,CARABANCHEL,OPERATIVO,436635.19,4470474.62,ETRS89,,,CALLE,MONSEÑOR OSCAR ROMERO,72,28025,"Calle de Monseñor Oscar Romero, 72, 28025 Madrid, Spain",11075132,1900-01-01T00:00:00Z,,MU24,,2026-01-10T00:00:00Z
5068926,Aparcabicicletas,121,ORCASITAS,12,USERA,OPERATIVO,439634.72,4468985.95,ETRS89,,,CALLE,CAMINO VIEJO DE LEGANES,30,28019,"CAMINO VIEJO DE VILLAVERDE, 000028",11070636,1900-01-01T00:00:00Z,,MU24,MU-51,2026-01-10T00:00:00Z
5068928,Aparcabicicletas,121,ORCASITAS,12,USERA,OPERATIVO,438974.47,4469431.32,ETRS89,,,CALLE,TOLOSA,2,28041,"TOLOSA, 000002",11079512,2023-04-21T00:00:00Z,,MU24,MU-51,2026-01-10T00:00:00Z
5068931,Aparcabicicletas,121,ORCASITAS,12,USERA,OPERATIVO,439634.71,4468984.84,ETRS89,,,CALLE,CAMINO VIEJO DE VILLAVERDE,28,28041,"CAMINO VIEJO DE VILLAVERDE, 000028",11080808,1900-01-01T00:00:00Z,,MU24,MU-51,2026-01-10T00:00:00Z
5068933,Aparcabicicletas,121,ORCASITAS,12,USERA,OPERATIVO,439634.7,4468983.95,ETRS89,,,CALLE,CAMINO VIEJO DE VILLAVERDE,28,28041,"CAMINO VIEJO DE VILLAVERDE, 000028",11080808,1900-01-01T00:00:00Z,,MU24,MU-51,2026-01-10T00:00:00Z
5068935,Aparcabicicletas,121,ORCASITAS,12,USERA,OPERATIVO,439634.53,4468982.96,ETRS89,,,CALLE,CAMINO VIEJO DE VILLAVERDE,28,28041,"CAMINO VIEJO DE VILLAVERDE, 000028",11080808,1900-01-01T00:00:00Z,,MU24,MU-51,2026-01-10T00:00:00Z
5068989,Aparcabicicletas,122,ORCASUR,12,USERA,OPERATIVO,440459.82,4469339.58,ETRS89,,,CALLE,MADRE ROSA BLANCO,3,28041,"MADRE ROSA BLANCO, 000003",31048238,1900-01-01T00:00:00Z,,MU24,MU-51,2026-01-10T00:00:00Z
5068991,Aparcabicicletas,122,ORCASUR,12,USERA,OPERATIVO,440460.08,4469340.35,ETRS89,,,CALLE,MADRE ROSA BLANCO,3,28041,"MADRE ROSA BLANCO, 000003",31048238,1900-01-01T00:00:00Z,,MU24,MU-51,2026-01-10T00:00:00Z
5069895,Aparcabicicletas,125,MOSCARDO,12,USERA,OPERATIVO,439819.865,4471152.968,ETRS89,,,CALLE,GENERAL MARVA,26,28026,"GENERAL MARVÁ, 000026",11084285,1900-01-01T00:00:00Z,,MU24,MU-51,2026-01-10T00:00:00Z
5069897,Aparcabicicletas,125,MOSCARDO,12,USERA,OPERATIVO,439820.8,4471152.63,ETRS89,,,CALLE,GENERAL MARVA,26,28026,"GENERAL MARVÁ, 000026",11084285,1900-01-01T00:00:00Z,,MU24,MU-51,2026-01-10T00:00:00Z
5072115,Aparcabicicletas,72,ARAPILES,7,CHAMBERI,OPERATIVO,439885.73,4476148.85,ETRS89,,,CALLE,VALLEHERMOSO,43A,28015,28015,20013560,2018-11-20T00:00:00Z,,MU24,MU-51,2026-01-10T00:00:00Z
5072121,Aparcabicicletas,72,ARAPILES,7,CHAMBERI,OPERATIVO,439885.63,4476146.07,ETRS89,,,CALLE,VALLEHERMOSO,43A,28015,28015,20013560,2018-11-20T00:00:00Z,,MU24,MU-51,2026-01-10T00:00:00Z
5072124,Aparcabicicletas,72,ARAPILES,7,CHAMBERI,OPERATIVO,439885.36,4476144.08,ETRS89,,,CALLE,VALLEHERMOSO,43A,28015,28015,20013560,2018-11-20T00:00:00Z,,MU24,MU-51,2026-01-10T00:00:00Z
5072127,Aparcabicicletas,76,VALLEHERMOSO,7,CHAMBERI,OPERATIVO,439925.491,4476748.634,ETRS89,,,CALLE,VALLEHERMOSO,83,28003,28003,11042567,2016-02-22T00:00:00Z,,MU24,MU-51,2026-01-10T00:00:00Z
5072129,Aparcabicicletas,76,VALLEHERMOSO,7,CHAMBERI,OPERATIVO,439925.593,4476750.853,ETRS89,,,CALLE,VALLEHERMOSO,85,28003,,11042567,2016-02-22T00:00:00Z,,MU24,MU-51,2026-01-10T00:00:00Z
5108201,Aparcabicicletas,116,BUENAVISTA,11,CARABANCHEL,OPERATIVO,435600.97,4469344.38,ETRS89,,,CALLE,JOAQUIN TURINA,62,28044,"JOAQUÍN TURINA, 000062",11077769,1900-01-01T00:00:00Z,,MU24,MU-51,2026-01-10T00:00:00Z
5166927,Aparcabicicletas,124,ALMENDRALES,12,USERA,OPERATIVO,440604.33,4470982.32,ETRS89,,,CALLE,FELIPE DIAZ,2,28026,"FELIPE DÍAZ, 000002",11083517,1900-01-01T00:00:00Z,,MU24,MU-51,2026-01-10T00:00:00Z
5023912,Aparcabicicletas,134,PALOMERAS SURESTE,13,PUENTE DE VALLECAS,OPERATIVO,445855.8,4471294.48,ETRS89,,,CALLE,ANDALUCES,20,28038,"ANDALUCES, 000020",11096602,2018-11-30T00:00:00Z,,MU24,MU-51,2026-01-10T00:00:00Z
5057677,Aparcabicicletas,115,PUERTA BONITA,11,CARABANCHEL,OPERATIVO,437132.55,4469825.38,ETRS89,,,CALLE,ALISEDA,1,28025,"Calle Aliseda, 1, 28025 Madrid, Spain",31002576,1900-01-01T00:00:00Z,,MU24,,2026-01-10T00:00:00Z
5069896,Aparcabicicletas,125,MOSCARDO,12,USERA,OPERATIVO,439821.56,4471152.29,ETRS89,,,CALLE,GENERAL MARVA,26,28026,"GENERAL MARVÁ, 000026",11084285,1900-01-01T00:00:00Z,,MU24,MU-51,2026-01-10T00:00:00Z
5069898,Aparcabicicletas,125,MOSCARDO,12,USERA,OPERATIVO,439819.02,4471153.31,ETRS89,,,CALLE,GENERAL MARVA,26,28026,"GENERAL MARVÁ, 000026",11084285,1900-01-01T00:00:00Z,,MU24,MU-51,2026-01-10T00:00:00Z
5072116,Aparcabicicletas,72,ARAPILES,7,CHAMBERI,OPERATIVO,439885.63,4476146.96,ETRS89,,,CALLE,VALLEHERMOSO,43A,28015,28015,20013560,2018-11-20T00:00:00Z,,MU24,MU-51,2026-01-10T00:00:00Z
5072123,Aparcabicicletas,72,ARAPILES,7,CHAMBERI,OPERATIVO,439885.45,4476145.19,ETRS89,,,CALLE,VALLEHERMOSO,43A,28015,28015,20013560,2018-11-20T00:00:00Z,,MU24,MU-51,2026-01-10T00:00:00Z
5072126,Aparcabicicletas,76,VALLEHERMOSO,7,CHAMBERI,OPERATIVO,439925.687,4476751.963,ETRS89,,,CALLE,VALLEHERMOSO,85,28003,28003,11042567,2016-02-22T00:00:00Z,,MU24,MU-51,2026-01-10T00:00:00Z
5072128,Aparcabicicletas,76,VALLEHERMOSO,7,CHAMBERI,OPERATIVO,439925.296,4476745.527,ETRS89,,,CALLE,VALLEHERMOSO,83,28003,28003,20014750,2016-02-22T00:00:00Z,,MU24,MU-51,2026-01-10T00:00:00Z
5108198,Aparcabicicletas,116,BUENAVISTA,11,CARABANCHEL,OPERATIVO,435601.82,4469344.26,ETRS89,,,CALLE,JOAQUIN TURINA,62,28044,"JOAQUÍN TURINA, 000062",11077769,1900-01-01T00:00:00Z,,MU24,MU-51,2026-01-10T00:00:00Z
5166923,Aparcabicicletas,124,ALMENDRALES,12,USERA,OPERATIVO,440603.14,4470981.44,ETRS89,,,CALLE,FELIPE DIAZ,2,28026,"FELIPE DÍAZ, 000002",11083517,1900-01-01T00:00:00Z,,MU24,MU-51,2026-01-10T00:00:00Z
4990618,Aparcabicicletas,14,JUSTICIA,1,CENTRO,OPERATIVO,440823.78,4474620.81,ETRS89,,,CALLE,LIBERTAD,1,28004,28004,20005468,2018-07-30T00:00:00Z,,MU24,MU-51,2026-01-10T00:00:00Z
4990622,Aparcabicicletas,14,JUSTICIA,1,CENTRO,OPERATIVO,440873.71,4474615.98,ETRS89,,,CALLE,INFANTAS,29,28004,28004,11004300,2018-07-30T00:00:00Z,,MU24,MU-51,2026-01-10T00:00:00Z
5057681,Aparcabicicletas,115,PUERTA BONITA,11,CARABANCHEL,OPERATIVO,437133.31,4469825.48,ETRS89,,,CALLE,NUESTRA SEÑORA DE LA ANTIGUA,52 C,28025,"Puerta del Sol, 7, 28013 Madrid, Spain",31052352,1900-01-01T00:00:00Z,,MU24,MU-51,2026-01-10T00:00:00Z
5072928,Aparcabicicletas,21,IMPERIAL,2,ARGANZUELA,OPERATIVO,438932.6,4473341.08,ETRS89,,,CALLE,JUAN DUQUE,46,28005,28005,11008104,,,MU24,MU-51,2026-01-10T00:00:00Z
5072930,Aparcabicicletas,21,IMPERIAL,2,ARGANZUELA,OPERATIVO,438931.99,4473339.2,ETRS89,,,CALLE,JUAN DUQUE,46,28005,28005,11008104,,,MU24,MU-51,2026-01-10T00:00:00Z
5087023,Aparcabicicletas,83,PEÑAGRANDE,8,FUENCARRAL-EL PARDO,OPERATIVO,438735.65,4481845.7,ETRS89,,,CALLE,RISCOS DE POLANCO,3,28035,,20087521,2021-08-12T00:00:00Z,,MU24,MU-51,2026-01-10T00:00:00Z
5087026,Aparcabicicletas,83,PEÑAGRANDE,8,FUENCARRAL-EL PARDO,OPERATIVO,438734.84,4481847.51,ETRS89,,,CALLE,RISCOS DE POLANCO,3,28035,,20087521,2019-05-03T00:00:00Z,,MU24,MU-51,2026-01-10T00:00:00Z
5166054,Aparcabicicletas,126,ZOFIO,12,USERA,OPERATIVO,439241.91,4470082.2,ETRS89,,,CALLE,ALBARDIN,8,28026,"PARQUE DE LA PALOMA, 000044",20000680,1900-01-01T00:00:00Z,,MU24,MU-51,2026-01-10T00:00:00Z
5166056,Aparcabicicletas,126,ZOFIO,12,USERA,OPERATIVO,439241.35,4470086.31,ETRS89,,,CALLE,ALBARDIN,8,28026,"PARQUE DE LA PALOMA, 000044",20000680,1900-01-01T00:00:00Z,,MU24,MU-51,2026-01-10T00:00:00Z
5166058,Aparcabicicletas,126,ZOFIO,12,USERA,OPERATIVO,439241.1,4470087.97,ETRS89,,,CALLE,PARQUE DE LA PALOMA,44,28026,"PARQUE DE LA PALOMA, 000044",11085751,1900-01-01T00:00:00Z,,MU24,MU-51,2026-01-10T00:00:00Z
5072927,Aparcabicicletas,21,IMPERIAL,2,ARGANZUELA,OPERATIVO,438932.34,4473339.98,ETRS89,,,CALLE,JUAN DUQUE,46,28005,28005,11008104,,,MU24,MU-51,2026-01-10T00:00:00Z
5072929,Aparcabicicletas,21,IMPERIAL,2,ARGANZUELA,OPERATIVO,438931.82,4473338.31,ETRS89,,,CALLE,JUAN DUQUE,46,28005,28005,11008104,,,MU24,MU-51,2026-01-10T00:00:00Z
5087022,Aparcabicicletas,83,PEÑAGRANDE,8,FUENCARRAL-EL PARDO,OPERATIVO,438735.93,4481845,ETRS89,,,CALLE,RISCOS DE POLANCO,3,28035,,20087521,2019-05-03T00:00:00Z,,MU24,MU-51,2026-01-10T00:00:00Z
5087025,Aparcabicicletas,83,PEÑAGRANDE,8,FUENCARRAL-EL PARDO,OPERATIVO,438735.39,4481846.34,ETRS89,,,CALLE,RISCOS DE POLANCO,3,28035,,20087521,2019-05-03T00:00:00Z,,MU24,MU-51,2026-01-10T00:00:00Z
5135176,Aparcabicicletas,86,VALVERDE,8,FUENCARRAL-EL PARDO,OPERATIVO,441913.9,4484239.72,ETRS89,,,CALLE,NUESTRA SEÑORA DE VALVERDE,225,28034,,31053344,2020-06-10T00:00:00Z,,MU24,ACB,2026-01-10T00:00:00Z
5166055,Aparcabicicletas,126,ZOFIO,12,USERA,OPERATIVO,439242.4,4470079.97,ETRS89,,,CALLE,ALBARDIN,8,28026,"PARQUE DE LA PALOMA, 000044",20000680,1900-01-01T00:00:00Z,,MU24,MU-51,2026-01-10T00:00:00Z
5166057,Aparcabicicletas,126,ZOFIO,12,USERA,OPERATIVO,439241.59,4470084.53,ETRS89,,,CALLE,ALBARDIN,8,28026,"PARQUE DE LA PALOMA, 000044",20000680,1900-01-01T00:00:00Z,,MU24,MU-51,2026-01-10T00:00:00Z
5182891,Aparcabicicletas,143,MARROQUINA,14,MORATALAZ,OPERATIVO,444800.68,4473460.66,ETRS89,,,CALLE,CAMINO DE LOS VINATEROS,73,28030,"CAMINO DE LOS VINATEROS, 000073",11101667,2019-06-13T00:00:00Z,,MU24,ACB,2026-01-10T00:00:00Z
5182893,Aparcabicicletas,143,MARROQUINA,14,MORATALAZ,OPERATIVO,444799.33,4473461.11,ETRS89,,,CALLE,CAMINO DE LOS VINATEROS,73,28030,"CAMINO DE LOS VINATEROS, 000073",11101667,2019-06-13T00:00:00Z,,MU24,ACB,2026-01-10T00:00:00Z
5182900,Aparcabicicletas,144,MEDIA LEGUA,14,MORATALAZ,OPERATIVO,444379.04,4473562.46,ETRS89,,,CALLE,ARROYO DE LA MEDIA LEGUA,31,28030,"ARROYO DE LA MEDIA LEGUA, 000031",31048406,2019-06-13T00:00:00Z,,MU24,ACB,2026-01-10T00:00:00Z
5182902,Aparcabicicletas,144,MEDIA LEGUA,14,MORATALAZ,OPERATIVO,444380.65,4473562.34,ETRS89,,,CALLE,ARROYO DE LA MEDIA LEGUA,31,28030,"ARROYO DE LA MEDIA LEGUA, 000031",31048406,2019-06-13T00:00:00Z,,MU24,ACB,2026-01-10T00:00:00Z
5182904,Aparcabicicletas,144,MEDIA LEGUA,14,MORATALAZ,OPERATIVO,444373.52,4473562.39,ETRS89,,,CALLE,ARROYO DE LA MEDIA LEGUA,31,28030,"ARROYO DE LA MEDIA LEGUA, 000031",31048406,2019-06-13T00:00:00Z,,MU24,ACB,2026-01-10T00:00:00Z
5182906,Aparcabicicletas,144,MEDIA LEGUA,14,MORATALAZ,OPERATIVO,444375.73,4473562.48,ETRS89,,,CALLE,ARROYO DE LA MEDIA LEGUA,31,28030,"ARROYO DE LA MEDIA LEGUA, 000031",31048406,2019-06-13T00:00:00Z,,MU24,ACB,2026-01-10T00:00:00Z
5182908,Aparcabicicletas,144,MEDIA LEGUA,14,MORATALAZ,OPERATIVO,444378.27,4473562.35,ETRS89,,,CALLE,ARROYO DE LA MEDIA LEGUA,31,28030,"ARROYO DE LA MEDIA LEGUA, 000031",31048406,2019-06-13T00:00:00Z,,MU24,ACB,2026-01-10T00:00:00Z
5182910,Aparcabicicletas,144,MEDIA LEGUA,14,MORATALAZ,OPERATIVO,444372.67,4473562.39,ETRS89,,,CALLE,ARROYO DE LA MEDIA LEGUA,31,28030,"ARROYO DE LA MEDIA LEGUA, 000031",31048406,2019-06-13T00:00:00Z,,MU24,ACB,2026-01-10T00:00:00Z
5182889,Aparcabicicletas,143,MARROQUINA,14,MORATALAZ,OPERATIVO,444798.73,4473461.45,ETRS89,,,CALLE,CAMINO DE LOS VINATEROS,73,28030,"CAMINO DE LOS VINATEROS, 000073",11101667,2019-06-13T00:00:00Z,,MU24,ACB,2026-01-10T00:00:00Z
5182892,Aparcabicicletas,143,MARROQUINA,14,MORATALAZ,OPERATIVO,444800,4473460.89,ETRS89,,,CALLE,CAMINO DE LOS VINATEROS,73,28030,"CAMINO DE LOS VINATEROS, 000073",11101667,2019-06-13T00:00:00Z,,MU24,ACB,2026-01-10T00:00:00Z
5182895,Aparcabicicletas,152,PUEBLO NUEVO,15,CIUDAD LINEAL,OPERATIVO,445695.97,4475023.77,ETRS89,,,CALLE,ARRIAGA,73,28017,,11107027,2019-07-12T00:00:00Z,,MU24,MU-51,2026-01-10T00:00:00Z
5182901,Aparcabicicletas,144,MEDIA LEGUA,14,MORATALAZ,OPERATIVO,444377.51,4473562.36,ETRS89,,,CALLE,ARROYO DE LA MEDIA LEGUA,31,28030,"ARROYO DE LA MEDIA LEGUA, 000031",31048406,2019-06-13T00:00:00Z,,MU24,ACB,2026-01-10T00:00:00Z
5182903,Aparcabicicletas,144,MEDIA LEGUA,14,MORATALAZ,OPERATIVO,444379.8,4473562.34,ETRS89,,,CALLE,ARROYO DE LA MEDIA LEGUA,31,28030,"ARROYO DE LA MEDIA LEGUA, 000031",31048406,2019-06-13T00:00:00Z,,MU24,ACB,2026-01-10T00:00:00Z
5182905,Aparcabicicletas,144,MEDIA LEGUA,14,MORATALAZ,OPERATIVO,444375.05,4473562.38,ETRS89,,,CALLE,ARROYO DE LA MEDIA LEGUA,31,28030,"ARROYO DE LA MEDIA LEGUA, 000031",31048406,2019-06-13T00:00:00Z,,MU24,ACB,2026-01-10T00:00:00Z
5182907,Aparcabicicletas,144,MEDIA LEGUA,14,MORATALAZ,OPERATIVO,444374.2,4473562.49,ETRS89,,,CALLE,ARROYO DE LA MEDIA LEGUA,31,28030,"ARROYO DE LA MEDIA LEGUA, 000031",31048406,2019-06-13T00:00:00Z,,MU24,ACB,2026-01-10T00:00:00Z
5182909,Aparcabicicletas,144,MEDIA LEGUA,14,MORATALAZ,OPERATIVO,444376.58,4473562.37,ETRS89,,,CALLE,ARROYO DE LA MEDIA LEGUA,31,28030,"ARROYO DE LA MEDIA LEGUA, 000031",31048406,2019-06-13T00:00:00Z,,MU24,ACB,2026-01-10T00:00:00Z
5182911,Aparcabicicletas,144,MEDIA LEGUA,14,MORATALAZ,OPERATIVO,444371.91,4473562.4,ETRS89,,,CALLE,ARROYO DE LA MEDIA LEGUA,31,28030,"ARROYO DE LA MEDIA LEGUA, 000031",31048406,2019-06-13T00:00:00Z,,MU24,ACB,2026-01-10T00:00:00Z
5182913,Aparcabicicletas,144,MEDIA LEGUA,14,MORATALAZ,OPERATIVO,444369.7,4473562.2,ETRS89,,,CALLE,ARROYO DE LA MEDIA LEGUA,31,28030,"ARROYO DE LA MEDIA LEGUA, 000031",31048406,2019-06-13T00:00:00Z,,MU24,ACB,2026-01-10T00:00:00Z
5182912,Aparcabicicletas,144,MEDIA LEGUA,14,MORATALAZ,OPERATIVO,444366.48,4473562.11,ETRS89,,,CALLE,ARROYO DE LA MEDIA LEGUA,31,28030,"ARROYO DE LA MEDIA LEGUA, 000031",31048406,2019-06-13T00:00:00Z,,MU24,ACB,2026-01-10T00:00:00Z
5182914,Aparcabicicletas,144,MEDIA LEGUA,14,MORATALAZ,OPERATIVO,444368,4473562.1,ETRS89,,,CALLE,ARROYO DE LA MEDIA LEGUA,31,28030,"ARROYO DE LA MEDIA LEGUA, 000031",31048406,2019-06-13T00:00:00Z,,MU24,ACB,2026-01-10T00:00:00Z
5182916,Aparcabicicletas,144,MEDIA LEGUA,14,MORATALAZ,OPERATIVO,444364.95,4473562.12,ETRS89,,,CALLE,ARROYO DE LA MEDIA LEGUA,31,28030,"ARROYO DE LA MEDIA LEGUA, 000031",31048406,2019-06-13T00:00:00Z,,MU24,ACB,2026-01-10T00:00:00Z
5166934,Aparcabicicletas,124,ALMENDRALES,12,USERA,OPERATIVO,440605.02,4470982.76,ETRS89,,,CALLE,FELIPE DIAZ,2,28026,"FELIPE DÍAZ, 000002",11083517,1900-01-01T00:00:00Z,,MU24,MU-51,2026-01-10T00:00:00Z
5166961,Aparcabicicletas,124,ALMENDRALES,12,USERA,OPERATIVO,440602.46,4470980.89,ETRS89,,,CALLE,FELIPE DIAZ,2,28026,"FELIPE DÍAZ, 000002",11083517,1900-01-01T00:00:00Z,,MU24,MU-51,2026-01-10T00:00:00Z
5176402,Aparcabicicletas,12,EMBAJADORES,1,CENTRO,OPERATIVO,440092.56,4473126.81,ETRS89,,,CALLE,PEÑA DE FRANCIA,14,28005,28005,11001969,2016-02-02T00:00:00Z,,MU24,MU-51,2026-01-10T00:00:00Z
5176404,Aparcabicicletas,12,EMBAJADORES,1,CENTRO,OPERATIVO,440092.32,4473128.81,ETRS89,,,CALLE,PEÑA DE FRANCIA,14,28005,28005,11001969,2016-02-02T00:00:00Z,,MU24,MU-51,2026-01-10T00:00:00Z
5176406,Aparcabicicletas,12,EMBAJADORES,1,CENTRO,OPERATIVO,440092.19,4473132.81,ETRS89,,,CALLE,PEÑA DE FRANCIA,14,28005,28005,11001969,2016-02-02T00:00:00Z,,MU24,MU-51,2026-01-10T00:00:00Z
5176408,Aparcabicicletas,12,EMBAJADORES,1,CENTRO,OPERATIVO,440019.62,4473077.77,ETRS89,,,CALLE,CASINO,26,28005,28005,31004027,2016-02-02T00:00:00Z,,MU24,MU-51,2026-01-10T00:00:00Z
5176410,Aparcabicicletas,12,EMBAJADORES,1,CENTRO,OPERATIVO,440020.88,4473077.1,ETRS89,,,CALLE,CASINO,26,28005,28005,31004027,2016-02-02T00:00:00Z,,MU24,MU-51,2026-01-10T00:00:00Z
5176412,Aparcabicicletas,12,EMBAJADORES,1,CENTRO,OPERATIVO,440024.38,4473079.73,ETRS89,,,CALLE,CASINO,26,28005,28005,31004027,2016-02-02T00:00:00Z,,MU24,MU-51,2026-01-10T00:00:00Z
5180199,Aparcabicicletas,11,PALACIO,1,CENTRO,OPERATIVO,439727.32,4474465.81,ETRS89,,,CALLE,FELIPE V,2,28013,28013,11000279,2013-08-15T00:00:00Z,,MU24,MU-51,2026-01-10T00:00:00Z
5180201,Aparcabicicletas,11,PALACIO,1,CENTRO,OPERATIVO,439733.52,4474465.98,ETRS89,,,CALLE,FELIPE V,2,28013,28013,11000279,2013-08-15T00:00:00Z,,MU24,MU-51,2026-01-10T00:00:00Z
5182915,Aparcabicicletas,144,MEDIA LEGUA,14,MORATALAZ,OPERATIVO,444368.77,4473562.09,ETRS89,,,CALLE,ARROYO DE LA MEDIA LEGUA,31,28030,"ARROYO DE LA MEDIA LEGUA, 000031",31048406,2019-06-13T00:00:00Z,,MU24,ACB,2026-01-10T00:00:00Z
5182917,Aparcabicicletas,144,MEDIA LEGUA,14,MORATALAZ,OPERATIVO,444371.15,4473562.3,ETRS89,,,CALLE,ARROYO DE LA MEDIA LEGUA,31,28030,"ARROYO DE LA MEDIA LEGUA, 000031",31048406,2019-06-13T00:00:00Z,,MU24,ACB,2026-01-10T00:00:00Z
5182919,Aparcabicicletas,144,MEDIA LEGUA,14,MORATALAZ,OPERATIVO,444365.63,4473562.11,ETRS89,,,CALLE,ARROYO DE LA MEDIA LEGUA,31,28030,"ARROYO DE LA MEDIA LEGUA, 000031",31048406,2019-06-13T00:00:00Z,,MU24,ACB,2026-01-10T00:00:00Z
5182921,Aparcabicicletas,144,MEDIA LEGUA,14,MORATALAZ,OPERATIVO,444362.66,4473562.14,ETRS89,,,CALLE,ARROYO DE LA MEDIA LEGUA,31,28030,"ARROYO DE LA MEDIA LEGUA, 000031",31048406,2019-06-13T00:00:00Z,,MU24,ACB,2026-01-10T00:00:00Z
5166960,Aparcabicicletas,124,ALMENDRALES,12,USERA,OPERATIVO,440603.82,4470981.88,ETRS89,,,CALLE,FELIPE DIAZ,2,28026,"FELIPE DÍAZ, 000002",11083517,1900-01-01T00:00:00Z,,MU24,MU-51,2026-01-10T00:00:00Z
5176401,Aparcabicicletas,12,EMBAJADORES,1,CENTRO,OPERATIVO,440092.56,4473126.92,ETRS89,,,CALLE,PEÑA DE FRANCIA,14,28005,28005,11001969,2016-02-02T00:00:00Z,,MU24,MU-51,2026-01-10T00:00:00Z
5176403,Aparcabicicletas,12,EMBAJADORES,1,CENTRO,OPERATIVO,440092.66,4473127.92,ETRS89,,,CALLE,PEÑA DE FRANCIA,14,28005,28005,11001969,2016-02-02T00:00:00Z,,MU24,MU-51,2026-01-10T00:00:00Z
5176405,Aparcabicicletas,12,EMBAJADORES,1,CENTRO,OPERATIVO,440092.42,4473130.03,ETRS89,,,CALLE,PEÑA DE FRANCIA,14,28005,28005,11001969,2016-02-02T00:00:00Z,,MU24,MU-51,2026-01-10T00:00:00Z
5176407,Aparcabicicletas,12,EMBAJADORES,1,CENTRO,OPERATIVO,440018.59,4473077.11,ETRS89,,,CALLE,CASINO,26,28005,28005,31004027,2016-02-02T00:00:00Z,,MU24,MU-51,2026-01-10T00:00:00Z
5176409,Aparcabicicletas,12,EMBAJADORES,1,CENTRO,OPERATIVO,440021.74,4473078.64,ETRS89,,,CALLE,CASINO,26,28005,28005,31004027,2016-02-02T00:00:00Z,,MU24,MU-51,2026-01-10T00:00:00Z
5176411,Aparcabicicletas,12,EMBAJADORES,1,CENTRO,OPERATIVO,440023.62,4473079.18,ETRS89,,,CALLE,CASINO,26,28005,28005,31004027,2016-02-02T00:00:00Z,,MU24,MU-51,2026-01-10T00:00:00Z
5180198,Aparcabicicletas,11,PALACIO,1,CENTRO,OPERATIVO,439729.03,4474467.24,ETRS89,,,CALLE,FELIPE V,2,28013,28013,11000279,2013-08-15T00:00:00Z,,MU24,MU-51,2026-01-10T00:00:00Z
5180200,Aparcabicicletas,11,PALACIO,1,CENTRO,OPERATIVO,439726.21,4474464.49,ETRS89,,,CALLE,FELIPE V,2,28013,28013,11000279,2013-08-15T00:00:00Z,,MU24,MU-51,2026-01-10T00:00:00Z
5180202,Aparcabicicletas,11,PALACIO,1,CENTRO,OPERATIVO,439734.8,4474467.53,ETRS89,,,CALLE,FELIPE V,2,28013,28013,11000279,2013-08-15T00:00:00Z,,MU24,MU-51,2026-01-10T00:00:00Z
5197252,Aparcabicicletas,65,VALDEACEDERAS,6,TETUAN,OPERATIVO,440781.82,4479142.35,ETRS89,,,CALLE,BRAVO MURILLO,289,28020,28020,11036491,2019-10-01T00:00:00Z,,MU24,MU-51,2026-01-10T00:00:00Z
5197254,Aparcabicicletas,65,VALDEACEDERAS,6,TETUAN,OPERATIVO,440780.79,4479140.47,ETRS89,,,CALLE,BRAVO MURILLO,289,28020,28020,11036491,2019-10-01T00:00:00Z,,MU24,MU-51,2026-01-10T00:00:00Z
5211157,Aparcabicicletas,73,TRAFALGAR,7,CHAMBERI,OPERATIVO,440804.33,4476025.98,ETRS89,,,CALLE,SANTA ENGRACIA,43,28010,28010,11040614,2019-11-08T00:00:00Z,,MU24,MU-51,2026-01-10T00:00:00Z
5211160,Aparcabicicletas,73,TRAFALGAR,7,CHAMBERI,OPERATIVO,440803.93,4476027.98,ETRS89,,,CALLE,SANTA ENGRACIA,43,28010,28010,11040614,2019-11-08T00:00:00Z,,MU24,MU-51,2026-01-10T00:00:00Z
5211416,Aparcabicicletas,25,DELICIAS,2,ARGANZUELA,OPERATIVO,441783.55,4472213.01,ETRS89,,,CALLE,JUAN DE MARIANA,17B,28045,28045,20064351,,,MU24,MU-51,2026-01-10T00:00:00Z
5211418,Aparcabicicletas,25,DELICIAS,2,ARGANZUELA,OPERATIVO,441784.06,4472213.45,ETRS89,,,CALLE,JUAN DE MARIANA,17B,28045,28045,20064351,,,MU24,MU-51,2026-01-10T00:00:00Z
5211420,Aparcabicicletas,25,DELICIAS,2,ARGANZUELA,OPERATIVO,441784.58,4472213.89,ETRS89,,,CALLE,JUAN DE MARIANA,17B,28045,28045,20064351,,,MU24,MU-51,2026-01-10T00:00:00Z
5213765,Aparcabicicletas,94,VALDEZARZA,9,MONCLOA-ARAVACA,OPERATIVO,438882.19,4479993.97,ETRS89,,,CALLE,VALDERREY,9,28035,,11054452,2019-08-26T00:00:00Z,,MU24,MU-51,2026-01-10T00:00:00Z
5213768,Aparcabicicletas,94,VALDEZARZA,9,MONCLOA-ARAVACA,OPERATIVO,438881.62,4479991.75,ETRS89,,,CALLE,VALDERREY,9,28035,,11054452,2019-08-26T00:00:00Z,,MU24,MU-51,2026-01-10T00:00:00Z
5213791,Aparcabicicletas,132,SAN DIEGO,13,PUENTE DE VALLECAS,OPERATIVO,443492.71,4471854.94,ETRS89,,,CALLE,PEÑA GORBEA,33,28053,"PEÑA GORBEA, 000033",20028268,2019-12-03T00:00:00Z,,MU24,MU-51,2026-01-10T00:00:00Z
5213793,Aparcabicicletas,132,SAN DIEGO,13,PUENTE DE VALLECAS,OPERATIVO,443490.77,4471855.73,ETRS89,,,CALLE,PEÑA GORBEA,31,28053,"PEÑA GORBEA, 000033",20028266,2019-12-03T00:00:00Z,,MU24,MU-51,2026-01-10T00:00:00Z
5180204,Aparcabicicletas,11,PALACIO,1,CENTRO,OPERATIVO,439736.0,4474468.63,ETRS89,,,CALLE,ARRIETA,6,28013,28013,20003788,2013-08-15T00:00:00Z,,MU24,MU-51,2026-01-10T00:00:00Z
5197253,Aparcabicicletas,65,VALDEACEDERAS,6,TETUAN,OPERATIVO,440781.3,4479141.35,ETRS89,,,CALLE,BRAVO MURILLO,289,28020,28020,11036491,2019-10-01T00:00:00Z,,MU24,MU-51,2026-01-10T00:00:00Z
5211144,Aparcabicicletas,73,TRAFALGAR,7,CHAMBERI,OPERATIVO,440804.92,4476025.53,ETRS89,,,CALLE,SANTA ENGRACIA,43,28010,28010,11040614,2019-11-08T00:00:00Z,,MU24,MU-51,2026-01-10T00:00:00Z
5211158,Aparcabicicletas,73,TRAFALGAR,7,CHAMBERI,OPERATIVO,440804.09,4476026.98,ETRS89,,,CALLE,SANTA ENGRACIA,43,28010,28010,11040614,2019-11-08T00:00:00Z,,MU24,MU-51,2026-01-10T00:00:00Z
5211161,Aparcabicicletas,73,TRAFALGAR,7,CHAMBERI,OPERATIVO,440803.84,4476028.2,ETRS89,,,CALLE,SANTA ENGRACIA,43,28010,28010,11040614,2019-11-08T00:00:00Z,,MU24,MU-51,2026-01-10T00:00:00Z
5211417,Aparcabicicletas,25,DELICIAS,2,ARGANZUELA,OPERATIVO,441785.26,4472214.33,ETRS89,,,CALLE,JUAN DE MARIANA,17B,28045,28045,20064351,,,MU24,MU-51,2026-01-10T00:00:00Z
5211419,Aparcabicicletas,25,DELICIAS,2,ARGANZUELA,OPERATIVO,441785.94,4472214.77,ETRS89,,,CALLE,JUAN DE MARIANA,17B,28045,28045,20064351,,,MU24,MU-51,2026-01-10T00:00:00Z
5213763,Aparcabicicletas,94,VALDEZARZA,9,MONCLOA-ARAVACA,OPERATIVO,438882.46,4479995.21,ETRS89,,,CALLE,VALDERREY,9,28035,,11054452,2019-08-26T00:00:00Z,,MU24,MU-51,2026-01-10T00:00:00Z
5213766,Aparcabicicletas,94,VALDEZARZA,9,MONCLOA-ARAVACA,OPERATIVO,438881.89,4479992.81,ETRS89,,,CALLE,VALDERREY,9,28035,,11054452,2019-08-26T00:00:00Z,,MU24,MU-51,2026-01-10T00:00:00Z
5182918,Aparcabicicletas,144,MEDIA LEGUA,14,MORATALAZ,OPERATIVO,444370.47,4473562.3,ETRS89,,,CALLE,ARROYO DE LA MEDIA LEGUA,31,28030,"ARROYO DE LA MEDIA LEGUA, 000031",31048406,2019-06-13T00:00:00Z,,MU24,ACB,2026-01-10T00:00:00Z
5182920,Aparcabicicletas,144,MEDIA LEGUA,14,MORATALAZ,OPERATIVO,444367.24,4473562.1,ETRS89,,,CALLE,ARROYO DE LA MEDIA LEGUA,31,28030,"ARROYO DE LA MEDIA LEGUA, 000031",31048406,2019-06-13T00:00:00Z,,MU24,ACB,2026-01-10T00:00:00Z
5182922,Aparcabicicletas,144,MEDIA LEGUA,14,MORATALAZ,OPERATIVO,444364.19,4473562.13,ETRS89,,,CALLE,ARROYO DE LA MEDIA LEGUA,31,28030,"ARROYO DE LA MEDIA LEGUA, 000031",31048406,2019-06-13T00:00:00Z,,MU24,ACB,2026-01-10T00:00:00Z
5182924,Aparcabicicletas,144,MEDIA LEGUA,14,MORATALAZ,OPERATIVO,444361.9,4473562.14,ETRS89,,,CALLE,ARROYO DE LA MEDIA LEGUA,31,28030,"ARROYO DE LA MEDIA LEGUA, 000031",31048406,2019-06-13T00:00:00Z,,MU24,ACB,2026-01-10T00:00:00Z
5214356,Aparcabicicletas,53,CIUDAD JARDIN,5,CHAMARTIN,OPERATIVO,443364.59,4478034.6,ETRS89,,,CALLE,LUIS LARRAINZA,57,28002,28002,11023059,1900-01-01T00:00:00Z,,MU24,MU-51,2026-01-10T00:00:00Z
5214358,Aparcabicicletas,53,CIUDAD JARDIN,5,CHAMARTIN,OPERATIVO,443362.13,4478034.29,ETRS89,,,CALLE,LUIS LARRAINZA,57,28002,28002,11023438,1900-01-01T00:00:00Z,,MU24,MU-51,2026-01-10T00:00:00Z
5214360,Aparcabicicletas,53,CIUDAD JARDIN,5,CHAMARTIN,OPERATIVO,443361.37,4478034.07,ETRS89,,,CALLE,LUIS LARRAINZA,57,28002,28002,11023438,1900-01-01T00:00:00Z,,MU24,MU-51,2026-01-10T00:00:00Z
5214362,Aparcabicicletas,53,CIUDAD JARDIN,5,CHAMARTIN,OPERATIVO,443359.58,4478033.87,ETRS89,,,CALLE,LUIS LARRAINZA,57,28002,28002,11023438,1900-01-01T00:00:00Z,,MU24,MU-51,2026-01-10T00:00:00Z
5217925,Aparcabicicletas,73,TRAFALGAR,7,CHAMBERI,OPERATIVO,440905.78,4475680.94,ETRS89,,,CALLE,SANTA ENGRACIA,11,28010,28010,11040782,2019-12-30T00:00:00Z,,MU24,MU-51,2026-01-10T00:00:00Z
5217927,Aparcabicicletas,73,TRAFALGAR,7,CHAMBERI,OPERATIVO,440903.06,4475680.41,ETRS89,,,CALLE,SANTA ENGRACIA,11,28010,28010,11040782,2019-12-30T00:00:00Z,,MU24,MU-51,2026-01-10T00:00:00Z
5217930,Aparcabicicletas,73,TRAFALGAR,7,CHAMBERI,OPERATIVO,440770.64,4476099.17,ETRS89,,,CALLE,SANTA FELICIANA,20,28010,28010,11040626,2019-12-30T00:00:00Z,,MU24,MU-51,2026-01-10T00:00:00Z
5217932,Aparcabicicletas,73,TRAFALGAR,7,CHAMBERI,OPERATIVO,440767.84,4476098.42,ETRS89,,,CALLE,SANTA FELICIANA,20,28010,28010,11040626,2019-12-30T00:00:00Z,,MU24,MU-51,2026-01-10T00:00:00Z
5217935,Aparcabicicletas,73,TRAFALGAR,7,CHAMBERI,OPERATIVO,440553.11,4475740.79,ETRS89,,,CALLE,LUCHANA,15,28010,28010,11039891,2019-12-26T00:00:00Z,,MU24,MU-51,2026-01-10T00:00:00Z
5217937,Aparcabicicletas,73,TRAFALGAR,7,CHAMBERI,OPERATIVO,440552.37,4475744.24,ETRS89,,,CALLE,PALAFOX,2,28010,28010,20013776,2019-12-26T00:00:00Z,,MU24,,2026-01-10T00:00:00Z
5217943,Aparcabicicletas,73,TRAFALGAR,7,CHAMBERI,OPERATIVO,440329.58,4475963.8,ETRS89,,,CALLE,GONZALO DE CORDOBA,1,28010,28010,11040088,2019-12-26T00:00:00Z,,MU24,MU-51,2026-01-10T00:00:00Z
5217947,Aparcabicicletas,73,TRAFALGAR,7,CHAMBERI,OPERATIVO,440331.28,4475964.23,ETRS89,,,CALLE,GONZALO DE CORDOBA,1,28010,28010,11040088,2019-12-26T00:00:00Z,,MU24,MU-51,2026-01-10T00:00:00Z
5182923,Aparcabicicletas,144,MEDIA LEGUA,14,MORATALAZ,OPERATIVO,444361.13,4473562.15,ETRS89,,,CALLE,ARROYO DE LA MEDIA LEGUA,31,28030,"ARROYO DE LA MEDIA LEGUA, 000031",31048406,2019-06-13T00:00:00Z,,MU24,ACB,2026-01-10T00:00:00Z
5182925,Aparcabicicletas,144,MEDIA LEGUA,14,MORATALAZ,OPERATIVO,444363.42,4473562.13,ETRS89,,,CALLE,ARROYO DE LA MEDIA LEGUA,31,28030,"ARROYO DE LA MEDIA LEGUA, 000031",31048406,2019-06-13T00:00:00Z,,MU24,ACB,2026-01-10T00:00:00Z
5182927,Aparcabicicletas,144,MEDIA LEGUA,14,MORATALAZ,OPERATIVO,444360.37,4473562.04,ETRS89,,,CALLE,ARROYO DE LA MEDIA LEGUA,29,28030,"ARROYO DE LA MEDIA LEGUA, 000029",11102022,2019-06-13T00:00:00Z,,MU24,ACB,2026-01-10T00:00:00Z
5182934,Aparcabicicletas,152,PUEBLO NUEVO,15,CIUDAD LINEAL,OPERATIVO,445694.51,4475023.9,ETRS89,,,CALLE,ARRIAGA,73,28017,,11107027,2019-04-09T00:00:00Z,,MU24,MU-51,2026-01-10T00:00:00Z
5182936,Aparcabicicletas,152,PUEBLO NUEVO,15,CIUDAD LINEAL,OPERATIVO,445692.53,4475023.9,ETRS89,,,CALLE,ARRIAGA,73,28017,,11107027,2019-04-09T00:00:00Z,,MU24,MU-51,2026-01-10T00:00:00Z
5204273,Aparcabicicletas,14,JUSTICIA,1,CENTRO,OPERATIVO,440863.13,4475049.32,ETRS89,,,CALLE,SAN GREGORIO,17,28004,28004,11004838,2019-08-12T00:00:00Z,,MU24,MU-51,2026-01-10T00:00:00Z
5204920,Aparcabicicletas,14,JUSTICIA,1,CENTRO,OPERATIVO,440858.97,4475037.59,ETRS89,,,CALLE,SAN GREGORIO,15,28004,28004,11004837,2019-08-12T00:00:00Z,,MU24,MU-51,2026-01-10T00:00:00Z
5205794,Aparcabicicletas,55,NUEVA ESPAÑA,5,CHAMARTIN,OPERATIVO,443249.965,4479646.786,ETRS89,,,CALLE,ROSA JARDON,9,28016,28016,11026902,2019-10-30T00:00:00Z,,MU24,MU-51,2026-01-10T00:00:00Z
5205796,Aparcabicicletas,55,NUEVA ESPAÑA,5,CHAMARTIN,OPERATIVO,443247.847,4479647.373,ETRS89,,,CALLE,ROSA JARDON,9,28016,28016,11026902,2019-10-30T00:00:00Z,,MU24,MU-51,2026-01-10T00:00:00Z
5205798,Aparcabicicletas,55,NUEVA ESPAÑA,5,CHAMARTIN,OPERATIVO,443243.337,4479648.59,ETRS89,,,CALLE,ROSA JARDON,6,28016,28016,20102934,2019-10-30T00:00:00Z,,MU24,MU-51,2026-01-10T00:00:00Z
5226527,Aparcabicicletas,12,EMBAJADORES,1,CENTRO,OPERATIVO,439915.94,4473662.27,ETRS89,,,CALLE,TOLEDO,59,28005,28005,11001470,2019-12-10T00:00:00Z,,MU24,MU-51,2026-01-10T00:00:00Z
5182926,Aparcabicicletas,144,MEDIA LEGUA,14,MORATALAZ,OPERATIVO,444359.6,4473562.05,ETRS89,,,CALLE,ARROYO DE LA MEDIA LEGUA,29,28030,"ARROYO DE LA MEDIA LEGUA, 000029",11102022,2019-06-13T00:00:00Z,,MU24,ACB,2026-01-10T00:00:00Z
5182935,Aparcabicicletas,152,PUEBLO NUEVO,15,CIUDAD LINEAL,OPERATIVO,445690.677,4475024.431,ETRS89,,,CALLE,ARRIAGA,73,28017,,11107027,2022-05-11T00:00:00Z,,MU24,MU-51,2026-01-10T00:00:00Z
5183136,Aparcabicicletas,53,CIUDAD JARDIN,5,CHAMARTIN,OPERATIVO,442963.09,4477804.65,ETRS89,,,CALLE,PRADILLO,30,28002,28002,11023728,,,MU24,MU-51,2026-01-10T00:00:00Z
5204274,Aparcabicicletas,14,JUSTICIA,1,CENTRO,OPERATIVO,440863.8,4475048.87,ETRS89,,,CALLE,SAN GREGORIO,17,28004,28004,11004838,2019-08-12T00:00:00Z,,MU24,MU-51,2026-01-10T00:00:00Z
5204932,Aparcabicicletas,14,JUSTICIA,1,CENTRO,OPERATIVO,440860.15,4475037.47,ETRS89,,,CALLE,SAN GREGORIO,15,28004,28004,11004837,2019-08-12T00:00:00Z,,MU24,MU-38,2026-01-10T00:00:00Z
5205795,Aparcabicicletas,55,NUEVA ESPAÑA,5,CHAMARTIN,OPERATIVO,443248.895,4479647.079,ETRS89,,,CALLE,ROSA JARDON,9,28016,28016,11026902,2019-10-30T00:00:00Z,,MU24,MU-51,2026-01-10T00:00:00Z
5205797,Aparcabicicletas,55,NUEVA ESPAÑA,5,CHAMARTIN,OPERATIVO,443244.302,4479648.359,ETRS89,,,CALLE,ROSA JARDON,6,28016,28016,20102934,2019-10-30T00:00:00Z,,MU24,MU-51,2026-01-10T00:00:00Z
5207359,Aparcabicicletas,52,PROSPERIDAD,5,CHAMARTIN,OPERATIVO,443390.49,4477129.93,ETRS89,,,CALLE,CORAZON DE MARIA,25,28002,28002,11022809,2019-10-30T00:00:00Z,,MU24,MU-51,2026-01-10T00:00:00Z
5213790,Aparcabicicletas,132,SAN DIEGO,13,PUENTE DE VALLECAS,OPERATIVO,443494.49,4471854.26,ETRS89,,,CALLE,PEÑA GORBEA,33,28053,"PEÑA GORBEA, 000033",20028268,2019-12-03T00:00:00Z,,MU24,MU-51,2026-01-10T00:00:00Z
5213792,Aparcabicicletas,132,SAN DIEGO,13,PUENTE DE VALLECAS,OPERATIVO,443493.64,4471854.6,ETRS89,,,CALLE,PEÑA GORBEA,33,28053,"PEÑA GORBEA, 000033",20028268,2019-12-03T00:00:00Z,,MU24,MU-51,2026-01-10T00:00:00Z
5213794,Aparcabicicletas,132,SAN DIEGO,13,PUENTE DE VALLECAS,OPERATIVO,443491.697,4471855.279,ETRS89,,,CALLE,PEÑA GORBEA,33,28053,"PEÑA GORBEA, 000033",20028268,2019-12-03T00:00:00Z,,MU24,MU-51,2026-01-10T00:00:00Z
5214357,Aparcabicicletas,53,CIUDAD JARDIN,5,CHAMARTIN,OPERATIVO,443363.66,4478034.61,ETRS89,,,CALLE,LUIS LARRAINZA,57,28002,28002,11023438,1900-01-01T00:00:00Z,,MU24,MU-51,2026-01-10T00:00:00Z
5214359,Aparcabicicletas,53,CIUDAD JARDIN,5,CHAMARTIN,OPERATIVO,443362.81,4478034.51,ETRS89,,,CALLE,LUIS LARRAINZA,57,28002,28002,11023438,1900-01-01T00:00:00Z,,MU24,MU-51,2026-01-10T00:00:00Z
5214361,Aparcabicicletas,53,CIUDAD JARDIN,5,CHAMARTIN,OPERATIVO,443360.52,4478033.97,ETRS89,,,CALLE,LUIS LARRAINZA,57,28002,28002,11023438,1900-01-01T00:00:00Z,,MU24,MU-51,2026-01-10T00:00:00Z
5217926,Aparcabicicletas,73,TRAFALGAR,7,CHAMBERI,OPERATIVO,440904.59,4475680.4,ETRS89,,,CALLE,SANTA ENGRACIA,11,28010,28010,11040782,2019-12-30T00:00:00Z,,MU24,MU-51,2026-01-10T00:00:00Z
5217928,Aparcabicicletas,73,TRAFALGAR,7,CHAMBERI,OPERATIVO,440901.36,4475680.09,ETRS89,,,CALLE,SANTA ENGRACIA,11,28010,28010,11040782,2019-12-30T00:00:00Z,,MU24,MU-51,2026-01-10T00:00:00Z
5217931,Aparcabicicletas,73,TRAFALGAR,7,CHAMBERI,OPERATIVO,440769.03,4476098.85,ETRS89,,,CALLE,SANTA FELICIANA,20,28010,28010,11040626,2019-12-30T00:00:00Z,,MU24,MU-51,2026-01-10T00:00:00Z
5217933,Aparcabicicletas,73,TRAFALGAR,7,CHAMBERI,OPERATIVO,440765.62,4476097.33,ETRS89,,,CALLE,SANTA FELICIANA,20,28010,28010,11040626,2019-12-30T00:00:00Z,,MU24,MU-51,2026-01-10T00:00:00Z
5217936,Aparcabicicletas,73,TRAFALGAR,7,CHAMBERI,OPERATIVO,440553.29,4475741.68,ETRS89,,,CALLE,LUCHANA,15,28010,28010,11039891,2019-12-26T00:00:00Z,,MU24,MU-51,2026-01-10T00:00:00Z
5217938,Aparcabicicletas,73,TRAFALGAR,7,CHAMBERI,OPERATIVO,440552.7,4475742.13,ETRS89,,,CALLE,LUCHANA,15,28010,28010,11039891,2019-12-26T00:00:00Z,,MU24,MU-51,2026-01-10T00:00:00Z
5217946,Aparcabicicletas,73,TRAFALGAR,7,CHAMBERI,OPERATIVO,440330.52,4475964.24,ETRS89,,,CALLE,GONZALO DE CORDOBA,1,28010,28010,11040088,2019-12-26T00:00:00Z,,MU24,MU-51,2026-01-10T00:00:00Z
5217948,Aparcabicicletas,73,TRAFALGAR,7,CHAMBERI,OPERATIVO,440333.66,4475964.99,ETRS89,,,CALLE,GONZALO DE CORDOBA,1,28010,28010,11040088,2019-12-26T00:00:00Z,,MU24,MU-51,2026-01-10T00:00:00Z
5226490,Aparcabicicletas,11,PALACIO,1,CENTRO,OPERATIVO,439555.05,4473628.88,ETRS89,,,CALLE,AGUAS,12,28005,28005,31000990,2019-12-10T00:00:00Z,,MU24,MU-51,2026-01-10T00:00:00Z
5226514,Aparcabicicletas,11,PALACIO,1,CENTRO,OPERATIVO,439724.02,4473664.81,ETRS89,,,CALLE,HUMILLADERO,2,28005,28005,11000857,2019-12-10T00:00:00Z,,MU24,MU-51,2026-01-10T00:00:00Z
5226529,Aparcabicicletas,12,EMBAJADORES,1,CENTRO,OPERATIVO,439915.52,4473662.94,ETRS89,,,CALLE,TOLEDO,59,28005,28005,11001470,2019-12-10T00:00:00Z,,MU24,MU-51,2026-01-10T00:00:00Z
5226535,Aparcabicicletas,12,EMBAJADORES,1,CENTRO,OPERATIVO,440025.84,4473686.04,ETRS89,,,CALLE,DUQUE DE ALBA,14,28012,28012,11001497,2019-12-10T00:00:00Z,,MU24,MU-51,2026-01-10T00:00:00Z
5226539,Aparcabicicletas,12,EMBAJADORES,1,CENTRO,OPERATIVO,440054.51,4473695.24,ETRS89,,,CALLE,DUQUE DE ALBA,12,28012,28012,11001496,2019-12-10T00:00:00Z,,MU24,MU-51,2026-01-10T00:00:00Z
5226542,Aparcabicicletas,12,EMBAJADORES,1,CENTRO,OPERATIVO,440078.42,4473704.05,ETRS89,,,CALLE,DUQUE DE ALBA,8,28012,,11001494,2019-12-10T00:00:00Z,,MU24,MU-51,2026-01-10T00:00:00Z
5226557,Aparcabicicletas,12,EMBAJADORES,1,CENTRO,OPERATIVO,440433.06,4473763.16,ETRS89,,,CALLE,MAGDALENA,11,28012,28012,11001632,2019-12-10T00:00:00Z,,MU24,MU-51,2026-01-10T00:00:00Z
5226560,Aparcabicicletas,12,EMBAJADORES,1,CENTRO,OPERATIVO,440538.63,4473765.65,ETRS89,,,CALLE,MAGDALENA,23,28012,28012,11001637,2019-12-10T00:00:00Z,,MU24,MU-51,2026-01-10T00:00:00Z
5226562,Aparcabicicletas,12,EMBAJADORES,1,CENTRO,OPERATIVO,440631.92,4473759.14,ETRS89,,,CALLE,MAGDALENA,40,28012,28012,11002536,2019-12-10T00:00:00Z,,MU24,MU-51,2026-01-10T00:00:00Z
5897789,Aparcabicicletas,133,PALOMERAS BAJAS,13,PUENTE DE VALLECAS,OPERATIVO,443982.63,4471326.54,ETRS89,,,CALLE,PAYASO FOFO,11,28018,,20081841,2020-02-19T00:00:00Z,,MU24,MU-51,2026-01-10T00:00:00Z
5897791,Aparcabicicletas,133,PALOMERAS BAJAS,13,PUENTE DE VALLECAS,OPERATIVO,443978.29,4471221.79,ETRS89,,,CALLE,SIERRA BERMEJA,45,28018,,31056278,2020-02-20T00:00:00Z,,MU24,MU-51,2026-01-10T00:00:00Z
5226534,Aparcabicicletas,12,EMBAJADORES,1,CENTRO,OPERATIVO,440026.6,4473686.25,ETRS89,,,CALLE,DUQUE DE ALBA,14,28012,28012,11001497,2019-12-10T00:00:00Z,,MU24,MU-51,2026-01-10T00:00:00Z
5226537,Aparcabicicletas,12,EMBAJADORES,1,CENTRO,OPERATIVO,440055.19,4473695.46,ETRS89,,,CALLE,DUQUE DE ALBA,12,28012,28012,11001496,2019-12-10T00:00:00Z,,MU24,MU-51,2026-01-10T00:00:00Z
5226540,Aparcabicicletas,12,EMBAJADORES,1,CENTRO,OPERATIVO,440093.4,4473709.48,ETRS89,,,CALLE,DUQUE DE ALBA,6,28012,28012,11001493,2019-12-10T00:00:00Z,,MU24,MU-51,2026-01-10T00:00:00Z
5226556,Aparcabicicletas,12,EMBAJADORES,1,CENTRO,OPERATIVO,440420.68,4473764.59,ETRS89,,,CALLE,MAGDALENA,10,28012,28012,11002523,2019-12-10T00:00:00Z,,MU24,MU-51,2026-01-10T00:00:00Z
5226559,Aparcabicicletas,12,EMBAJADORES,1,CENTRO,OPERATIVO,440539.31,4473765.65,ETRS89,,,CALLE,MAGDALENA,23,28012,28012,11001637,2019-12-10T00:00:00Z,,MU24,MU-51,2026-01-10T00:00:00Z
5226561,Aparcabicicletas,12,EMBAJADORES,1,CENTRO,OPERATIVO,440564.39,4473760.56,ETRS89,,,CALLE,MAGDALENA,30,28012,28012,11002531,2019-12-10T00:00:00Z,,MU24,MU-51,2026-01-10T00:00:00Z
5226565,Aparcabicicletas,12,EMBAJADORES,1,CENTRO,OPERATIVO,440078.42,4473704.05,ETRS89,,,CALLE,DUQUE DE ALBA,8,28012,,11001494,2019-12-10T00:00:00Z,,MU24,MU-51,2026-01-10T00:00:00Z
5897790,Aparcabicicletas,133,PALOMERAS BAJAS,13,PUENTE DE VALLECAS,OPERATIVO,443980.66,4471221.88,ETRS89,,,CALLE,PAYASO FOFO,44,28018,,20081928,2020-02-20T00:00:00Z,,MU24,MU-51,2026-01-10T00:00:00Z
5897792,Aparcabicicletas,133,PALOMERAS BAJAS,13,PUENTE DE VALLECAS,OPERATIVO,443981.02,4471326.56,ETRS89,,,CALLE,PAYASO FOFO,44,28018,,20081928,2020-02-19T00:00:00Z,,MU24,MU-51,2026-01-10T00:00:00Z
5897794,Aparcabicicletas,133,PALOMERAS BAJAS,13,PUENTE DE VALLECAS,OPERATIVO,443979.05,4471221.78,ETRS89,,,CALLE,PAYASO FOFO,44,28018,,20081928,1900-01-01T00:00:00Z,,MU24,MU-51,2026-01-10T00:00:00Z
5897800,Aparcabicicletas,133,PALOMERAS BAJAS,13,PUENTE DE VALLECAS,OPERATIVO,443983.4,4471326.54,ETRS89,,,CALLE,SIERRA BERMEJA,45,28018,,31056278,2020-02-19T00:00:00Z,,MU24,MU-51,2026-01-10T00:00:00Z
5897842,Aparcabicicletas,133,PALOMERAS BAJAS,13,PUENTE DE VALLECAS,OPERATIVO,444034.06,4471314.62,ETRS89,,,CALLE,SIERRA DEL VALLE,60,28018,,31053761,2020-02-19T00:00:00Z,,MU24,MU-51,2026-01-10T00:00:00Z
5897797,Aparcabicicletas,133,PALOMERAS BAJAS,13,PUENTE DE VALLECAS,OPERATIVO,443979.9,4471221.89,ETRS89,,,CALLE,PAYASO FOFO,44,28018,,20081928,2020-02-20T00:00:00Z,,MU24,MU-51,2026-01-10T00:00:00Z
5897841,Aparcabicicletas,133,PALOMERAS BAJAS,13,PUENTE DE VALLECAS,OPERATIVO,444034.42,4471317.28,ETRS89,,,CALLE,ARROYO DEL OLIVAR,96,28018,,11095589,2020-02-19T00:00:00Z,,MU24,MU-51,2026-01-10T00:00:00Z
5897843,Aparcabicicletas,133,PALOMERAS BAJAS,13,PUENTE DE VALLECAS,OPERATIVO,444034.25,4471316.39,ETRS89,,,CALLE,SIERRA DEL VALLE,60,28018,,31053761,2020-02-19T00:00:00Z,,MU24,MU-51,2026-01-10T00:00:00Z
5898034,Aparcabicicletas,133,PALOMERAS BAJAS,13,PUENTE DE VALLECAS,OPERATIVO,444011,4471158.71,ETRS89,,,CALLE,PAYASO FOFO,11,28018,,20081841,2020-02-19T00:00:00Z,,MU24,MU-51,2026-01-10T00:00:00Z
5898037,Aparcabicicletas,133,PALOMERAS BAJAS,13,PUENTE DE VALLECAS,OPERATIVO,444010.84,4471159.49,ETRS89,,,CALLE,PAYASO FOFO,11,28018,,20081841,2020-02-19T00:00:00Z,,MU24,MU-51,2026-01-10T00:00:00Z
61944,Aparcabicicletas,208,EL SALVADOR,20,SAN BLAS-CANILLEJAS,OPERATIVO,446664.287,4476986.86,ETRS89,,,CALLE,IQUITOS,20,28027,PORTAL,20043518,2022-08-23T00:00:00Z,1085633,MU24,MU-51,2026-01-10T00:00:00Z
61947,Aparcabicicletas,207,CANILLEJAS,20,SAN BLAS-CANILLEJAS,OPERATIVO,448094.48,4477466.96,ETRS89,,,CALLE,BOLTAÑA,68,28022,PORTAL,11138222,2019-06-14T00:00:00Z,1080231,MU24,MU-51,2026-01-10T00:00:00Z
63443,Aparcabicicletas,208,EL SALVADOR,20,SAN BLAS-CANILLEJAS,OPERATIVO,446730.82,4477653.36,ETRS89,,,CALLE,JUAN IGNACIO LUCA DE TENA,23,28027,GARAJE,20071600,2022-07-06T00:00:00Z,1103930,MU24,MU-51,2026-01-10T00:00:00Z
63445,Aparcabicicletas,208,EL SALVADOR,20,SAN BLAS-CANILLEJAS,OPERATIVO,446731.56,4477653.23,ETRS89,,,CALLE,JUAN IGNACIO LUCA DE TENA,23,28027,GARAJE,20071600,2022-09-15T00:00:00Z,1103932,MU24,MU-51,2026-01-10T00:00:00Z
63447,Aparcabicicletas,208,EL SALVADOR,20,SAN BLAS-CANILLEJAS,OPERATIVO,446733.07,4477653.08,ETRS89,,,CALLE,JUAN IGNACIO LUCA DE TENA,23,28027,GARAJE,20071600,2019-06-14T00:00:00Z,1103934,MU24,MU-51,2026-01-10T00:00:00Z
5897844,Aparcabicicletas,133,PALOMERAS BAJAS,13,PUENTE DE VALLECAS,OPERATIVO,444034.16,4471315.5,ETRS89,,,CALLE,SIERRA DEL VALLE,60,28018,,31053761,2020-02-19T00:00:00Z,,MU24,MU-51,2026-01-10T00:00:00Z
5898036,Aparcabicicletas,133,PALOMERAS BAJAS,13,PUENTE DE VALLECAS,OPERATIVO,444010.51,4471160.94,ETRS89,,,CALLE,PAYASO FOFO,11,28018,,20081841,2020-02-19T00:00:00Z,,MU24,MU-51,2026-01-10T00:00:00Z
5898039,Aparcabicicletas,133,PALOMERAS BAJAS,13,PUENTE DE VALLECAS,OPERATIVO,444010.67,4471160.16,ETRS89,,,CALLE,PAYASO FOFO,11,28018,,20081841,2020-02-19T00:00:00Z,,MU24,MU-51,2026-01-10T00:00:00Z
61945,Aparcabicicletas,208,EL SALVADOR,20,SAN BLAS-CANILLEJAS,OPERATIVO,446665.016,4476987.063,ETRS89,,,CALLE,IQUITOS,20,28027,PORTAL,20043518,2022-08-23T00:00:00Z,1085634,MU24,MU-51,2026-01-10T00:00:00Z
62932,Aparcabicicletas,207,CANILLEJAS,20,SAN BLAS-CANILLEJAS,OPERATIVO,448336.37,4477775.01,ETRS89,,,CALLE,ALCALA,629,28022,GARAJE,20052950,2019-06-14T00:00:00Z,1080437,MU24,MU-51,2026-01-10T00:00:00Z
63444,Aparcabicicletas,208,EL SALVADOR,20,SAN BLAS-CANILLEJAS,OPERATIVO,446733.86,4477652.95,ETRS89,,,CALLE,JUAN IGNACIO LUCA DE TENA,23,28027,GARAJE,20071600,2019-06-14T00:00:00Z,1103931,MU24,MU-51,2026-01-10T00:00:00Z
63446,Aparcabicicletas,208,EL SALVADOR,20,SAN BLAS-CANILLEJAS,OPERATIVO,446732.26,4477653.17,ETRS89,,,CALLE,JUAN IGNACIO LUCA DE TENA,23,28027,GARAJE,20071600,2022-09-08T00:00:00Z,1103933,MU24,MU-51,2026-01-10T00:00:00Z
63465,Aparcabicicletas,206,REJAS,20,SAN BLAS-CANILLEJAS,OPERATIVO,449624.08,4477274.71,ETRS89,,,CALLE,ONCE,7,28022,JARDIN,31024847,2019-06-14T00:00:00Z,1103915,MU24,MU-51,2026-01-10T00:00:00Z
63467,Aparcabicicletas,206,REJAS,20,SAN BLAS-CANILLEJAS,OPERATIVO,449623.96,4477273.69,ETRS89,,,CALLE,ONCE,7,28022,JARDIN,31024847,2019-06-14T00:00:00Z,1103919,MU24,MU-51,2026-01-10T00:00:00Z
528288,Aparcabicicletas,117,ABRANTES,11,CARABANCHEL,OPERATIVO,438098.82,4469885.84,ETRS89,,,CALLE,VIA LUSITANA,19,28025,"VÍA LUSITANA, 000019",31061910,1900-01-01T00:00:00Z,,MU24,MU-51,2026-01-10T00:00:00Z
528381,Aparcabicicletas,117,ABRANTES,11,CARABANCHEL,OPERATIVO,438842.96,4470577.64,ETRS89,,,CALLE,VIA LUSITANA,1,28025,"CALLE  VIA LUSITANA 1, 28025 Madrid",11078650,2021-12-04T00:00:00Z,,MU24,MU-51,2026-01-10T00:00:00Z
528449,Aparcabicicletas,131,ENTREVIAS,13,PUENTE DE VALLECAS,OPERATIVO,444350.64,4469526.3,ETRS89,,,CALLE,PADRE LLANOS,5,28053,"PADRE LLANOS, 000005",20173638,2021-12-04T00:00:00Z,,MU24,ACB,2026-01-10T00:00:00Z
528612,Aparcabicicletas,142,HORCAJO,14,MORATALAZ,OPERATIVO,446687.13,4473689.56,ETRS89,,,CALLE,FUENTE CARRANTONA,61,28030,"FUENTE CARRANTONA, 000061",31041857,1900-01-01T00:00:00Z,,MU24,ACB,2026-01-10T00:00:00Z
60406,Aparcabicicletas,164,PINAR DEL REY,16,HORTALEZA,OPERATIVO,445118.25,4480204.33,ETRS89,,,CALLE,ANGEL LUIS DE LA HERRAN,42,28043,JARDIN,31016199,2019-05-24T00:00:00Z,1103696,MU24,MU-51,2026-01-10T00:00:00Z
60408,Aparcabicicletas,164,PINAR DEL REY,16,HORTALEZA,OPERATIVO,445121.33,4480205.38,ETRS89,,,CALLE,ANGEL LUIS DE LA HERRAN,35,28043,JARDIN,20089609,2022-07-21T00:00:00Z,1103698,MU24,MU-51,2026-01-10T00:00:00Z
60410,Aparcabicicletas,166,VALDEFUENTES,16,HORTALEZA,OPERATIVO,446476.94,4481219.38,ETRS89,,,CALLE,AURORA REDONDO,4,28055,PARCELA,20167083,2021-09-15T00:00:00Z,1103701,MU24,MU-51,2026-01-10T00:00:00Z
65230,Aparcabicicletas,163,CANILLAS,16,HORTALEZA,OPERATIVO,446795.82,4479490.61,ETRS89,,,CALLE,EL PROVENCIO,20,28043,PORTAL,20094724,2022-08-31T00:00:00Z,1025408,MU24,MU-51,2026-01-10T00:00:00Z
528297,Aparcabicicletas,117,ABRANTES,11,CARABANCHEL,OPERATIVO,437655.3,4469851.88,ETRS89,,,CALLE,CAMINO VIEJO DE LEGANES,188,28025,"CAMINO VIEJO DE LEGANÉS, 000188",31009842,2021-12-04T00:00:00Z,,MU24,MU-51,2026-01-10T00:00:00Z
528424,Aparcabicicletas,136,NUMANCIA,13,PUENTE DE VALLECAS,OPERATIVO,444931.94,4472246.08,ETRS89,,,CALLE,EL BOSCO,22,28038,"EL BOSCO, 000022",31024346,1900-01-01T00:00:00Z,,MU24,MU-51,2026-01-10T00:00:00Z
528611,Aparcabicicletas,142,HORCAJO,14,MORATALAZ,OPERATIVO,446686.02,4473688.68,ETRS89,,,CALLE,FUENTE CARRANTONA,61,28030,"FUENTE CARRANTONA, 000061",31041857,1900-01-01T00:00:00Z,,MU24,ACB,2026-01-10T00:00:00Z
60405,Aparcabicicletas,164,PINAR DEL REY,16,HORTALEZA,OPERATIVO,445116.73,4480203.96,ETRS89,,,CALLE,ANGEL LUIS DE LA HERRAN,42,28043,JARDIN,31016199,2019-07-10T00:00:00Z,1103695,MU24,MU-51,2026-01-10T00:00:00Z
60407,Aparcabicicletas,164,PINAR DEL REY,16,HORTALEZA,OPERATIVO,445119.68,4480204.77,ETRS89,,,CALLE,ANGEL LUIS DE LA HERRAN,35,28043,JARDIN,20089609,2021-05-06T00:00:00Z,1103697,MU24,MU-51,2026-01-10T00:00:00Z
60411,Aparcabicicletas,166,VALDEFUENTES,16,HORTALEZA,OPERATIVO,446476.95,4481220.74,ETRS89,,,CALLE,AURORA REDONDO,4,28055,PARCELA,20167083,2022-07-06T00:00:00Z,1103702,MU24,MU-51,2026-01-10T00:00:00Z
65229,Aparcabicicletas,166,VALDEFUENTES,16,HORTALEZA,OPERATIVO,443991.45,4482067.74,ETRS89,,,CALLE,OÑA,183,28050,PORTAL,11122461,2019-01-29T00:00:00Z,1025396,MU24,MU-51,2026-01-10T00:00:00Z
65236,Aparcabicicletas,211,ALAMEDA DE OSUNA,21,BARAJAS,OPERATIVO,450152.95,4478690.42,ETRS89,,,CALLE,CORBETA,12,28042,PORTAL,11139982,2021-09-14T00:00:00Z,1034218,MU24,MU-51,2026-01-10T00:00:00Z
65238,Aparcabicicletas,163,CANILLAS,16,HORTALEZA,OPERATIVO,444837.19,4479595.27,ETRS89,,,CALLE,MANZANAR,12,28043,FRENTE FACHADA,31037956,2020-09-15T00:00:00Z,1034221,MU24,MU-51,2026-01-10T00:00:00Z
65484,Aparcabicicletas,163,CANILLAS,16,HORTALEZA,OPERATIVO,446795.01,4479489.26,ETRS89,,,CALLE,EL PROVENCIO,20,28043,PORTAL,20094724,2021-09-10T00:00:00Z,1087140,MU24,MU-51,2026-01-10T00:00:00Z
63466,Aparcabicicletas,206,REJAS,20,SAN BLAS-CANILLEJAS,OPERATIVO,449623.73,4477272.67,ETRS89,,,CALLE,ONCE,7,28022,JARDIN,31024847,2022-08-23T00:00:00Z,1103916,MU24,MU-51,2026-01-10T00:00:00Z
64088,Aparcabicicletas,211,ALAMEDA DE OSUNA,21,BARAJAS,OPERATIVO,449437.49,4478069.61,ETRS89,,,CALLE,NORAY,13,28042,PORTAL,20047395,2019-01-29T00:00:00Z,1104336,MU24,MU-51,2026-01-10T00:00:00Z
67717,Aparcabicicletas,166,VALDEFUENTES,16,HORTALEZA,OPERATIVO,444673.02,4482346.68,ETRS89,,,CALLE,INFANTA CATALINA MICAELA,37,28050,PORTAL,31030434,2021-09-24T00:00:00Z,1051161,MU24,MU-51,2026-01-10T00:00:00Z
67742,Aparcabicicletas,164,PINAR DEL REY,16,HORTALEZA,OPERATIVO,446282.35,4480013.01,ETRS89,,,CALLE,AYACUCHO,30,28043,PORTAL,20139448,2023-09-06T00:00:00Z,1051132,MU24,MU-51,2026-01-10T00:00:00Z
65239,Aparcabicicletas,215,CORRALEJOS,21,BARAJAS,OPERATIVO,449732.02,4479526.49,ETRS89,,,CALLE,BAHIA DE POLLENSA,5,28042,PORTAL,31011498,2021-09-14T00:00:00Z,1034222,MU24,MU-51,2026-01-10T00:00:00Z
65534,Aparcabicicletas,163,CANILLAS,16,HORTALEZA,OPERATIVO,444817.59,4479451.48,ETRS89,,,CALLE,AGUSTIN CALVO,8,28043,PORTAL,20160500,2019-06-14T00:00:00Z,1087160,MU24,MU-51,2026-01-10T00:00:00Z
63837,Aparcabicicletas,211,ALAMEDA DE OSUNA,21,BARAJAS,OPERATIVO,449436.85,4478067.92,ETRS89,,,CALLE,NORAY,13,28042,PORTAL,20047395,2019-01-28T00:00:00Z,1104335,MU24,MU-51,2026-01-10T00:00:00Z
64089,Aparcabicicletas,211,ALAMEDA DE OSUNA,21,BARAJAS,OPERATIVO,449437.2,4478068.71,ETRS89,,,CALLE,NORAY,13,28042,PORTAL,20047395,2021-02-11T00:00:00Z,1104785,MU24,MU-51,2026-01-10T00:00:00Z
67741,Aparcabicicletas,163,CANILLAS,16,HORTALEZA,OPERATIVO,446456.9,4479902.71,ETRS89,,,CALLE,LAS PEDROÑERAS,39,28043,PORTAL,11117013,2021-09-14T00:00:00Z,1051131,MU24,MU-51,2026-01-10T00:00:00Z
69314,Aparcabicicletas,153,QUINTANA,15,CIUDAD LINEAL,OPERATIVO,444954.19,4476331.08,ETRS89,,,CALLE,VIRGEN DEL SAGRARIO,22,28027,PORTAL,11109109,2021-09-14T00:00:00Z,1088998,MU24,MU-51,2026-01-10T00:00:00Z
69316,Aparcabicicletas,153,QUINTANA,15,CIUDAD LINEAL,OPERATIVO,444955.03,4476330,ETRS89,,,CALLE,VIRGEN DEL SAGRARIO,22,28027,PORTAL,11109109,2019-01-29T00:00:00Z,1089000,MU24,MU-51,2026-01-10T00:00:00Z
7022772,Aparcabicicletas,33,ESTRELLA,3,RETIRO,OPERATIVO,443507.61,4474024.32,ETRS89,,,CALLE,JUAN ESPLANDIU,1,28007,28007,11012057,,,MU24,MU-51,2026-01-10T00:00:00Z
69315,Aparcabicicletas,153,QUINTANA,15,CIUDAD LINEAL,OPERATIVO,444953.57,4476332.39,ETRS89,,,CALLE,VIRGEN DEL SAGRARIO,22,28027,PORTAL,11109109,2019-06-14T00:00:00Z,1088999,MU24,MU-51,2026-01-10T00:00:00Z
69318,Aparcabicicletas,214,TIMON,21,BARAJAS,OPERATIVO,450412.4,4480424.13,ETRS89,,,CALLE,TIMON,20,28042,PORTAL,11141287,2019-01-29T00:00:00Z,1034233,MU24,MU-51,2026-01-10T00:00:00Z
7022774,Aparcabicicletas,33,ESTRELLA,3,RETIRO,OPERATIVO,443508.03,4474023.54,ETRS89,,,CALLE,JUAN ESPLANDIU,1,28007,28007,11012057,,,MU24,MU-51,2026-01-10T00:00:00Z
7100128,Aparcabicicletas,31,PACIFICO,3,RETIRO,OPERATIVO,442633.91,4472865.84,ETRS89,,,CALLE,ABTAO,15,28007,28007,11010960,2020-05-25T00:00:00Z,,MU24,MU-51,2026-01-10T00:00:00Z
7100130,Aparcabicicletas,31,PACIFICO,3,RETIRO,OPERATIVO,442634.94,4472867.27,ETRS89,,,CALLE,ABTAO,15,28007,28007,11010960,2020-05-25T00:00:00Z,,MU24,MU-51,2026-01-10T00:00:00Z
7100127,Aparcabicicletas,31,PACIFICO,3,RETIRO,OPERATIVO,442634.42,4472866.5,ETRS89,,,CALLE,ABTAO,15,28007,28007,11010960,2020-05-25T00:00:00Z,,MU24,MU-51,2026-01-10T00:00:00Z
7100129,Aparcabicicletas,31,PACIFICO,3,RETIRO,OPERATIVO,442635.45,4472867.93,ETRS89,,,CALLE,ABTAO,15,28007,28007,11010960,2020-05-25T00:00:00Z,,MU24,MU-51,2026-01-10T00:00:00Z
66646,Aparcabicicletas,163,CANILLAS,16,HORTALEZA,OPERATIVO,445153.58,4478954.47,ETRS89,,,CALLE,PALERMO,48,28043,PORTAL,11114868,2023-06-07T00:00:00Z,1070169,MU24,MU-51,2026-01-10T00:00:00Z
66790,Aparcabicicletas,163,CANILLAS,16,HORTALEZA,OPERATIVO,446794.6,4479488.13,ETRS89,,,CALLE,EL PROVENCIO,20,28043,PORTAL,20094724,2021-02-11T00:00:00Z,1087141,MU24,MU-51,2026-01-10T00:00:00Z
6867590,Aparcabicicletas,163,CANILLAS,16,HORTALEZA,OPERATIVO,446671.16,4479525.83,ETRS89,,,CALLE,LAS PEDROÑERAS,10,28043,,11116960,2019-10-02T00:00:00Z,,MU24,MU-51,2026-01-10T00:00:00Z
6867592,Aparcabicicletas,163,CANILLAS,16,HORTALEZA,OPERATIVO,446671.42,4479527.95,ETRS89,,,CALLE,LAS PEDROÑERAS,10,28043,,11116960,2019-10-02T00:00:00Z,,MU24,MU-51,2026-01-10T00:00:00Z
6867594,Aparcabicicletas,163,CANILLAS,16,HORTALEZA,OPERATIVO,446671.95,4479530.46,ETRS89,,,CALLE,LAS PEDROÑERAS,10,28043,,11116960,2019-10-02T00:00:00Z,,MU24,MU-51,2026-01-10T00:00:00Z
7130284,Aparcabicicletas,141,PAVONES,14,MORATALAZ,OPERATIVO,446240.72,4471817.1,ETRS89,,,CALLE,ARROYO FONTARRON,24,28030,,20089612,2020-07-27T00:00:00Z,,MU24,MU-51,2026-01-10T00:00:00Z
7130289,Aparcabicicletas,141,PAVONES,14,MORATALAZ,OPERATIVO,446242.43,4471817.86,ETRS89,,,CALLE,ARROYO FONTARRON,24,28030,,20089612,2020-07-27T00:00:00Z,,MU24,MU-51,2026-01-10T00:00:00Z
7168591,Aparcabicicletas,163,CANILLAS,16,HORTALEZA,OPERATIVO,445998.92,4479316.64,ETRS89,,,CALLE,SILVANO,75,28043,,20065737,2020-10-01T00:00:00Z,,MU24,MU-51,2026-01-10T00:00:00Z
7168593,Aparcabicicletas,163,CANILLAS,16,HORTALEZA,OPERATIVO,446001.64,4479316.81,ETRS89,,,CALLE,SILVANO,75,28043,,20065737,2020-10-01T00:00:00Z,,MU24,MU-51,2026-01-10T00:00:00Z
7168595,Aparcabicicletas,163,CANILLAS,16,HORTALEZA,OPERATIVO,446004.15,4479316.68,ETRS89,,,CALLE,SILVANO,75,28043,,20065737,2020-10-01T00:00:00Z,,MU24,MU-51,2026-01-10T00:00:00Z
7168801,Aparcabicicletas,16,SOL,1,CENTRO,OPERATIVO,440575.13,4474344.71,ETRS89,,,CALLE,ALCALA,13,28014,28014,11007440,2020-01-23T00:00:00Z,,MU24,MU-51,2026-01-10T00:00:00Z
7183999,Aparcabicicletas,87,MIRASIERRA,8,FUENCARRAL-EL PARDO,OPERATIVO,440094.78,4483838.94,ETRS89,,,CALLE,MONASTERIO DE LAS HUELGAS,17,28049,,31012156,2020-10-22T00:00:00Z,,MU24,MU-51,2026-01-10T00:00:00Z
7184001,Aparcabicicletas,87,MIRASIERRA,8,FUENCARRAL-EL PARDO,OPERATIVO,440094.85,4483840.32,ETRS89,,,CALLE,MONASTERIO DE LAS HUELGAS,17,28049,,31012156,2022-07-11T00:00:00Z,,MU24,MU-51,2026-01-10T00:00:00Z
6867591,Aparcabicicletas,163,CANILLAS,16,HORTALEZA,OPERATIVO,446671.29,4479526.76,ETRS89,,,CALLE,LAS PEDROÑERAS,10,28043,,11116960,2019-10-02T00:00:00Z,,MU24,MU-51,2026-01-10T00:00:00Z
6867593,Aparcabicicletas,163,CANILLAS,16,HORTALEZA,OPERATIVO,446671.69,4479529.27,ETRS89,,,CALLE,LAS PEDROÑERAS,10,28043,,11116960,2019-10-02T00:00:00Z,,MU24,MU-51,2026-01-10T00:00:00Z
7130282,Aparcabicicletas,141,PAVONES,14,MORATALAZ,OPERATIVO,446241.32,4471817.31,ETRS89,,,CALLE,ARROYO FONTARRON,24,28030,,20089612,2020-07-27T00:00:00Z,,MU24,MU-51,2026-01-10T00:00:00Z
7130288,Aparcabicicletas,141,PAVONES,14,MORATALAZ,OPERATIVO,446243.02,4471818.08,ETRS89,,,CALLE,ARROYO FONTARRON,24,28030,,20089612,2020-07-27T00:00:00Z,,MU24,MU-51,2026-01-10T00:00:00Z
71328,Aparcabicicletas,207,CANILLEJAS,20,SAN BLAS-CANILLEJAS,OPERATIVO,447951.56,4477290.42,ETRS89,,,CALLE,BOLTAÑA,11,28022,FRENTE FACHADA,20151791,2021-09-16T00:00:00Z,1080237,MU24,MU-51,2026-01-10T00:00:00Z
7168592,Aparcabicicletas,163,CANILLAS,16,HORTALEZA,OPERATIVO,446000.32,4479316.81,ETRS89,,,CALLE,SILVANO,75,28043,,20065737,2020-10-01T00:00:00Z,,MU24,MU-51,2026-01-10T00:00:00Z
7168594,Aparcabicicletas,163,CANILLAS,16,HORTALEZA,OPERATIVO,446002.94,4479316.77,ETRS89,,,CALLE,SILVANO,75,28043,,20065737,2020-10-01T00:00:00Z,,MU24,MU-51,2026-01-10T00:00:00Z
7168800,Aparcabicicletas,13,CORTES,1,CENTRO,OPERATIVO,440726.99,4474387.46,ETRS89,,,CALLE,ALCALA,24,28014,28014,11004004,2020-01-22T00:00:00Z,,MU24,MU-51,2026-01-10T00:00:00Z
7183998,Aparcabicicletas,87,MIRASIERRA,8,FUENCARRAL-EL PARDO,OPERATIVO,440094.78,4483838.16,ETRS89,,,CALLE,MONASTERIO DE LAS HUELGAS,17,28049,,31012156,2020-10-22T00:00:00Z,,MU24,MU-51,2026-01-10T00:00:00Z
7184000,Aparcabicicletas,87,MIRASIERRA,8,FUENCARRAL-EL PARDO,OPERATIVO,440094.78,4483839.79,ETRS89,,,CALLE,MONASTERIO DE LAS HUELGAS,17,28049,,31012156,2020-10-22T00:00:00Z,,MU24,MU-51,2026-01-10T00:00:00Z
7184032,Aparcabicicletas,87,MIRASIERRA,8,FUENCARRAL-EL PARDO,OPERATIVO,438534.84,4482989.03,ETRS89,,,CALLE,GLORIA FUERTES,181,28049,,20135983,2020-10-22T00:00:00Z,,MU24,MU-51,2026-01-10T00:00:00Z
7184034,Aparcabicicletas,87,MIRASIERRA,8,FUENCARRAL-EL PARDO,OPERATIVO,438535.7,4482989.99,ETRS89,,,CALLE,GLORIA FUERTES,181,28049,,20135983,2020-10-22T00:00:00Z,,MU24,MU-51,2026-01-10T00:00:00Z
7184036,Aparcabicicletas,87,MIRASIERRA,8,FUENCARRAL-EL PARDO,OPERATIVO,438536.37,4482990.96,ETRS89,,,CALLE,GLORIA FUERTES,181,28049,,20135983,2020-10-22T00:00:00Z,,MU24,MU-51,2026-01-10T00:00:00Z
7184192,Aparcabicicletas,32,ADELFAS,3,RETIRO,OPERATIVO,443248.97,4472811.44,ETRS89,,,CALLE,LUIS MITJANS,41,28007,,11011763,2020-10-22T00:00:00Z,,MU24,MU-51,2026-01-10T00:00:00Z
7184195,Aparcabicicletas,32,ADELFAS,3,RETIRO,OPERATIVO,443248.01,4472810.96,ETRS89,,,CALLE,LUIS MITJANS,41,28007,,11011763,2020-10-22T00:00:00Z,,MU24,MU-51,2026-01-10T00:00:00Z
7184202,Aparcabicicletas,32,ADELFAS,3,RETIRO,OPERATIVO,443246.52,4472810.0,ETRS89,,,CALLE,LUIS MITJANS,41,28007,,11011763,2020-10-22T00:00:00Z,,MU24,MU-51,2026-01-10T00:00:00Z
7184206,Aparcabicicletas,32,ADELFAS,3,RETIRO,OPERATIVO,443246.86,4472810.24,ETRS89,,,CALLE,LUIS MITJANS,41,28007,,11011763,2020-10-22T00:00:00Z,,MU24,MU-51,2026-01-10T00:00:00Z
7144299,Aparcabicicletas,14,JUSTICIA,1,CENTRO,OPERATIVO,440765.08,4474644.03,ETRS89,,,CALLE,INFANTAS,19,28004,28004,11004284,2018-07-30T00:00:00Z,,MU24,MU-51,2026-01-10T00:00:00Z
7161899,Aparcabicicletas,16,SOL,1,CENTRO,OPERATIVO,440338.957,4474232.024,ETRS89,,,CALLE,CARRETAS,1,28012,28012,20006680,2020-09-23T00:00:00Z,,MU24,MU-51,2026-01-10T00:00:00Z
7161901,Aparcabicicletas,16,SOL,1,CENTRO,OPERATIVO,440338.97,4474233.689,ETRS89,,,CALLE,CARRETAS,1,28012,28012,20006680,2020-09-23T00:00:00Z,,MU24,MU-51,2026-01-10T00:00:00Z
7161903,Aparcabicicletas,16,SOL,1,CENTRO,OPERATIVO,440338.989,4474236.02,ETRS89,,,CALLE,CARRETAS,1,28012,28012,20006680,2020-09-23T00:00:00Z,,MU24,MU-51,2026-01-10T00:00:00Z
7161905,Aparcabicicletas,12,EMBAJADORES,1,CENTRO,OPERATIVO,441101.97,4473410.76,ETRS89,,,CALLE,SANCHEZ BUSTILLO,1,28012,28012,20004924,2020-09-23T00:00:00Z,,MU24,MU-51,2026-01-10T00:00:00Z
7161907,Aparcabicicletas,12,EMBAJADORES,1,CENTRO,OPERATIVO,441103.82,4473409.64,ETRS89,,,CALLE,SANCHEZ BUSTILLO,1,28012,28012,20004924,2020-09-23T00:00:00Z,,MU24,MU-51,2026-01-10T00:00:00Z
7162070,Aparcabicicletas,183,ENSANCHE DE VALLECAS,18,VILLA DE VALLECAS,OPERATIVO,447917.47,4468911.4,ETRS89,,,CALLE,PUENTEDEY,5 G,28051,,31026425,2018-09-03T00:00:00Z,,MU24,MU-38,2026-01-10T00:00:00Z
7184902,Aparcabicicletas,35,LOS JERONIMOS,3,RETIRO,OPERATIVO,442438.86,4474275.329,ETRS89,,,CALLE,ALCALDE SAINZ DE BARANDA,1,28009,,11012471,2020-10-26T00:00:00Z,,MU24,MU-51,2026-01-10T00:00:00Z
7185399,Aparcabicicletas,121,ORCASITAS,12,USERA,OPERATIVO,439370.57,4469363.72,ETRS89,,,CALLE,CESTONA,3,28041,,11080531,1900-01-01T00:00:00Z,,MU24,MU-51,2026-01-10T00:00:00Z
7185401,Aparcabicicletas,121,ORCASITAS,12,USERA,OPERATIVO,439372.61,4469363.6,ETRS89,,,CALLE,CESTONA,3,28041,,11080531,1900-01-01T00:00:00Z,,MU24,MU-51,2026-01-10T00:00:00Z
7185403,Aparcabicicletas,121,ORCASITAS,12,USERA,OPERATIVO,439371.25,4469363.72,ETRS89,,,CALLE,CESTONA,3,28041,,11080531,1900-01-01T00:00:00Z,,MU24,MU-51,2026-01-10T00:00:00Z
7185534,Aparcabicicletas,136,NUMANCIA,13,PUENTE DE VALLECAS,OPERATIVO,444465.38,4472571.65,ETRS89,,,CALLE,MARISMAS,14 B,28038,,11099283,2020-10-30T00:00:00Z,,MU24,MU-51,2026-01-10T00:00:00Z
7161900,Aparcabicicletas,16,SOL,1,CENTRO,OPERATIVO,440338.576,4474237.466,ETRS89,,,CALLE,CARRETAS,1,28012,28012,20006680,2020-09-23T00:00:00Z,,MU24,MU-51,2026-01-10T00:00:00Z
7161902,Aparcabicicletas,16,SOL,1,CENTRO,OPERATIVO,440338.978,4474234.577,ETRS89,,,CALLE,CARRETAS,1,28012,28012,20006680,2020-09-23T00:00:00Z,,MU24,MU-51,2026-01-10T00:00:00Z
7161904,Aparcabicicletas,12,EMBAJADORES,1,CENTRO,OPERATIVO,441101.03,4473410.99,ETRS89,,,CALLE,SANCHEZ BUSTILLO,1,28012,28012,20004924,2020-09-23T00:00:00Z,,MU24,MU-51,2026-01-10T00:00:00Z
7161906,Aparcabicicletas,12,EMBAJADORES,1,CENTRO,OPERATIVO,441102.9,4473410.42,ETRS89,,,CALLE,SANCHEZ BUSTILLO,1,28012,28012,20004924,2020-09-23T00:00:00Z,,MU24,MU-51,2026-01-10T00:00:00Z
7161908,Aparcabicicletas,12,EMBAJADORES,1,CENTRO,OPERATIVO,441104.58,4473409.19,ETRS89,,,CALLE,SANCHEZ BUSTILLO,1,28012,28012,20004924,2020-09-23T00:00:00Z,,MU24,MU-51,2026-01-10T00:00:00Z
7179525,Aparcabicicletas,15,UNIVERSIDAD,1,CENTRO,OPERATIVO,439814.91,4475589.83,ETRS89,,,CALLE,CONDE DUQUE,40,28015,28015,11006470,2020-01-10T00:00:00Z,,MU24,MU-51,2026-01-10T00:00:00Z
7179527,Aparcabicicletas,15,UNIVERSIDAD,1,CENTRO,OPERATIVO,439805.35,4475571.81,ETRS89,,,CALLE,CONDE DUQUE,40,28015,28015,11006470,2020-01-10T00:00:00Z,,MU24,MU-51,2026-01-10T00:00:00Z
7179529,Aparcabicicletas,15,UNIVERSIDAD,1,CENTRO,OPERATIVO,439825.01,4475590.53,ETRS89,,,CALLE,SANTA CRUZ DE MARCENADO,17,28015,28015,31037349,2020-01-10T00:00:00Z,,MU24,MU-51,2026-01-10T00:00:00Z
7179531,Aparcabicicletas,15,UNIVERSIDAD,1,CENTRO,OPERATIVO,439819.4,4475462.03,ETRS89,,,CALLE,AMANIEL,31,28015,28015,11006368,2020-01-10T00:00:00Z,,MU24,MU-51,2026-01-10T00:00:00Z
7179533,Aparcabicicletas,15,UNIVERSIDAD,1,CENTRO,OPERATIVO,439821.28,4475442.14,ETRS89,,,CALLE,AMANIEL,29,28015,28015,11006367,2020-01-10T00:00:00Z,,MU24,MU-51,2026-01-10T00:00:00Z
7179535,Aparcabicicletas,15,UNIVERSIDAD,1,CENTRO,OPERATIVO,439815.7,4475413.88,ETRS89,,,CALLE,AMANIEL,25,28015,28015,11006365,2020-01-10T00:00:00Z,,MU24,MU-51,2026-01-10T00:00:00Z
7179539,Aparcabicicletas,15,UNIVERSIDAD,1,CENTRO,OPERATIVO,439850.75,4475034.4,ETRS89,,,CALLE,ALAMO,6,28015,28015,11006789,2020-01-10T00:00:00Z,,MU24,MU-51,2026-01-10T00:00:00Z
7179521,Aparcabicicletas,15,UNIVERSIDAD,1,CENTRO,OPERATIVO,439813.89,4475589.95,ETRS89,,,CALLE,CONDE DUQUE,40,28015,28015,11006470,2020-01-10T00:00:00Z,,MU24,MU-51,2026-01-10T00:00:00Z
7179526,Aparcabicicletas,15,UNIVERSIDAD,1,CENTRO,OPERATIVO,439804.33,4475571.93,ETRS89,,,CALLE,CONDE DUQUE,11E,28015,28015,31044314,2020-01-10T00:00:00Z,,MU24,MU-51,2026-01-10T00:00:00Z
7179528,Aparcabicicletas,15,UNIVERSIDAD,1,CENTRO,OPERATIVO,439824.07,4475589.98,ETRS89,,,CALLE,SANTA CRUZ DE MARCENADO,17,28015,28015,31037349,2020-01-10T00:00:00Z,,MU24,MU-51,2026-01-10T00:00:00Z
7184033,Aparcabicicletas,87,MIRASIERRA,8,FUENCARRAL-EL PARDO,OPERATIVO,438535.32,4482989.51,ETRS89,,,CALLE,GLORIA FUERTES,181,28049,,20135983,2020-10-22T00:00:00Z,,MU24,MU-51,2026-01-10T00:00:00Z
7184035,Aparcabicicletas,87,MIRASIERRA,8,FUENCARRAL-EL PARDO,OPERATIVO,438536.04,4482990.51,ETRS89,,,CALLE,GLORIA FUERTES,181,28049,,20135983,2020-10-22T00:00:00Z,,MU24,MU-51,2026-01-10T00:00:00Z
7184194,Aparcabicicletas,32,ADELFAS,3,RETIRO,OPERATIVO,443248.54,4472811.11,ETRS89,,,CALLE,LUIS MITJANS,41,28007,,11011763,2020-10-22T00:00:00Z,,MU24,MU-51,2026-01-10T00:00:00Z
7179546,Aparcabicicletas,15,UNIVERSIDAD,1,CENTRO,OPERATIVO,439866.14,4475091.22,ETRS89,,,CALLE,REYES,7,28015,28015,11006836,2020-01-10T00:00:00Z,,MU24,MU-51,2026-01-10T00:00:00Z
7179548,Aparcabicicletas,15,UNIVERSIDAD,1,CENTRO,OPERATIVO,439852.55,4475069.24,ETRS89,,,CALLE,MANZANA,16,28015,28015,20006246,2020-01-10T00:00:00Z,,MU24,MU-51,2026-01-10T00:00:00Z
7179550,Aparcabicicletas,15,UNIVERSIDAD,1,CENTRO,OPERATIVO,439787.3,4475056.11,ETRS89,,,CALLE,REYES,17,28015,28015,11006841,2020-01-10T00:00:00Z,,MU24,MU-51,2026-01-10T00:00:00Z
7179552,Aparcabicicletas,15,UNIVERSIDAD,1,CENTRO,OPERATIVO,439800.08,4475063.33,ETRS89,,,CALLE,REYES,15,28015,28015,11006840,2020-01-10T00:00:00Z,,MU24,MU-51,2026-01-10T00:00:00Z
7180027,Aparcabicicletas,214,TIMON,21,BARAJAS,OPERATIVO,450370.892,4480399.084,ETRS89,,,CALLE,TIMON,18,28042,,11141244,2025-10-01T00:00:00Z,,MU24,MU-51,2026-01-10T00:00:00Z
7180029,Aparcabicicletas,214,TIMON,21,BARAJAS,OPERATIVO,450369.136,4480398.691,ETRS89,,,CALLE,TIMON,18,28042,,11141244,2025-10-01T00:00:00Z,,MU24,MU-51,2026-01-10T00:00:00Z
7180031,Aparcabicicletas,214,TIMON,21,BARAJAS,OPERATIVO,450367.132,4480398.291,ETRS89,,,CALLE,TIMON,18,28042,,11141244,2025-10-01T00:00:00Z,,MU24,MU-51,2026-01-10T00:00:00Z
7180035,Aparcabicicletas,146,VINATEROS,14,MORATALAZ,OPERATIVO,445687.11,4472707.79,ETRS89,,,CALLE,HACIENDA DE PAVONES,127,28030,,11102942,2020-10-09T00:00:00Z,,MU24,MU-51,2026-01-10T00:00:00Z
7180037,Aparcabicicletas,146,VINATEROS,14,MORATALAZ,OPERATIVO,445686.1,4472709.02,ETRS89,,,CALLE,HACIENDA DE PAVONES,127,28030,,11102942,2020-10-09T00:00:00Z,,MU24,MU-51,2026-01-10T00:00:00Z
7180039,Aparcabicicletas,146,VINATEROS,14,MORATALAZ,OPERATIVO,445684.08,4472711.25,ETRS89,,,CALLE,HACIENDA DE PAVONES,127,28030,,11102942,2020-10-09T00:00:00Z,,MU24,MU-51,2026-01-10T00:00:00Z
7184199,Aparcabicicletas,32,ADELFAS,3,RETIRO,OPERATIVO,443247.63,4472810.77,ETRS89,,,CALLE,LUIS MITJANS,41,28007,,11011763,2020-10-22T00:00:00Z,,MU24,MU-51,2026-01-10T00:00:00Z
7184204,Aparcabicicletas,32,ADELFAS,3,RETIRO,OPERATIVO,443247.29,4472810.48,ETRS89,,,CALLE,LUIS MITJANS,41,28007,,11011763,,,MU24,MU-51,2026-01-10T00:00:00Z
7184899,Aparcabicicletas,35,LOS JERONIMOS,3,RETIRO,OPERATIVO,442439.026,4474274.883,ETRS89,,,CALLE,ALCALDE SAINZ DE BARANDA,1,28009,,11012471,2020-10-26T00:00:00Z,,MU24,MU-51,2026-01-10T00:00:00Z
7184901,Aparcabicicletas,35,LOS JERONIMOS,3,RETIRO,OPERATIVO,442439.107,4474274.439,ETRS89,,,CALLE,ALCALDE SAINZ DE BARANDA,1,28009,,11012471,2020-10-26T00:00:00Z,,MU24,MU-51,2026-01-10T00:00:00Z
7185400,Aparcabicicletas,121,ORCASITAS,12,USERA,OPERATIVO,439369.81,4469363.84,ETRS89,,,CALLE,CESTONA,3,28041,,11080531,1900-01-01T00:00:00Z,,MU24,MU-51,2026-01-10T00:00:00Z
7185402,Aparcabicicletas,121,ORCASITAS,12,USERA,OPERATIVO,439372.87,4469363.59,ETRS89,,,CALLE,CESTONA,3,28041,,11080531,1900-01-01T00:00:00Z,,MU24,MU-51,2026-01-10T00:00:00Z
7185404,Aparcabicicletas,121,ORCASITAS,12,USERA,OPERATIVO,439371.93,4469363.6,ETRS89,,,CALLE,CESTONA,3,28041,,11080531,1900-01-01T00:00:00Z,,MU24,MU-51,2026-01-10T00:00:00Z
7179530,Aparcabicicletas,15,UNIVERSIDAD,1,CENTRO,OPERATIVO,439801.42,4475494.14,ETRS89,,,CALLE,MONTSERRAT,32,28015,28015,11006409,2020-01-10T00:00:00Z,,MU24,MU-51,2026-01-10T00:00:00Z
7179532,Aparcabicicletas,15,UNIVERSIDAD,1,CENTRO,OPERATIVO,439819.71,4475458.58,ETRS89,,,CALLE,AMANIEL,31,28015,28015,11006368,2020-01-10T00:00:00Z,,MU24,MU-51,2026-01-10T00:00:00Z
7179534,Aparcabicicletas,15,UNIVERSIDAD,1,CENTRO,OPERATIVO,439817.25,4475416.09,ETRS89,,,CALLE,AMANIEL,25,28015,28015,11006365,2020-01-10T00:00:00Z,,MU24,MU-51,2026-01-10T00:00:00Z
7179536,Aparcabicicletas,15,UNIVERSIDAD,1,CENTRO,OPERATIVO,439832.93,4475298.74,ETRS89,,,CALLE,AMANIEL,18,28015,28015,11006619,2020-01-10T00:00:00Z,,MU24,MU-51,2026-01-10T00:00:00Z
7179547,Aparcabicicletas,15,UNIVERSIDAD,1,CENTRO,OPERATIVO,439864.44,4475091.12,ETRS89,,,CALLE,REYES,7,28015,28015,11006836,2020-01-10T00:00:00Z,,MU24,MU-51,2026-01-10T00:00:00Z
7179549,Aparcabicicletas,15,UNIVERSIDAD,1,CENTRO,OPERATIVO,439854.91,4475034.47,ETRS89,,,CALLE,ALAMO,4,28015,28015,11006788,2020-01-10T00:00:00Z,,MU24,MU-51,2026-01-10T00:00:00Z
7179551,Aparcabicicletas,15,UNIVERSIDAD,1,CENTRO,OPERATIVO,439790.87,4475058.08,ETRS89,,,CALLE,REYES,17,28015,28015,11006841,2020-01-10T00:00:00Z,,MU24,MU-51,2026-01-10T00:00:00Z
7179553,Aparcabicicletas,15,UNIVERSIDAD,1,CENTRO,OPERATIVO,439803.66,4475065.3,ETRS89,,,CALLE,REYES,13,28015,28015,11006839,2020-01-10T00:00:00Z,,MU24,MU-51,2026-01-10T00:00:00Z
7180028,Aparcabicicletas,214,TIMON,21,BARAJAS,OPERATIVO,450370.108,4480398.661,ETRS89,,,CALLE,TIMON,18,28042,,11141244,2025-10-01T00:00:00Z,,MU24,MU-51,2026-01-10T00:00:00Z
7180030,Aparcabicicletas,214,TIMON,21,BARAJAS,OPERATIVO,450367.947,4480398.519,ETRS89,,,CALLE,TIMON,18,28042,,11141244,2025-10-01T00:00:00Z,,MU24,MU-51,2026-01-10T00:00:00Z
7180036,Aparcabicicletas,146,VINATEROS,14,MORATALAZ,OPERATIVO,445685.09,4472710.14,ETRS89,,,CALLE,HACIENDA DE PAVONES,127,28030,,11102942,2020-10-09T00:00:00Z,,MU24,MU-51,2026-01-10T00:00:00Z
7180038,Aparcabicicletas,146,VINATEROS,14,MORATALAZ,OPERATIVO,445682.99,4472712.37,ETRS89,,,CALLE,HACIENDA DE PAVONES,127,28030,,11102942,2020-10-09T00:00:00Z,,MU24,MU-51,2026-01-10T00:00:00Z
7180124,Aparcabicicletas,62,CUATRO CAMINOS,6,TETUAN,OPERATIVO,441050.231,4477803.034,ETRS89,,,CALLE,ORENSE,10,28020,28020,11029276,2020-10-08T00:00:00Z,,MU24,MU-51,2026-01-10T00:00:00Z
7180126,Aparcabicicletas,62,CUATRO CAMINOS,6,TETUAN,OPERATIVO,441050.422,4477805.808,ETRS89,,,CALLE,ORENSE,10,28020,28020,11029276,2020-10-08T00:00:00Z,,MU24,MU-51,2026-01-10T00:00:00Z
7180147,Aparcabicicletas,15,UNIVERSIDAD,1,CENTRO,OPERATIVO,440073.0,4475393.28,ETRS89,,,CALLE,SAN BERNARDO,70,28015,28015,20006088,2020-10-07T00:00:00Z,,MU24,MU-51,2026-01-10T00:00:00Z
7180149,Aparcabicicletas,15,UNIVERSIDAD,1,CENTRO,OPERATIVO,440073.87,4475395.71,ETRS89,,,CALLE,SAN BERNARDO,70,28015,28015,20006088,2020-10-07T00:00:00Z,,MU24,MU-51,2026-01-10T00:00:00Z
7180151,Aparcabicicletas,63,CASTILLEJOS,6,TETUAN,OPERATIVO,441319.85,4479289.08,ETRS89,,,CALLE,ROSARIO PINO,10,28020,28020,31010156,2020-10-06T00:00:00Z,,MU24,MU-51,2026-01-10T00:00:00Z
7180153,Aparcabicicletas,63,CASTILLEJOS,6,TETUAN,OPERATIVO,441322.74,4479289.17,ETRS89,,,CALLE,ROSARIO PINO,10,28020,28020,31010156,2020-10-06T00:00:00Z,,MU24,MU-51,2026-01-10T00:00:00Z
7180155,Aparcabicicletas,63,CASTILLEJOS,6,TETUAN,OPERATIVO,441324.68,4479288.71,ETRS89,,,CALLE,ROSARIO PINO,10,28020,,31010156,2020-10-06T00:00:00Z,,MU24,MU-51,2026-01-10T00:00:00Z
7180123,Aparcabicicletas,62,CUATRO CAMINOS,6,TETUAN,OPERATIVO,441049.966,4477801.704,ETRS89,,,CALLE,ORENSE,10,28020,28020,11029276,2020-10-08T00:00:00Z,,MU24,MU-51,2026-01-10T00:00:00Z
7185541,Aparcabicicletas,136,NUMANCIA,13,PUENTE DE VALLECAS,OPERATIVO,444466.9,4472570.97,ETRS89,,,CALLE,MARISMAS,16,28038,,11099284,2020-10-30T00:00:00Z,,MU24,MU-51,2026-01-10T00:00:00Z
7185546,Aparcabicicletas,136,NUMANCIA,13,PUENTE DE VALLECAS,OPERATIVO,444466.05,4472571.31,ETRS89,,,CALLE,MARISMAS,16,28038,,11099284,2020-10-30T00:00:00Z,,MU24,MU-51,2026-01-10T00:00:00Z
7185561,Aparcabicicletas,183,ENSANCHE DE VALLECAS,18,VILLA DE VALLECAS,OPERATIVO,446566.43,4469738.65,ETRS89,,,CALLE,CABEZA MESADA,5,28031,,31043450,2020-10-30T00:00:00Z,,MU24,MU-51,2026-01-10T00:00:00Z
7185565,Aparcabicicletas,183,ENSANCHE DE VALLECAS,18,VILLA DE VALLECAS,OPERATIVO,446566.94,4469738.1,ETRS89,,,CALLE,CABEZA MESADA,5,28031,,31043450,2020-10-30T00:00:00Z,,MU24,MU-51,2026-01-10T00:00:00Z
7185574,Aparcabicicletas,183,ENSANCHE DE VALLECAS,18,VILLA DE VALLECAS,OPERATIVO,446567.86,4469737.2,ETRS89,,,CALLE,CABEZA MESADA,5,28031,,31043450,2020-10-30T00:00:00Z,,MU24,MU-51,2026-01-10T00:00:00Z
7185583,Aparcabicicletas,183,ENSANCHE DE VALLECAS,18,VILLA DE VALLECAS,OPERATIVO,447344.6,4468677.95,ETRS89,,,CALLE,LA GRANJA DE SAN ILDEFONSO,21,28051,,31040628,2020-10-29T00:00:00Z,,MU24,MU-51,2026-01-10T00:00:00Z
7185585,Aparcabicicletas,182,SANTA EUGENIA,18,VILLA DE VALLECAS,OPERATIVO,448376.89,4470123.49,ETRS89,,,CALLE,VIRGEN DE LAS VIÑAS,15,28031,,11131665,2020-10-29T00:00:00Z,,MU24,MU-51,2026-01-10T00:00:00Z
7185588,Aparcabicicletas,183,ENSANCHE DE VALLECAS,18,VILLA DE VALLECAS,OPERATIVO,447345.45,4468677.5,ETRS89,,,CALLE,LA GRANJA DE SAN ILDEFONSO,21,28051,,31040628,2020-10-29T00:00:00Z,,MU24,MU-51,2026-01-10T00:00:00Z
7185591,Aparcabicicletas,182,SANTA EUGENIA,18,VILLA DE VALLECAS,OPERATIVO,448376.39,4470124.61,ETRS89,,,CALLE,VIRGEN DE LAS VIÑAS,15,28031,,11131665,2020-10-29T00:00:00Z,,MU24,MU-51,2026-01-10T00:00:00Z
7185593,Aparcabicicletas,182,SANTA EUGENIA,18,VILLA DE VALLECAS,OPERATIVO,448376.06,4470125.72,ETRS89,,,CALLE,VIRGEN DE LAS VIÑAS,15,28031,,11131665,2020-10-29T00:00:00Z,,MU24,MU-51,2026-01-10T00:00:00Z
7180161,Aparcabicicletas,75,RIOS ROSAS,7,CHAMBERI,OPERATIVO,440669.86,4476665.77,ETRS89,,,CALLE,JOSE ABASCAL,23,28003,28003,11041883,2020-10-13T00:00:00Z,,MU24,MU-51,2026-01-10T00:00:00Z
7180163,Aparcabicicletas,75,RIOS ROSAS,7,CHAMBERI,OPERATIVO,440672.83,4476665.31,ETRS89,,,CALLE,JOSE ABASCAL,23,28003,28003,11041883,2020-10-13T00:00:00Z,,MU24,MU-51,2026-01-10T00:00:00Z
7180165,Aparcabicicletas,75,RIOS ROSAS,7,CHAMBERI,OPERATIVO,440675.97,4476665.39,ETRS89,,,CALLE,JOSE ABASCAL,23,28003,28003,11041883,2020-10-13T00:00:00Z,,MU24,MU-51,2026-01-10T00:00:00Z
7180217,Aparcabicicletas,215,CORRALEJOS,21,BARAJAS,OPERATIVO,447628.66,4479208.12,ETRS89,,,CALLE,RIBERA DEL SENA,21,28042,,20058524,2020-10-09T00:00:00Z,,MU24,MU-51,2026-01-10T00:00:00Z
7180219,Aparcabicicletas,215,CORRALEJOS,21,BARAJAS,OPERATIVO,447630.91,4479206.26,ETRS89,,,CALLE,RIBERA DEL SENA,21,28042,,20058524,2020-10-09T00:00:00Z,,MU24,MU-51,2026-01-10T00:00:00Z
7180221,Aparcabicicletas,215,CORRALEJOS,21,BARAJAS,OPERATIVO,447631.97,4479205.34,ETRS89,,,CALLE,RIBERA DEL SENA,21,28042,,20058524,2020-10-09T00:00:00Z,,MU24,MU-51,2026-01-10T00:00:00Z
7185544,Aparcabicicletas,136,NUMANCIA,13,PUENTE DE VALLECAS,OPERATIVO,444468.42,4472570.3,ETRS89,,,CALLE,MARISMAS,16,28038,,11099284,2020-10-30T00:00:00Z,,MU24,MU-51,2026-01-10T00:00:00Z
7185548,Aparcabicicletas,136,NUMANCIA,13,PUENTE DE VALLECAS,OPERATIVO,444467.58,4472570.64,ETRS89,,,CALLE,MARISMAS,16,28038,,11099284,2020-10-30T00:00:00Z,,MU24,MU-51,2026-01-10T00:00:00Z
7185562,Aparcabicicletas,183,ENSANCHE DE VALLECAS,18,VILLA DE VALLECAS,OPERATIVO,446565.84,4469739.21,ETRS89,,,CALLE,CABEZA MESADA,5,28031,,31043450,2020-10-30T00:00:00Z,,MU24,MU-51,2026-01-10T00:00:00Z
7185569,Aparcabicicletas,183,ENSANCHE DE VALLECAS,18,VILLA DE VALLECAS,OPERATIVO,446565,4469739.89,ETRS89,,,CALLE,CABEZA MESADA,5,28031,,31043450,2020-10-30T00:00:00Z,,MU24,MU-51,2026-01-10T00:00:00Z
7185596,Aparcabicicletas,182,SANTA EUGENIA,18,VILLA DE VALLECAS,OPERATIVO,448819.41,4470010.35,ETRS89,,,CALLE,POZA DE LA SAL,2,28031,,20042038,2020-10-23T00:00:00Z,,MU24,MU-51,2026-01-10T00:00:00Z
7185609,Aparcabicicletas,175,ANGELES,17,VILLAVERDE,OPERATIVO,440798.64,4467807.46,ETRS89,,,CALLE,LA DEL MANOJO DE ROSAS,37,28041,,11128978,1900-01-01T00:00:00Z,,MU24,MU-51,2026-01-10T00:00:00Z
7185611,Aparcabicicletas,175,ANGELES,17,VILLAVERDE,OPERATIVO,440798.63,4467806.24,ETRS89,,,CALLE,LA DEL MANOJO DE ROSAS,37,28041,,11128978,1900-01-01T00:00:00Z,,MU24,MU-51,2026-01-10T00:00:00Z
7185613,Aparcabicicletas,175,ANGELES,17,VILLAVERDE,OPERATIVO,440798.54,4467804.8,ETRS89,,,CALLE,LA DEL MANOJO DE ROSAS,37,28041,,11128978,1900-01-01T00:00:00Z,,MU24,MU-51,2026-01-10T00:00:00Z
7185629,Aparcabicicletas,61,BELLAS VISTAS,6,TETUAN,OPERATIVO,440304.5,4478275.95,ETRS89,,,CALLE,CASTILLA,12,28039,28039,20010792,2020-02-21T00:00:00Z,,MU24,MU-51,2026-01-10T00:00:00Z
7185632,Aparcabicicletas,61,BELLAS VISTAS,6,TETUAN,OPERATIVO,440303.98,4478274.51,ETRS89,,,CALLE,CASTILLA,12,28039,28039,20010792,2020-02-21T00:00:00Z,,MU24,MU-51,2026-01-10T00:00:00Z
7185635,Aparcabicicletas,61,BELLAS VISTAS,6,TETUAN,OPERATIVO,440312.96,4478327.28,ETRS89,,,CALLE,GOIRI,22,28039,28039,20010806,2020-02-21T00:00:00Z,,MU24,MU-51,2026-01-10T00:00:00Z
7185637,Aparcabicicletas,61,BELLAS VISTAS,6,TETUAN,OPERATIVO,440312.95,4478325.72,ETRS89,,,CALLE,GOIRI,22,28039,28039,20010806,2020-02-21T00:00:00Z,,MU24,MU-51,2026-01-10T00:00:00Z
7180125,Aparcabicicletas,62,CUATRO CAMINOS,6,TETUAN,OPERATIVO,441050.156,4477804.256,ETRS89,,,CALLE,ORENSE,10,28020,28020,11029276,2020-10-08T00:00:00Z,,MU24,MU-51,2026-01-10T00:00:00Z
7180146,Aparcabicicletas,15,UNIVERSIDAD,1,CENTRO,OPERATIVO,440072.57,4475392.39,ETRS89,,,CALLE,SAN BERNARDO,70,28015,28015,20006088,2020-10-07T00:00:00Z,,MU24,MU-51,2026-01-10T00:00:00Z
7180148,Aparcabicicletas,15,UNIVERSIDAD,1,CENTRO,OPERATIVO,440073.35,4475394.39,ETRS89,,,CALLE,SAN BERNARDO,70,28015,28015,20006088,2020-10-07T00:00:00Z,,MU24,MU-51,2026-01-10T00:00:00Z
7180150,Aparcabicicletas,15,UNIVERSIDAD,1,CENTRO,OPERATIVO,440074.56,4475396.6,ETRS89,,,CALLE,SAN BERNARDO,70,28015,28015,20006088,2020-10-07T00:00:00Z,,MU24,MU-51,2026-01-10T00:00:00Z
7180152,Aparcabicicletas,63,CASTILLEJOS,6,TETUAN,OPERATIVO,441321.64,4479289.17,ETRS89,,,CALLE,ROSARIO PINO,10,28020,28020,31010156,2020-10-06T00:00:00Z,,MU24,MU-51,2026-01-10T00:00:00Z
7180154,Aparcabicicletas,63,CASTILLEJOS,6,TETUAN,OPERATIVO,441323.5,4479288.83,ETRS89,,,CALLE,ROSARIO PINO,10,28020,28020,31010156,2020-10-06T00:00:00Z,,MU24,MU-51,2026-01-10T00:00:00Z
7180162,Aparcabicicletas,75,RIOS ROSAS,7,CHAMBERI,OPERATIVO,440671.22,4476665.76,ETRS89,,,CALLE,JOSE ABASCAL,23,28003,28003,11041883,2020-10-13T00:00:00Z,,MU24,MU-51,2026-01-10T00:00:00Z
7180164,Aparcabicicletas,75,RIOS ROSAS,7,CHAMBERI,OPERATIVO,440674.27,4476665.41,ETRS89,,,CALLE,JOSE ABASCAL,23,28003,28003,11041883,2020-10-13T00:00:00Z,,MU24,MU-51,2026-01-10T00:00:00Z
7180218,Aparcabicicletas,215,CORRALEJOS,21,BARAJAS,OPERATIVO,447630.25,4479206.53,ETRS89,,,CALLE,RIBERA DEL SENA,21,28042,,20058524,2020-10-09T00:00:00Z,,MU24,MU-51,2026-01-10T00:00:00Z
7180220,Aparcabicicletas,215,CORRALEJOS,21,BARAJAS,OPERATIVO,447632.1,4479205.21,ETRS89,,,CALLE,RIBERA DEL SENA,21,28042,,20058524,2020-10-09T00:00:00Z,,MU24,MU-51,2026-01-10T00:00:00Z
7180223,Aparcabicicletas,208,EL SALVADOR,20,SAN BLAS-CANILLEJAS,OPERATIVO,447642.78,4477178.1,ETRS89,,,CALLE,ALCALA,553,28022,,20052900,2020-10-13T00:00:00Z,,MU24,MU-51,2026-01-10T00:00:00Z
7180238,Aparcabicicletas,208,EL SALVADOR,20,SAN BLAS-CANILLEJAS,OPERATIVO,447639.74,4477176.91,ETRS89,,,CALLE,ALCALA,553,28022,,20052900,2020-10-13T00:00:00Z,,MU24,MU-51,2026-01-10T00:00:00Z
7180240,Aparcabicicletas,208,EL SALVADOR,20,SAN BLAS-CANILLEJAS,OPERATIVO,447638.02,4477176.11,ETRS89,,,CALLE,ALCALA,553,28022,,20052900,2020-10-13T00:00:00Z,,MU24,MU-51,2026-01-10T00:00:00Z
7185639,Aparcabicicletas,61,BELLAS VISTAS,6,TETUAN,OPERATIVO,440312.43,4478324.17,ETRS89,,,CALLE,GOIRI,22,28039,28039,20010806,2020-02-21T00:00:00Z,,MU24,MU-51,2026-01-10T00:00:00Z
7185656,Aparcabicicletas,123,SAN FERMIN,12,USERA,OPERATIVO,441302.62,4468686.45,ETRS89,,,CALLE,SILVINA,2,28041,,31013536,2021-12-04T00:00:00Z,,MU24,MU-51,2026-01-10T00:00:00Z
7185658,Aparcabicicletas,123,SAN FERMIN,12,USERA,OPERATIVO,441301.8,4468690.34,ETRS89,,,CALLE,SILVINA,2,28041,,31013536,2021-12-04T00:00:00Z,,MU24,MU-51,2026-01-10T00:00:00Z
7185660,Aparcabicicletas,123,SAN FERMIN,12,USERA,OPERATIVO,441302.04,4468688.23,ETRS89,,,CALLE,SILVINA,2,28041,,31013536,2021-12-04T00:00:00Z,,MU24,MU-51,2026-01-10T00:00:00Z
7185662,Aparcabicicletas,122,ORCASUR,12,USERA,OPERATIVO,440902.32,4469058.68,ETRS89,,,CALLE,EDUARDO BARREIROS,17,28041,,20046899,2021-12-04T00:00:00Z,,MU24,MU-51,2026-01-10T00:00:00Z
7185664,Aparcabicicletas,122,ORCASUR,12,USERA,OPERATIVO,440902.16,4469059.57,ETRS89,,,CALLE,EDUARDO BARREIROS,17,28041,,20046899,2021-12-04T00:00:00Z,,MU24,MU-51,2026-01-10T00:00:00Z
7185679,Aparcabicicletas,174,LOS ROSALES,17,VILLAVERDE,OPERATIVO,441520.77,4468111.4,ETRS89,,,CALLE,UNANIMIDAD,13,28041,,31018923,2021-12-04T00:00:00Z,,MU24,MU-51,2026-01-10T00:00:00Z
7185681,Aparcabicicletas,174,LOS ROSALES,17,VILLAVERDE,OPERATIVO,441519.24,4468111.64,ETRS89,,,CALLE,UNANIMIDAD,13,28041,,31018923,2021-12-04T00:00:00Z,,MU24,MU-51,2026-01-10T00:00:00Z
7185683,Aparcabicicletas,174,LOS ROSALES,17,VILLAVERDE,OPERATIVO,441520.01,4468111.52,ETRS89,,,CALLE,UNANIMIDAD,13,28041,,31018923,2021-12-04T00:00:00Z,,MU24,MU-51,2026-01-10T00:00:00Z
7186685,Aparcabicicletas,54,HISPANOAMERICA,5,CHAMARTIN,OPERATIVO,441861.31,4478733.15,ETRS89,,,CALLE,PADRE DAMIAN,34,28036,28036,11025579,2020-11-04T00:00:00Z,,MU24,MU-51,2026-01-10T00:00:00Z
7186688,Aparcabicicletas,54,HISPANOAMERICA,5,CHAMARTIN,OPERATIVO,441861.14,4478732.7,ETRS89,,,CALLE,PADRE DAMIAN,34,28036,28036,11025579,2020-11-04T00:00:00Z,,MU24,MU-51,2026-01-10T00:00:00Z
7180274,Aparcabicicletas,155,SAN PASCUAL,15,CIUDAD LINEAL,OPERATIVO,444452.69,4477342.11,ETRS89,,,CALLE,TORRELAGUNA,56,28027,,20151925,2020-10-13T00:00:00Z,,MU24,MU-51,2026-01-10T00:00:00Z
7180276,Aparcabicicletas,155,SAN PASCUAL,15,CIUDAD LINEAL,OPERATIVO,444452.16,4477343.3,ETRS89,,,CALLE,TORRELAGUNA,56,28027,,20151925,2019-02-28T00:00:00Z,,MU24,MU-51,2026-01-10T00:00:00Z
7180316,Aparcabicicletas,94,VALDEZARZA,9,MONCLOA-ARAVACA,OPERATIVO,439152.54,4480188.23,ETRS89,,,CALLE,VALDERRODRIGO,55,28039,,11054575,2020-10-08T00:00:00Z,,MU24,MU-51,2026-01-10T00:00:00Z
7180318,Aparcabicicletas,94,VALDEZARZA,9,MONCLOA-ARAVACA,OPERATIVO,439153.15,4480189.33,ETRS89,,,CALLE,VALDERRODRIGO,55,28039,,11054575,2020-10-08T00:00:00Z,,MU24,MU-51,2026-01-10T00:00:00Z
7180320,Aparcabicicletas,94,VALDEZARZA,9,MONCLOA-ARAVACA,OPERATIVO,439153.83,4480190.18,ETRS89,,,CALLE,VALDERRODRIGO,55,28039,,11054575,2020-10-08T00:00:00Z,,MU24,MU-51,2026-01-10T00:00:00Z
7180323,Aparcabicicletas,105,CAMPAMENTO,10,LATINA,OPERATIVO,433835.56,4471780.32,ETRS89,,,CALLE,ADANERO,3,28024,,20136248,2020-10-13T00:00:00Z,,MU24,MU-51,2026-01-10T00:00:00Z
7180325,Aparcabicicletas,105,CAMPAMENTO,10,LATINA,OPERATIVO,433836.11,4471779.09,ETRS89,,,CALLE,ADANERO,3,28024,,20136248,2020-10-13T00:00:00Z,,MU24,MU-51,2026-01-10T00:00:00Z
7180327,Aparcabicicletas,105,CAMPAMENTO,10,LATINA,OPERATIVO,433835.87,4471779.77,ETRS89,,,CALLE,ADANERO,3,28024,,20136248,2020-10-13T00:00:00Z,,MU24,MU-51,2026-01-10T00:00:00Z
7181355,Aparcabicicletas,152,PUEBLO NUEVO,15,CIUDAD LINEAL,OPERATIVO,445418.15,4475609.51,ETRS89,,,CALLE,FRANCISCO VILLAESPESA,16,28017,,20182469,2020-10-13T00:00:00Z,,MU24,MU-51,2026-01-10T00:00:00Z
7185582,Aparcabicicletas,183,ENSANCHE DE VALLECAS,18,VILLA DE VALLECAS,OPERATIVO,447346.21,4468676.94,ETRS89,,,CALLE,LA GRANJA DE SAN ILDEFONSO,21,28051,,31040628,2020-10-29T00:00:00Z,,MU24,MU-51,2026-01-10T00:00:00Z
7185584,Aparcabicicletas,183,ENSANCHE DE VALLECAS,18,VILLA DE VALLECAS,OPERATIVO,447347.73,4468676.04,ETRS89,,,CALLE,LA GRANJA DE SAN ILDEFONSO,21,28051,,31040628,2020-10-29T00:00:00Z,,MU24,MU-51,2026-01-10T00:00:00Z
7185587,Aparcabicicletas,183,ENSANCHE DE VALLECAS,18,VILLA DE VALLECAS,OPERATIVO,447346.97,4468676.49,ETRS89,,,CALLE,LA GRANJA DE SAN ILDEFONSO,21,28051,,31040628,2020-10-29T00:00:00Z,,MU24,MU-51,2026-01-10T00:00:00Z
7185589,Aparcabicicletas,182,SANTA EUGENIA,18,VILLA DE VALLECAS,OPERATIVO,448821.2,4470011,ETRS89,,,CALLE,POZA DE LA SAL,2,28031,,20042038,2020-10-23T00:00:00Z,,MU24,MU-51,2026-01-10T00:00:00Z
7185592,Aparcabicicletas,182,SANTA EUGENIA,18,VILLA DE VALLECAS,OPERATIVO,448375.56,4470126.72,ETRS89,,,CALLE,VIRGEN DE LAS VIÑAS,15,28031,,11131665,2020-10-29T00:00:00Z,,MU24,MU-51,2026-01-10T00:00:00Z
7185595,Aparcabicicletas,182,SANTA EUGENIA,18,VILLA DE VALLECAS,OPERATIVO,448822.05,4470011.33,ETRS89,,,CALLE,POZA DE LA SAL,2,28031,,20042038,2020-10-23T00:00:00Z,,MU24,MU-51,2026-01-10T00:00:00Z
7185599,Aparcabicicletas,182,SANTA EUGENIA,18,VILLA DE VALLECAS,OPERATIVO,448820.35,4470010.67,ETRS89,,,CALLE,POZA DE LA SAL,2,28031,,20042038,2020-10-23T00:00:00Z,,MU24,MU-51,2026-01-10T00:00:00Z
7185610,Aparcabicicletas,175,ANGELES,17,VILLAVERDE,OPERATIVO,440798.39,4467808.02,ETRS89,,,CALLE,LA DEL MANOJO DE ROSAS,37,28041,,11128978,1900-01-01T00:00:00Z,,MU24,MU-51,2026-01-10T00:00:00Z
7185612,Aparcabicicletas,175,ANGELES,17,VILLAVERDE,OPERATIVO,440799.05,4467805.8,ETRS89,,,CALLE,LA DEL MANOJO DE ROSAS,37,28041,,11128978,1900-01-01T00:00:00Z,,MU24,MU-51,2026-01-10T00:00:00Z
7185628,Aparcabicicletas,61,BELLAS VISTAS,6,TETUAN,OPERATIVO,440304.25,4478276.95,ETRS89,,,CALLE,CASTILLA,12,28039,28039,20010792,2020-02-21T00:00:00Z,,MU24,MU-51,2026-01-10T00:00:00Z
7185630,Aparcabicicletas,61,BELLAS VISTAS,6,TETUAN,OPERATIVO,440304.41,4478275.51,ETRS89,,,CALLE,CASTILLA,12,28039,28039,20010792,2020-02-21T00:00:00Z,,MU24,MU-51,2026-01-10T00:00:00Z
7185633,Aparcabicicletas,61,BELLAS VISTAS,6,TETUAN,OPERATIVO,440303.97,4478273.84,ETRS89,,,CALLE,CASTILLA,12,28039,28039,20010792,2020-02-21T00:00:00Z,,MU24,MU-51,2026-01-10T00:00:00Z
7185636,Aparcabicicletas,61,BELLAS VISTAS,6,TETUAN,OPERATIVO,440312.96,4478326.39,ETRS89,,,CALLE,GOIRI,22,28039,28039,20010806,2020-02-21T00:00:00Z,,MU24,MU-51,2026-01-10T00:00:00Z
7185638,Aparcabicicletas,61,BELLAS VISTAS,6,TETUAN,OPERATIVO,440312.86,4478324.95,ETRS89,,,CALLE,GOIRI,22,28039,28039,20010806,2020-02-21T00:00:00Z,,MU24,MU-51,2026-01-10T00:00:00Z
7185655,Aparcabicicletas,123,SAN FERMIN,12,USERA,OPERATIVO,441302.82,4468685.44,ETRS89,,,CALLE,SILVINA,7,28041,,20141682,2021-12-04T00:00:00Z,,MU24,MU-51,2026-01-10T00:00:00Z
7185657,Aparcabicicletas,123,SAN FERMIN,12,USERA,OPERATIVO,441302.13,4468689.34,ETRS89,,,CALLE,SILVINA,2,28041,,31013536,2021-12-04T00:00:00Z,,MU24,MU-51,2026-01-10T00:00:00Z
7185659,Aparcabicicletas,123,SAN FERMIN,12,USERA,OPERATIVO,441301.79,4468689.56,ETRS89,,,CALLE,SILVINA,2,28041,,31013536,2021-12-04T00:00:00Z,,MU24,MU-51,2026-01-10T00:00:00Z
7185661,Aparcabicicletas,122,ORCASUR,12,USERA,OPERATIVO,440902.48,4469057.79,ETRS89,,,CALLE,EDUARDO BARREIROS,17,28041,,20046899,2021-12-04T00:00:00Z,,MU24,MU-51,2026-01-10T00:00:00Z
7185663,Aparcabicicletas,122,ORCASUR,12,USERA,OPERATIVO,440902.64,4469056.12,ETRS89,,,CALLE,EDUARDO BARREIROS,17,28041,,20046899,2021-12-04T00:00:00Z,,MU24,MU-51,2026-01-10T00:00:00Z
7185665,Aparcabicicletas,122,ORCASUR,12,USERA,OPERATIVO,440902.39,4469057.12,ETRS89,,,CALLE,EDUARDO BARREIROS,17,28041,,20046899,1900-01-01T00:00:00Z,,MU24,MU-51,2026-01-10T00:00:00Z
7185680,Aparcabicicletas,174,LOS ROSALES,17,VILLAVERDE,OPERATIVO,441523.49,4468111.6,ETRS89,,,CALLE,UNANIMIDAD,13,28041,,31018923,2021-12-04T00:00:00Z,,MU24,MU-51,2026-01-10T00:00:00Z
7185682,Aparcabicicletas,174,LOS ROSALES,17,VILLAVERDE,OPERATIVO,441522.55,4468111.61,ETRS89,,,CALLE,UNANIMIDAD,13,28041,,31018923,2021-12-04T00:00:00Z,,MU24,MU-51,2026-01-10T00:00:00Z
7180237,Aparcabicicletas,208,EL SALVADOR,20,SAN BLAS-CANILLEJAS,OPERATIVO,447640.93,4477177.43,ETRS89,,,CALLE,ALCALA,553,28022,,20052900,2020-10-13T00:00:00Z,,MU24,MU-51,2026-01-10T00:00:00Z
7180239,Aparcabicicletas,208,EL SALVADOR,20,SAN BLAS-CANILLEJAS,OPERATIVO,447638.02,4477175.98,ETRS89,,,CALLE,ALCALA,553,28022,,20052900,2020-10-13T00:00:00Z,,MU24,MU-51,2026-01-10T00:00:00Z
7180273,Aparcabicicletas,155,SAN PASCUAL,15,CIUDAD LINEAL,OPERATIVO,444453.22,4477341.31,ETRS89,,,CALLE,TORRELAGUNA,56,28027,,20151925,2020-10-13T00:00:00Z,,MU24,MU-51,2026-01-10T00:00:00Z
7180275,Aparcabicicletas,155,SAN PASCUAL,15,CIUDAD LINEAL,OPERATIVO,444452.43,4477342.9,ETRS89,,,CALLE,TORRELAGUNA,56,28027,,20151925,2020-10-13T00:00:00Z,,MU24,MU-51,2026-01-10T00:00:00Z
7180277,Aparcabicicletas,155,SAN PASCUAL,15,CIUDAD LINEAL,OPERATIVO,444451.9,4477344.09,ETRS89,,,CALLE,TORRELAGUNA,56,28027,,20151925,2020-10-13T00:00:00Z,,MU24,MU-51,2026-01-10T00:00:00Z
7180317,Aparcabicicletas,94,VALDEZARZA,9,MONCLOA-ARAVACA,OPERATIVO,439152.91,4480188.78,ETRS89,,,CALLE,VALDERRODRIGO,55,28039,,11054575,2020-10-08T00:00:00Z,,MU24,MU-51,2026-01-10T00:00:00Z
7180319,Aparcabicicletas,94,VALDEZARZA,9,MONCLOA-ARAVACA,OPERATIVO,439153.64,4480189.69,ETRS89,,,CALLE,VALDERRODRIGO,55,28039,,11054575,2020-10-08T00:00:00Z,,MU24,MU-51,2026-01-10T00:00:00Z
7180321,Aparcabicicletas,94,VALDEZARZA,9,MONCLOA-ARAVACA,OPERATIVO,439154.19,4480190.79,ETRS89,,,CALLE,VALDERRODRIGO,55,28039,,11054575,2020-10-08T00:00:00Z,,MU24,MU-51,2026-01-10T00:00:00Z
7180324,Aparcabicicletas,105,CAMPAMENTO,10,LATINA,OPERATIVO,433834.89,4471781.66,ETRS89,,,CALLE,ADANERO,3,28024,,20136248,2020-10-13T00:00:00Z,,MU24,MU-51,2026-01-10T00:00:00Z
7180326,Aparcabicicletas,105,CAMPAMENTO,10,LATINA,OPERATIVO,433835.26,4471780.93,ETRS89,,,CALLE,ADANERO,3,28024,,20136248,2020-10-13T00:00:00Z,,MU24,MU-51,2026-01-10T00:00:00Z
7181356,Aparcabicicletas,152,PUEBLO NUEVO,15,CIUDAD LINEAL,OPERATIVO,445418.94,4475609.78,ETRS89,,,CALLE,FRANCISCO VILLAESPESA,16,28017,,20182469,2020-10-13T00:00:00Z,,MU24,MU-51,2026-01-10T00:00:00Z
7181358,Aparcabicicletas,152,PUEBLO NUEVO,15,CIUDAD LINEAL,OPERATIVO,445420.8,4475609.91,ETRS89,,,CALLE,FRANCISCO VILLAESPESA,16,28017,,20182469,2020-10-13T00:00:00Z,,MU24,MU-51,2026-01-10T00:00:00Z
7181770,Aparcabicicletas,21,IMPERIAL,2,ARGANZUELA,OPERATIVO,438952.72,4473758.86,ETRS89,,,CALLE,JUAN DUQUE,22,28005,28005,20007154,1900-01-01T00:00:00Z,,MU24,MU-51,2026-01-10T00:00:00Z
7181772,Aparcabicicletas,21,IMPERIAL,2,ARGANZUELA,OPERATIVO,438952.62,4473756.86,ETRS89,,,CALLE,JUAN DUQUE,22,28005,28005,20007154,1900-01-01T00:00:00Z,,MU24,MU-51,2026-01-10T00:00:00Z
7182447,Aparcabicicletas,21,IMPERIAL,2,ARGANZUELA,OPERATIVO,438964.64,4473920.61,ETRS89,,,CALLE,JUAN DUQUE,1,28005,28005,20007142,,,MU24,MU-51,2026-01-10T00:00:00Z
7182449,Aparcabicicletas,21,IMPERIAL,2,ARGANZUELA,OPERATIVO,438964.65,4473921.61,ETRS89,,,CALLE,JUAN DUQUE,1,28005,28005,20007142,,,MU24,MU-51,2026-01-10T00:00:00Z
7181357,Aparcabicicletas,152,PUEBLO NUEVO,15,CIUDAD LINEAL,OPERATIVO,445419.87,4475609.91,ETRS89,,,CALLE,FRANCISCO VILLAESPESA,16,28017,,20182469,2020-10-13T00:00:00Z,,MU24,MU-51,2026-01-10T00:00:00Z
7181359,Aparcabicicletas,152,PUEBLO NUEVO,15,CIUDAD LINEAL,OPERATIVO,445421.85,4475610.44,ETRS89,,,CALLE,FRANCISCO VILLAESPESA,16,28017,,20182469,2020-10-13T00:00:00Z,,MU24,MU-51,2026-01-10T00:00:00Z
7181771,Aparcabicicletas,21,IMPERIAL,2,ARGANZUELA,OPERATIVO,438952.71,4473757.75,ETRS89,,,CALLE,JUAN DUQUE,22,28005,28005,20007154,1900-01-01T00:00:00Z,,MU24,MU-51,2026-01-10T00:00:00Z
7181773,Aparcabicicletas,21,IMPERIAL,2,ARGANZUELA,OPERATIVO,438952.61,4473755.97,ETRS89,,,CALLE,JUAN DUQUE,22,28005,28005,20007154,1900-01-01T00:00:00Z,,MU24,MU-51,2026-01-10T00:00:00Z
7182446,Aparcabicicletas,21,IMPERIAL,2,ARGANZUELA,OPERATIVO,438964.64,4473919.83,ETRS89,,,CALLE,JUAN DUQUE,1,28005,28005,20007142,,,MU24,MU-51,2026-01-10T00:00:00Z
7182448,Aparcabicicletas,21,IMPERIAL,2,ARGANZUELA,OPERATIVO,438964.73,4473921.17,ETRS89,,,CALLE,JUAN DUQUE,1,28005,28005,20007142,,,MU24,MU-51,2026-01-10T00:00:00Z
7182540,Aparcabicicletas,201,SIMANCAS,20,SAN BLAS-CANILLEJAS,OPERATIVO,446525.499,4476146.641,ETRS89,,,CALLE,JULIAN CAMARILLO,21,28037,,20042304,2024-10-22T00:00:00Z,,MU24,MU-51,2026-01-10T00:00:00Z
7182542,Aparcabicicletas,201,SIMANCAS,20,SAN BLAS-CANILLEJAS,OPERATIVO,446527.351,4476146.906,ETRS89,,,CALLE,JULIAN CAMARILLO,21,28037,,20042304,2024-10-22T00:00:00Z,,MU24,MU-51,2026-01-10T00:00:00Z
7182545,Aparcabicicletas,159,COSTILLARES,15,CIUDAD LINEAL,OPERATIVO,443483.52,4481288.46,ETRS89,,,CALLE,ARTURO SORIA,330,28033,,11112691,2020-10-19T00:00:00Z,,MU24,MU-51,2026-01-10T00:00:00Z
7182547,Aparcabicicletas,159,COSTILLARES,15,CIUDAD LINEAL,OPERATIVO,443484.71,4481290.32,ETRS89,,,CALLE,ARTURO SORIA,330,28033,,11112691,2020-10-19T00:00:00Z,,MU24,MU-51,2026-01-10T00:00:00Z
7182549,Aparcabicicletas,159,COSTILLARES,15,CIUDAD LINEAL,OPERATIVO,443486.69,4481292.17,ETRS89,,,CALLE,ARTURO SORIA,330,28033,,11112691,2020-10-19T00:00:00Z,,MU24,MU-51,2026-01-10T00:00:00Z
7182625,Aparcabicicletas,27,ATOCHA,2,ARGANZUELA,OPERATIVO,442509.18,4471859.86,ETRS89,,,CALLE,OMBU,3,28045,28045,20111980,2020-10-15T00:00:00Z,,MU24,MU-51,2026-01-10T00:00:00Z
7182627,Aparcabicicletas,27,ATOCHA,2,ARGANZUELA,OPERATIVO,442509.35,4471860.41,ETRS89,,,CALLE,OMBU,3,28045,28045,20111980,2020-10-15T00:00:00Z,,MU24,MU-51,2026-01-10T00:00:00Z
7182629,Aparcabicicletas,27,ATOCHA,2,ARGANZUELA,OPERATIVO,442509.34,4471858.52,ETRS89,,,CALLE,OMBU,3,28045,28045,20111980,2020-10-15T00:00:00Z,,MU24,MU-51,2026-01-10T00:00:00Z
7182652,Aparcabicicletas,44,GUINDALERA,4,SALAMANCA,OPERATIVO,443055.91,4476332.1,ETRS89,,,CALLE,PILAR DE ZARAGOZA,57,28028,,11018571,,,MU24,MU-51,2026-01-10T00:00:00Z
7182664,Aparcabicicletas,107,AGUILAS,10,LATINA,OPERATIVO,434198.9,4469869.68,ETRS89,,,CALLE,SOLEDAD CAZORLA,3,28044,,20182261,2020-10-15T00:00:00Z,,MU24,MU-51,2026-01-10T00:00:00Z
7182667,Aparcabicicletas,107,AGUILAS,10,LATINA,OPERATIVO,434199.86,4469869.39,ETRS89,,,CALLE,SOLEDAD CAZORLA,3,28044,,20182261,2020-10-15T00:00:00Z,,MU24,MU-51,2026-01-10T00:00:00Z
7182670,Aparcabicicletas,36,NIÑO JESUS,3,RETIRO,OPERATIVO,443181.53,4474017.72,ETRS89,,,CALLE,DOCTOR ESQUERDO,107,28007,,11012040,2020-10-16T00:00:00Z,,MU24,MU-51,2026-01-10T00:00:00Z
7182672,Aparcabicicletas,36,NIÑO JESUS,3,RETIRO,OPERATIVO,443181.44,4474019.07,ETRS89,,,CALLE,DOCTOR ESQUERDO,62,28007,,11013455,2020-10-16T00:00:00Z,,MU24,MU-51,2026-01-10T00:00:00Z
7182674,Aparcabicicletas,36,NIÑO JESUS,3,RETIRO,OPERATIVO,443181.53,4474016.67,ETRS89,,,CALLE,DOCTOR ESQUERDO,107,28007,,11012040,2020-10-16T00:00:00Z,,MU24,MU-51,2026-01-10T00:00:00Z
7182539,Aparcabicicletas,201,SIMANCAS,20,SAN BLAS-CANILLEJAS,OPERATIVO,446523.25,4476146.112,ETRS89,,,CALLE,JULIAN CAMARILLO,21,28037,,20042304,2024-10-22T00:00:00Z,,MU24,MU-51,2026-01-10T00:00:00Z
7182541,Aparcabicicletas,201,SIMANCAS,20,SAN BLAS-CANILLEJAS,OPERATIVO,446525.764,4476146.509,ETRS89,,,CALLE,JULIAN CAMARILLO,21,28037,,20042304,2024-10-22T00:00:00Z,,MU24,MU-51,2026-01-10T00:00:00Z
7182543,Aparcabicicletas,201,SIMANCAS,20,SAN BLAS-CANILLEJAS,OPERATIVO,446526.69,4476146.509,ETRS89,,,CALLE,JULIAN CAMARILLO,21,28037,,20042304,2024-10-22T00:00:00Z,,MU24,MU-51,2026-01-10T00:00:00Z
7182546,Aparcabicicletas,159,COSTILLARES,15,CIUDAD LINEAL,OPERATIVO,443484.04,4481289.26,ETRS89,,,CALLE,ARTURO SORIA,330,28033,,11112691,2020-10-19T00:00:00Z,,MU24,MU-51,2026-01-10T00:00:00Z
7182548,Aparcabicicletas,159,COSTILLARES,15,CIUDAD LINEAL,OPERATIVO,443485.5,4481291.37,ETRS89,,,CALLE,ARTURO SORIA,330,28033,,11112691,2020-10-19T00:00:00Z,,MU24,MU-51,2026-01-10T00:00:00Z
7182624,Aparcabicicletas,27,ATOCHA,2,ARGANZUELA,OPERATIVO,442509.33,4471857.97,ETRS89,,,CALLE,OMBU,3,28045,28045,20111980,2020-10-15T00:00:00Z,,MU24,MU-51,2026-01-10T00:00:00Z
7182626,Aparcabicicletas,27,ATOCHA,2,ARGANZUELA,OPERATIVO,442509.33,4471857.41,ETRS89,,,CALLE,OMBU,3,28045,28045,20111980,2020-10-15T00:00:00Z,,MU24,MU-51,2026-01-10T00:00:00Z
7182628,Aparcabicicletas,27,ATOCHA,2,ARGANZUELA,OPERATIVO,442509.17,4471859.19,ETRS89,,,CALLE,OMBU,3,28045,28045,20111980,2020-10-15T00:00:00Z,,MU24,MU-51,2026-01-10T00:00:00Z
7182651,Aparcabicicletas,44,GUINDALERA,4,SALAMANCA,OPERATIVO,443055.57,4476332.31,ETRS89,,,CALLE,PILAR DE ZARAGOZA,57,28028,,11018571,,,MU24,MU-51,2026-01-10T00:00:00Z
7182663,Aparcabicicletas,107,AGUILAS,10,LATINA,OPERATIVO,434199.48,4469869.49,ETRS89,,,CALLE,SOLEDAD CAZORLA,3,28044,,20182261,2020-10-15T00:00:00Z,,MU24,MU-51,2026-01-10T00:00:00Z
7182665,Aparcabicicletas,107,AGUILAS,10,LATINA,OPERATIVO,434198.42,4469869.82,ETRS89,,,CALLE,SOLEDAD CAZORLA,3,28044,,20182261,2020-10-15T00:00:00Z,,MU24,MU-51,2026-01-10T00:00:00Z
7186687,Aparcabicicletas,54,HISPANOAMERICA,5,CHAMARTIN,OPERATIVO,441861.49,4478733.48,ETRS89,,,CALLE,PADRE DAMIAN,34,28036,28036,11025579,2020-11-04T00:00:00Z,,MU24,MU-51,2026-01-10T00:00:00Z
7186689,Aparcabicicletas,54,HISPANOAMERICA,5,CHAMARTIN,OPERATIVO,441861.23,4478732.93,ETRS89,,,CALLE,PADRE DAMIAN,34,28036,28036,11025579,2020-11-04T00:00:00Z,,MU24,MU-51,2026-01-10T00:00:00Z
7209593,Aparcabicicletas,172,SAN CRISTOBAL,17,VILLAVERDE,OPERATIVO,441835.3,4466060.81,ETRS89,,,CALLE,BENIMAMET,30,28021,,31009424,1900-01-01T00:00:00Z,,MU24,MU-51,2026-01-10T00:00:00Z
7209604,Aparcabicicletas,172,SAN CRISTOBAL,17,VILLAVERDE,OPERATIVO,441835.12,4466059.7,ETRS89,,,CALLE,BENIMAMET,30,28021,,31009424,1900-01-01T00:00:00Z,,MU24,MU-51,2026-01-10T00:00:00Z
72245,Aparcabicicletas,202,HELLIN,20,SAN BLAS-CANILLEJAS,OPERATIVO,448147.97,4475538.85,ETRS89,,,CALLE,ARCOS DE JALON,59,28037,PORTAL,31032030,2021-09-21T00:00:00Z,1088953,MU24,MU-51,2026-01-10T00:00:00Z
7239691,Aparcabicicletas,193,VALDERRIVAS,19,VICALVARO,OPERATIVO,449431.29,4472476.81,ETRS89,,,CALLE,SAN CIPRIANO,85,28032,,20160655,2020-11-13T00:00:00Z,,MU24,MU-51,2026-01-10T00:00:00Z
7239693,Aparcabicicletas,193,VALDERRIVAS,19,VICALVARO,OPERATIVO,449427.88,4472474.17,ETRS89,,,CALLE,SAN CIPRIANO,85,28032,,20160655,2020-11-13T00:00:00Z,,MU24,MU-51,2026-01-10T00:00:00Z
7239695,Aparcabicicletas,193,VALDERRIVAS,19,VICALVARO,OPERATIVO,449428.73,4472474.72,ETRS89,,,CALLE,SAN CIPRIANO,85,28032,,20160655,2020-11-13T00:00:00Z,,MU24,MU-51,2026-01-10T00:00:00Z
7240633,Aparcabicicletas,126,ZOFIO,12,USERA,OPERATIVO,439179.7,4470744.41,ETRS89,,,CALLE,SAN MAGIN,2,28026,,11085159,1900-01-01T00:00:00Z,,MU24,MU-51,2026-01-10T00:00:00Z
7240635,Aparcabicicletas,126,ZOFIO,12,USERA,OPERATIVO,439177.75,4470744.65,ETRS89,,,CALLE,SAN MAGIN,2,28026,,11085159,1900-01-01T00:00:00Z,,MU24,MU-51,2026-01-10T00:00:00Z
7244003,Aparcabicicletas,112,OPAÑEL,11,CARABANCHEL,OPERATIVO,439160.81,4471022.19,ETRS89,,,CALLE,ANTONIO DE LEYVA,84,28019,,11069860,2021-12-04T00:00:00Z,,MU24,MU-51,2026-01-10T00:00:00Z
7244008,Aparcabicicletas,112,OPAÑEL,11,CARABANCHEL,OPERATIVO,439161,4471023.85,ETRS89,,,CALLE,ANTONIO DE LEYVA,84,28019,,11069860,2021-12-04T00:00:00Z,,MU24,MU-51,2026-01-10T00:00:00Z
7244053,Aparcabicicletas,55,NUEVA ESPAÑA,5,CHAMARTIN,OPERATIVO,442839.94,4479035.88,ETRS89,,,CALLE,PUERTO RICO,47,28016,,11026424,2020-11-11T00:00:00Z,,MU24,MU-51,2026-01-10T00:00:00Z
7244056,Aparcabicicletas,55,NUEVA ESPAÑA,5,CHAMARTIN,OPERATIVO,442839.93,4479034.99,ETRS89,,,CALLE,PUERTO RICO,47,28016,,11026424,2020-11-11T00:00:00Z,,MU24,MU-51,2026-01-10T00:00:00Z
7244059,Aparcabicicletas,103,LUCERO,10,LATINA,OPERATIVO,436798.76,4472316.81,ETRS89,,,CALLE,ALHAMBRA,56,28047,,11063652,2020-11-12T00:00:00Z,,MU24,MU-51,2026-01-10T00:00:00Z
7244061,Aparcabicicletas,103,LUCERO,10,LATINA,OPERATIVO,436800.83,4472317.41,ETRS89,,,CALLE,ALHAMBRA,56,28047,,11063652,2020-11-12T00:00:00Z,,MU24,MU-51,2026-01-10T00:00:00Z
7244063,Aparcabicicletas,103,LUCERO,10,LATINA,OPERATIVO,436800.27,4472317.21,ETRS89,,,CALLE,ALHAMBRA,56,28047,,11063652,2020-11-12T00:00:00Z,,MU24,MU-51,2026-01-10T00:00:00Z
7244212,Aparcabicicletas,205,ROSAS,20,SAN BLAS-CANILLEJAS,OPERATIVO,448978.35,4475991.8,ETRS89,,,CALLE,ESTOCOLMO,59,28022,,31052864,2020-11-19T00:00:00Z,,MU24,MU-51,2026-01-10T00:00:00Z
7244214,Aparcabicicletas,205,ROSAS,20,SAN BLAS-CANILLEJAS,OPERATIVO,448976.23,4475992.46,ETRS89,,,CALLE,ESTOCOLMO,59,28022,,31052864,2020-11-19T00:00:00Z,,MU24,MU-51,2026-01-10T00:00:00Z
7245387,Aparcabicicletas,205,ROSAS,20,SAN BLAS-CANILLEJAS,OPERATIVO,448289.55,4475994.52,ETRS89,,,CALLE,MARIA SEVILLA DIAGO,12,28022,,11136329,2020-11-19T00:00:00Z,,MU24,MU-51,2026-01-10T00:00:00Z
7182677,Aparcabicicletas,27,ATOCHA,2,ARGANZUELA,OPERATIVO,441750.92,4472526.93,ETRS89,,,CALLE,MENDEZ ALVARO,9,28045,,11010542,2020-10-16T00:00:00Z,,MU24,MU-51,2026-01-10T00:00:00Z
7182679,Aparcabicicletas,27,ATOCHA,2,ARGANZUELA,OPERATIVO,441751.4,4472526.31,ETRS89,,,CALLE,MENDEZ ALVARO,9,28045,,11010542,2020-10-16T00:00:00Z,,MU24,MU-51,2026-01-10T00:00:00Z
7182681,Aparcabicicletas,27,ATOCHA,2,ARGANZUELA,OPERATIVO,441751.64,4472525.93,ETRS89,,,CALLE,MENDEZ ALVARO,9,28045,,11010542,2020-10-16T00:00:00Z,,MU24,MU-51,2026-01-10T00:00:00Z
7246312,Aparcabicicletas,86,VALVERDE,8,FUENCARRAL-EL PARDO,OPERATIVO,440992.95,4482110.82,ETRS89,,,CALLE,ALFREDO MARQUERIE,9,28034,,11045881,2020-11-18T00:00:00Z,,MU24,MU-51,2026-01-10T00:00:00Z
7246314,Aparcabicicletas,86,VALVERDE,8,FUENCARRAL-EL PARDO,OPERATIVO,440991.53,4482112.84,ETRS89,,,CALLE,ALFREDO MARQUERIE,9,28034,,11045881,2020-11-18T00:00:00Z,,MU24,MU-51,2026-01-10T00:00:00Z
7246494,Aparcabicicletas,86,VALVERDE,8,FUENCARRAL-EL PARDO,OPERATIVO,440993.35,4482110.12,ETRS89,,,CALLE,ALFREDO MARQUERIE,9,28034,,11045881,2020-11-18T00:00:00Z,,MU24,MU-51,2026-01-10T00:00:00Z
7209592,Aparcabicicletas,172,SAN CRISTOBAL,17,VILLAVERDE,OPERATIVO,441835.3,4466061.7,ETRS89,,,CALLE,BENIMAMET,30,28021,,31009424,1900-01-01T00:00:00Z,,MU24,MU-51,2026-01-10T00:00:00Z
7209595,Aparcabicicletas,172,SAN CRISTOBAL,17,VILLAVERDE,OPERATIVO,441835.21,4466060.25,ETRS89,,,CALLE,BENIMAMET,30,28021,,31009424,1900-01-01T00:00:00Z,,MU24,MU-51,2026-01-10T00:00:00Z
72246,Aparcabicicletas,152,PUEBLO NUEVO,15,CIUDAD LINEAL,OPERATIVO,445848.4,4475684.73,ETRS89,,,CALLE,FRANCISCO RIOJA,14,28017,PORTAL,20177032,2021-09-14T00:00:00Z,1088958,MU24,MU-51,2026-01-10T00:00:00Z
7239692,Aparcabicicletas,193,VALDERRIVAS,19,VICALVARO,OPERATIVO,449430.52,4472476.15,ETRS89,,,CALLE,SAN CIPRIANO,85,28032,,20160655,2020-11-13T00:00:00Z,,MU24,MU-51,2026-01-10T00:00:00Z
7239694,Aparcabicicletas,193,VALDERRIVAS,19,VICALVARO,OPERATIVO,449429.58,4472475.38,ETRS89,,,CALLE,SAN CIPRIANO,85,28032,,20160655,2020-11-13T00:00:00Z,,MU24,MU-51,2026-01-10T00:00:00Z
7240632,Aparcabicicletas,126,ZOFIO,12,USERA,OPERATIVO,439176.31,4470744.77,ETRS89,,,CALLE,SAN MAGIN,2,28026,,11085159,1900-01-01T00:00:00Z,,MU24,MU-51,2026-01-10T00:00:00Z
7240634,Aparcabicicletas,126,ZOFIO,12,USERA,OPERATIVO,439175.2,4470744.89,ETRS89,,,CALLE,SAN MAGIN,2,28026,,11085159,1900-01-01T00:00:00Z,,MU24,MU-51,2026-01-10T00:00:00Z
7240636,Aparcabicicletas,126,ZOFIO,12,USERA,OPERATIVO,439178.68,4470744.42,ETRS89,,,CALLE,SAN MAGIN,2,28026,,11085159,1900-01-01T00:00:00Z,,MU24,MU-51,2026-01-10T00:00:00Z
7244002,Aparcabicicletas,112,OPAÑEL,11,CARABANCHEL,OPERATIVO,439160.9,4471022.85,ETRS89,,,CALLE,ANTONIO DE LEYVA,84,28019,,11069860,2021-12-04T00:00:00Z,,MU24,MU-51,2026-01-10T00:00:00Z
7244007,Aparcabicicletas,112,OPAÑEL,11,CARABANCHEL,OPERATIVO,439161.08,4471024.18,ETRS89,,,CALLE,ANTONIO DE LEYVA,79,28019,,31014765,2021-12-04T00:00:00Z,,MU24,MU-51,2026-01-10T00:00:00Z
7244009,Aparcabicicletas,112,OPAÑEL,11,CARABANCHEL,OPERATIVO,439160.91,4471023.41,ETRS89,,,CALLE,ANTONIO DE LEYVA,84,28019,,11069860,2021-12-04T00:00:00Z,,MU24,MU-51,2026-01-10T00:00:00Z
7244054,Aparcabicicletas,55,NUEVA ESPAÑA,5,CHAMARTIN,OPERATIVO,442840.3,4479038.54,ETRS89,,,CALLE,PUERTO RICO,47,28016,,11026424,2020-11-11T00:00:00Z,,MU24,MU-51,2026-01-10T00:00:00Z
7244057,Aparcabicicletas,55,NUEVA ESPAÑA,5,CHAMARTIN,OPERATIVO,442840.12,4479037.54,ETRS89,,,CALLE,PUERTO RICO,47,28016,,11026424,2020-11-11T00:00:00Z,,MU24,MU-51,2026-01-10T00:00:00Z
7244060,Aparcabicicletas,103,LUCERO,10,LATINA,OPERATIVO,436799.67,4472317.06,ETRS89,,,CALLE,ALHAMBRA,56,28047,,11063652,2020-11-12T00:00:00Z,,MU24,MU-51,2026-01-10T00:00:00Z
7244062,Aparcabicicletas,103,LUCERO,10,LATINA,OPERATIVO,436801.28,4472317.56,ETRS89,,,CALLE,ALHAMBRA,56,28047,,11063652,2020-11-12T00:00:00Z,,MU24,MU-51,2026-01-10T00:00:00Z
7244089,Aparcabicicletas,55,NUEVA ESPAÑA,5,CHAMARTIN,OPERATIVO,442840.03,4479036.65,ETRS89,,,CALLE,PUERTO RICO,47,28016,,11026424,2020-11-11T00:00:00Z,,MU24,MU-51,2026-01-10T00:00:00Z
7244210,Aparcabicicletas,205,ROSAS,20,SAN BLAS-CANILLEJAS,OPERATIVO,448979.27,4475991.53,ETRS89,,,CALLE,ESTOCOLMO,59,28022,,31052864,2020-11-19T00:00:00Z,,MU24,MU-51,2026-01-10T00:00:00Z
7244213,Aparcabicicletas,205,ROSAS,20,SAN BLAS-CANILLEJAS,OPERATIVO,448977.02,4475992.33,ETRS89,,,CALLE,ESTOCOLMO,59,28022,,31052864,2020-11-19T00:00:00Z,,MU24,MU-51,2026-01-10T00:00:00Z
7182668,Aparcabicicletas,107,AGUILAS,10,LATINA,OPERATIVO,434200.53,4469869.2,ETRS89,,,CALLE,SOLEDAD CAZORLA,3,28044,,20182261,2020-10-15T00:00:00Z,,MU24,MU-51,2026-01-10T00:00:00Z
7182671,Aparcabicicletas,36,NIÑO JESUS,3,RETIRO,OPERATIVO,443181.53,4474014.94,ETRS89,,,CALLE,DOCTOR ESQUERDO,107,28007,,11012040,2020-10-16T00:00:00Z,,MU24,MU-51,2026-01-10T00:00:00Z
7182673,Aparcabicicletas,36,NIÑO JESUS,3,RETIRO,OPERATIVO,443181.53,4474015.52,ETRS89,,,CALLE,DOCTOR ESQUERDO,107,28007,,11012040,2020-10-16T00:00:00Z,,MU24,MU-51,2026-01-10T00:00:00Z
7182676,Aparcabicicletas,27,ATOCHA,2,ARGANZUELA,OPERATIVO,441749.91,4472528.23,ETRS89,,,CALLE,MENDEZ ALVARO,9,28045,,11010542,2020-10-16T00:00:00Z,,MU24,MU-51,2026-01-10T00:00:00Z
7182678,Aparcabicicletas,27,ATOCHA,2,ARGANZUELA,OPERATIVO,441752.02,4472525.64,ETRS89,,,CALLE,MENDEZ ALVARO,9,28045,,11010542,2020-10-16T00:00:00Z,,MU24,MU-51,2026-01-10T00:00:00Z
7182680,Aparcabicicletas,27,ATOCHA,2,ARGANZUELA,OPERATIVO,441750.44,4472527.61,ETRS89,,,CALLE,MENDEZ ALVARO,9,28045,,11010542,2020-10-16T00:00:00Z,,MU24,MU-51,2026-01-10T00:00:00Z
7246313,Aparcabicicletas,86,VALVERDE,8,FUENCARRAL-EL PARDO,OPERATIVO,440992.14,4482111.88,ETRS89,,,CALLE,ALFREDO MARQUERIE,9,28034,,11045881,2020-11-18T00:00:00Z,,MU24,MU-51,2026-01-10T00:00:00Z
7246315,Aparcabicicletas,86,VALVERDE,8,FUENCARRAL-EL PARDO,OPERATIVO,440991.99,4482112.34,ETRS89,,,CALLE,ALFREDO MARQUERIE,9,28034,,11045881,2020-11-18T00:00:00Z,,MU24,MU-51,2026-01-10T00:00:00Z
7246635,Aparcabicicletas,21,IMPERIAL,2,ARGANZUELA,OPERATIVO,439279.48,4472511.82,ETRS89,,,CALLE,ALEJANDRO DUMAS,2,28005,28005,20002575,2020-11-18T00:00:00Z,,MU24,MU-51,2026-01-10T00:00:00Z
7246743,Aparcabicicletas,21,IMPERIAL,2,ARGANZUELA,OPERATIVO,439278.3,4472512.61,ETRS89,,,CALLE,ALEJANDRO DUMAS,2,28005,28005,20002575,2020-11-18T00:00:00Z,,MU24,MU-51,2026-01-10T00:00:00Z
7252498,Aparcabicicletas,86,VALVERDE,8,FUENCARRAL-EL PARDO,OPERATIVO,440992.54,4482111.33,ETRS89,,,CALLE,ALFREDO MARQUERIE,9,28034,,11045881,2020-11-18T00:00:00Z,,MU24,MU-51,2026-01-10T00:00:00Z
7252501,Aparcabicicletas,21,IMPERIAL,2,ARGANZUELA,OPERATIVO,439278.81,4472512.27,ETRS89,,,CALLE,ALEJANDRO DUMAS,2,28005,28005,20002575,2020-11-18T00:00:00Z,,MU24,MU-51,2026-01-10T00:00:00Z
7252510,Aparcabicicletas,44,GUINDALERA,4,SALAMANCA,OPERATIVO,443059.96,4476525.45,ETRS89,,,CALLE,CARTAGENA,68,28028,28028,11018143,2020-11-18T00:00:00Z,,MU24,MU-51,2026-01-10T00:00:00Z
7252533,Aparcabicicletas,44,GUINDALERA,4,SALAMANCA,OPERATIVO,443061.98,4476523.77,ETRS89,,,CALLE,CARTAGENA,68,28028,28028,11018143,2020-11-18T00:00:00Z,,MU24,MU-51,2026-01-10T00:00:00Z
7293564,Aparcabicicletas,71,GAZTAMBIDE,7,CHAMBERI,OPERATIVO,439533.83,4476194.75,ETRS89,,,CALLE,FERNANDO EL CATOLICO,50,28015,28015,11038828,2020-11-25T00:00:00Z,,MU24,MU-51,2026-01-10T00:00:00Z
7293587,Aparcabicicletas,71,GAZTAMBIDE,7,CHAMBERI,OPERATIVO,439531.46,4476195.21,ETRS89,,,CALLE,FERNANDO EL CATOLICO,52,28015,28015,20013232,2020-11-25T00:00:00Z,,MU24,MU-51,2026-01-10T00:00:00Z
7293589,Aparcabicicletas,71,GAZTAMBIDE,7,CHAMBERI,OPERATIVO,439529.0,4476195.57,ETRS89,,,CALLE,FERNANDO EL CATOLICO,52,28015,28015,20013232,2020-11-25T00:00:00Z,,MU24,MU-51,2026-01-10T00:00:00Z
73168,Aparcabicicletas,155,SAN PASCUAL,15,CIUDAD LINEAL,OPERATIVO,444775.57,4476839.46,ETRS89,,,CALLE,CANAL DE PANAMA,8,28027,PORTAL,11110958,2021-05-06T00:00:00Z,1027025,MU24,MU-51,2026-01-10T00:00:00Z
73170,Aparcabicicletas,215,CORRALEJOS,21,BARAJAS,OPERATIVO,449511.07,4479790.11,ETRS89,,,CALLE,BAHIA DE MALAGA,5,28042,PORTAL,20149956,2023-09-19T00:00:00Z,459906,MU24,MU-38,2026-01-10T00:00:00Z
73177,Aparcabicicletas,163,CANILLAS,16,HORTALEZA,OPERATIVO,444524.17,4479116.99,ETRS89,,,CALLE,CARRIL DEL CONDE,57,28043,PORTAL,11115457,2021-09-14T00:00:00Z,979909,MU24,MU-51,2026-01-10T00:00:00Z
73179,Aparcabicicletas,163,CANILLAS,16,HORTALEZA,OPERATIVO,445550.89,4479735.74,ETRS89,,,CALLE,JAVIER DEL QUINTO,12,28043,PORTAL,31008306,2021-09-17T00:00:00Z,979913,MU24,MU-51,2026-01-10T00:00:00Z
73186,Aparcabicicletas,163,CANILLAS,16,HORTALEZA,OPERATIVO,444256.589,4479397.485,ETRS89,,,CALLE,LOPEZ DE HOYOS,327,28043,PORTAL,11117795,2021-07-15T00:00:00Z,979928,MU24,MU-51,2026-01-10T00:00:00Z
73188,Aparcabicicletas,211,ALAMEDA DE OSUNA,21,BARAJAS,OPERATIVO,450350.77,4478865.2,ETRS89,,,CALLE,BERGANTIN,11,28042,PORTAL,11139992,2021-09-09T00:00:00Z,1009341,MU24,MU-51,2026-01-10T00:00:00Z
73194,Aparcabicicletas,163,CANILLAS,16,HORTALEZA,OPERATIVO,446287.58,4479641.46,ETRS89,,,CALLE,ROSA DE CASTRO,17,28043,PORTAL,20157452,2021-09-14T00:00:00Z,1087174,MU24,MU-51,2026-01-10T00:00:00Z
73196,Aparcabicicletas,163,CANILLAS,16,HORTALEZA,OPERATIVO,444657.64,4479427.94,ETRS89,,,CALLE,RICARDO SAN JUAN,2,28043,PARCELA,31034365,2021-09-10T00:00:00Z,981059,MU24,MU-51,2026-01-10T00:00:00Z
7246636,Aparcabicicletas,21,IMPERIAL,2,ARGANZUELA,OPERATIVO,439280.33,4472511.15,ETRS89,,,CALLE,ALEJANDRO DUMAS,2,28005,28005,20002575,2020-11-18T00:00:00Z,,MU24,MU-51,2026-01-10T00:00:00Z
7252500,Aparcabicicletas,21,IMPERIAL,2,ARGANZUELA,OPERATIVO,439279.82,4472511.38,ETRS89,,,CALLE,ALEJANDRO DUMAS,2,28005,28005,20002575,2020-11-18T00:00:00Z,,MU24,MU-51,2026-01-10T00:00:00Z
7252506,Aparcabicicletas,44,GUINDALERA,4,SALAMANCA,OPERATIVO,443059.04,4476526.35,ETRS89,,,CALLE,CARTAGENA,68,28028,28028,11018143,2020-11-18T00:00:00Z,,MU24,MU-51,2026-01-10T00:00:00Z
7252518,Aparcabicicletas,44,GUINDALERA,4,SALAMANCA,OPERATIVO,443060.97,4476524.67,ETRS89,,,CALLE,CARTAGENA,68,28028,28028,11018143,2020-11-18T00:00:00Z,,MU24,MU-51,2026-01-10T00:00:00Z
7252538,Aparcabicicletas,44,GUINDALERA,4,SALAMANCA,OPERATIVO,443063.0,4476522.99,ETRS89,,,CALLE,CARTAGENA,68,28028,28028,11018143,2020-11-18T00:00:00Z,,MU24,MU-51,2026-01-10T00:00:00Z
72888,Aparcabicicletas,203,AMPOSTA,20,SAN BLAS-CANILLEJAS,OPERATIVO,447588.54,4475528.41,ETRS89,,,CALLE,ALBERIQUE,12,28037,JARDIN,31044559,2021-09-14T00:00:00Z,1092880,MU24,MU-51,2026-01-10T00:00:00Z
7293586,Aparcabicicletas,71,GAZTAMBIDE,7,CHAMBERI,OPERATIVO,439532.56,4476194.87,ETRS89,,,CALLE,FERNANDO EL CATOLICO,52,28015,28015,20013232,2020-11-25T00:00:00Z,,MU24,MU-51,2026-01-10T00:00:00Z
7293588,Aparcabicicletas,71,GAZTAMBIDE,7,CHAMBERI,OPERATIVO,439530.53,4476195.33,ETRS89,,,CALLE,FERNANDO EL CATOLICO,52,28015,28015,20013232,2020-11-25T00:00:00Z,,MU24,MU-51,2026-01-10T00:00:00Z
72940,Aparcabicicletas,211,ALAMEDA DE OSUNA,21,BARAJAS,OPERATIVO,449926.67,4478040.32,ETRS89,,,CALLE,BALANDRO,1,28042,JARDIN,31044565,2021-09-14T00:00:00Z,1086955,MU24,MU-51,2026-01-10T00:00:00Z
73114,Aparcabicicletas,163,CANILLAS,16,HORTALEZA,OPERATIVO,446289.58,4479641.46,ETRS89,,,CALLE,ROSA DE CASTRO,17,28043,PORTAL,20157452,2021-09-21T00:00:00Z,1087175,MU24,MU-51,2026-01-10T00:00:00Z
73163,Aparcabicicletas,163,CANILLAS,16,HORTALEZA,OPERATIVO,445562.7,4480032.63,ETRS89,,,CALLE,AREQUIPA,1,28043,GARAJE,31049247,2021-09-16T00:00:00Z,1025726,MU24,MU-51,2026-01-10T00:00:00Z
73169,Aparcabicicletas,211,ALAMEDA DE OSUNA,21,BARAJAS,OPERATIVO,450772.41,4479224.18,ETRS89,,,CALLE,RIAÑO,9,28042,PORTAL,11139933,2021-09-14T00:00:00Z,1034215,MU24,MU-51,2026-01-10T00:00:00Z
73171,Aparcabicicletas,215,CORRALEJOS,21,BARAJAS,OPERATIVO,449512.72,4479790.83,ETRS89,,,CALLE,BAHIA DE MALAGA,5,28042,PORTAL,20149956,2021-09-16T00:00:00Z,459907,MU24,MU-38,2026-01-10T00:00:00Z
73181,Aparcabicicletas,164,PINAR DEL REY,16,HORTALEZA,OPERATIVO,444809.19,4480967.72,ETRS89,,,CALLE,ABIZANDA,68,28033,GARAJE,20089517,2021-09-17T00:00:00Z,1025388,MU24,MU-51,2026-01-10T00:00:00Z
73183,Aparcabicicletas,163,CANILLAS,16,HORTALEZA,OPERATIVO,444816.21,4479451.76,ETRS89,,,CALLE,AGUSTIN CALVO,8,28043,PORTAL,20160500,2021-09-16T00:00:00Z,979920,MU24,MU-51,2026-01-10T00:00:00Z
73190,Aparcabicicletas,207,CANILLEJAS,20,SAN BLAS-CANILLEJAS,OPERATIVO,448093.85,4477466.96,ETRS89,,,CALLE,BOLTAÑA,68,28022,PORTAL,11138222,2019-01-28T00:00:00Z,1080232,MU24,MU-51,2026-01-10T00:00:00Z
73192,Aparcabicicletas,163,CANILLAS,16,HORTALEZA,OPERATIVO,446285.58,4479640.46,ETRS89,,,CALLE,PEDRO ALONSO,7,28043,FRENTE FACHADA,31047035,2020-03-03T00:00:00Z,979912,MU24,MU-51,2026-01-10T00:00:00Z
73195,Aparcabicicletas,211,ALAMEDA DE OSUNA,21,BARAJAS,OPERATIVO,450593.58,4478793.38,ETRS89,,,CALLE,GALEON,16,28042,GARAJE,11139966,2020-03-03T00:00:00Z,1017174,MU24,MU-51,2026-01-10T00:00:00Z
73202,Aparcabicicletas,211,ALAMEDA DE OSUNA,21,BARAJAS,OPERATIVO,450147.11,4478685.03,ETRS89,,,CALLE,CORBETA,12,28042,PORTAL,11139982,2021-09-15T00:00:00Z,1017177,MU24,MU-38,2026-01-10T00:00:00Z
7409719,Aparcabicicletas,102,PUERTA DEL ANGEL,10,LATINA,OPERATIVO,437329.73,4473303.0,ETRS89,,,CALLE,SEVERINO AZNAR EMBID,6,28011,,11062484,2021-08-10T00:00:00Z,,MU24,MU-51,2026-01-10T00:00:00Z
7409721,Aparcabicicletas,102,PUERTA DEL ANGEL,10,LATINA,OPERATIVO,437327.58,4473303.77,ETRS89,,,CALLE,SEVERINO AZNAR EMBID,6,28011,,11062484,2021-08-12T00:00:00Z,,MU24,MU-51,2026-01-10T00:00:00Z
7502096,Aparcabicicletas,25,DELICIAS,2,ARGANZUELA,OPERATIVO,442053.21,4471679.32,ETRS89,,,CALLE,ESTRELLA DENEBOLA,1,28045,28045,20141801,2020-12-11T00:00:00Z,,MU24,MU-51,2026-01-10T00:00:00Z
7502308,Aparcabicicletas,52,PROSPERIDAD,5,CHAMARTIN,OPERATIVO,443328.43,4477491.72,ETRS89,,,CALLE,CLARA DEL REY,61,28002,28002,20009496,,,MU24,MU-51,2026-01-10T00:00:00Z
7502310,Aparcabicicletas,52,PROSPERIDAD,5,CHAMARTIN,OPERATIVO,443328.96,4477494.72,ETRS89,,,CALLE,CLARA DEL REY,61,28002,28002,20009496,,,MU24,MU-51,2026-01-10T00:00:00Z
7502323,Aparcabicicletas,53,CIUDAD JARDIN,5,CHAMARTIN,OPERATIVO,443085.18,4477723.35,ETRS89,,,CALLE,JAVIER FERRERO,2,28002,28002,11023669,2020-12-30T00:00:00Z,,MU24,MU-51,2026-01-10T00:00:00Z
7502394,Aparcabicicletas,33,ESTRELLA,3,RETIRO,OPERATIVO,443669.01,4474467.46,ETRS89,,,CALLE,MARQUES DE LOZOYA,29B,28007,28007,31003152,2020-12-30T00:00:00Z,,MU24,MU-51,2026-01-10T00:00:00Z
7502396,Aparcabicicletas,33,ESTRELLA,3,RETIRO,OPERATIVO,443670.45,4474466.56,ETRS89,,,CALLE,MARQUES DE LOZOYA,29B,28007,28007,31003152,2020-12-30T00:00:00Z,,MU24,MU-51,2026-01-10T00:00:00Z
7502398,Aparcabicicletas,33,ESTRELLA,3,RETIRO,OPERATIVO,443672.14,4474465.77,ETRS89,,,CALLE,MARQUES DE LOZOYA,29B,28007,28007,31003152,2020-12-30T00:00:00Z,,MU24,MU-51,2026-01-10T00:00:00Z
7502411,Aparcabicicletas,53,CIUDAD JARDIN,5,CHAMARTIN,OPERATIVO,442874.18,4477805.47,ETRS89,,,CALLE,MARCENADO,45,28002,,31042691,2020-12-30T00:00:00Z,,MU24,MU-51,2026-01-10T00:00:00Z
7502413,Aparcabicicletas,53,CIUDAD JARDIN,5,CHAMARTIN,OPERATIVO,442876.87,4477805.72,ETRS89,,,CALLE,PRADILLO,21,28002,,20094368,2020-12-30T00:00:00Z,,MU24,MU-51,2026-01-10T00:00:00Z
7526567,Aparcabicicletas,31,PACIFICO,3,RETIRO,OPERATIVO,442405.92,4472493.94,ETRS89,,,CALLE,TELLEZ,31,28007,28007,20088240,,,MU24,MU-51,2026-01-10T00:00:00Z
7526569,Aparcabicicletas,31,PACIFICO,3,RETIRO,OPERATIVO,442404.32,4472494.95,ETRS89,,,CALLE,TELLEZ,31,28007,28007,20088240,,,MU24,MU-51,2026-01-10T00:00:00Z
7526697,Aparcabicicletas,31,PACIFICO,3,RETIRO,OPERATIVO,442329.56,4472517.83,ETRS89,,,CALLE,TELLEZ,50,28007,28007,20076871,,,MU24,MU-51,2026-01-10T00:00:00Z
7244216,Aparcabicicletas,205,ROSAS,20,SAN BLAS-CANILLEJAS,OPERATIVO,448975.04,4475993.25,ETRS89,,,CALLE,ESTOCOLMO,59,28022,,31052864,2020-11-19T00:00:00Z,,MU24,MU-51,2026-01-10T00:00:00Z
7245396,Aparcabicicletas,205,ROSAS,20,SAN BLAS-CANILLEJAS,OPERATIVO,448289.41,4475995.19,ETRS89,,,CALLE,MARIA SEVILLA DIAGO,12,28022,,11136329,2020-11-19T00:00:00Z,,MU24,MU-51,2026-01-10T00:00:00Z
7245412,Aparcabicicletas,205,ROSAS,20,SAN BLAS-CANILLEJAS,OPERATIVO,448289.28,4475996.77,ETRS89,,,CALLE,MARIA SEVILLA DIAGO,12,28022,,11136329,2020-11-19T00:00:00Z,,MU24,MU-51,2026-01-10T00:00:00Z
73203,Aparcabicicletas,213,CASCO HISTORICO DE BARAJAS,21,BARAJAS,OPERATIVO,451016.82,4480588.32,ETRS89,,,CALLE,ORION,3,28042,PORTAL,11140690,2019-01-29T00:00:00Z,1017179,MU24,MU-51,2026-01-10T00:00:00Z
7245404,Aparcabicicletas,205,ROSAS,20,SAN BLAS-CANILLEJAS,OPERATIVO,448289.15,4475996.24,ETRS89,,,CALLE,MARIA SEVILLA DIAGO,12,28022,,11136329,2020-11-19T00:00:00Z,,MU24,MU-51,2026-01-10T00:00:00Z
7245414,Aparcabicicletas,205,ROSAS,20,SAN BLAS-CANILLEJAS,OPERATIVO,448288.89,4475997.83,ETRS89,,,CALLE,MARIA SEVILLA DIAGO,12,28022,,11136329,2020-11-19T00:00:00Z,,MU24,MU-51,2026-01-10T00:00:00Z
73045,Aparcabicicletas,163,CANILLAS,16,HORTALEZA,OPERATIVO,444818.59,4479451.48,ETRS89,,,CALLE,AGUSTIN CALVO,8,28043,PORTAL,20160500,2020-09-23T00:00:00Z,1087161,MU24,MU-51,2026-01-10T00:00:00Z
7397769,Aparcabicicletas,21,IMPERIAL,2,ARGANZUELA,OPERATIVO,438828.84,4472916.22,ETRS89,,,CALLE,SAN ALEJANDRO,4,28005,28005,11008200,,,MU24,MU-51,2026-01-10T00:00:00Z
7397784,Aparcabicicletas,21,IMPERIAL,2,ARGANZUELA,OPERATIVO,438830.11,4472916.32,ETRS89,,,CALLE,SAN ALEJANDRO,2,28005,28005,11008200,,,MU24,MU-51,2026-01-10T00:00:00Z
7527069,Aparcabicicletas,12,EMBAJADORES,1,CENTRO,OPERATIVO,440334.73,4473061.38,ETRS89,,,CALLE,EMBAJADORES,70,28012,28012,11002271,2021-01-04T00:00:00Z,,MU24,MU-51,2026-01-10T00:00:00Z
7527079,Aparcabicicletas,12,EMBAJADORES,1,CENTRO,OPERATIVO,440333.65,4473063.83,ETRS89,,,CALLE,EMBAJADORES,53,28012,28012,11002267,2021-01-04T00:00:00Z,,MU24,MU-51,2026-01-10T00:00:00Z
7397768,Aparcabicicletas,21,IMPERIAL,2,ARGANZUELA,OPERATIVO,438830.79,4472916.31,ETRS89,,,CALLE,SAN ALEJANDRO,4,28005,28005,11008200,,,MU24,MU-51,2026-01-10T00:00:00Z
7397774,Aparcabicicletas,21,IMPERIAL,2,ARGANZUELA,OPERATIVO,438829.43,4472916.1,ETRS89,,,CALLE,SAN ALEJANDRO,2,28005,28005,11008200,,,MU24,MU-51,2026-01-10T00:00:00Z
7404996,Aparcabicicletas,143,MARROQUINA,14,MORATALAZ,OPERATIVO,445811.61,4473026.47,ETRS89,,,CALLE,MARIO CABRE,2,28030,,20158447,1900-01-01T00:00:00Z,1063393,MU24,MU-38,2026-01-10T00:00:00Z
7527078,Aparcabicicletas,12,EMBAJADORES,1,CENTRO,OPERATIVO,440334.48,4473062.05,ETRS89,,,CALLE,EMBAJADORES,70,28012,28012,11002271,2021-01-04T00:00:00Z,,MU24,MU-51,2026-01-10T00:00:00Z
7527080,Aparcabicicletas,12,EMBAJADORES,1,CENTRO,OPERATIVO,440333.15,4473065.17,ETRS89,,,CALLE,EMBAJADORES,53,28012,28012,11002267,2021-01-04T00:00:00Z,,MU24,MU-51,2026-01-10T00:00:00Z
7527115,Aparcabicicletas,71,GAZTAMBIDE,7,CHAMBERI,OPERATIVO,439289.28,4475817.31,ETRS89,,,CALLE,GAZTAMBIDE,2,28015,28015,20013078,2021-01-04T00:00:00Z,,MU24,MU-51,2026-01-10T00:00:00Z
7527185,Aparcabicicletas,71,GAZTAMBIDE,7,CHAMBERI,OPERATIVO,439289.3,4475819.08,ETRS89,,,CALLE,GAZTAMBIDE,2,28015,28015,20013078,2021-01-04T00:00:00Z,,MU24,MU-51,2026-01-10T00:00:00Z
7527197,Aparcabicicletas,71,GAZTAMBIDE,7,CHAMBERI,OPERATIVO,439289.14,4475820.86,ETRS89,,,CALLE,GAZTAMBIDE,2,28015,28015,20013078,2021-01-04T00:00:00Z,,MU24,MU-51,2026-01-10T00:00:00Z
7603368,Aparcabicicletas,91,CASA DE CAMPO,9,MONCLOA-ARAVACA,OPERATIVO,437943.38,4475511.16,ETRS89,,,CALLE,RIBERA DEL MANZANARES,113,28008,,31012947,2021-08-11T00:00:00Z,,MU24,MU-38,2026-01-10T00:00:00Z
7603370,Aparcabicicletas,91,CASA DE CAMPO,9,MONCLOA-ARAVACA,OPERATIVO,437939.95,4475509.04,ETRS89,,,CALLE,RIBERA DEL MANZANARES,113,28008,,31012947,2021-08-09T00:00:00Z,,MU24,MU-38,2026-01-10T00:00:00Z
7603500,Aparcabicicletas,74,ALMAGRO,7,CHAMBERI,OPERATIVO,441467.362,4476139.545,ETRS89,,,CALLE,FORTUNY,24,28010,28010,11041197,2021-01-05T00:00:00Z,,MU24,MU-51,2026-01-10T00:00:00Z
7603502,Aparcabicicletas,74,ALMAGRO,7,CHAMBERI,OPERATIVO,441467.595,4476136.768,ETRS89,,,CALLE,FORTUNY,24,28010,28010,11041197,2021-01-05T00:00:00Z,,MU24,MU-51,2026-01-10T00:00:00Z
7603504,Aparcabicicletas,74,ALMAGRO,7,CHAMBERI,OPERATIVO,441467.747,4476134.547,ETRS89,,,CALLE,FORTUNY,24,28010,28010,11041197,2021-01-05T00:00:00Z,,MU24,MU-51,2026-01-10T00:00:00Z
7527081,Aparcabicicletas,12,EMBAJADORES,1,CENTRO,OPERATIVO,440332.57,4473066.28,ETRS89,,,CALLE,EMBAJADORES,53,28012,28012,11002267,2021-01-04T00:00:00Z,,MU24,MU-51,2026-01-10T00:00:00Z
7527184,Aparcabicicletas,71,GAZTAMBIDE,7,CHAMBERI,OPERATIVO,439289.29,4475818.3,ETRS89,,,CALLE,GAZTAMBIDE,2,28015,28015,20013078,2021-01-04T00:00:00Z,,MU24,MU-51,2026-01-10T00:00:00Z
7527196,Aparcabicicletas,71,GAZTAMBIDE,7,CHAMBERI,OPERATIVO,439289.31,4475820.3,ETRS89,,,CALLE,GAZTAMBIDE,2,28015,28015,20013078,2021-01-04T00:00:00Z,,MU24,MU-51,2026-01-10T00:00:00Z
75981,Aparcabicicletas,211,ALAMEDA DE OSUNA,21,BARAJAS,OPERATIVO,450354.27,4478861.44,ETRS89,,,CALLE,BERGANTIN,11,28042,PORTAL,11139992,2021-09-15T00:00:00Z,1087083,MU24,MU-51,2026-01-10T00:00:00Z
7603369,Aparcabicicletas,91,CASA DE CAMPO,9,MONCLOA-ARAVACA,OPERATIVO,437941.42,4475509.86,ETRS89,,,CALLE,RIBERA DEL MANZANARES,113,28008,,31012947,2021-08-09T00:00:00Z,,MU24,MU-38,2026-01-10T00:00:00Z
7603371,Aparcabicicletas,91,CASA DE CAMPO,9,MONCLOA-ARAVACA,OPERATIVO,437937.83,4475508.06,ETRS89,,,CALLE,RIBERA DEL MANZANARES,113,28008,,31012947,2021-08-10T00:00:00Z,,MU24,MU-38,2026-01-10T00:00:00Z
7409720,Aparcabicicletas,102,PUERTA DEL ANGEL,10,LATINA,OPERATIVO,437328.64,4473303.33,ETRS89,,,CALLE,SEVERINO AZNAR EMBID,6,28011,,11062484,2021-08-10T00:00:00Z,,MU24,MU-51,2026-01-10T00:00:00Z
7409722,Aparcabicicletas,102,PUERTA DEL ANGEL,10,LATINA,OPERATIVO,437326.56,4473304.1,ETRS89,,,CALLE,SEVERINO AZNAR EMBID,6,28011,,11062484,2021-08-17T00:00:00Z,,MU24,MU-51,2026-01-10T00:00:00Z
7502309,Aparcabicicletas,52,PROSPERIDAD,5,CHAMARTIN,OPERATIVO,443328.69,4477493.17,ETRS89,,,CALLE,CLARA DEL REY,61,28002,28002,20009496,,,MU24,MU-51,2026-01-10T00:00:00Z
7502311,Aparcabicicletas,52,PROSPERIDAD,5,CHAMARTIN,OPERATIVO,443329.4,4477496.16,ETRS89,,,CALLE,CLARA DEL REY,61,28002,28002,20009496,,,MU24,MU-51,2026-01-10T00:00:00Z
7502324,Aparcabicicletas,53,CIUDAD JARDIN,5,CHAMARTIN,OPERATIVO,443083.9,4477722.81,ETRS89,,,CALLE,JAVIER FERRERO,2,28002,28002,11023669,2020-12-30T00:00:00Z,,MU24,MU-51,2026-01-10T00:00:00Z
7502395,Aparcabicicletas,33,ESTRELLA,3,RETIRO,OPERATIVO,443669.77,4474467.01,ETRS89,,,CALLE,MARQUES DE LOZOYA,29B,28007,28007,31003152,2020-12-30T00:00:00Z,,MU24,MU-51,2026-01-10T00:00:00Z
7604811,Aparcabicicletas,91,CASA DE CAMPO,9,MONCLOA-ARAVACA,OPERATIVO,438253.87,4475173.24,ETRS89,,,CALLE,RIBERA DEL MANZANARES,71,28008,,20144470,2021-08-12T00:00:00Z,,MU24,MU-51,2026-01-10T00:00:00Z
7604845,Aparcabicicletas,91,CASA DE CAMPO,9,MONCLOA-ARAVACA,OPERATIVO,438205.06,4475233.72,ETRS89,,,CALLE,RIBERA DEL MANZANARES,83,28008,,11051608,2021-08-18T00:00:00Z,,MU24,MU-51,2026-01-10T00:00:00Z
7604847,Aparcabicicletas,91,CASA DE CAMPO,9,MONCLOA-ARAVACA,OPERATIVO,438204.11,4475232.9,ETRS89,,,CALLE,RIBERA DEL MANZANARES,83,28008,,11051608,2021-08-09T00:00:00Z,,MU24,MU-51,2026-01-10T00:00:00Z
7604873,Aparcabicicletas,91,CASA DE CAMPO,9,MONCLOA-ARAVACA,OPERATIVO,438179.42,4475245.48,ETRS89,,,CALLE,RIBERA DEL MANZANARES,91,28008,,11051612,2021-08-19T00:00:00Z,,MU24,MU-51,2026-01-10T00:00:00Z
7604896,Aparcabicicletas,91,CASA DE CAMPO,9,MONCLOA-ARAVACA,OPERATIVO,438132.12,4475299.53,ETRS89,,,CALLE,SANTA OLALLA,1,28008,,11051614,2021-08-18T00:00:00Z,,MU24,MU-51,2026-01-10T00:00:00Z
7604898,Aparcabicicletas,91,CASA DE CAMPO,9,MONCLOA-ARAVACA,OPERATIVO,438136.31,4475298.17,ETRS89,,,CALLE,SANTA OLALLA,1,28008,,11051614,2021-08-18T00:00:00Z,,MU24,MU-51,2026-01-10T00:00:00Z
7608531,Aparcabicicletas,91,CASA DE CAMPO,9,MONCLOA-ARAVACA,OPERATIVO,438053.37,4475360.27,ETRS89,,,CALLE,SANTOVENIA,8,28008,,11051649,2021-08-19T00:00:00Z,,MU24,MU-51,2026-01-10T00:00:00Z
7608592,Aparcabicicletas,91,CASA DE CAMPO,9,MONCLOA-ARAVACA,OPERATIVO,438053.65,4475361.51,ETRS89,,,CALLE,SANTOVENIA,8,28008,,11051649,2021-08-24T00:00:00Z,,MU24,MU-51,2026-01-10T00:00:00Z
7608594,Aparcabicicletas,91,CASA DE CAMPO,9,MONCLOA-ARAVACA,OPERATIVO,438051.26,4475358.45,ETRS89,,,CALLE,SANTOVENIA,8,28008,,11051649,2021-08-13T00:00:00Z,,MU24,MU-51,2026-01-10T00:00:00Z
7608597,Aparcabicicletas,91,CASA DE CAMPO,9,MONCLOA-ARAVACA,OPERATIVO,438008.166,4475441.544,ETRS89,,,CALLE,RIBERA DEL MANZANARES,111,28008,,11051645,2021-02-05T00:00:00Z,,MU24,MU-51,2026-01-10T00:00:00Z
7608616,Aparcabicicletas,91,CASA DE CAMPO,9,MONCLOA-ARAVACA,OPERATIVO,437610.18,4475829.4,ETRS89,,,CALLE,BAHIA,1,28008,,11051855,2021-08-26T00:00:00Z,,MU24,MU-51,2026-01-10T00:00:00Z
7608618,Aparcabicicletas,91,CASA DE CAMPO,9,MONCLOA-ARAVACA,OPERATIVO,437611.9,4475828.76,ETRS89,,,CALLE,BAHIA,1,28008,,11051855,2021-08-19T00:00:00Z,,MU24,MU-51,2026-01-10T00:00:00Z
7502397,Aparcabicicletas,33,ESTRELLA,3,RETIRO,OPERATIVO,443671.29,4474466.22,ETRS89,,,CALLE,MARQUES DE LOZOYA,29B,28007,28007,31003152,2020-12-30T00:00:00Z,,MU24,MU-51,2026-01-10T00:00:00Z
7502410,Aparcabicicletas,53,CIUDAD JARDIN,5,CHAMARTIN,OPERATIVO,442879.32,4477806.33,ETRS89,,,CALLE,PRADILLO,21,28002,,20094368,2020-12-30T00:00:00Z,,MU24,MU-51,2026-01-10T00:00:00Z
7502412,Aparcabicicletas,53,CIUDAD JARDIN,5,CHAMARTIN,OPERATIVO,442882.01,4477806.33,ETRS89,,,CALLE,PRADILLO,21,28002,,20094368,2020-12-30T00:00:00Z,,MU24,MU-51,2026-01-10T00:00:00Z
75169,Aparcabicicletas,163,CANILLAS,16,HORTALEZA,OPERATIVO,444523.59,4479114.48,ETRS89,,,CALLE,CARRIL DEL CONDE,57,28043,PORTAL,11115457,2021-09-15T00:00:00Z,1087033,MU24,MU-51,2026-01-10T00:00:00Z
7526568,Aparcabicicletas,31,PACIFICO,3,RETIRO,OPERATIVO,442405.08,4472494.39,ETRS89,,,CALLE,TELLEZ,31,28007,28007,20088240,,,MU24,MU-51,2026-01-10T00:00:00Z
7526571,Aparcabicicletas,31,PACIFICO,3,RETIRO,OPERATIVO,442403.47,4472495.4,ETRS89,,,CALLE,TELLEZ,31,28007,28007,20088240,,,MU24,MU-51,2026-01-10T00:00:00Z
7526722,Aparcabicicletas,31,PACIFICO,3,RETIRO,OPERATIVO,442328.2,4472518.62,ETRS89,,,CALLE,TELLEZ,50,28007,28007,20076871,,,MU24,MU-51,2026-01-10T00:00:00Z
7526724,Aparcabicicletas,31,PACIFICO,3,RETIRO,OPERATIVO,442324.4,4472520.65,ETRS89,,,CALLE,TELLEZ,50,28007,28007,20076871,,,MU24,MU-51,2026-01-10T00:00:00Z
7526739,Aparcabicicletas,31,PACIFICO,3,RETIRO,OPERATIVO,442282.5,4472545.06,ETRS89,,,CALLE,TELLEZ,52,28007,28007,20076874,,,MU24,MU-51,2026-01-10T00:00:00Z
7526741,Aparcabicicletas,31,PACIFICO,3,RETIRO,OPERATIVO,442281.14,4472545.74,ETRS89,,,CALLE,TELLEZ,52,28007,28007,20076874,,,MU24,MU-51,2026-01-10T00:00:00Z
7603501,Aparcabicicletas,74,ALMAGRO,7,CHAMBERI,OPERATIVO,441467.521,4476138.212,ETRS89,,,CALLE,FORTUNY,24,28010,28010,11041197,2021-01-05T00:00:00Z,,MU24,MU-51,2026-01-10T00:00:00Z
7603503,Aparcabicicletas,74,ALMAGRO,7,CHAMBERI,OPERATIVO,441467.585,4476135.547,ETRS89,,,CALLE,FORTUNY,24,28010,28010,11041197,2021-01-05T00:00:00Z,,MU24,MU-51,2026-01-10T00:00:00Z
7604810,Aparcabicicletas,91,CASA DE CAMPO,9,MONCLOA-ARAVACA,OPERATIVO,438255.78,4475176.94,ETRS89,,,CALLE,RIBERA DEL MANZANARES,71,28008,,20144470,2021-08-11T00:00:00Z,,MU24,MU-51,2026-01-10T00:00:00Z
7604812,Aparcabicicletas,91,CASA DE CAMPO,9,MONCLOA-ARAVACA,OPERATIVO,438252.34,4475172.48,ETRS89,,,CALLE,RIBERA DEL MANZANARES,71,28008,,20144470,2021-08-18T00:00:00Z,,MU24,MU-51,2026-01-10T00:00:00Z
7604846,Aparcabicicletas,91,CASA DE CAMPO,9,MONCLOA-ARAVACA,OPERATIVO,438202.77,4475231.3,ETRS89,,,CALLE,RIBERA DEL MANZANARES,83,28008,,11051608,2021-08-13T00:00:00Z,,MU24,MU-51,2026-01-10T00:00:00Z
7604872,Aparcabicicletas,91,CASA DE CAMPO,9,MONCLOA-ARAVACA,OPERATIVO,438180.2,4475246.64,ETRS89,,,CALLE,RIBERA DEL MANZANARES,91,28008,,11051612,2021-08-11T00:00:00Z,,MU24,MU-51,2026-01-10T00:00:00Z
7604874,Aparcabicicletas,91,CASA DE CAMPO,9,MONCLOA-ARAVACA,OPERATIVO,438178.66,4475244.3,ETRS89,,,CALLE,RIBERA DEL MANZANARES,91,28008,,11051612,2021-08-19T00:00:00Z,,MU24,MU-51,2026-01-10T00:00:00Z
7604897,Aparcabicicletas,91,CASA DE CAMPO,9,MONCLOA-ARAVACA,OPERATIVO,438133.89,4475298.88,ETRS89,,,CALLE,SANTA OLALLA,1,28008,,11051614,2021-08-18T00:00:00Z,,MU24,MU-51,2026-01-10T00:00:00Z
7604899,Aparcabicicletas,91,CASA DE CAMPO,9,MONCLOA-ARAVACA,OPERATIVO,438137.85,4475296.6,ETRS89,,,CALLE,SANTA OLALLA,1,28008,,11051614,2021-08-06T00:00:00Z,,MU24,MU-51,2026-01-10T00:00:00Z
7608591,Aparcabicicletas,91,CASA DE CAMPO,9,MONCLOA-ARAVACA,OPERATIVO,438054.73,4475362.78,ETRS89,,,CALLE,SANTOVENIA,8,28008,,11051649,2021-08-17T00:00:00Z,,MU24,MU-51,2026-01-10T00:00:00Z
7608593,Aparcabicicletas,91,CASA DE CAMPO,9,MONCLOA-ARAVACA,OPERATIVO,438052.07,4475359.37,ETRS89,,,CALLE,SANTOVENIA,8,28008,,11051649,2021-08-18T00:00:00Z,,MU24,MU-51,2026-01-10T00:00:00Z
7608596,Aparcabicicletas,91,CASA DE CAMPO,9,MONCLOA-ARAVACA,OPERATIVO,438006.46,4475439.93,ETRS89,,,CALLE,RIBERA DEL MANZANARES,111,28008,,11051645,2021-02-05T00:00:00Z,,MU24,MU-51,2026-01-10T00:00:00Z
7608615,Aparcabicicletas,91,CASA DE CAMPO,9,MONCLOA-ARAVACA,OPERATIVO,437609.29,4475830.01,ETRS89,,,CALLE,BAHIA,1,28008,,11051855,2021-08-25T00:00:00Z,,MU24,MU-51,2026-01-10T00:00:00Z
7608617,Aparcabicicletas,91,CASA DE CAMPO,9,MONCLOA-ARAVACA,OPERATIVO,437610.75,4475828.99,ETRS89,,,CALLE,BAHIA,1,28008,,11051855,2021-08-04T00:00:00Z,,MU24,MU-51,2026-01-10T00:00:00Z
7612589,Aparcabicicletas,44,GUINDALERA,4,SALAMANCA,OPERATIVO,442918.96,4476402.22,ETRS89,,,CALLE,BEJAR,17,28028,,11018681,2021-01-31T00:00:00Z,,MU24,MU-38,2026-01-10T00:00:00Z
7654907,Aparcabicicletas,12,EMBAJADORES,1,CENTRO,OPERATIVO,440479.21,4473463.19,ETRS89,,,CALLE,OLIVAR,46,28012,28012,11002776,2019-11-13T00:00:00Z,,MU24,MU-51,2026-01-10T00:00:00Z
7654909,Aparcabicicletas,12,EMBAJADORES,1,CENTRO,OPERATIVO,440479.13,4473463.85,ETRS89,,,CALLE,OLIVAR,46,28012,28012,11002776,2019-11-13T00:00:00Z,,MU24,MU-51,2026-01-10T00:00:00Z
7654911,Aparcabicicletas,73,TRAFALGAR,7,CHAMBERI,OPERATIVO,440351.76,4476671.3,ETRS89,,,CALLE,JOSE ABASCAL,4,28003,28003,11040326,2016-11-30T00:00:00Z,,MU24,MU-51,2026-01-10T00:00:00Z
7654913,Aparcabicicletas,73,TRAFALGAR,7,CHAMBERI,OPERATIVO,440349.72,4476671.31,ETRS89,,,CALLE,JOSE ABASCAL,4,28003,28003,11040326,2016-11-30T00:00:00Z,,MU24,MU-51,2026-01-10T00:00:00Z
7654915,Aparcabicicletas,73,TRAFALGAR,7,CHAMBERI,OPERATIVO,440347.52,4476671.44,ETRS89,,,CALLE,JOSE ABASCAL,4,28003,28003,11040326,2016-11-30T00:00:00Z,,MU24,MU-51,2026-01-10T00:00:00Z
7526723,Aparcabicicletas,31,PACIFICO,3,RETIRO,OPERATIVO,442325.67,4472519.86,ETRS89,,,CALLE,TELLEZ,50,28007,28007,20076871,,,MU24,MU-51,2026-01-10T00:00:00Z
7526737,Aparcabicicletas,31,PACIFICO,3,RETIRO,OPERATIVO,442283.26,4472544.5,ETRS89,,,CALLE,TELLEZ,52,28007,28007,20076874,,,MU24,MU-51,2026-01-10T00:00:00Z
7526740,Aparcabicicletas,31,PACIFICO,3,RETIRO,OPERATIVO,442281.99,4472545.29,ETRS89,,,CALLE,TELLEZ,52,28007,28007,20076874,,,MU24,MU-51,2026-01-10T00:00:00Z
7654906,Aparcabicicletas,12,EMBAJADORES,1,CENTRO,OPERATIVO,440479.29,4473462.85,ETRS89,,,CALLE,OLIVAR,46,28012,28012,11002776,2019-11-13T00:00:00Z,,MU24,MU-51,2026-01-10T00:00:00Z
7654908,Aparcabicicletas,12,EMBAJADORES,1,CENTRO,OPERATIVO,440479.13,4473463.52,ETRS89,,,CALLE,OLIVAR,46,28012,28012,11002776,2019-11-13T00:00:00Z,,MU24,MU-51,2026-01-10T00:00:00Z
7654910,Aparcabicicletas,12,EMBAJADORES,1,CENTRO,OPERATIVO,440479.05,4473464.19,ETRS89,,,CALLE,OLIVAR,46,28012,28012,11002776,2019-11-13T00:00:00Z,,MU24,MU-51,2026-01-10T00:00:00Z
7654912,Aparcabicicletas,73,TRAFALGAR,7,CHAMBERI,OPERATIVO,440350.82,4476671.3,ETRS89,,,CALLE,JOSE ABASCAL,4,28003,28003,11040326,2016-11-30T00:00:00Z,,MU24,MU-51,2026-01-10T00:00:00Z
7654914,Aparcabicicletas,73,TRAFALGAR,7,CHAMBERI,OPERATIVO,440348.62,4476671.43,ETRS89,,,CALLE,JOSE ABASCAL,4,28003,28003,11040326,2016-11-30T00:00:00Z,,MU24,MU-51,2026-01-10T00:00:00Z
77008,Aparcabicicletas,163,CANILLAS,16,HORTALEZA,OPERATIVO,444819.59,4479451.48,ETRS89,,,CALLE,AGUSTIN CALVO,8,28043,PORTAL,20160500,2021-09-29T00:00:00Z,1087162,MU24,MU-51,2026-01-10T00:00:00Z
7887364,Aparcabicicletas,104,ALUCHE,10,LATINA,OPERATIVO,435625.27,4471607.34,ETRS89,,,CALLE,ILLESCAS,151,28047,,31050623,2021-08-19T00:00:00Z,,MU24,MU-51,2026-01-10T00:00:00Z
7902148,Aparcabicicletas,62,CUATRO CAMINOS,6,TETUAN,OPERATIVO,440342.91,4477850.26,ETRS89,,,CALLE,BRAVO MURILLO,122,28020,28020,11029404,2021-05-24T00:00:00Z,,MU24,MU-51,2026-01-10T00:00:00Z
7612588,Aparcabicicletas,44,GUINDALERA,4,SALAMANCA,OPERATIVO,442920.9,4476404.71,ETRS89,,,CALLE,BEJAR,17,28028,,11018681,2021-01-31T00:00:00Z,,MU24,MU-38,2026-01-10T00:00:00Z
76161,Aparcabicicletas,205,ROSAS,20,SAN BLAS-CANILLEJAS,OPERATIVO,448887.92,4475336.46,ETRS89,,,CALLE,BUDAPEST,11,28022,PORTAL,31025052,2019-01-29T00:00:00Z,1089035,MU24,MU-51,2026-01-10T00:00:00Z
76170,Aparcabicicletas,205,ROSAS,20,SAN BLAS-CANILLEJAS,OPERATIVO,448889.97,4475336.73,ETRS89,,,CALLE,BUDAPEST,11,28022,PORTAL,31025052,2021-09-22T00:00:00Z,1089037,MU24,MU-51,2026-01-10T00:00:00Z
76173,Aparcabicicletas,208,EL SALVADOR,20,SAN BLAS-CANILLEJAS,OPERATIVO,445869.56,4477179.45,ETRS89,,,CALLE,MARIA LOMBILLO,2,28027,PORTAL,20151243,2021-09-10T00:00:00Z,1089045,MU24,MU-51,2026-01-10T00:00:00Z
76175,Aparcabicicletas,208,EL SALVADOR,20,SAN BLAS-CANILLEJAS,OPERATIVO,445871.56,4477181.45,ETRS89,,,CALLE,MARIA LOMBILLO,2,28027,PORTAL,20151245,2021-09-22T00:00:00Z,1089047,MU24,MU-51,2026-01-10T00:00:00Z
76180,Aparcabicicletas,159,COSTILLARES,15,CIUDAD LINEAL,OPERATIVO,443615.01,4481285.03,ETRS89,,,CALLE,JAZMIN,15,28033,FRENTE FACHADA,11112772,2021-09-17T00:00:00Z,1089082,MU24,MU-51,2026-01-10T00:00:00Z
76183,Aparcabicicletas,156,SAN JUAN BAUTISTA,15,CIUDAD LINEAL,OPERATIVO,444777.57,4477888.47,ETRS89,,,CALLE,ARTURO SORIA,126,28043,PORTAL,20179812,2021-09-20T00:00:00Z,1089122,MU24,MU-51,2026-01-10T00:00:00Z
7887363,Aparcabicicletas,104,ALUCHE,10,LATINA,OPERATIVO,435625.98,4471609.16,ETRS89,,,CALLE,ILLESCAS,151,28047,,31050623,2021-08-19T00:00:00Z,,MU24,MU-51,2026-01-10T00:00:00Z
7902133,Aparcabicicletas,62,CUATRO CAMINOS,6,TETUAN,OPERATIVO,440342.9,4477849.15,ETRS89,,,CALLE,BRAVO MURILLO,122,28020,28020,11029404,2021-05-24T00:00:00Z,,MU24,MU-51,2026-01-10T00:00:00Z
7902151,Aparcabicicletas,62,CUATRO CAMINOS,6,TETUAN,OPERATIVO,440343.17,4477851.04,ETRS89,,,CALLE,BRAVO MURILLO,122,28020,28020,11029404,2021-05-24T00:00:00Z,,MU24,MU-51,2026-01-10T00:00:00Z
7902171,Aparcabicicletas,63,CASTILLEJOS,6,TETUAN,OPERATIVO,441301.75,4479618.8,ETRS89,,,CALLE,BRAVO MURILLO,376,28020,28020,11030949,2021-05-28T00:00:00Z,,MU24,MU-51,2026-01-10T00:00:00Z
7902173,Aparcabicicletas,63,CASTILLEJOS,6,TETUAN,OPERATIVO,441301.08,4479619.92,ETRS89,,,CALLE,BRAVO MURILLO,376,28020,28020,11030949,2021-05-28T00:00:00Z,,MU24,MU-51,2026-01-10T00:00:00Z
7904897,Aparcabicicletas,65,VALDEACEDERAS,6,TETUAN,OPERATIVO,440705.27,4479176.36,ETRS89,,,CALLE,MARQUES DE VIANA,9,28039,28039,11036568,2021-06-03T00:00:00Z,,MU24,MU-51,2026-01-10T00:00:00Z
7905034,Aparcabicicletas,65,VALDEACEDERAS,6,TETUAN,OPERATIVO,440703.24,4479177.71,ETRS89,,,CALLE,MARQUES DE VIANA,9,28039,28039,11036568,2021-06-03T00:00:00Z,,MU24,MU-51,2026-01-10T00:00:00Z
7924356,Aparcabicicletas,75,RIOS ROSAS,7,CHAMBERI,OPERATIVO,440539.19,4477043.68,ETRS89,,,CALLE,RIOS ROSAS,24,28003,28003,11041916,2021-06-11T00:00:00Z,,MU24,MU-51,2026-01-10T00:00:00Z
7924358,Aparcabicicletas,75,RIOS ROSAS,7,CHAMBERI,OPERATIVO,440540.8,4477043.55,ETRS89,,,CALLE,RIOS ROSAS,24,28003,28003,11041916,2021-06-11T00:00:00Z,,MU24,MU-51,2026-01-10T00:00:00Z
7924360,Aparcabicicletas,75,RIOS ROSAS,7,CHAMBERI,OPERATIVO,440541.82,4477043.55,ETRS89,,,CALLE,RIOS ROSAS,24,28003,28003,11041916,2021-06-11T00:00:00Z,,MU24,MU-51,2026-01-10T00:00:00Z
7926568,Aparcabicicletas,11,PALACIO,1,CENTRO,OPERATIVO,439882.85,4473832.27,ETRS89,,,CALLE,SAN BRUNO,7,28005,28005,31032438,2021-06-24T00:00:00Z,,MU24,MU-51,2026-01-10T00:00:00Z
7927188,Aparcabicicletas,151,VENTAS,15,CIUDAD LINEAL,OPERATIVO,444801.29,4475986.38,ETRS89,,,CALLE,ALCALA,292,28027,,11104918,2021-02-11T00:00:00Z,,MU24,MU-51,2026-01-10T00:00:00Z
76192,Aparcabicicletas,154,LA CONCEPCIÓN,15,CIUDAD LINEAL,OPERATIVO,445008.71,4476489.72,ETRS89,,,CALLE,JOSE DEL HIERRO,5,28027,PORTAL,20094448,2021-09-17T00:00:00Z,1089161,MU24,MU-51,2026-01-10T00:00:00Z
78459,Aparcabicicletas,164,PINAR DEL REY,16,HORTALEZA,OPERATIVO,446282.4,4480011.88,ETRS89,,,CALLE,AYACUCHO,30,28043,PORTAL,20139448,2019-01-28T00:00:00Z,1087249,MU24,MU-51,2026-01-10T00:00:00Z
78461,Aparcabicicletas,164,PINAR DEL REY,16,HORTALEZA,OPERATIVO,446282.44,4480008.99,ETRS89,,,CALLE,AYACUCHO,30,28043,PORTAL,20139448,2019-05-24T00:00:00Z,1087251,MU24,MU-51,2026-01-10T00:00:00Z
78765,Aparcabicicletas,211,ALAMEDA DE OSUNA,21,BARAJAS,OPERATIVO,450351.68,4478863.95,ETRS89,,,CALLE,BERGANTIN,11,28042,PORTAL,11139992,2021-02-11T00:00:00Z,1087084,MU24,MU-51,2026-01-10T00:00:00Z
78769,Aparcabicicletas,163,CANILLAS,16,HORTALEZA,OPERATIVO,446794.02,4479486.49,ETRS89,,,CALLE,EL PROVENCIO,20,28043,PORTAL,20094724,2021-05-06T00:00:00Z,1087142,MU24,MU-51,2026-01-10T00:00:00Z
78771,Aparcabicicletas,163,CANILLAS,16,HORTALEZA,OPERATIVO,446458.32,4479902.19,ETRS89,,,CALLE,LAS PEDROÑERAS,39,28043,PORTAL,11117013,2021-09-23T00:00:00Z,1087149,MU24,MU-51,2026-01-10T00:00:00Z
7902164,Aparcabicicletas,62,CUATRO CAMINOS,6,TETUAN,OPERATIVO,440343.35,4477852.48,ETRS89,,,CALLE,BRAVO MURILLO,122,28020,28020,11029404,2021-05-24T00:00:00Z,,MU24,MU-51,2026-01-10T00:00:00Z
7902172,Aparcabicicletas,63,CASTILLEJOS,6,TETUAN,OPERATIVO,441301.5,4479619.14,ETRS89,,,CALLE,BRAVO MURILLO,376,28020,28020,11030949,2021-05-28T00:00:00Z,,MU24,MU-51,2026-01-10T00:00:00Z
7902174,Aparcabicicletas,63,CASTILLEJOS,6,TETUAN,OPERATIVO,441306.44,4479622.32,ETRS89,,,CALLE,PEDRO MORENO,1,28020,28020,20106841,2021-05-28T00:00:00Z,,MU24,MU-51,2026-01-10T00:00:00Z
7905031,Aparcabicicletas,65,VALDEACEDERAS,6,TETUAN,OPERATIVO,440704.17,4479177.04,ETRS89,,,CALLE,MARQUES DE VIANA,9,28039,28039,11036568,2021-06-03T00:00:00Z,,MU24,MU-51,2026-01-10T00:00:00Z
7905168,Aparcabicicletas,65,VALDEACEDERAS,6,TETUAN,OPERATIVO,440701.39,4479179.17,ETRS89,,,CALLE,MARQUES DE VIANA,9,28039,28039,11036568,2021-06-03T00:00:00Z,,MU24,MU-51,2026-01-10T00:00:00Z
7924357,Aparcabicicletas,75,RIOS ROSAS,7,CHAMBERI,OPERATIVO,440539.61,4477043.23,ETRS89,,,CALLE,RIOS ROSAS,24,28003,28003,11041916,2021-06-11T00:00:00Z,,MU24,MU-51,2026-01-10T00:00:00Z
7924359,Aparcabicicletas,75,RIOS ROSAS,7,CHAMBERI,OPERATIVO,440540.89,4477043.44,ETRS89,,,CALLE,RIOS ROSAS,24,28003,28003,11041916,2021-06-11T00:00:00Z,,MU24,MU-51,2026-01-10T00:00:00Z
7926569,Aparcabicicletas,11,PALACIO,1,CENTRO,OPERATIVO,439883.95,4473832.04,ETRS89,,,CALLE,SAN BRUNO,7,28005,28005,31032438,2021-06-24T00:00:00Z,,MU24,MU-51,2026-01-10T00:00:00Z
7927190,Aparcabicicletas,153,QUINTANA,15,CIUDAD LINEAL,OPERATIVO,444845.09,4476007.6,ETRS89,,,CALLE,ALCALA,323,28027,,11109251,2021-02-11T00:00:00Z,,MU24,MU-51,2026-01-10T00:00:00Z
7927858,Aparcabicicletas,143,MARROQUINA,14,MORATALAZ,OPERATIVO,445712.83,4473330.12,ETRS89,,,CALLE,PICO DE LOS ARTILLEROS,7,28030,,11101433,2021-05-14T00:00:00Z,,MU24,ACB,2026-01-10T00:00:00Z
7927860,Aparcabicicletas,143,MARROQUINA,14,MORATALAZ,OPERATIVO,445712.5,4473331.56,ETRS89,,,CALLE,PICO DE LOS ARTILLEROS,7,28030,,11101433,2021-05-14T00:00:00Z,,MU24,ACB,2026-01-10T00:00:00Z
7927863,Aparcabicicletas,143,MARROQUINA,14,MORATALAZ,OPERATIVO,445853.82,4473160.26,ETRS89,,,CALLE,MOLINA DE SEGURA,5,28030,,11101404,2021-05-14T00:00:00Z,,MU24,ACB,2026-01-10T00:00:00Z
7927865,Aparcabicicletas,143,MARROQUINA,14,MORATALAZ,OPERATIVO,445834.27,4473119.89,ETRS89,,,CALLE,MOLINA DE SEGURA,5,28030,,11101404,2021-05-14T00:00:00Z,,MU24,ACB,2026-01-10T00:00:00Z
7927868,Aparcabicicletas,143,MARROQUINA,14,MORATALAZ,OPERATIVO,445832.23,4473119.79,ETRS89,,,CALLE,MOLINA DE SEGURA,7,28030,,11101407,2021-05-14T00:00:00Z,,MU24,ACB,2026-01-10T00:00:00Z
7927870,Aparcabicicletas,143,MARROQUINA,14,MORATALAZ,OPERATIVO,445854.42,4473161.03,ETRS89,,,CALLE,Molina de Segura,4,28030,,20158919,2021-05-14T00:00:00Z,,MU24,ACB,2026-01-10T00:00:00Z
7929877,Aparcabicicletas,74,ALMAGRO,7,CHAMBERI,OPERATIVO,440799.2,4476427.86,ETRS89,,,CALLE,ALONSO CANO,13,28010,28010,11041408,2021-06-24T00:00:00Z,,MU24,MU-51,2026-01-10T00:00:00Z
7927857,Aparcabicicletas,143,MARROQUINA,14,MORATALAZ,OPERATIVO,445712.58,4473330.9,ETRS89,,,CALLE,PICO DE LOS ARTILLEROS,7,28030,,11101433,2021-05-14T00:00:00Z,,MU24,ACB,2026-01-10T00:00:00Z
7927859,Aparcabicicletas,143,MARROQUINA,14,MORATALAZ,OPERATIVO,445712.99,4473329.23,ETRS89,,,CALLE,PICO DE LOS ARTILLEROS,7,28030,,11101433,2021-05-14T00:00:00Z,,MU24,ACB,2026-01-10T00:00:00Z
7927862,Aparcabicicletas,143,MARROQUINA,14,MORATALAZ,OPERATIVO,445833.25,4473119.89,ETRS89,,,CALLE,MOLINA DE SEGURA,5,28030,,11101404,2021-05-14T00:00:00Z,,MU24,ACB,2026-01-10T00:00:00Z
7927864,Aparcabicicletas,143,MARROQUINA,14,MORATALAZ,OPERATIVO,445855.02,4473161.81,ETRS89,,,CALLE,MOLINA DE SEGURA,5,28030,,11101404,2021-05-14T00:00:00Z,,MU24,ACB,2026-01-10T00:00:00Z
7927866,Aparcabicicletas,143,MARROQUINA,14,MORATALAZ,OPERATIVO,445831.21,4473119.69,ETRS89,,,CALLE,MOLINA DE SEGURA,5,28030,,11101404,2021-05-14T00:00:00Z,,MU24,ACB,2026-01-10T00:00:00Z
7927869,Aparcabicicletas,143,MARROQUINA,14,MORATALAZ,OPERATIVO,445853.22,4473159.49,ETRS89,,,CALLE,MOLINA DE SEGURA,3,28030,,11101403,2021-05-14T00:00:00Z,,MU24,ACB,2026-01-10T00:00:00Z
7929876,Aparcabicicletas,74,ALMAGRO,7,CHAMBERI,OPERATIVO,440799.3,4476429.75,ETRS89,,,CALLE,ALONSO CANO,13,28010,28010,11041408,2021-06-24T00:00:00Z,,MU24,MU-51,2026-01-10T00:00:00Z
7929878,Aparcabicicletas,74,ALMAGRO,7,CHAMBERI,OPERATIVO,440799.09,4476425.42,ETRS89,,,CALLE,ALONSO CANO,13,28010,28010,11041408,2021-06-24T00:00:00Z,,MU24,MU-51,2026-01-10T00:00:00Z
7929942,Aparcabicicletas,74,ALMAGRO,7,CHAMBERI,OPERATIVO,440798.9,4476422.98,ETRS89,,,CALLE,ALONSO CANO,13,28010,28010,11041408,2021-06-24T00:00:00Z,,MU24,MU-51,2026-01-10T00:00:00Z
76162,Aparcabicicletas,205,ROSAS,20,SAN BLAS-CANILLEJAS,OPERATIVO,448888.89,4475336.74,ETRS89,,,CALLE,BUDAPEST,11,28022,PORTAL,31025052,2021-09-08T00:00:00Z,1089036,MU24,MU-51,2026-01-10T00:00:00Z
76172,Aparcabicicletas,208,EL SALVADOR,20,SAN BLAS-CANILLEJAS,OPERATIVO,445869.56,4477178.45,ETRS89,,,CALLE,MARIA LOMBILLO,2,28027,PORTAL,20151243,2021-09-23T00:00:00Z,1089044,MU24,MU-51,2026-01-10T00:00:00Z
76174,Aparcabicicletas,208,EL SALVADOR,20,SAN BLAS-CANILLEJAS,OPERATIVO,445870.56,4477180.45,ETRS89,,,CALLE,MARIA LOMBILLO,2,28027,PORTAL,20151245,2019-02-28T00:00:00Z,1089046,MU24,MU-51,2026-01-10T00:00:00Z
76179,Aparcabicicletas,159,COSTILLARES,15,CIUDAD LINEAL,OPERATIVO,443614.19,4481284.45,ETRS89,,,CALLE,JAZMIN,15,28033,FRENTE FACHADA,11112772,2021-09-14T00:00:00Z,1089081,MU24,MU-51,2026-01-10T00:00:00Z
76182,Aparcabicicletas,207,CANILLEJAS,20,SAN BLAS-CANILLEJAS,OPERATIVO,448451.55,4476563.41,ETRS89,,,CALLE,MUSAS,5,28022,PARCELA,31016740,2019-02-28T00:00:00Z,1089119,MU24,MU-51,2026-01-10T00:00:00Z
76184,Aparcabicicletas,156,SAN JUAN BAUTISTA,15,CIUDAD LINEAL,OPERATIVO,444778.57,4477887.47,ETRS89,,,CALLE,ARTURO SORIA,126,28043,PORTAL,20179812,2021-09-24T00:00:00Z,1089123,MU24,MU-51,2026-01-10T00:00:00Z
78458,Aparcabicicletas,164,PINAR DEL REY,16,HORTALEZA,OPERATIVO,446282.45,4480009.9,ETRS89,,,CALLE,AYACUCHO,30,28043,PORTAL,20139448,2021-05-06T00:00:00Z,1087248,MU24,MU-51,2026-01-10T00:00:00Z
78460,Aparcabicicletas,164,PINAR DEL REY,16,HORTALEZA,OPERATIVO,446282.45,4480010.97,ETRS89,,,CALLE,AYACUCHO,30,28043,PORTAL,20139448,2021-09-22T00:00:00Z,1087250,MU24,MU-51,2026-01-10T00:00:00Z
78499,Aparcabicicletas,213,CASCO HISTORICO DE BARAJAS,21,BARAJAS,OPERATIVO,451015.59,4480591.39,ETRS89,,,CALLE,ORION,3,28042,PORTAL,11140690,2021-09-23T00:00:00Z,1084845,MU24,MU-51,2026-01-10T00:00:00Z
78766,Aparcabicicletas,211,ALAMEDA DE OSUNA,21,BARAJAS,OPERATIVO,450352.92,4478862.7,ETRS89,,,CALLE,BERGANTIN,11,28042,PORTAL,11139992,2021-09-23T00:00:00Z,1087086,MU24,MU-51,2026-01-10T00:00:00Z
78770,Aparcabicicletas,163,CANILLAS,16,HORTALEZA,OPERATIVO,446456,4479903.02,ETRS89,,,CALLE,LAS PEDROÑERAS,39,28043,PORTAL,11117013,2021-09-14T00:00:00Z,1087148,MU24,MU-51,2026-01-10T00:00:00Z
78772,Aparcabicicletas,163,CANILLAS,16,HORTALEZA,OPERATIVO,446454.98,4479904.14,ETRS89,,,CALLE,LAS PEDROÑERAS,39,28043,PORTAL,11117013,2019-05-24T00:00:00Z,1087150,MU24,MU-51,2026-01-10T00:00:00Z
7929917,Aparcabicicletas,74,ALMAGRO,7,CHAMBERI,OPERATIVO,440798.92,4476424.64,ETRS89,,,CALLE,ALONSO CANO,13,28010,28010,11041408,2021-06-24T00:00:00Z,,MU24,MU-51,2026-01-10T00:00:00Z
7933042,Aparcabicicletas,103,LUCERO,10,LATINA,OPERATIVO,436031.06,4472694.35,ETRS89,,,CALLE,CEBREROS,156,28011,,11063576,2021-08-18T00:00:00Z,,MU24,MU-51,2026-01-10T00:00:00Z
7934133,Aparcabicicletas,13,CORTES,1,CENTRO,OPERATIVO,440722.65,4474278.38,ETRS89,,,CALLE,ARLABAN,14,28014,28014,11004024,2021-06-01T00:00:00Z,,MU24,MU-51,2026-01-10T00:00:00Z
7934139,Aparcabicicletas,13,CORTES,1,CENTRO,OPERATIVO,440725.21,4474386.92,ETRS89,,,CALLE,ALCALA,24,28014,28014,11004004,2021-06-01T00:00:00Z,,MU24,MU-51,2026-01-10T00:00:00Z
7933041,Aparcabicicletas,103,LUCERO,10,LATINA,OPERATIVO,436031.67,4472694.9,ETRS89,,,CALLE,CEBREROS,156,28011,,11063576,2021-08-18T00:00:00Z,,MU24,MU-51,2026-01-10T00:00:00Z
7933043,Aparcabicicletas,103,LUCERO,10,LATINA,OPERATIVO,436030.45,4472693.59,ETRS89,,,CALLE,CEBREROS,156,28011,,11063576,2021-08-18T00:00:00Z,,MU24,MU-51,2026-01-10T00:00:00Z
7934132,Aparcabicicletas,13,CORTES,1,CENTRO,OPERATIVO,440753.64,4474270.25,ETRS89,,,CALLE,CEDACEROS,11,28014,28014,11004039,2021-06-01T00:00:00Z,,MU24,MU-51,2026-01-10T00:00:00Z
7934138,Aparcabicicletas,13,CORTES,1,CENTRO,OPERATIVO,440740.78,4474295.89,ETRS89,,,CALLE,CEDACEROS,8,28014,28014,11004033,2021-06-01T00:00:00Z,,MU24,MU-51,2026-01-10T00:00:00Z
7934140,Aparcabicicletas,13,CORTES,1,CENTRO,OPERATIVO,440724.36,4474386.37,ETRS89,,,CALLE,ALCALA,24,28014,,11004004,2021-06-01T00:00:00Z,,MU24,MU-51,2026-01-10T00:00:00Z
7943762,Aparcabicicletas,142,HORCAJO,14,MORATALAZ,OPERATIVO,446684.68,4473691.46,ETRS89,,,CALLE,FUENTE CARRANTONA,61,28030,,31041857,2021-09-28T00:00:00Z,,MU24,ACB,2026-01-10T00:00:00Z
7936420,Aparcabicicletas,62,CUATRO CAMINOS,6,TETUAN,OPERATIVO,440623.21,4478612.43,ETRS89,,,CALLE,SAN ENRIQUE,16,28020,28020,11030276,2021-06-24T00:00:00Z,,MU24,MU-51,2026-01-10T00:00:00Z
7936422,Aparcabicicletas,62,CUATRO CAMINOS,6,TETUAN,OPERATIVO,440627.19,4478611.84,ETRS89,,,CALLE,SAN ENRIQUE,11,28020,28020,11030285,2021-06-24T00:00:00Z,,MU24,MU-51,2026-01-10T00:00:00Z
7938354,Aparcabicicletas,171,VILLAVERDE ALTO - CASCO HISTORICO DE VILLAVERDE,17,VILLAVERDE,OPERATIVO,439702.37,4466920.92,ETRS89,,,CALLE,POTES,1,28021,,11124908,2021-12-04T00:00:00Z,,MU24,MU-51,2026-01-10T00:00:00Z
7938356,Aparcabicicletas,171,VILLAVERDE ALTO - CASCO HISTORICO DE VILLAVERDE,17,VILLAVERDE,OPERATIVO,439703.65,4466922.02,ETRS89,,,CALLE,POTES,1,28021,,11124908,2021-12-04T00:00:00Z,,MU24,MU-51,2026-01-10T00:00:00Z
7938358,Aparcabicicletas,171,VILLAVERDE ALTO - CASCO HISTORICO DE VILLAVERDE,17,VILLAVERDE,OPERATIVO,439702.97,4466921.36,ETRS89,,,CALLE,POTES,2,28021,,31013727,2021-12-04T00:00:00Z,,MU24,MU-51,2026-01-10T00:00:00Z
7943753,Aparcabicicletas,131,ENTREVIAS,13,PUENTE DE VALLECAS,OPERATIVO,444347.77,4469528.21,ETRS89,,,CALLE,PADRE LLANOS,5,28053,,20173638,2021-09-28T00:00:00Z,,MU24,ACB,2026-01-10T00:00:00Z
7943768,Aparcabicicletas,142,HORCAJO,14,MORATALAZ,OPERATIVO,446685.71,4473692.23,ETRS89,,,CALLE,FUENTE CARRANTONA,61,28030,,31041857,2021-09-28T00:00:00Z,,MU24,ACB,2026-01-10T00:00:00Z
7944279,Aparcabicicletas,42,GOYA,4,SALAMANCA,OPERATIVO,442561.57,4475352.48,ETRS89,,,CALLE,GENERAL DIAZ PORLIER,25,28001,28001,11014997,,,MU24,MU-51,2026-01-10T00:00:00Z
7944281,Aparcabicicletas,42,GOYA,4,SALAMANCA,OPERATIVO,442561.3,4475350.59,ETRS89,,,CALLE,GENERAL DIAZ PORLIER,25,28001,28001,11014997,,,MU24,MU-51,2026-01-10T00:00:00Z
7944283,Aparcabicicletas,42,GOYA,4,SALAMANCA,OPERATIVO,442561.66,4475353.14,ETRS89,,,CALLE,GENERAL DIAZ PORLIER,25,28001,28001,11014997,,,MU24,MU-51,2026-01-10T00:00:00Z
7944373,Aparcabicicletas,36,NIÑO JESUS,3,RETIRO,OPERATIVO,443068.72,4473323.08,ETRS89,,,CALLE,ANGEL GANIVET,27,28007,28007,11013240,2023-06-15T00:00:00Z,,MU24,MU-51,2026-01-10T00:00:00Z
7944376,Aparcabicicletas,36,NIÑO JESUS,3,RETIRO,OPERATIVO,443068.57,4473325.86,ETRS89,,,CALLE,ANGEL GANIVET,27,28007,28007,11013240,2023-06-15T00:00:00Z,,MU24,MU-51,2026-01-10T00:00:00Z
7944447,Aparcabicicletas,42,GOYA,4,SALAMANCA,OPERATIVO,442941.63,4474952.84,ETRS89,,,CALLE,JORGE JUAN,97,28009,28009,11015540,2021-10-18T00:00:00Z,,MU24,MU-51,2026-01-10T00:00:00Z
7944449,Aparcabicicletas,42,GOYA,4,SALAMANCA,OPERATIVO,442943.32,4474952.61,ETRS89,,,CALLE,JORGE JUAN,97,28009,28009,11015540,2021-10-18T00:00:00Z,,MU24,MU-51,2026-01-10T00:00:00Z
7944451,Aparcabicicletas,42,GOYA,4,SALAMANCA,OPERATIVO,442942.22,4474952.5,ETRS89,,,CALLE,JORGE JUAN,97,28009,28009,11015540,2021-10-18T00:00:00Z,,MU24,MU-51,2026-01-10T00:00:00Z
7944458,Aparcabicicletas,94,VALDEZARZA,9,MONCLOA-ARAVACA,OPERATIVO,438994.22,4479788.14,ETRS89,,,CALLE,ANTONIO MACHADO,16,28035,,20104503,2021-10-18T00:00:00Z,,MU24,MU-51,2026-01-10T00:00:00Z
7944460,Aparcabicicletas,94,VALDEZARZA,9,MONCLOA-ARAVACA,OPERATIVO,438993.15,4479790.65,ETRS89,,,CALLE,ANTONIO MACHADO,18,28035,,11054696,2021-10-18T00:00:00Z,,MU24,MU-51,2026-01-10T00:00:00Z
7944637,Aparcabicicletas,54,HISPANOAMERICA,5,CHAMARTIN,OPERATIVO,441743.77,4478752.82,ETRS89,,,CALLE,JUAN RAMON JIMENEZ,9,28036,28036,11025560,,,MU24,MU-51,2026-01-10T00:00:00Z
7944639,Aparcabicicletas,54,HISPANOAMERICA,5,CHAMARTIN,OPERATIVO,441746.99,4478752.46,ETRS89,,,CALLE,JUAN RAMON JIMENEZ,9,28036,28036,11025560,,,MU24,MU-51,2026-01-10T00:00:00Z
7944755,Aparcabicicletas,76,VALLEHERMOSO,7,CHAMBERI,OPERATIVO,439925.499,4476749.744,ETRS89,,,CALLE,VALLEHERMOSO,85,28003,28003,11042567,2016-02-22T00:00:00Z,,MU24,MU-51,2026-01-10T00:00:00Z
7944768,Aparcabicicletas,133,PALOMERAS BAJAS,13,PUENTE DE VALLECAS,OPERATIVO,444457.03,4469827.12,ETRS89,,,CALLE,VIRIDIANA,13 F,28018,,20081150,2017-10-19T00:00:00Z,,MU24,MU-51,2026-01-10T00:00:00Z
7936419,Aparcabicicletas,62,CUATRO CAMINOS,6,TETUAN,OPERATIVO,440628.72,4478611.5,ETRS89,,,CALLE,SAN ENRIQUE,11,28020,28020,11030285,2021-06-24T00:00:00Z,,MU24,MU-51,2026-01-10T00:00:00Z
7936421,Aparcabicicletas,62,CUATRO CAMINOS,6,TETUAN,OPERATIVO,440625.75,4478611.86,ETRS89,,,CALLE,SAN ENRIQUE,16,28020,28020,11030276,2021-06-24T00:00:00Z,,MU24,MU-51,2026-01-10T00:00:00Z
7936423,Aparcabicicletas,62,CUATRO CAMINOS,6,TETUAN,OPERATIVO,440623.89,4478612.2,ETRS89,,,CALLE,SAN ENRIQUE,16,28020,28020,11030276,2021-06-24T00:00:00Z,,MU24,MU-51,2026-01-10T00:00:00Z
7938355,Aparcabicicletas,171,VILLAVERDE ALTO - CASCO HISTORICO DE VILLAVERDE,17,VILLAVERDE,OPERATIVO,439704.34,4466922.46,ETRS89,,,CALLE,POTES,2 B,28021,,31035672,2017-07-04T00:00:00Z,,MU24,MU-51,2026-01-10T00:00:00Z
7938357,Aparcabicicletas,171,VILLAVERDE ALTO - CASCO HISTORICO DE VILLAVERDE,17,VILLAVERDE,OPERATIVO,439701.687,4466920.263,ETRS89,,,CALLE,POTES,2 A,28021,,31035671,2021-12-04T00:00:00Z,,MU24,MU-51,2026-01-10T00:00:00Z
7938359,Aparcabicicletas,171,VILLAVERDE ALTO - CASCO HISTORICO DE VILLAVERDE,17,VILLAVERDE,OPERATIVO,439801.92,4466795.13,ETRS89,,,CALLE,VILLALONSO,12,28021,,20093400,2021-12-04T00:00:00Z,,MU24,MU-51,2026-01-10T00:00:00Z
7938361,Aparcabicicletas,171,VILLAVERDE ALTO - CASCO HISTORICO DE VILLAVERDE,17,VILLAVERDE,OPERATIVO,439802.85,4466795.24,ETRS89,,,CALLE,VILLALONSO,12,28021,,20093400,2021-12-04T00:00:00Z,,MU24,MU-51,2026-01-10T00:00:00Z
7938363,Aparcabicicletas,171,VILLAVERDE ALTO - CASCO HISTORICO DE VILLAVERDE,17,VILLAVERDE,OPERATIVO,439804.47,4466795.45,ETRS89,,,CALLE,VILLALONSO,10,28021,,20093397,2021-12-04T00:00:00Z,,MU24,MU-51,2026-01-10T00:00:00Z
7938836,Aparcabicicletas,31,PACIFICO,3,RETIRO,OPERATIVO,442232.97,4473056.4,ETRS89,,,CALLE,GUTENBERG,18,28014,28014,11010688,2021-09-15T00:00:00Z,,MU24,MU-51,2026-01-10T00:00:00Z
7938838,Aparcabicicletas,31,PACIFICO,3,RETIRO,OPERATIVO,442235.72,4473061.26,ETRS89,,,CALLE,GUTENBERG,18,28014,28014,11010688,2021-09-15T00:00:00Z,,MU24,MU-51,2026-01-10T00:00:00Z
7938841,Aparcabicicletas,34,IBIZA,3,RETIRO,OPERATIVO,442500.78,4474527.95,ETRS89,,,CALLE,MENORCA,12,28009,28009,11012504,2021-09-15T00:00:00Z,,MU24,MU-51,2026-01-10T00:00:00Z
7938843,Aparcabicicletas,34,IBIZA,3,RETIRO,OPERATIVO,442500.79,4474529.17,ETRS89,,,CALLE,MENORCA,12,28009,28009,11012504,2021-09-15T00:00:00Z,,MU24,MU-51,2026-01-10T00:00:00Z
7938846,Aparcabicicletas,34,IBIZA,3,RETIRO,OPERATIVO,442500.61,4474527.17,ETRS89,,,CALLE,MENORCA,12,28009,28009,11012504,2021-09-15T00:00:00Z,,MU24,MU-51,2026-01-10T00:00:00Z
7938849,Aparcabicicletas,54,HISPANOAMERICA,5,CHAMARTIN,OPERATIVO,442990.81,4478850.34,ETRS89,,,CALLE,COSTA RICA,30,28016,28016,11025126,2021-09-14T00:00:00Z,,MU24,MU-51,2026-01-10T00:00:00Z
7938851,Aparcabicicletas,54,HISPANOAMERICA,5,CHAMARTIN,OPERATIVO,442992.76,4478850.44,ETRS89,,,CALLE,COSTA RICA,30,28016,28016,11025126,2021-09-14T00:00:00Z,,MU24,MU-51,2026-01-10T00:00:00Z
7938360,Aparcabicicletas,171,VILLAVERDE ALTO - CASCO HISTORICO DE VILLAVERDE,17,VILLAVERDE,OPERATIVO,439803.62,4466795.34,ETRS89,,,CALLE,VILLALONSO,12,28021,,20093400,2021-12-04T00:00:00Z,,MU24,MU-51,2026-01-10T00:00:00Z
7938362,Aparcabicicletas,171,VILLAVERDE ALTO - CASCO HISTORICO DE VILLAVERDE,17,VILLAVERDE,OPERATIVO,439805.32,4466795.55,ETRS89,,,CALLE,VILLALONSO,10,28021,,20093397,2021-12-04T00:00:00Z,,MU24,MU-51,2026-01-10T00:00:00Z
7938835,Aparcabicicletas,31,PACIFICO,3,RETIRO,OPERATIVO,442233.41,4473058.17,ETRS89,,,CALLE,GUTENBERG,18,28014,28014,11010688,2021-09-15T00:00:00Z,,MU24,MU-51,2026-01-10T00:00:00Z
7938837,Aparcabicicletas,31,PACIFICO,3,RETIRO,OPERATIVO,442234.87,4473060.05,ETRS89,,,CALLE,GUTENBERG,18,28014,28014,11010688,2021-09-15T00:00:00Z,,MU24,MU-51,2026-01-10T00:00:00Z
7938839,Aparcabicicletas,31,PACIFICO,3,RETIRO,OPERATIVO,442234.35,4473059.28,ETRS89,,,CALLE,GUTENBERG,18,28014,28014,11010688,2021-09-15T00:00:00Z,,MU24,MU-51,2026-01-10T00:00:00Z
7938842,Aparcabicicletas,34,IBIZA,3,RETIRO,OPERATIVO,442500.79,4474528.61,ETRS89,,,CALLE,MENORCA,12,28009,28009,11012504,2021-09-15T00:00:00Z,,MU24,MU-51,2026-01-10T00:00:00Z
7938844,Aparcabicicletas,34,IBIZA,3,RETIRO,OPERATIVO,442500.88,4474529.94,ETRS89,,,CALLE,MENORCA,12,28009,28009,11012504,2021-09-15T00:00:00Z,,MU24,MU-51,2026-01-10T00:00:00Z
7938848,Aparcabicicletas,54,HISPANOAMERICA,5,CHAMARTIN,OPERATIVO,442989.88,4478850.35,ETRS89,,,CALLE,COSTA RICA,30,28016,28016,11025126,2021-09-14T00:00:00Z,,MU24,MU-51,2026-01-10T00:00:00Z
7938850,Aparcabicicletas,54,HISPANOAMERICA,5,CHAMARTIN,OPERATIVO,442991.74,4478850.34,ETRS89,,,CALLE,COSTA RICA,30,28016,28016,11025126,2021-09-14T00:00:00Z,,MU24,MU-51,2026-01-10T00:00:00Z
7938852,Aparcabicicletas,54,HISPANOAMERICA,5,CHAMARTIN,OPERATIVO,442993.86,4478850.21,ETRS89,,,CALLE,COSTA RICA,30,28016,28016,11025126,2021-09-14T00:00:00Z,,MU24,MU-51,2026-01-10T00:00:00Z
7944044,Aparcabicicletas,214,TIMON,21,BARAJAS,OPERATIVO,449280.55,4480661.32,ETRS89,,,CALLE,SIROCO,58,28042,,31013046,2021-02-11T00:00:00Z,,MU24,MU-51,2026-01-10T00:00:00Z
7944280,Aparcabicicletas,42,GOYA,4,SALAMANCA,OPERATIVO,442561.39,4475351.59,ETRS89,,,CALLE,GENERAL DIAZ PORLIER,25,28001,28001,11014997,,,MU24,MU-51,2026-01-10T00:00:00Z
7944282,Aparcabicicletas,42,GOYA,4,SALAMANCA,OPERATIVO,442561.75,4475353.81,ETRS89,,,CALLE,GENERAL DIAZ PORLIER,25,28001,28001,11014997,,,MU24,MU-51,2026-01-10T00:00:00Z
7944370,Aparcabicicletas,36,NIÑO JESUS,3,RETIRO,OPERATIVO,443068.64,4473323.75,ETRS89,,,CALLE,ANGEL GANIVET,27,28007,28007,11013240,2023-06-15T00:00:00Z,,MU24,MU-51,2026-01-10T00:00:00Z
7944374,Aparcabicicletas,36,NIÑO JESUS,3,RETIRO,OPERATIVO,443068.56,4473324.42,ETRS89,,,CALLE,ANGEL GANIVET,27,28007,28007,11013240,2023-06-15T00:00:00Z,,MU24,MU-51,2026-01-10T00:00:00Z
7944377,Aparcabicicletas,36,NIÑO JESUS,3,RETIRO,OPERATIVO,443068.57,4473325.19,ETRS89,,,CALLE,ANGEL GANIVET,27,28007,28007,11013240,2023-06-15T00:00:00Z,,MU24,MU-51,2026-01-10T00:00:00Z
7944448,Aparcabicicletas,42,GOYA,4,SALAMANCA,OPERATIVO,442943.83,4474952.6,ETRS89,,,CALLE,JORGE JUAN,97,28009,28009,11015540,2021-10-18T00:00:00Z,,MU24,MU-51,2026-01-10T00:00:00Z
7944450,Aparcabicicletas,42,GOYA,4,SALAMANCA,OPERATIVO,442942.64,4474952.72,ETRS89,,,CALLE,JORGE JUAN,97,28009,28009,11015540,2021-10-18T00:00:00Z,,MU24,MU-51,2026-01-10T00:00:00Z
7944457,Aparcabicicletas,94,VALDEZARZA,9,MONCLOA-ARAVACA,OPERATIVO,438993.95,4479789.03,ETRS89,,,CALLE,ANTONIO MACHADO,18,28035,,11054696,2021-10-18T00:00:00Z,,MU24,MU-51,2026-01-10T00:00:00Z
7944459,Aparcabicicletas,94,VALDEZARZA,9,MONCLOA-ARAVACA,OPERATIVO,438994.4,4479787.24,ETRS89,,,CALLE,ANTONIO MACHADO,16,28035,,20104503,2021-10-18T00:00:00Z,,MU24,MU-51,2026-01-10T00:00:00Z
7944461,Aparcabicicletas,94,VALDEZARZA,9,MONCLOA-ARAVACA,OPERATIVO,438993.41,4479789.93,ETRS89,,,CALLE,ANTONIO MACHADO,18,28035,,11054696,2021-10-18T00:00:00Z,,MU24,MU-51,2026-01-10T00:00:00Z
7944638,Aparcabicicletas,54,HISPANOAMERICA,5,CHAMARTIN,OPERATIVO,441742.59,4478752.72,ETRS89,,,CALLE,JUAN RAMON JIMENEZ,9,28036,28036,11025560,,,MU24,MU-51,2026-01-10T00:00:00Z
7944640,Aparcabicicletas,54,HISPANOAMERICA,5,CHAMARTIN,OPERATIVO,441745.89,4478752.47,ETRS89,,,CALLE,JUAN RAMON JIMENEZ,9,28036,28036,11025560,,,MU24,MU-51,2026-01-10T00:00:00Z
7944766,Aparcabicicletas,133,PALOMERAS BAJAS,13,PUENTE DE VALLECAS,OPERATIVO,444457.1,4469824.67,ETRS89,,,CALLE,VIRIDIANA,13 F,28018,,20081150,2017-10-19T00:00:00Z,,MU24,MU-51,2026-01-10T00:00:00Z
7944769,Aparcabicicletas,133,PALOMERAS BAJAS,13,PUENTE DE VALLECAS,OPERATIVO,444456.95,4469827.89,ETRS89,,,CALLE,VIRIDIANA,13 F,28018,,20081150,2017-10-19T00:00:00Z,,MU24,MU-51,2026-01-10T00:00:00Z
7944773,Aparcabicicletas,13,CORTES,1,CENTRO,OPERATIVO,440648.48,4474479.0,ETRS89,,,CALLE,VIRGEN DE LOS PELIGROS,10,28013,28013,11004170,2021-10-20T00:00:00Z,,MU24,MU-51,2026-01-10T00:00:00Z
7944775,Aparcabicicletas,13,CORTES,1,CENTRO,OPERATIVO,440640.61,4474535.9,ETRS89,,,CALLE,CLAVEL,2,28013,28013,11004157,2021-10-20T00:00:00Z,,MU24,MU-51,2026-01-10T00:00:00Z
7944777,Aparcabicicletas,13,CORTES,1,CENTRO,OPERATIVO,440639.84,4474534.24,ETRS89,,,CALLE,CLAVEL,2,28013,28013,11004157,2021-10-20T00:00:00Z,,MU24,MU-51,2026-01-10T00:00:00Z
7944789,Aparcabicicletas,191,CASCO HISTORICO DE VICALVARO,19,VICALVARO,OPERATIVO,448755.18,4472760.8,ETRS89,,,CALLE,SAN CIPRIANO,46,28032,,31025058,1900-01-01T00:00:00Z,,MU24,MU-51,2026-01-10T00:00:00Z
7944797,Aparcabicicletas,85,LA PAZ,8,FUENCARRAL-EL PARDO,OPERATIVO,441599.44,4481383.46,ETRS89,,,CALLE,PEDRO RICO,4,28029,,20103363,2021-08-19T00:00:00Z,,MU24,MU-51,2026-01-10T00:00:00Z
7944799,Aparcabicicletas,85,LA PAZ,8,FUENCARRAL-EL PARDO,OPERATIVO,441599.35,4481382.15,ETRS89,,,CALLE,PEDRO RICO,4,28029,,20103363,2021-08-19T00:00:00Z,,MU24,MU-51,2026-01-10T00:00:00Z
7944801,Aparcabicicletas,85,LA PAZ,8,FUENCARRAL-EL PARDO,OPERATIVO,441599.48,4481380.36,ETRS89,,,CALLE,PEDRO RICO,4,28029,,20103363,2021-08-19T00:00:00Z,,MU24,MU-51,2026-01-10T00:00:00Z
7938855,Aparcabicicletas,53,CIUDAD JARDIN,5,CHAMARTIN,OPERATIVO,443298.06,4477692.76,ETRS89,,,CALLE,LOPEZ DE HOYOS,149,28002,28002,11023691,2021-09-14T00:00:00Z,,MU24,MU-51,2026-01-10T00:00:00Z
7938857,Aparcabicicletas,53,CIUDAD JARDIN,5,CHAMARTIN,OPERATIVO,443296.78,4477691.22,ETRS89,,,CALLE,LOPEZ DE HOYOS,149,28002,28002,11023691,2021-09-14T00:00:00Z,,MU24,MU-51,2026-01-10T00:00:00Z
7938859,Aparcabicicletas,53,CIUDAD JARDIN,5,CHAMARTIN,OPERATIVO,443297.72,4477692.21,ETRS89,,,CALLE,LOPEZ DE HOYOS,149,28002,,11023691,2021-09-14T00:00:00Z,,MU24,MU-51,2026-01-10T00:00:00Z
7938890,Aparcabicicletas,52,PROSPERIDAD,5,CHAMARTIN,OPERATIVO,443344.91,4477447.11,ETRS89,,,CALLE,CLARA DEL REY,50,28002,,11022336,2021-09-20T00:00:00Z,,MU24,MU-51,2026-01-10T00:00:00Z
7938892,Aparcabicicletas,52,PROSPERIDAD,5,CHAMARTIN,OPERATIVO,443344.46,4477445.39,ETRS89,,,CALLE,CLARA DEL REY,50,28002,,11022336,2021-09-20T00:00:00Z,,MU24,MU-51,2026-01-10T00:00:00Z
7939092,Aparcabicicletas,16,SOL,1,CENTRO,OPERATIVO,440437.78,4474486.0,ETRS89,,,CALLE,MONTERA,32,28013,28013,11007420,2021-08-17T00:00:00Z,,MU24,MU-51,2026-01-10T00:00:00Z
7939094,Aparcabicicletas,16,SOL,1,CENTRO,OPERATIVO,440436.91,4474483.45,ETRS89,,,CALLE,MONTERA,32,28013,28013,11007420,2021-08-19T00:00:00Z,,MU24,MU-51,2026-01-10T00:00:00Z
7939100,Aparcabicicletas,16,SOL,1,CENTRO,OPERATIVO,440188.28,4474488.54,ETRS89,,,CALLE,ROMPELANZAS,1,28013,28013,20006552,2021-08-25T00:00:00Z,,MU24,MU-51,2026-01-10T00:00:00Z
7939102,Aparcabicicletas,16,SOL,1,CENTRO,OPERATIVO,440190.5,4474489.52,ETRS89,,,CALLE,ROMPELANZAS,1,28013,28013,20006552,2021-08-27T00:00:00Z,,MU24,MU-51,2026-01-10T00:00:00Z
7939113,Aparcabicicletas,16,SOL,1,CENTRO,OPERATIVO,440282.76,4474398.32,ETRS89,,,CALLE,CARMEN,8,28013,28013,11007839,2021-09-07T00:00:00Z,,MU24,MU-51,2026-01-10T00:00:00Z
7939115,Aparcabicicletas,16,SOL,1,CENTRO,OPERATIVO,440281.66,4474399.32,ETRS89,,,CALLE,CARMEN,8,28013,28013,11007839,2021-09-09T00:00:00Z,,MU24,MU-51,2026-01-10T00:00:00Z
7954164,Aparcabicicletas,107,AGUILAS,10,LATINA,OPERATIVO,433734.25,4470238.85,ETRS89,,,CALLE,MIRABEL,22,28044,,20130527,2021-11-08T00:00:00Z,,MU24,MU-51,2026-01-10T00:00:00Z
7954166,Aparcabicicletas,107,AGUILAS,10,LATINA,OPERATIVO,433733.52,4470242.04,ETRS89,,,CALLE,MIRABEL,22,28044,,20130527,2021-11-08T00:00:00Z,,MU24,MU-51,2026-01-10T00:00:00Z
7954168,Aparcabicicletas,107,AGUILAS,10,LATINA,OPERATIVO,433732.86,4470244.32,ETRS89,,,CALLE,MIRABEL,22,28044,,20130527,2021-11-08T00:00:00Z,,MU24,MU-51,2026-01-10T00:00:00Z
7954171,Aparcabicicletas,107,AGUILAS,10,LATINA,OPERATIVO,434778.33,4469943.55,ETRS89,,,CALLE,BLAS CABRERA,125,28044,,11068620,2021-08-31T00:00:00Z,,MU24,MU-51,2026-01-10T00:00:00Z
7954173,Aparcabicicletas,107,AGUILAS,10,LATINA,OPERATIVO,434784.86,4469945.26,ETRS89,,,CALLE,BLAS CABRERA,125,28044,,11068620,2021-08-31T00:00:00Z,,MU24,MU-51,2026-01-10T00:00:00Z
7944772,Aparcabicicletas,13,CORTES,1,CENTRO,OPERATIVO,440665.14,4474408.71,ETRS89,,,CALLE,VIRGEN DE LOS PELIGROS,2,28013,28013,11004166,2021-10-20T00:00:00Z,,MU24,MU-51,2026-01-10T00:00:00Z
7944774,Aparcabicicletas,13,CORTES,1,CENTRO,OPERATIVO,440652.77,4474453.1,ETRS89,,,CALLE,VIRGEN DE LOS PELIGROS,6,28013,28013,11004168,2021-10-20T00:00:00Z,,MU24,MU-51,2026-01-10T00:00:00Z
7944776,Aparcabicicletas,13,CORTES,1,CENTRO,OPERATIVO,440640.35,4474535.12,ETRS89,,,CALLE,CLAVEL,2,28013,28013,11004157,2021-10-20T00:00:00Z,,MU24,MU-51,2026-01-10T00:00:00Z
7944790,Aparcabicicletas,191,CASCO HISTORICO DE VICALVARO,19,VICALVARO,OPERATIVO,449062.99,4472990.03,ETRS89,,,CALLE,VILLABLANCA,79,28032,,20076408,1900-01-01T00:00:00Z,,MU24,MU-51,2026-01-10T00:00:00Z
7944798,Aparcabicicletas,85,LA PAZ,8,FUENCARRAL-EL PARDO,OPERATIVO,441599.44,4481382.83,ETRS89,,,CALLE,PEDRO RICO,4,28029,,20103363,2021-08-19T00:00:00Z,,MU24,MU-51,2026-01-10T00:00:00Z
7944800,Aparcabicicletas,85,LA PAZ,8,FUENCARRAL-EL PARDO,OPERATIVO,441599.3,4481381.12,ETRS89,,,CALLE,PEDRO RICO,4,28029,,20103363,2021-08-19T00:00:00Z,,MU24,MU-51,2026-01-10T00:00:00Z
7944807,Aparcabicicletas,32,ADELFAS,3,RETIRO,OPERATIVO,443311.41,4472638.78,ETRS89,,,CALLE,VALDERRIBAS,99,28007,28007,20045674,,,MU24,MU-51,2026-01-10T00:00:00Z
7944810,Aparcabicicletas,41,RECOLETOS,4,SALAMANCA,OPERATIVO,441297.66,4474573.02,ETRS89,,,CALLE,ALCALA,53,28014,28014,11013649,,,MU24,MU-51,2026-01-10T00:00:00Z
7944838,Aparcabicicletas,33,ESTRELLA,3,RETIRO,OPERATIVO,443596.5,4474358.89,ETRS89,,,CALLE,JUAN ESPLANDIU,13,28007,28007,11012086,,,MU24,MU-51,2026-01-10T00:00:00Z
7944840,Aparcabicicletas,33,ESTRELLA,3,RETIRO,OPERATIVO,443596.77,4474359.77,ETRS89,,,CALLE,JUAN ESPLANDIU,13,28007,28007,11012086,,,MU24,MU-51,2026-01-10T00:00:00Z
7945067,Aparcabicicletas,86,VALVERDE,8,FUENCARRAL-EL PARDO,OPERATIVO,443744.81,4484429.43,ETRS89,,,CALLE,SIERRA DE ATAPUERCA,49,28050,,31030555,2021-08-19T00:00:00Z,,MU24,ACB,2026-01-10T00:00:00Z
7945069,Aparcabicicletas,86,VALVERDE,8,FUENCARRAL-EL PARDO,OPERATIVO,443743.55,4484431.85,ETRS89,,,CALLE,SIERRA DE ATAPUERCA,49,28050,,31030555,2021-08-20T00:00:00Z,,MU24,ACB,2026-01-10T00:00:00Z
7945116,Aparcabicicletas,41,RECOLETOS,4,SALAMANCA,OPERATIVO,441793.17,4475178.47,ETRS89,,,CALLE,GOYA,10,28001,28001,11013902,,,MU24,MU-51,2026-01-10T00:00:00Z
7946515,Aparcabicicletas,12,EMBAJADORES,1,CENTRO,OPERATIVO,440717.48,4473634.58,ETRS89,,,CALLE,SANTA ISABEL,20,28012,28012,11002613,2021-06-24T00:00:00Z,,MU24,MU-51,2026-01-10T00:00:00Z
7946517,Aparcabicicletas,12,EMBAJADORES,1,CENTRO,OPERATIVO,440715.97,4473636.59,ETRS89,,,CALLE,SANTA ISABEL,20,28012,28012,11002613,2021-06-24T00:00:00Z,,MU24,MU-51,2026-01-10T00:00:00Z
7946816,Aparcabicicletas,42,GOYA,4,SALAMANCA,OPERATIVO,442939.91,4474972.72,ETRS89,,,CALLE,LOMBIA,18,28009,28009,11015545,,,MU24,MU-51,2026-01-10T00:00:00Z
7946818,Aparcabicicletas,42,GOYA,4,SALAMANCA,OPERATIVO,442939.73,4474971.06,ETRS89,,,CALLE,LOMBIA,18,28009,28009,11015545,,,MU24,MU-51,2026-01-10T00:00:00Z
7946820,Aparcabicicletas,42,GOYA,4,SALAMANCA,OPERATIVO,442940.01,4474974.39,ETRS89,,,CALLE,LOMBIA,18,28009,28009,11015545,,,MU24,MU-51,2026-01-10T00:00:00Z
7946832,Aparcabicicletas,45,LISTA,4,SALAMANCA,OPERATIVO,442852.78,4475961.79,ETRS89,,,CALLE,JUAN BRAVO,62,28006,28006,11019099,,,MU24,MU-51,2026-01-10T00:00:00Z
7946834,Aparcabicicletas,45,LISTA,4,SALAMANCA,OPERATIVO,442853.37,4475961.78,ETRS89,,,CALLE,JUAN BRAVO,62,28006,28006,11019099,,,MU24,MU-51,2026-01-10T00:00:00Z
7946987,Aparcabicicletas,25,DELICIAS,2,ARGANZUELA,OPERATIVO,441624.4,4472439.26,ETRS89,,,CALLE,BUSTAMANTE,20,28045,28045,31001897,,,MU24,MU-51,2026-01-10T00:00:00Z
7946989,Aparcabicicletas,25,DELICIAS,2,ARGANZUELA,OPERATIVO,441622.79,4472439.27,ETRS89,,,CALLE,BUSTAMANTE,20,28045,28045,31001897,,,MU24,MU-51,2026-01-10T00:00:00Z
7947141,Aparcabicicletas,25,DELICIAS,2,ARGANZUELA,OPERATIVO,441526.26,4472444.91,ETRS89,,,CALLE,CANARIAS,76,28045,28045,20135103,,,MU24,MU-51,2026-01-10T00:00:00Z
7947404,Aparcabicicletas,22,ACACIAS,2,ARGANZUELA,OPERATIVO,440302.22,4472676.12,ETRS89,,,CALLE,PEÑUELAS,29,28005,28005,20007398,,162655-PUNTO,MU24,MU-38,2026-01-10T00:00:00Z
7944808,Aparcabicicletas,32,ADELFAS,3,RETIRO,OPERATIVO,443311.32,4472638.23,ETRS89,,,CALLE,VALDERRIBAS,99,28007,28007,20045674,,,MU24,MU-51,2026-01-10T00:00:00Z
7944815,Aparcabicicletas,33,ESTRELLA,3,RETIRO,OPERATIVO,443505.47,4474021.89,ETRS89,,,CALLE,JUAN ESPLANDIU,1,28007,28007,11012057,,,MU24,MU-51,2026-01-10T00:00:00Z
7944837,Aparcabicicletas,33,ESTRELLA,3,RETIRO,OPERATIVO,443596.33,4474358.33,ETRS89,,,CALLE,JUAN ESPLANDIU,13,28007,28007,11012086,,,MU24,MU-51,2026-01-10T00:00:00Z
7938856,Aparcabicicletas,53,CIUDAD JARDIN,5,CHAMARTIN,OPERATIVO,443296.44,4477690.67,ETRS89,,,CALLE,LOPEZ DE HOYOS,149,28002,28002,11023691,2021-09-14T00:00:00Z,,MU24,MU-51,2026-01-10T00:00:00Z
7938858,Aparcabicicletas,53,CIUDAD JARDIN,5,CHAMARTIN,OPERATIVO,443297.29,4477691.66,ETRS89,,,CALLE,LOPEZ DE HOYOS,149,28002,,11023691,2021-09-14T00:00:00Z,,MU24,MU-51,2026-01-10T00:00:00Z
7938889,Aparcabicicletas,52,PROSPERIDAD,5,CHAMARTIN,OPERATIVO,443345.11,4477448.04,ETRS89,,,CALLE,CLARA DEL REY,50,28002,,11022336,2021-09-20T00:00:00Z,,MU24,MU-51,2026-01-10T00:00:00Z
7938891,Aparcabicicletas,52,PROSPERIDAD,5,CHAMARTIN,OPERATIVO,443344.58,4477446.33,ETRS89,,,CALLE,CLARA DEL REY,50,28002,,11022336,2021-09-20T00:00:00Z,,MU24,MU-51,2026-01-10T00:00:00Z
7938893,Aparcabicicletas,52,PROSPERIDAD,5,CHAMARTIN,OPERATIVO,443344.38,4477444.66,ETRS89,,,CALLE,CLARA DEL REY,50,28002,,11022336,2021-09-20T00:00:00Z,,MU24,MU-51,2026-01-10T00:00:00Z
7939093,Aparcabicicletas,16,SOL,1,CENTRO,OPERATIVO,440438.04,4474486.66,ETRS89,,,CALLE,MONTERA,32,28013,28013,11007420,2021-08-18T00:00:00Z,,MU24,MU-51,2026-01-10T00:00:00Z
7939095,Aparcabicicletas,16,SOL,1,CENTRO,OPERATIVO,440437.35,4474484.56,ETRS89,,,CALLE,MONTERA,32,28013,28013,11007420,2021-08-20T00:00:00Z,,MU24,MU-51,2026-01-10T00:00:00Z
7939101,Aparcabicicletas,16,SOL,1,CENTRO,OPERATIVO,440189.39,4474488.98,ETRS89,,,CALLE,ROMPELANZAS,1,28013,28013,20006552,2021-08-26T00:00:00Z,,MU24,MU-51,2026-01-10T00:00:00Z
7939112,Aparcabicicletas,16,SOL,1,CENTRO,OPERATIVO,440283.18,4474397.76,ETRS89,,,CALLE,CARMEN,8,28013,28013,11007839,2021-09-06T00:00:00Z,,MU24,MU-51,2026-01-10T00:00:00Z
7939114,Aparcabicicletas,16,SOL,1,CENTRO,OPERATIVO,440282.25,4474398.76,ETRS89,,,CALLE,CARMEN,8,28013,28013,11007839,2021-09-08T00:00:00Z,,MU24,MU-51,2026-01-10T00:00:00Z
7954165,Aparcabicicletas,107,AGUILAS,10,LATINA,OPERATIVO,433734.01,4470240.4,ETRS89,,,CALLE,MIRABEL,22,28044,,20130527,2021-11-08T00:00:00Z,,MU24,MU-51,2026-01-10T00:00:00Z
7954167,Aparcabicicletas,107,AGUILAS,10,LATINA,OPERATIVO,433733.11,4470243.42,ETRS89,,,CALLE,MIRABEL,22,28044,,20130527,2021-11-08T00:00:00Z,,MU24,MU-51,2026-01-10T00:00:00Z
7954170,Aparcabicicletas,107,AGUILAS,10,LATINA,OPERATIVO,434782.9,4469944.93,ETRS89,,,CALLE,BLAS CABRERA,125,28044,,11068620,2021-08-31T00:00:00Z,,MU24,MU-51,2026-01-10T00:00:00Z
7954172,Aparcabicicletas,107,AGUILAS,10,LATINA,OPERATIVO,434781.43,4469944.36,ETRS89,,,CALLE,BLAS CABRERA,125,28044,,11068620,2021-08-31T00:00:00Z,,MU24,MU-51,2026-01-10T00:00:00Z
7954174,Aparcabicicletas,107,AGUILAS,10,LATINA,OPERATIVO,434779.88,4469944.2,ETRS89,,,CALLE,BLAS CABRERA,125,28044,,11068620,2021-08-31T00:00:00Z,,MU24,MU-51,2026-01-10T00:00:00Z
7944839,Aparcabicicletas,33,ESTRELLA,3,RETIRO,OPERATIVO,443596.68,4474359.33,ETRS89,,,CALLE,JUAN ESPLANDIU,13,28007,28007,11012086,,,MU24,MU-51,2026-01-10T00:00:00Z
7944841,Aparcabicicletas,33,ESTRELLA,3,RETIRO,OPERATIVO,443596.94,4474360.33,ETRS89,,,CALLE,JUAN ESPLANDIU,13,28007,28007,11012086,,,MU24,MU-51,2026-01-10T00:00:00Z
7945068,Aparcabicicletas,86,VALVERDE,8,FUENCARRAL-EL PARDO,OPERATIVO,443747.14,4484430.96,ETRS89,,,CALLE,SIERRA DE ATAPUERCA,49,28050,,31030555,2021-08-20T00:00:00Z,,MU24,ACB,2026-01-10T00:00:00Z
7945070,Aparcabicicletas,86,VALVERDE,8,FUENCARRAL-EL PARDO,OPERATIVO,443745.53,4484432.39,ETRS89,,,CALLE,SIERRA DE ATAPUERCA,49,28050,,31030555,2021-08-20T00:00:00Z,,MU24,ACB,2026-01-10T00:00:00Z
7946514,Aparcabicicletas,12,EMBAJADORES,1,CENTRO,OPERATIVO,440718.49,4473633.57,ETRS89,,,CALLE,SANTA ISABEL,20,28012,28012,11002613,2021-06-24T00:00:00Z,,MU24,MU-51,2026-01-10T00:00:00Z
7946516,Aparcabicicletas,12,EMBAJADORES,1,CENTRO,OPERATIVO,440716.64,4473635.92,ETRS89,,,CALLE,SANTA ISABEL,20,28012,28012,11002613,2021-06-24T00:00:00Z,,MU24,MU-51,2026-01-10T00:00:00Z
7946518,Aparcabicicletas,12,EMBAJADORES,1,CENTRO,OPERATIVO,440715.21,4473637.6,ETRS89,,,CALLE,SANTA ISABEL,20,28012,28012,11002613,2021-06-24T00:00:00Z,,MU24,MU-51,2026-01-10T00:00:00Z
7946711,Aparcabicicletas,116,BUENAVISTA,11,CARABANCHEL,OPERATIVO,436011.07,4469804.88,ETRS89,,,CALLE,CONSUELO GUZMAN,11,28044,,11077625,1900-01-01T00:00:00Z,,MU24,ACB,2026-01-10T00:00:00Z
7946817,Aparcabicicletas,42,GOYA,4,SALAMANCA,OPERATIVO,442939.8,4474969.84,ETRS89,,,CALLE,LOMBIA,18,28009,28009,11015545,,,MU24,MU-51,2026-01-10T00:00:00Z
7946819,Aparcabicicletas,42,GOYA,4,SALAMANCA,OPERATIVO,442939.9,4474971.72,ETRS89,,,CALLE,LOMBIA,18,28009,28009,11015545,,,MU24,MU-51,2026-01-10T00:00:00Z
7946831,Aparcabicicletas,45,LISTA,4,SALAMANCA,OPERATIVO,442852.44,4475961.79,ETRS89,,,CALLE,JUAN BRAVO,62,28006,28006,11019099,,,MU24,MU-51,2026-01-10T00:00:00Z
7946833,Aparcabicicletas,45,LISTA,4,SALAMANCA,OPERATIVO,442853.12,4475961.78,ETRS89,,,CALLE,JUAN BRAVO,62,28006,28006,11019099,,,MU24,MU-51,2026-01-10T00:00:00Z
7946988,Aparcabicicletas,25,DELICIAS,2,ARGANZUELA,OPERATIVO,441623.89,4472439.26,ETRS89,,,CALLE,BUSTAMANTE,20,28045,28045,31001897,,,MU24,MU-51,2026-01-10T00:00:00Z
7946990,Aparcabicicletas,25,DELICIAS,2,ARGANZUELA,OPERATIVO,441622.2,4472439.28,ETRS89,,,CALLE,BUSTAMANTE,20,28045,28045,31001897,,,MU24,MU-51,2026-01-10T00:00:00Z
7947403,Aparcabicicletas,22,ACACIAS,2,ARGANZUELA,OPERATIVO,440302.72,4472675.22,ETRS89,,,CALLE,PEÑUELAS,29,28005,28005,20007398,,162653-PUNTO,MU24,MU-38,2026-01-10T00:00:00Z
7947411,Aparcabicicletas,26,PALOS DE LA FRONTERA,2,ARGANZUELA,OPERATIVO,440536.59,4472983.3,ETRS89,,,CALLE,BERNARDINO OBREGON,1,28012,28012,20008190,,162671-PUNTO,MU24,MU-38,2026-01-10T00:00:00Z
7947414,Aparcabicicletas,27,ATOCHA,2,ARGANZUELA,OPERATIVO,442733.97,4471833.13,ETRS89,,,CALLE,RETAMA,4,28045,,20111962,,162680-PUNTO,MU24,,2026-01-10T00:00:00Z
7947425,Aparcabicicletas,101,LOS CARMENES,10,LATINA,OPERATIVO,437567.31,4472240.04,ETRS89,,,CALLE,VIA CARPETANA,166,28047,,11059068,2021-08-23T00:00:00Z,162859-PUNTO,MU24,,2026-01-10T00:00:00Z
7947427,Aparcabicicletas,101,LOS CARMENES,10,LATINA,OPERATIVO,437569.23,4472240.23,ETRS89,,,CALLE,VIA CARPETANA,166,28047,,11059068,2021-08-23T00:00:00Z,162861-PUNTO,MU24,,2026-01-10T00:00:00Z
7947429,Aparcabicicletas,101,LOS CARMENES,10,LATINA,OPERATIVO,437632.29,4472262.86,ETRS89,,,CALLE,GALLUR,2,28047,,20019104,2021-08-23T00:00:00Z,162863-PUNTO,MU24,,2026-01-10T00:00:00Z
7947435,Aparcabicicletas,103,LUCERO,10,LATINA,OPERATIVO,435893.39,4472499.97,ETRS89,,,CALLE,CONCEJAL FRANCISCO JOSE JIMENEZ MARTIN,174,28011,,20086599,2021-08-23T00:00:00Z,162869-PUNTO,MU24,,2026-01-10T00:00:00Z
7947437,Aparcabicicletas,103,LUCERO,10,LATINA,OPERATIVO,436433.12,4472606.04,ETRS89,,,CALLE,CASTROSERNA,4 B,28047,,31017760,2021-08-23T00:00:00Z,162872-PUNTO,MU24,,2026-01-10T00:00:00Z
7947439,Aparcabicicletas,103,LUCERO,10,LATINA,OPERATIVO,435539.98,4472780.5,ETRS89,,,CALLE,SAN ROBERTO,8 B,28011,,31044711,2021-08-23T00:00:00Z,162874-PUNTO,MU24,,2026-01-10T00:00:00Z
7947412,Aparcabicicletas,23,CHOPERA,2,ARGANZUELA,OPERATIVO,440860.96,4471718.81,ETRS89,,,CALLE,GUILLERMO DE OSMA,10,28045,28045,11008976,,162676-PUNTO,MU24,MU-38,2026-01-10T00:00:00Z
7947424,Aparcabicicletas,44,GUINDALERA,4,SALAMANCA,OPERATIVO,442731.32,4476318.49,ETRS89,,,CALLE,FRANCISCO SILVELA,66,28028,28028,11018853,,162742-PUNTO,MU24,MU-38,2026-01-10T00:00:00Z
7947426,Aparcabicicletas,101,LOS CARMENES,10,LATINA,OPERATIVO,437570.87,4472240.43,ETRS89,,,CALLE,GALLUR,1,28047,,11059060,2021-08-23T00:00:00Z,162860-PUNTO,MU24,,2026-01-10T00:00:00Z
7947428,Aparcabicicletas,101,LOS CARMENES,10,LATINA,OPERATIVO,437633.44,4472263.72,ETRS89,,,CALLE,GALLUR,2,28047,,20019104,2021-08-23T00:00:00Z,162862-PUNTO,MU24,,2026-01-10T00:00:00Z
7947430,Aparcabicicletas,101,LOS CARMENES,10,LATINA,OPERATIVO,437631.13,4472261.8,ETRS89,,,CALLE,GALLUR,2,28047,,20019104,2021-08-23T00:00:00Z,162864-PUNTO,MU24,,2026-01-10T00:00:00Z
7947434,Aparcabicicletas,103,LUCERO,10,LATINA,OPERATIVO,435892.04,4472501.22,ETRS89,,,CALLE,CONCEJAL FRANCISCO JOSE JIMENEZ MARTIN,174,28011,,20086599,2021-08-23T00:00:00Z,162868-PUNTO,MU24,,2026-01-10T00:00:00Z
7947436,Aparcabicicletas,103,LUCERO,10,LATINA,OPERATIVO,436434.57,4472606.23,ETRS89,,,CALLE,CASTROSERNA,4 B,28047,,31017760,2021-08-23T00:00:00Z,162871-PUNTO,MU24,,2026-01-10T00:00:00Z
7947438,Aparcabicicletas,103,LUCERO,10,LATINA,OPERATIVO,436439.38,4472606.61,ETRS89,,,CALLE,CASTROSERNA,4 B,28047,,31017760,2021-08-23T00:00:00Z,162873-PUNTO,MU24,,2026-01-10T00:00:00Z
7947440,Aparcabicicletas,103,LUCERO,10,LATINA,OPERATIVO,435540.08,4472782.04,ETRS89,,,CALLE,SAN ROBERTO,8 B,28011,,31044711,2021-08-23T00:00:00Z,162875-PUNTO,MU24,,2026-01-10T00:00:00Z
7947442,Aparcabicicletas,103,LUCERO,10,LATINA,OPERATIVO,435540.37,4472776.94,ETRS89,,,CALLE,SAN ROBERTO,8 B,28011,,31044711,2021-08-23T00:00:00Z,162877-PUNTO,MU24,,2026-01-10T00:00:00Z
7947444,Aparcabicicletas,103,LUCERO,10,LATINA,OPERATIVO,435698.18,4472828.93,ETRS89,,,CALLE,SAN JUAN DE MATA,21,28011,,11064128,2021-08-23T00:00:00Z,162879-PUNTO,MU24,,2026-01-10T00:00:00Z
7947452,Aparcabicicletas,103,LUCERO,10,LATINA,OPERATIVO,436379.02,4473270.77,ETRS89,,,CALLE,VILLAVALIENTE,29,28011,,11064051,2021-08-24T00:00:00Z,162888-PUNTO,MU24,,2026-01-10T00:00:00Z
7947454,Aparcabicicletas,103,LUCERO,10,LATINA,OPERATIVO,436378.54,4473269.61,ETRS89,,,CALLE,VILLAVALIENTE,29,28011,,11064051,2021-08-24T00:00:00Z,162890-PUNTO,MU24,,2026-01-10T00:00:00Z
7947466,Aparcabicicletas,53,CIUDAD JARDIN,5,CHAMARTIN,OPERATIVO,443341.04,4478026.57,ETRS89,,,CALLE,LUIS LARRAINZA,57,28002,28002,11023438,1900-01-01T00:00:00Z,162966-PUNTO,MU24,MU-38,2026-01-10T00:00:00Z
7947468,Aparcabicicletas,53,CIUDAD JARDIN,5,CHAMARTIN,OPERATIVO,443339.96,4478029.68,ETRS89,,,CALLE,LUIS LARRAINZA,57,28002,28002,11023438,1900-01-01T00:00:00Z,162969-PUNTO,MU24,MU-38,2026-01-10T00:00:00Z
7947472,Aparcabicicletas,82,FUENTELARREINA,8,FUENCARRAL-EL PARDO,OPERATIVO,437310.16,4481183.67,ETRS89,,,CALLE,FRESNEDILLAS,8 A,28035,,20148701,2021-08-24T00:00:00Z,163026-PUNTO,MU24,,2026-01-10T00:00:00Z
7948398,Aparcabicicletas,44,GUINDALERA,4,SALAMANCA,OPERATIVO,443719.94,4475829.5,ETRS89,,,CALLE,ALCALA,237,28028,,11017699,,,MU24,MU-51,2026-01-10T00:00:00Z
7948408,Aparcabicicletas,44,GUINDALERA,4,SALAMANCA,OPERATIVO,443720.01,4475829.9,ETRS89,,,CALLE,ALCALA,237,28028,,11017699,,,MU24,MU-51,2026-01-10T00:00:00Z
7948410,Aparcabicicletas,44,GUINDALERA,4,SALAMANCA,OPERATIVO,443719.97,4475828.84,ETRS89,,,CALLE,ALCALA,237,28028,,11017699,,,MU24,MU-51,2026-01-10T00:00:00Z
7948423,Aparcabicicletas,55,NUEVA ESPAÑA,5,CHAMARTIN,OPERATIVO,443358.37,4479112.16,ETRS89,,,CALLE,FEDERICO SALMON,4,28016,,11026876,,,MU24,MU-51,2026-01-10T00:00:00Z
7948443,Aparcabicicletas,91,CASA DE CAMPO,9,MONCLOA-ARAVACA,OPERATIVO,437590.67,4475921.9,ETRS89,,,CALLE,SANTA FE,4,28008,,11051984,2021-08-25T00:00:00Z,,MU24,MU-51,2026-01-10T00:00:00Z
7948445,Aparcabicicletas,91,CASA DE CAMPO,9,MONCLOA-ARAVACA,OPERATIVO,437591.9,4475922.37,ETRS89,,,CALLE,SANTA FE,4,28008,,11051984,2021-08-25T00:00:00Z,,MU24,MU-51,2026-01-10T00:00:00Z
7948447,Aparcabicicletas,91,CASA DE CAMPO,9,MONCLOA-ARAVACA,OPERATIVO,437592.92,4475922.74,ETRS89,,,CALLE,SANTA FE,4,28008,,11051984,2021-08-25T00:00:00Z,,MU24,MU-51,2026-01-10T00:00:00Z
7948449,Aparcabicicletas,91,CASA DE CAMPO,9,MONCLOA-ARAVACA,OPERATIVO,437592.57,4475922.61,ETRS89,,,CALLE,SANTA FE,4,28008,,11051984,2021-08-25T00:00:00Z,,MU24,MU-51,2026-01-10T00:00:00Z
7948451,Aparcabicicletas,91,CASA DE CAMPO,9,MONCLOA-ARAVACA,OPERATIVO,437591.28,4475922.14,ETRS89,,,CALLE,SANTA FE,4,28008,,11051984,2021-08-25T00:00:00Z,,MU24,MU-51,2026-01-10T00:00:00Z
7948511,Aparcabicicletas,91,CASA DE CAMPO,9,MONCLOA-ARAVACA,OPERATIVO,437942.14,4475993.57,ETRS89,,,CALLE,SENDA DEL REY,8,28008,,31026240,2021-10-27T00:00:00Z,,MU24,MU-51,2026-01-10T00:00:00Z
7949147,Aparcabicicletas,91,CASA DE CAMPO,9,MONCLOA-ARAVACA,OPERATIVO,438005.478,4475438.743,ETRS89,,,CALLE,RIBERA DEL MANZANARES,111,28008,,11051645,2021-10-27T00:00:00Z,,MU24,MU-51,2026-01-10T00:00:00Z
7949149,Aparcabicicletas,91,CASA DE CAMPO,9,MONCLOA-ARAVACA,OPERATIVO,438007.16,4475440.47,ETRS89,,,CALLE,RIBERA DEL MANZANARES,111,28008,,11051645,2021-10-27T00:00:00Z,,MU24,MU-51,2026-01-10T00:00:00Z
7949161,Aparcabicicletas,97,ARAVACA,9,MONCLOA-ARAVACA,OPERATIVO,433409.99,4477867.32,ETRS89,,,CALLE,GOLONDRINA,104,28023,,31044466,2021-10-27T00:00:00Z,,MU24,MU-51,2026-01-10T00:00:00Z
7949163,Aparcabicicletas,97,ARAVACA,9,MONCLOA-ARAVACA,OPERATIVO,433409.99,4477866.22,ETRS89,,,CALLE,GOLONDRINA,104,28023,,31044466,2021-10-27T00:00:00Z,,MU24,MU-51,2026-01-10T00:00:00Z
7949421,Aparcabicicletas,123,SAN FERMIN,12,USERA,OPERATIVO,441077.96,4469682.93,ETRS89,,,CALLE,SAN MAXIMO,4,28041,,20075892,1900-01-01T00:00:00Z,1045154,MU24,MU-38,2026-01-10T00:00:00Z
7949836,Aparcabicicletas,211,ALAMEDA DE OSUNA,21,BARAJAS,OPERATIVO,450158.44,4478493.12,ETRS89,,,CALLE,CARABELA,12,28042,,11140016,2021-10-28T00:00:00Z,,MU24,MU-51,2026-01-10T00:00:00Z
7949838,Aparcabicicletas,211,ALAMEDA DE OSUNA,21,BARAJAS,OPERATIVO,450160.02,4478493.12,ETRS89,,,CALLE,CARABELA,12,28042,,11140016,2021-10-28T00:00:00Z,,MU24,MU-51,2026-01-10T00:00:00Z
7949842,Aparcabicicletas,143,MARROQUINA,14,MORATALAZ,OPERATIVO,445811.44,4473025.81,ETRS89,,,CALLE,MARIO CABRE,2,28030,,20158447,1900-01-01T00:00:00Z,,MU24,MU-38,2026-01-10T00:00:00Z
7949945,Aparcabicicletas,211,ALAMEDA DE OSUNA,21,BARAJAS,OPERATIVO,450175.92,4479083.59,ETRS89,,,CALLE,BREZOS,1,28042,,11139857,2021-10-28T00:00:00Z,,MU24,MU-51,2026-01-10T00:00:00Z
7949947,Aparcabicicletas,211,ALAMEDA DE OSUNA,21,BARAJAS,OPERATIVO,450176.98,4479085.31,ETRS89,,,CALLE,BREZOS,1,28042,,11139857,2021-10-28T00:00:00Z,,MU24,MU-51,2026-01-10T00:00:00Z
7947441,Aparcabicicletas,103,LUCERO,10,LATINA,OPERATIVO,435540.08,4472783.48,ETRS89,,,CALLE,SAN ROBERTO,8 B,28011,,31044711,2021-08-23T00:00:00Z,162876-PUNTO,MU24,,2026-01-10T00:00:00Z
7947443,Aparcabicicletas,103,LUCERO,10,LATINA,OPERATIVO,435699.82,4472826.81,ETRS89,,,CALLE,SAN JUAN DE MATA,21,28011,,11064128,2021-08-23T00:00:00Z,162878-PUNTO,MU24,,2026-01-10T00:00:00Z
7947445,Aparcabicicletas,103,LUCERO,10,LATINA,OPERATIVO,435700.78,4472825.89,ETRS89,,,CALLE,SAN JUAN DE MATA,21,28011,,11064128,2021-08-23T00:00:00Z,162880-PUNTO,MU24,,2026-01-10T00:00:00Z
7947451,Aparcabicicletas,103,LUCERO,10,LATINA,OPERATIVO,436377.67,4473264.32,ETRS89,,,CALLE,VILLAVALIENTE,29,28011,,11064051,2021-08-24T00:00:00Z,162887-PUNTO,MU24,,2026-01-10T00:00:00Z
7947453,Aparcabicicletas,103,LUCERO,10,LATINA,OPERATIVO,436378.06,4473266.24,ETRS89,,,CALLE,VILLAVALIENTE,29,28011,,11064051,2021-08-24T00:00:00Z,162889-PUNTO,MU24,,2026-01-10T00:00:00Z
7947457,Aparcabicicletas,102,PUERTA DEL ANGEL,10,LATINA,OPERATIVO,438110.07,4473361.92,ETRS89,,,CALLE,CARAMUEL,56,28011,,20019376,2021-08-24T00:00:00Z,162894-PUNTO,MU24,,2026-01-10T00:00:00Z
7947467,Aparcabicicletas,53,CIUDAD JARDIN,5,CHAMARTIN,OPERATIVO,443340.29,4478028.13,ETRS89,,,CALLE,LUIS LARRAINZA,57,28002,28002,11023438,1900-01-01T00:00:00Z,162968-PUNTO,MU24,MU-38,2026-01-10T00:00:00Z
7947469,Aparcabicicletas,53,CIUDAD JARDIN,5,CHAMARTIN,OPERATIVO,443339.72,4478030.91,ETRS89,,,CALLE,LUIS LARRAINZA,57,28002,28002,11023438,1900-01-01T00:00:00Z,162970-PUNTO,MU24,MU-38,2026-01-10T00:00:00Z
7947471,Aparcabicicletas,82,FUENTELARREINA,8,FUENCARRAL-EL PARDO,OPERATIVO,437311.35,4481182.43,ETRS89,,,CALLE,FRESNEDILLAS,8 A,28035,,20148701,2021-08-24T00:00:00Z,163024-PUNTO,MU24,,2026-01-10T00:00:00Z
7948407,Aparcabicicletas,44,GUINDALERA,4,SALAMANCA,OPERATIVO,443720.01,4475830.75,ETRS89,,,CALLE,ALCALA,237,28028,,11017699,,,MU24,MU-51,2026-01-10T00:00:00Z
7948409,Aparcabicicletas,44,GUINDALERA,4,SALAMANCA,OPERATIVO,443720.01,4475828.19,ETRS89,,,CALLE,ALCALA,237,28028,,11017699,,,MU24,MU-51,2026-01-10T00:00:00Z
7948422,Aparcabicicletas,55,NUEVA ESPAÑA,5,CHAMARTIN,OPERATIVO,443358.28,4479111.3,ETRS89,,,CALLE,FEDERICO SALMON,4,28016,,11026876,,,MU24,MU-51,2026-01-10T00:00:00Z
7948424,Aparcabicicletas,55,NUEVA ESPAÑA,5,CHAMARTIN,OPERATIVO,443358.37,4479112.92,ETRS89,,,CALLE,FEDERICO SALMON,4,28016,,11026876,,,MU24,MU-51,2026-01-10T00:00:00Z
7948444,Aparcabicicletas,91,CASA DE CAMPO,9,MONCLOA-ARAVACA,OPERATIVO,437590.99,4475922.03,ETRS89,,,CALLE,SANTA FE,4,28008,,11051984,2021-08-25T00:00:00Z,,MU24,MU-51,2026-01-10T00:00:00Z
7948446,Aparcabicicletas,91,CASA DE CAMPO,9,MONCLOA-ARAVACA,OPERATIVO,437593.25,4475922.85,ETRS89,,,CALLE,SANTA FE,4,28008,,11051984,2021-08-25T00:00:00Z,,MU24,MU-51,2026-01-10T00:00:00Z
7948448,Aparcabicicletas,91,CASA DE CAMPO,9,MONCLOA-ARAVACA,OPERATIVO,437591.6,4475922.26,ETRS89,,,CALLE,SANTA FE,4,28008,,11051984,2021-08-25T00:00:00Z,,MU24,MU-51,2026-01-10T00:00:00Z
7948450,Aparcabicicletas,91,CASA DE CAMPO,9,MONCLOA-ARAVACA,OPERATIVO,437592.27,4475922.48,ETRS89,,,CALLE,SANTA FE,4,28008,,11051984,2021-08-25T00:00:00Z,,MU24,MU-51,2026-01-10T00:00:00Z
7948510,Aparcabicicletas,91,CASA DE CAMPO,9,MONCLOA-ARAVACA,OPERATIVO,437942.38,4475993.33,ETRS89,,,CALLE,SENDA DEL REY,8,28008,,31026240,2021-10-27T00:00:00Z,,MU24,MU-51,2026-01-10T00:00:00Z
7948513,Aparcabicicletas,91,CASA DE CAMPO,9,MONCLOA-ARAVACA,OPERATIVO,437941.98,4475993.83,ETRS89,,,CALLE,SENDA DEL REY,8,28008,,31026240,2021-10-27T00:00:00Z,,MU24,MU-51,2026-01-10T00:00:00Z
7949148,Aparcabicicletas,91,CASA DE CAMPO,9,MONCLOA-ARAVACA,OPERATIVO,438006.06,4475439.37,ETRS89,,,CALLE,RIBERA DEL MANZANARES,111,28008,,11051645,2021-10-27T00:00:00Z,,MU24,MU-51,2026-01-10T00:00:00Z
7949150,Aparcabicicletas,91,CASA DE CAMPO,9,MONCLOA-ARAVACA,OPERATIVO,438007.63,4475440.94,ETRS89,,,CALLE,RIBERA DEL MANZANARES,111,28008,,11051645,2021-10-27T00:00:00Z,,MU24,MU-51,2026-01-10T00:00:00Z
7949162,Aparcabicicletas,97,ARAVACA,9,MONCLOA-ARAVACA,OPERATIVO,433409.99,4477865.09,ETRS89,,,CALLE,GOLONDRINA,104,28023,,31044466,2021-10-27T00:00:00Z,,MU24,MU-51,2026-01-10T00:00:00Z
7949164,Aparcabicicletas,97,ARAVACA,9,MONCLOA-ARAVACA,OPERATIVO,433409.94,4477863.95,ETRS89,,,CALLE,GOLONDRINA,104,28023,,31044466,2021-10-27T00:00:00Z,,MU24,MU-51,2026-01-10T00:00:00Z
7949835,Aparcabicicletas,211,ALAMEDA DE OSUNA,21,BARAJAS,OPERATIVO,450158.7,4478492.99,ETRS89,,,CALLE,CARABELA,12,28042,,11140016,2021-10-28T00:00:00Z,,MU24,MU-51,2026-01-10T00:00:00Z
7949837,Aparcabicicletas,211,ALAMEDA DE OSUNA,21,BARAJAS,OPERATIVO,450159.1,4478492.85,ETRS89,,,CALLE,CARABELA,12,28042,,11140016,2021-10-28T00:00:00Z,,MU24,MU-51,2026-01-10T00:00:00Z
7949839,Aparcabicicletas,211,ALAMEDA DE OSUNA,21,BARAJAS,OPERATIVO,450161.61,4478492.85,ETRS89,,,CALLE,CARABELA,12,28042,,11140016,2021-10-28T00:00:00Z,,MU24,MU-51,2026-01-10T00:00:00Z
7949944,Aparcabicicletas,211,ALAMEDA DE OSUNA,21,BARAJAS,OPERATIVO,450175.79,4479082.4,ETRS89,,,CALLE,BREZOS,1,28042,,11139857,2021-10-28T00:00:00Z,,MU24,MU-51,2026-01-10T00:00:00Z
7949946,Aparcabicicletas,211,ALAMEDA DE OSUNA,21,BARAJAS,OPERATIVO,450176.72,4479084.38,ETRS89,,,CALLE,BREZOS,1,28042,,11139857,2021-10-28T00:00:00Z,,MU24,MU-51,2026-01-10T00:00:00Z
7949948,Aparcabicicletas,211,ALAMEDA DE OSUNA,21,BARAJAS,OPERATIVO,450177.64,4479086.1,ETRS89,,,CALLE,BREZOS,1,28042,,11139857,2021-10-28T00:00:00Z,,MU24,MU-51,2026-01-10T00:00:00Z
7949966,Aparcabicicletas,97,ARAVACA,9,MONCLOA-ARAVACA,OPERATIVO,434479.88,4478165.13,ETRS89,,,CALLE,ARROYO DE POZUELO,10,28023,,31045365,2021-10-27T00:00:00Z,,MU24,MU-51,2026-01-10T00:00:00Z
7950015,Aparcabicicletas,97,ARAVACA,9,MONCLOA-ARAVACA,OPERATIVO,433083.55,4478415.21,ETRS89,,,CALLE,ESCULTOR PERESEJO,66,28023,,20063938,2021-08-30T00:00:00Z,,MU24,AP-2,2026-01-10T00:00:00Z
7950017,Aparcabicicletas,97,ARAVACA,9,MONCLOA-ARAVACA,OPERATIVO,433081.38,4478414.29,ETRS89,,,CALLE,ESCULTOR PERESEJO,66,28023,,20063938,2021-08-30T00:00:00Z,,MU24,AP-2,2026-01-10T00:00:00Z
7950019,Aparcabicicletas,97,ARAVACA,9,MONCLOA-ARAVACA,OPERATIVO,433084.98,4478415.67,ETRS89,,,CALLE,ESCULTOR PERESEJO,66,28023,,20063938,2021-08-30T00:00:00Z,,MU24,AP-2,2026-01-10T00:00:00Z
7950022,Aparcabicicletas,123,SAN FERMIN,12,USERA,OPERATIVO,441176.33,4469701.69,ETRS89,,,CALLE,SAN MAXIMO,10,28041,,20075981,1900-01-01T00:00:00Z,,MU24,MU-51,2026-01-10T00:00:00Z
7950024,Aparcabicicletas,123,SAN FERMIN,12,USERA,OPERATIVO,441176.32,4469699.92,ETRS89,,,CALLE,SAN MAXIMO,10,28041,,20075981,1900-01-01T00:00:00Z,,MU24,MU-51,2026-01-10T00:00:00Z
7950490,Aparcabicicletas,55,NUEVA ESPAÑA,5,CHAMARTIN,OPERATIVO,443067.77,4479141.35,ETRS89,,,CALLE,ENRIQUE JARDIEL PONCELA,14,28016,,11026816,2021-11-25T00:00:00Z,,MU24,MU-51,2026-01-10T00:00:00Z
7950501,Aparcabicicletas,55,NUEVA ESPAÑA,5,CHAMARTIN,OPERATIVO,443328.75,4479236.35,ETRS89,,,CALLE,TORREGALINDO,12,28016,,11026912,2021-10-27T00:00:00Z,,MU24,MU-51,2026-01-10T00:00:00Z
7950503,Aparcabicicletas,55,NUEVA ESPAÑA,5,CHAMARTIN,OPERATIVO,443330.72,4479236.35,ETRS89,,,CALLE,TORREGALINDO,12,28016,,11026912,2021-10-27T00:00:00Z,,MU24,MU-51,2026-01-10T00:00:00Z
8156264,Aparcabicicletas,15,UNIVERSIDAD,1,CENTRO,OPERATIVO,439475.01,4475413.29,ETRS89,,,CALLE,PRINCESA,22,28008,,11006601,,,MU24,MU-51,2026-01-10T00:00:00Z
8156272,Aparcabicicletas,15,UNIVERSIDAD,1,CENTRO,OPERATIVO,439474.77,4475414.85,ETRS89,,,CALLE,PRINCESA,22,28008,,11006601,,,MU24,MU-51,2026-01-10T00:00:00Z
8156274,Aparcabicicletas,15,UNIVERSIDAD,1,CENTRO,OPERATIVO,439473.86,4475417.63,ETRS89,,,CALLE,PRINCESA,22,28008,,11006601,,,MU24,ACB,2026-01-10T00:00:00Z
8156278,Aparcabicicletas,15,UNIVERSIDAD,1,CENTRO,OPERATIVO,439474.27,4475415.3,ETRS89,,,CALLE,PRINCESA,22,28008,,11006601,,,MU24,MU-51,2026-01-10T00:00:00Z
8178083,Aparcabicicletas,54,HISPANOAMERICA,5,CHAMARTIN,OPERATIVO,442525.27,4478757.77,ETRS89,,,CALLE,BOLIVIA,22,28016,,20075263,,,MU24,MU-51,2026-01-10T00:00:00Z
8178085,Aparcabicicletas,54,HISPANOAMERICA,5,CHAMARTIN,OPERATIVO,442526.04,4478758.32,ETRS89,,,CALLE,BOLIVIA,22,28016,,20075263,,,MU24,MU-51,2026-01-10T00:00:00Z
8178092,Aparcabicicletas,41,RECOLETOS,4,SALAMANCA,OPERATIVO,442217.184,4475530.472,ETRS89,40.42840477,-3.68120679,CALLE,CASTELLO,56,28001,,11014246,,,MU24,MU-51,2026-01-10T00:00:00Z
8178094,Aparcabicicletas,41,RECOLETOS,4,SALAMANCA,OPERATIVO,442217.184,4475532.291,ETRS89,40.42842116,-3.68120695,CALLE,CASTELLO,56,28001,,11014246,,,MU24,MU-51,2026-01-10T00:00:00Z
7949965,Aparcabicicletas,97,ARAVACA,9,MONCLOA-ARAVACA,OPERATIVO,434480.56,4478165.04,ETRS89,,,CALLE,ARROYO DE POZUELO,10,28023,,31045365,2021-10-27T00:00:00Z,,MU24,MU-51,2026-01-10T00:00:00Z
8156262,Aparcabicicletas,15,UNIVERSIDAD,1,CENTRO,OPERATIVO,439474.93,4475413.29,ETRS89,,,CALLE,PRINCESA,22,28008,,11006601,,,MU24,MU-51,2026-01-10T00:00:00Z
8156271,Aparcabicicletas,15,UNIVERSIDAD,1,CENTRO,OPERATIVO,439474.0,4475413.97,ETRS89,,,CALLE,PRINCESA,22,28008,,11006601,,,MU24,MU-51,2026-01-10T00:00:00Z
8156273,Aparcabicicletas,15,UNIVERSIDAD,1,CENTRO,OPERATIVO,439475.11,4475414.51,ETRS89,,,CALLE,PRINCESA,22,28008,,11006601,,,MU24,MU-51,2026-01-10T00:00:00Z
8156277,Aparcabicicletas,15,UNIVERSIDAD,1,CENTRO,OPERATIVO,439473.93,4475416.08,ETRS89,,,CALLE,PRINCESA,22,28008,,11006601,,,MU24,ACB,2026-01-10T00:00:00Z
8178082,Aparcabicicletas,54,HISPANOAMERICA,5,CHAMARTIN,OPERATIVO,442525.08,4478755.66,ETRS89,,,CALLE,BOLIVIA,22,28016,,20075263,,,MU24,MU-51,2026-01-10T00:00:00Z
8178084,Aparcabicicletas,54,HISPANOAMERICA,5,CHAMARTIN,OPERATIVO,442524.98,4478753.33,ETRS89,,,CALLE,BOLIVIA,22,28016,,20075263,,,MU24,MU-51,2026-01-10T00:00:00Z
8178086,Aparcabicicletas,54,HISPANOAMERICA,5,CHAMARTIN,OPERATIVO,442525.09,4478756.55,ETRS89,,,CALLE,BOLIVIA,22,28016,,20075263,,,MU24,MU-51,2026-01-10T00:00:00Z
8178093,Aparcabicicletas,41,RECOLETOS,4,SALAMANCA,OPERATIVO,442217.184,4475528.506,ETRS89,40.42838706,-3.68120661,CALLE,CASTELLO,56,28001,,11014246,,,MU24,MU-51,2026-01-10T00:00:00Z
8178246,Aparcabicicletas,24,LEGAZPI,2,ARGANZUELA,OPERATIVO,442178.57,4471491.97,ETRS89,,,CALLE,MENESES,4,28045,,31022245,,,MU24,MU-38,2026-01-10T00:00:00Z
8178251,Aparcabicicletas,27,ATOCHA,2,ARGANZUELA,OPERATIVO,442734.99,4471834.15,ETRS89,,,CALLE,Retama,1,28045,,20111962,,,MU24,MU-51,2026-01-10T00:00:00Z
8178279,Aparcabicicletas,24,LEGAZPI,2,ARGANZUELA,OPERATIVO,441645.45,4471325.71,ETRS89,,,CALLE,BRONCE,5,28045,,31007293,,,MU24,MU-51,2026-01-10T00:00:00Z
8178281,Aparcabicicletas,24,LEGAZPI,2,ARGANZUELA,OPERATIVO,441645.71,4471327.37,ETRS89,,,CALLE,BRONCE,5,28045,,31007293,,,MU24,MU-51,2026-01-10T00:00:00Z
8178284,Aparcabicicletas,24,LEGAZPI,2,ARGANZUELA,OPERATIVO,441645.09,4471323.82,ETRS89,,,CALLE,BRONCE,5,28045,,31007293,,,MU24,MU-51,2026-01-10T00:00:00Z
8178348,Aparcabicicletas,22,ACACIAS,2,ARGANZUELA,OPERATIVO,439436.6,4472589.59,ETRS89,,,CALLE,TOLEDO,181,28005,,20002162,,,MU24,MU-51,2026-01-10T00:00:00Z
8178354,Aparcabicicletas,22,ACACIAS,2,ARGANZUELA,OPERATIVO,440006.85,4472139.76,ETRS89,,,CALLE,NAVES,2A,28005,,31057148,,,MU24,MU-51,2026-01-10T00:00:00Z
8178356,Aparcabicicletas,22,ACACIAS,2,ARGANZUELA,OPERATIVO,440006.85,4472139.09,ETRS89,,,CALLE,NAVES,2A,28005,,31057148,,,MU24,MU-51,2026-01-10T00:00:00Z
8178359,Aparcabicicletas,22,ACACIAS,2,ARGANZUELA,OPERATIVO,440006.86,4472140.54,ETRS89,,,CALLE,NAVES,2A,28005,,31057148,,,MU24,MU-51,2026-01-10T00:00:00Z
8178368,Aparcabicicletas,22,ACACIAS,2,ARGANZUELA,OPERATIVO,439959.23,4472382.47,ETRS89,,,CALLE,ARGANDA,12,28005,,11010577,1900-01-01T00:00:00Z,,MU24,MU-51,2026-01-10T00:00:00Z
8178372,Aparcabicicletas,22,ACACIAS,2,ARGANZUELA,OPERATIVO,439960.25,4472382.01,ETRS89,,,CALLE,ARGANDA,12,28005,,11010577,1900-01-01T00:00:00Z,,MU24,MU-51,2026-01-10T00:00:00Z
8178247,Aparcabicicletas,23,CHOPERA,2,ARGANZUELA,OPERATIVO,440859.01,4471718.39,ETRS89,,,CALLE,GUILLERMO DE OSMA,10,28045,,11008976,,,MU24,MU-38,2026-01-10T00:00:00Z
8178280,Aparcabicicletas,24,LEGAZPI,2,ARGANZUELA,OPERATIVO,441645.62,4471326.59,ETRS89,,,CALLE,BRONCE,5,28045,,31007293,,,MU24,MU-51,2026-01-10T00:00:00Z
8178282,Aparcabicicletas,24,LEGAZPI,2,ARGANZUELA,OPERATIVO,441645.27,4471324.71,ETRS89,,,CALLE,BRONCE,5,28045,,31007293,,,MU24,MU-51,2026-01-10T00:00:00Z
8178286,Aparcabicicletas,23,CHOPERA,2,ARGANZUELA,OPERATIVO,440859.69,4471718.49,ETRS89,,,CALLE,GUILLERMO DE OSMA,10,28045,,11008976,,,MU24,MU-38,2026-01-10T00:00:00Z
8178351,Aparcabicicletas,22,ACACIAS,2,ARGANZUELA,OPERATIVO,439437.55,4472592.02,ETRS89,,,CALLE,TOLEDO,181,28005,,20002162,,,MU24,MU-51,2026-01-10T00:00:00Z
8178355,Aparcabicicletas,22,ACACIAS,2,ARGANZUELA,OPERATIVO,440006.76,4472138.43,ETRS89,,,CALLE,NAVES,2A,28005,,31057148,,,MU24,MU-51,2026-01-10T00:00:00Z
8178376,Aparcabicicletas,22,ACACIAS,2,ARGANZUELA,OPERATIVO,439912.62,4472422.58,ETRS89,,,CALLE,ARGANDA,10,28005,,11010576,1900-01-01T00:00:00Z,,MU24,MU-51,2026-01-10T00:00:00Z
8178384,Aparcabicicletas,22,ACACIAS,2,ARGANZUELA,OPERATIVO,439876.77,4472397.11,ETRS89,,,CALLE,ARGANDA,6,28005,,11010588,1900-01-01T00:00:00Z,,MU24,MU-51,2026-01-10T00:00:00Z
8178387,Aparcabicicletas,22,ACACIAS,2,ARGANZUELA,OPERATIVO,439875.83,4472395.46,ETRS89,,,CALLE,ARGANDA,6,28005,,11010588,1900-01-01T00:00:00Z,,MU24,MU-51,2026-01-10T00:00:00Z
8178389,Aparcabicicletas,22,ACACIAS,2,ARGANZUELA,OPERATIVO,439876.34,4472396.45,ETRS89,,,CALLE,ARGANDA,6,28005,,11010588,1900-01-01T00:00:00Z,,MU24,MU-51,2026-01-10T00:00:00Z
8178392,Aparcabicicletas,22,ACACIAS,2,ARGANZUELA,OPERATIVO,439784.02,4472365.56,ETRS89,,,CALLE,MELILLA,59,28005,,20123812,1900-01-01T00:00:00Z,,MU24,MU-51,2026-01-10T00:00:00Z
8178398,Aparcabicicletas,22,ACACIAS,2,ARGANZUELA,OPERATIVO,440180.38,4472360.05,ETRS89,,,CALLE,ARGANDA,42,28005,,20065138,,,MU24,MU-38,2026-01-10T00:00:00Z
8178402,Aparcabicicletas,22,ACACIAS,2,ARGANZUELA,OPERATIVO,440182.85,4472361.03,ETRS89,,,CALLE,ARGANDA,42,28005,,20065138,,,MU24,MU-51,2026-01-10T00:00:00Z
8178404,Aparcabicicletas,22,ACACIAS,2,ARGANZUELA,OPERATIVO,440211.88,4472329.94,ETRS89,,,CALLE,GARGANTILLA,2,28005,,20144433,,,MU24,MU-51,2026-01-10T00:00:00Z
8178406,Aparcabicicletas,22,ACACIAS,2,ARGANZUELA,OPERATIVO,440213.23,4472328.27,ETRS89,,,CALLE,GARGANTILLA,2,28005,,20144433,,,MU24,MU-51,2026-01-10T00:00:00Z
8178408,Aparcabicicletas,22,ACACIAS,2,ARGANZUELA,OPERATIVO,440204.68,4472341.32,ETRS89,,,CALLE,GARGANTILLA,2,28005,,20144433,,,MU24,MU-51,2026-01-10T00:00:00Z
8178410,Aparcabicicletas,22,ACACIAS,2,ARGANZUELA,OPERATIVO,440214.49,4472326.26,ETRS89,,,CALLE,GARGANTILLA,2,28005,,20144433,,,MU24,MU-51,2026-01-10T00:00:00Z
8178412,Aparcabicicletas,22,ACACIAS,2,ARGANZUELA,OPERATIVO,440205.77,4472339.76,ETRS89,,,CALLE,GARGANTILLA,2,28005,,20144433,,,MU24,MU-51,2026-01-10T00:00:00Z
8178507,Aparcabicicletas,91,CASA DE CAMPO,9,MONCLOA-ARAVACA,OPERATIVO,439229.63,4475151.81,ETRS89,,,CALLE,FERRAZ,1,28008,,31026743,2021-12-20T00:00:00Z,,MU24,MU-51,2026-01-10T00:00:00Z
8178526,Aparcabicicletas,91,CASA DE CAMPO,9,MONCLOA-ARAVACA,OPERATIVO,439229.331,4475152.112,ETRS89,,,CALLE,FERRAZ,1,28008,,31026743,2021-12-20T00:00:00Z,,MU24,MU-51,2026-01-10T00:00:00Z
8178536,Aparcabicicletas,85,LA PAZ,8,FUENCARRAL-EL PARDO,OPERATIVO,441627.99,4480657.48,ETRS89,,,CALLE,SINESIO DELGADO,2,28029,,11046911,2021-12-23T00:00:00Z,,MU24,MU-51,2026-01-10T00:00:00Z
8178538,Aparcabicicletas,85,LA PAZ,8,FUENCARRAL-EL PARDO,OPERATIVO,441627.21,4480657.67,ETRS89,,,CALLE,SINESIO DELGADO,2,28029,,11046911,2021-08-31T00:00:00Z,,MU24,MU-51,2026-01-10T00:00:00Z
8178541,Aparcabicicletas,102,PUERTA DEL ANGEL,10,LATINA,OPERATIVO,438108.41,4473359.59,ETRS89,,,CALLE,CARAMUEL,58,28011,,11061206,2021-12-23T00:00:00Z,,MU24,MU-51,2026-01-10T00:00:00Z
8178543,Aparcabicicletas,103,LUCERO,10,LATINA,OPERATIVO,436431.9,4472605.62,ETRS89,,,CALLE,CASTROSERNA,4 B,28047,,31017760,2021-12-23T00:00:00Z,,MU24,MU-51,2026-01-10T00:00:00Z
8178553,Aparcabicicletas,104,ALUCHE,10,LATINA,OPERATIVO,435826.35,4472075.65,ETRS89,,,CALLE,VALMOJADO,61,28047,,11065308,2021-12-23T00:00:00Z,,MU24,MU-51,2026-01-10T00:00:00Z
8178555,Aparcabicicletas,104,ALUCHE,10,LATINA,OPERATIVO,435827.14,4472077.11,ETRS89,,,CALLE,VALMOJADO,61,28047,,11065308,2021-12-23T00:00:00Z,,MU24,MU-51,2026-01-10T00:00:00Z
8178561,Aparcabicicletas,104,ALUCHE,10,LATINA,OPERATIVO,435626.54,4471610.41,ETRS89,,,CALLE,ILLESCAS,151,28047,,31050623,2021-12-23T00:00:00Z,,MU24,MU-51,2026-01-10T00:00:00Z
8178569,Aparcabicicletas,104,ALUCHE,10,LATINA,OPERATIVO,435343.1,4471199.58,ETRS89,,,CALLE,MAQUEDA,117,28024,,11065473,2021-12-23T00:00:00Z,,MU24,MU-51,2026-01-10T00:00:00Z
8178571,Aparcabicicletas,104,ALUCHE,10,LATINA,OPERATIVO,435342.86,4471197.58,ETRS89,,,CALLE,MAQUEDA,117,28024,,11065473,2021-12-23T00:00:00Z,,MU24,MU-51,2026-01-10T00:00:00Z
8178582,Aparcabicicletas,107,AGUILAS,10,LATINA,OPERATIVO,435128.13,4470018.05,ETRS89,,,CALLE,BLAS CABRERA,90,28044,,11068588,2021-12-23T00:00:00Z,,MU24,MU-51,2026-01-10T00:00:00Z
8178592,Aparcabicicletas,107,AGUILAS,10,LATINA,OPERATIVO,434308.15,4470057.2,ETRS89,,,CALLE,BLAS CABRERA,50,28044,,11067883,2021-12-23T00:00:00Z,,MU24,MU-51,2026-01-10T00:00:00Z
8178594,Aparcabicicletas,107,AGUILAS,10,LATINA,OPERATIVO,434305.24,4470058.84,ETRS89,,,CALLE,BLAS CABRERA,50,28044,,11067883,2021-12-23T00:00:00Z,,MU24,MU-51,2026-01-10T00:00:00Z
8178614,Aparcabicicletas,104,ALUCHE,10,LATINA,OPERATIVO,435881.58,4471911.64,ETRS89,,,CALLE,CAMARENA,57,28047,,11065037,2021-12-23T00:00:00Z,,MU24,MU-51,2026-01-10T00:00:00Z
8178369,Aparcabicicletas,22,ACACIAS,2,ARGANZUELA,OPERATIVO,439960.76,4472381.9,ETRS89,,,CALLE,ARGANDA,12,28005,,11010577,1900-01-01T00:00:00Z,,MU24,MU-51,2026-01-10T00:00:00Z
8178371,Aparcabicicletas,22,ACACIAS,2,ARGANZUELA,OPERATIVO,439959.74,4472382.24,ETRS89,,,CALLE,ARGANDA,12,28005,,11010577,1900-01-01T00:00:00Z,,MU24,MU-51,2026-01-10T00:00:00Z
8178373,Aparcabicicletas,22,ACACIAS,2,ARGANZUELA,OPERATIVO,439961.35,4472381.67,ETRS89,,,CALLE,ARGANDA,12,28005,,11010577,1900-01-01T00:00:00Z,,MU24,MU-51,2026-01-10T00:00:00Z
8178375,Aparcabicicletas,22,ACACIAS,2,ARGANZUELA,OPERATIVO,439912.45,4472422.69,ETRS89,,,CALLE,ARGANDA,10,28005,,11010576,1900-01-01T00:00:00Z,,MU24,MU-51,2026-01-10T00:00:00Z
8178382,Aparcabicicletas,22,ACACIAS,2,ARGANZUELA,OPERATIVO,439912.88,4472422.36,ETRS89,,,CALLE,ARGANDA,10,28005,,11010576,1900-01-01T00:00:00Z,,MU24,MU-51,2026-01-10T00:00:00Z
8178385,Aparcabicicletas,22,ACACIAS,2,ARGANZUELA,OPERATIVO,439783.25,4472364.67,ETRS89,,,CALLE,MELILLA,59,28005,,20123812,,,MU24,MU-51,2026-01-10T00:00:00Z
8178388,Aparcabicicletas,22,ACACIAS,2,ARGANZUELA,OPERATIVO,439784.62,4472366.44,ETRS89,,,CALLE,MELILLA,59,28005,,20123812,1900-01-01T00:00:00Z,,MU24,MU-51,2026-01-10T00:00:00Z
8178391,Aparcabicicletas,22,ACACIAS,2,ARGANZUELA,OPERATIVO,439875.92,4472395.9,ETRS89,,,CALLE,ARGANDA,6,28005,,11010588,1900-01-01T00:00:00Z,,MU24,MU-51,2026-01-10T00:00:00Z
8178394,Aparcabicicletas,22,ACACIAS,2,ARGANZUELA,OPERATIVO,439785.3,4472367.32,ETRS89,,,CALLE,MELILLA,59,28005,,20123812,1900-01-01T00:00:00Z,,MU24,MU-51,2026-01-10T00:00:00Z
8178399,Aparcabicicletas,22,ACACIAS,2,ARGANZUELA,OPERATIVO,440182.09,4472360.59,ETRS89,,,CALLE,ARGANDA,42,28005,,20065138,,,MU24,MU-51,2026-01-10T00:00:00Z
8178403,Aparcabicicletas,22,ACACIAS,2,ARGANZUELA,OPERATIVO,440203.5,4472343.0,ETRS89,,,CALLE,GARGANTILLA,2,28005,,20144433,,,MU24,MU-51,2026-01-10T00:00:00Z
8178405,Aparcabicicletas,22,ACACIAS,2,ARGANZUELA,OPERATIVO,440213.73,4472327.15,ETRS89,,,CALLE,GARGANTILLA,2,28005,,20144433,,,MU24,MU-51,2026-01-10T00:00:00Z
8178407,Aparcabicicletas,22,ACACIAS,2,ARGANZUELA,OPERATIVO,440208.03,4472336.19,ETRS89,,,CALLE,GARGANTILLA,2,28005,,20144433,,,MU24,MU-51,2026-01-10T00:00:00Z
8178409,Aparcabicicletas,22,ACACIAS,2,ARGANZUELA,OPERATIVO,440212.56,4472329.05,ETRS89,,,CALLE,GARGANTILLA,2,28005,,20144433,,,MU24,MU-51,2026-01-10T00:00:00Z
8178411,Aparcabicicletas,22,ACACIAS,2,ARGANZUELA,OPERATIVO,440206.86,4472338.42,ETRS89,,,CALLE,GARGANTILLA,2,28005,,20144433,,,MU24,MU-51,2026-01-10T00:00:00Z
8178506,Aparcabicicletas,91,CASA DE CAMPO,9,MONCLOA-ARAVACA,OPERATIVO,439230.063,4475151.087,ETRS89,,,CALLE,FERRAZ,1,28008,,31026743,2021-12-20T00:00:00Z,,MU24,MU-51,2026-01-10T00:00:00Z
8178523,Aparcabicicletas,91,CASA DE CAMPO,9,MONCLOA-ARAVACA,OPERATIVO,439229.88,4475151.46,ETRS89,,,CALLE,FERRAZ,1,28008,,31026743,2021-12-22T00:00:00Z,,MU24,MU-51,2026-01-10T00:00:00Z
8178535,Aparcabicicletas,85,LA PAZ,8,FUENCARRAL-EL PARDO,OPERATIVO,441628.31,4480657.43,ETRS89,,,CALLE,SINESIO DELGADO,2,28029,,11046911,2021-12-23T00:00:00Z,,MU24,MU-51,2026-01-10T00:00:00Z
8178537,Aparcabicicletas,85,LA PAZ,8,FUENCARRAL-EL PARDO,OPERATIVO,441627.56,4480657.61,ETRS89,,,CALLE,SINESIO DELGADO,2,28029,,11046911,2021-08-31T00:00:00Z,,MU24,MU-51,2026-01-10T00:00:00Z
8178540,Aparcabicicletas,102,PUERTA DEL ANGEL,10,LATINA,OPERATIVO,438109.5,4473361.17,ETRS89,,,CALLE,CARAMUEL,58,28011,,11061206,2021-12-23T00:00:00Z,,MU24,MU-51,2026-01-10T00:00:00Z
8178542,Aparcabicicletas,102,PUERTA DEL ANGEL,10,LATINA,OPERATIVO,438107.71,4473358.29,ETRS89,,,CALLE,CARAMUEL,58,28011,,11061206,2021-12-23T00:00:00Z,,MU24,MU-51,2026-01-10T00:00:00Z
8178544,Aparcabicicletas,103,LUCERO,10,LATINA,OPERATIVO,436440.69,4472606.65,ETRS89,,,CALLE,CASTROSERNA,4 B,28047,,31017760,2021-12-23T00:00:00Z,,MU24,MU-51,2026-01-10T00:00:00Z
8178554,Aparcabicicletas,104,ALUCHE,10,LATINA,OPERATIVO,435825.56,4472074.01,ETRS89,,,CALLE,VALMOJADO,61,28047,,11065308,2021-12-23T00:00:00Z,,MU24,MU-51,2026-01-10T00:00:00Z
8178556,Aparcabicicletas,104,ALUCHE,10,LATINA,OPERATIVO,435827.86,4472078.68,ETRS89,,,CALLE,VALMOJADO,61,28047,,11065308,2021-12-23T00:00:00Z,,MU24,MU-51,2026-01-10T00:00:00Z
8178562,Aparcabicicletas,104,ALUCHE,10,LATINA,OPERATIVO,435626.21,4471609.46,ETRS89,,,CALLE,ILLESCAS,151,28047,,31050623,2021-12-23T00:00:00Z,,MU24,MU-51,2026-01-10T00:00:00Z
8178570,Aparcabicicletas,104,ALUCHE,10,LATINA,OPERATIVO,435343.22,4471201.34,ETRS89,,,CALLE,MAQUEDA,117,28024,,11065473,2021-12-23T00:00:00Z,,MU24,MU-51,2026-01-10T00:00:00Z
8178581,Aparcabicicletas,107,AGUILAS,10,LATINA,OPERATIVO,435127.22,4470017.8,ETRS89,,,CALLE,BLAS CABRERA,90,28044,,11068588,2021-12-23T00:00:00Z,,MU24,MU-51,2026-01-10T00:00:00Z
8178583,Aparcabicicletas,107,AGUILAS,10,LATINA,OPERATIVO,435129.31,4470018.37,ETRS89,,,CALLE,BLAS CABRERA,90,28044,,11068588,2021-12-23T00:00:00Z,,MU24,MU-51,2026-01-10T00:00:00Z
8178593,Aparcabicicletas,107,AGUILAS,10,LATINA,OPERATIVO,434306.57,4470057.93,ETRS89,,,CALLE,BLAS CABRERA,50,28044,,11067883,2021-12-23T00:00:00Z,,MU24,MU-51,2026-01-10T00:00:00Z
8178595,Aparcabicicletas,107,AGUILAS,10,LATINA,OPERATIVO,434309.79,4470056.23,ETRS89,,,CALLE,BLAS CABRERA,50,28044,,11067883,2021-12-23T00:00:00Z,,MU24,MU-51,2026-01-10T00:00:00Z
7950016,Aparcabicicletas,97,ARAVACA,9,MONCLOA-ARAVACA,OPERATIVO,433082.44,4478414.75,ETRS89,,,CALLE,ESCULTOR PERESEJO,66,28023,,20063938,2021-08-30T00:00:00Z,,MU24,AP-2,2026-01-10T00:00:00Z
7950018,Aparcabicicletas,97,ARAVACA,9,MONCLOA-ARAVACA,OPERATIVO,433080.04,4478414.1,ETRS89,,,CALLE,ESCULTOR PERESEJO,66,28023,,20063938,2021-08-30T00:00:00Z,,MU24,AP-2,2026-01-10T00:00:00Z
7950020,Aparcabicicletas,123,SAN FERMIN,12,USERA,OPERATIVO,441176.33,4469700.8,ETRS89,,,CALLE,SAN MAXIMO,10,28041,,20075981,1900-01-01T00:00:00Z,,MU24,MU-51,2026-01-10T00:00:00Z
7950023,Aparcabicicletas,123,SAN FERMIN,12,USERA,OPERATIVO,441176.4,4469699.03,ETRS89,,,CALLE,SAN MAXIMO,10,28041,,20075981,1900-01-01T00:00:00Z,,MU24,MU-51,2026-01-10T00:00:00Z
7950489,Aparcabicicletas,55,NUEVA ESPAÑA,5,CHAMARTIN,OPERATIVO,443067.72,4479142.38,ETRS89,,,CALLE,ENRIQUE JARDIEL PONCELA,14,28016,,11026816,2021-11-25T00:00:00Z,,MU24,MU-51,2026-01-10T00:00:00Z
7950491,Aparcabicicletas,55,NUEVA ESPAÑA,5,CHAMARTIN,OPERATIVO,443067.64,4479140.14,ETRS89,,,CALLE,ENRIQUE JARDIEL PONCELA,14,28016,,11026816,2021-11-25T00:00:00Z,,MU24,MU-51,2026-01-10T00:00:00Z
7950502,Aparcabicicletas,55,NUEVA ESPAÑA,5,CHAMARTIN,OPERATIVO,443329.73,4479236.35,ETRS89,,,CALLE,TORREGALINDO,12,28016,,11026912,2021-10-27T00:00:00Z,,MU24,MU-51,2026-01-10T00:00:00Z
7950504,Aparcabicicletas,55,NUEVA ESPAÑA,5,CHAMARTIN,OPERATIVO,443331.66,4479236.22,ETRS89,,,CALLE,TORREGALINDO,12,28016,,11026912,2021-10-27T00:00:00Z,,MU24,MU-51,2026-01-10T00:00:00Z
8138197,Aparcabicicletas,163,CANILLAS,16,HORTALEZA,OPERATIVO,445152.69,4478955.56,ETRS89,,,CALLE,PALERMO,48,28043,,11114868,2019-06-26T00:00:00Z,,MU24,MU-51,2026-01-10T00:00:00Z
8178613,Aparcabicicletas,104,ALUCHE,10,LATINA,OPERATIVO,435881.13,4471911.9,ETRS89,,,CALLE,CAMARENA,57,28047,,11065037,2021-12-23T00:00:00Z,,MU24,MU-51,2026-01-10T00:00:00Z
8178615,Aparcabicicletas,104,ALUCHE,10,LATINA,OPERATIVO,435880.69,4471912.14,ETRS89,,,CALLE,CAMARENA,57,28047,,11065037,2021-12-23T00:00:00Z,,MU24,MU-51,2026-01-10T00:00:00Z
8178620,Aparcabicicletas,104,ALUCHE,10,LATINA,OPERATIVO,435602.54,4471337.91,ETRS89,,,CALLE,VALMOJADO,173,28047,,11065168,2021-12-23T00:00:00Z,,MU24,MU-51,2026-01-10T00:00:00Z
8178626,Aparcabicicletas,104,ALUCHE,10,LATINA,OPERATIVO,435316.09,4471565.86,ETRS89,,,CALLE,TEMBLEQUE,104 B,28024,,31045438,2021-12-23T00:00:00Z,,MU24,MU-51,2026-01-10T00:00:00Z
8178628,Aparcabicicletas,104,ALUCHE,10,LATINA,OPERATIVO,435316.79,4471566.2,ETRS89,,,CALLE,TEMBLEQUE,104 B,28024,,31045438,2021-12-23T00:00:00Z,,MU24,MU-51,2026-01-10T00:00:00Z
8178632,Aparcabicicletas,104,ALUCHE,10,LATINA,OPERATIVO,435511.47,4470895.83,ETRS89,,,CALLE,VALMOJADO,295,28047,,31034501,2021-12-23T00:00:00Z,,MU24,MU-51,2026-01-10T00:00:00Z
8178637,Aparcabicicletas,107,AGUILAS,10,LATINA,OPERATIVO,433803.13,4470564.86,ETRS89,,,CALLE,FUENTE DEL TIRO,72,28024,,20134686,2021-12-23T00:00:00Z,,MU24,MU-51,2026-01-10T00:00:00Z
8178639,Aparcabicicletas,107,AGUILAS,10,LATINA,OPERATIVO,433804.1,4470565.28,ETRS89,,,CALLE,FUENTE DEL TIRO,72,28024,,20134686,2021-12-23T00:00:00Z,,MU24,MU-51,2026-01-10T00:00:00Z
8178645,Aparcabicicletas,107,AGUILAS,10,LATINA,OPERATIVO,433588.51,4470542.95,ETRS89,,,CALLE,FUENTE DE LIMA,22,28024,,11067134,2021-12-23T00:00:00Z,,MU24,MU-51,2026-01-10T00:00:00Z
8178647,Aparcabicicletas,107,AGUILAS,10,LATINA,OPERATIVO,433586.65,4470544.23,ETRS89,,,CALLE,FUENTE DE LIMA,22,28024,,11067134,2021-12-23T00:00:00Z,,MU24,MU-51,2026-01-10T00:00:00Z
8178656,Aparcabicicletas,107,AGUILAS,10,LATINA,OPERATIVO,433474.68,4470622.97,ETRS89,,,CALLE,FUENTE DE LIMA,8,28024,,11067156,2021-12-23T00:00:00Z,,MU24,MU-51,2026-01-10T00:00:00Z
8178658,Aparcabicicletas,107,AGUILAS,10,LATINA,OPERATIVO,433476.52,4470624.81,ETRS89,,,CALLE,FUENTE DE LIMA,8,28024,,11067156,2021-12-23T00:00:00Z,,MU24,MU-51,2026-01-10T00:00:00Z
8138284,Aparcabicicletas,163,CANILLAS,16,HORTALEZA,OPERATIVO,445152.33,4478956.01,ETRS89,,,CALLE,PALERMO,48,28043,,11114868,2019-05-15T00:00:00Z,,MU24,MU-51,2026-01-10T00:00:00Z
8183763,Aparcabicicletas,13,CORTES,1,CENTRO,OPERATIVO,440745.24,4474344.47,ETRS89,,,CALLE,CEDACEROS,3,28014,,11004035,,,MU24,MU-51,2026-01-10T00:00:00Z
8183801,Aparcabicicletas,51,EL VISO,5,CHAMARTIN,OPERATIVO,442457.56,4477328.64,ETRS89,,,CALLE,PRINCIPE DE VERGARA,139,28002,,11021619,,,MU24,MU-51,2026-01-10T00:00:00Z
8178619,Aparcabicicletas,104,ALUCHE,10,LATINA,OPERATIVO,435602.48,4471337.32,ETRS89,,,CALLE,VALMOJADO,173,28047,,11065168,2021-12-23T00:00:00Z,,MU24,MU-51,2026-01-10T00:00:00Z
8178621,Aparcabicicletas,104,ALUCHE,10,LATINA,OPERATIVO,435602.27,4471336.59,ETRS89,,,CALLE,VALMOJADO,173,28047,,11065168,2021-12-23T00:00:00Z,,MU24,MU-51,2026-01-10T00:00:00Z
8178627,Aparcabicicletas,104,ALUCHE,10,LATINA,OPERATIVO,435316.42,4471566.08,ETRS89,,,CALLE,TEMBLEQUE,104 B,28024,,31045438,2021-12-23T00:00:00Z,,MU24,MU-51,2026-01-10T00:00:00Z
8178629,Aparcabicicletas,104,ALUCHE,10,LATINA,OPERATIVO,435315.74,4471565.71,ETRS89,,,CALLE,TEMBLEQUE,104 B,28024,,31045438,2021-12-23T00:00:00Z,,MU24,MU-51,2026-01-10T00:00:00Z
8178633,Aparcabicicletas,104,ALUCHE,10,LATINA,OPERATIVO,435512.92,4470898.44,ETRS89,,,CALLE,VALMOJADO,295,28047,,31034501,2021-12-23T00:00:00Z,,MU24,MU-51,2026-01-10T00:00:00Z
8178638,Aparcabicicletas,107,AGUILAS,10,LATINA,OPERATIVO,433802.38,4470564.46,ETRS89,,,CALLE,FUENTE DEL TIRO,72,28024,,20134686,2021-12-23T00:00:00Z,,MU24,MU-51,2026-01-10T00:00:00Z
8178644,Aparcabicicletas,107,AGUILAS,10,LATINA,OPERATIVO,433587.69,4470543.6,ETRS89,,,CALLE,FUENTE DE LIMA,22,28024,,11067134,2021-12-23T00:00:00Z,,MU24,MU-51,2026-01-10T00:00:00Z
8178646,Aparcabicicletas,107,AGUILAS,10,LATINA,OPERATIVO,433585.47,4470545.1,ETRS89,,,CALLE,FUENTE DE LIMA,22,28024,,11067134,2021-12-23T00:00:00Z,,MU24,MU-51,2026-01-10T00:00:00Z
8178655,Aparcabicicletas,107,AGUILAS,10,LATINA,OPERATIVO,433475.51,4470623.92,ETRS89,,,CALLE,FUENTE DE LIMA,8,28024,,11067156,2021-12-23T00:00:00Z,,MU24,MU-51,2026-01-10T00:00:00Z
8187259,Aparcabicicletas,86,VALVERDE,8,FUENCARRAL-EL PARDO,OPERATIVO,443057.24,4484717.99,ETRS89,,,CALLE,FROMISTA,27,28050,,31023164,2022-01-12T00:00:00Z,,MU24,MU-51,2026-01-10T00:00:00Z
8187261,Aparcabicicletas,86,VALVERDE,8,FUENCARRAL-EL PARDO,OPERATIVO,443058.42,4484718.69,ETRS89,,,CALLE,FROMISTA,27,28050,,31023164,2022-01-12T00:00:00Z,,MU24,MU-51,2026-01-10T00:00:00Z
8191697,Aparcabicicletas,134,PALOMERAS SURESTE,13,PUENTE DE VALLECAS,OPERATIVO,446228.74,4470418.34,ETRS89,,,CALLE,TRANVIA DE ARGANDA,1,28031,,20169434,2021-12-04T00:00:00Z,,MU24,MU-51,2026-01-10T00:00:00Z
8191699,Aparcabicicletas,134,PALOMERAS SURESTE,13,PUENTE DE VALLECAS,OPERATIVO,446227.48,4470416.72,ETRS89,,,CALLE,TRANVIA DE ARGANDA,1,28031,,20169434,2021-12-04T00:00:00Z,,MU24,MU-51,2026-01-10T00:00:00Z
8191701,Aparcabicicletas,134,PALOMERAS SURESTE,13,PUENTE DE VALLECAS,OPERATIVO,446226.54,4470415.31,ETRS89,,,CALLE,TRANVIA DE ARGANDA,1,28031,,20169434,2021-12-04T00:00:00Z,,MU24,MU-51,2026-01-10T00:00:00Z
8138085,Aparcabicicletas,163,CANILLAS,16,HORTALEZA,OPERATIVO,445153.94,4478953.93,ETRS89,,,CALLE,PALERMO,48,28043,,11114868,2019-06-26T00:00:00Z,,MU24,MU-51,2026-01-10T00:00:00Z
8138278,Aparcabicicletas,163,CANILLAS,16,HORTALEZA,OPERATIVO,445154.31,4478953.5,ETRS89,,,CALLE,PALERMO,48,28043,,11114868,2019-01-28T00:00:00Z,,MU24,MU-51,2026-01-10T00:00:00Z
8183759,Aparcabicicletas,12,EMBAJADORES,1,CENTRO,OPERATIVO,440213.091,4473918.323,ETRS89,,,CALLE,CONDE DE ROMANONES,3,28012,,11001562,,,MU24,MU-51,2026-01-10T00:00:00Z
8183766,Aparcabicicletas,12,EMBAJADORES,1,CENTRO,OPERATIVO,439909.82,4473629.35,ETRS89,,,CALLE,MALDONADAS,11,28005,,11001410,2019-12-10T00:00:00Z,,MU24,MU-51,2026-01-10T00:00:00Z
8183768,Aparcabicicletas,12,EMBAJADORES,1,CENTRO,OPERATIVO,439911.51,4473628.9,ETRS89,,,CALLE,MALDONADAS,11,28005,,11001410,2019-12-10T00:00:00Z,,MU24,MU-51,2026-01-10T00:00:00Z
8183802,Aparcabicicletas,51,EL VISO,5,CHAMARTIN,OPERATIVO,442457.46,4477327.08,ETRS89,,,CALLE,PRINCIPE DE VERGARA,139,28002,,11021619,,,MU24,MU-51,2026-01-10T00:00:00Z
8183806,Aparcabicicletas,53,CIUDAD JARDIN,5,CHAMARTIN,OPERATIVO,442565.32,4477544.94,ETRS89,,,CALLE,SUERO DE QUIÑONES,21,28002,,11023932,,,MU24,MU-51,2026-01-10T00:00:00Z
8183808,Aparcabicicletas,53,CIUDAD JARDIN,5,CHAMARTIN,OPERATIVO,442564.49,4477547.72,ETRS89,,,CALLE,SUERO DE QUIÑONES,21,28002,,11023932,,,MU24,MU-51,2026-01-10T00:00:00Z
8183810,Aparcabicicletas,52,PROSPERIDAD,5,CHAMARTIN,OPERATIVO,443636.83,4477237.52,ETRS89,,,CALLE,SANTA HORTENSIA,30A,28002,,31025357,,,MU24,MU-51,2026-01-10T00:00:00Z
8178657,Aparcabicicletas,107,AGUILAS,10,LATINA,OPERATIVO,433473.78,4470621.84,ETRS89,,,CALLE,FUENTE DE LIMA,8,28024,,11067156,2021-12-23T00:00:00Z,,MU24,MU-51,2026-01-10T00:00:00Z
8187258,Aparcabicicletas,86,VALVERDE,8,FUENCARRAL-EL PARDO,OPERATIVO,443056.51,4484717.44,ETRS89,,,CALLE,FROMISTA,27,28050,,31023164,2022-01-12T00:00:00Z,,MU24,MU-51,2026-01-10T00:00:00Z
8187260,Aparcabicicletas,86,VALVERDE,8,FUENCARRAL-EL PARDO,OPERATIVO,443057.75,4484718.08,ETRS89,,,CALLE,FROMISTA,27,28050,,31023164,2022-01-12T00:00:00Z,,MU24,MU-51,2026-01-10T00:00:00Z
8187262,Aparcabicicletas,86,VALVERDE,8,FUENCARRAL-EL PARDO,OPERATIVO,443058.99,4484718.88,ETRS89,,,CALLE,FROMISTA,27,28050,,31023164,2022-01-12T00:00:00Z,,MU24,MU-51,2026-01-10T00:00:00Z
8191698,Aparcabicicletas,134,PALOMERAS SURESTE,13,PUENTE DE VALLECAS,OPERATIVO,446228.31,4470417.58,ETRS89,,,CALLE,TRANVIA DE ARGANDA,1,28031,,20169434,2021-12-04T00:00:00Z,,MU24,MU-51,2026-01-10T00:00:00Z
8191700,Aparcabicicletas,134,PALOMERAS SURESTE,13,PUENTE DE VALLECAS,OPERATIVO,446227.55,4470416.54,ETRS89,,,CALLE,TRANVIA DE ARGANDA,1,28031,,20169434,2021-12-04T00:00:00Z,,MU24,MU-51,2026-01-10T00:00:00Z
8191702,Aparcabicicletas,134,PALOMERAS SURESTE,13,PUENTE DE VALLECAS,OPERATIVO,445101.67,4470185.78,ETRS89,,,CALLE,LEONESES,23,28018,,31046491,2021-12-04T00:00:00Z,,MU24,ACB,2026-01-10T00:00:00Z
8191706,Aparcabicicletas,44,GUINDALERA,4,SALAMANCA,OPERATIVO,443718.61,4475830.24,ETRS89,,,CALLE,JULIO CAMBA,5,28028,,11017057,,,MU24,MU-51,2026-01-10T00:00:00Z
8183803,Aparcabicicletas,53,CIUDAD JARDIN,5,CHAMARTIN,OPERATIVO,442564.65,4477546.94,ETRS89,,,CALLE,SUERO DE QUIÑONES,21,28002,,11023932,,,MU24,MU-51,2026-01-10T00:00:00Z
8183807,Aparcabicicletas,53,CIUDAD JARDIN,5,CHAMARTIN,OPERATIVO,442564.98,4477545.94,ETRS89,,,CALLE,SUERO DE QUIÑONES,21,28002,,11023932,,,MU24,MU-51,2026-01-10T00:00:00Z
8183809,Aparcabicicletas,52,PROSPERIDAD,5,CHAMARTIN,OPERATIVO,443637.16,4477236.74,ETRS89,,,CALLE,SANTA HORTENSIA,30A,28002,,31025357,,,MU24,MU-51,2026-01-10T00:00:00Z
8183811,Aparcabicicletas,52,PROSPERIDAD,5,CHAMARTIN,OPERATIVO,443700.6,4477779.2,ETRS89,,,CALLE,PADRE CLARET,23,28002,,11022999,,,MU24,MU-51,2026-01-10T00:00:00Z
8183813,Aparcabicicletas,52,PROSPERIDAD,5,CHAMARTIN,OPERATIVO,443698.3,4477777.0,ETRS89,,,CALLE,PADRE CLARET,23,28002,,11022999,,,MU24,MU-51,2026-01-10T00:00:00Z
8183815,Aparcabicicletas,52,PROSPERIDAD,5,CHAMARTIN,OPERATIVO,443444.93,4477275.71,ETRS89,,,CALLE,SANTA HORTENSIA,31,28002,,11027467,,,MU24,MU-51,2026-01-10T00:00:00Z
8183812,Aparcabicicletas,52,PROSPERIDAD,5,CHAMARTIN,OPERATIVO,443696.93,4477775.79,ETRS89,,,CALLE,PADRE CLARET,23,28002,,11022999,,,MU24,MU-51,2026-01-10T00:00:00Z
8183814,Aparcabicicletas,52,PROSPERIDAD,5,CHAMARTIN,OPERATIVO,443699.41,4477778.1,ETRS89,,,CALLE,PADRE CLARET,23,28002,,11022999,,,MU24,MU-51,2026-01-10T00:00:00Z
8183816,Aparcabicicletas,52,PROSPERIDAD,5,CHAMARTIN,OPERATIVO,443446.37,4477275.37,ETRS89,,,CALLE,SANTA HORTENSIA,31,28002,,11027467,,,MU24,MU-51,2026-01-10T00:00:00Z
8183825,Aparcabicicletas,55,NUEVA ESPAÑA,5,CHAMARTIN,OPERATIVO,442843.8,4478986.23,ETRS89,,,CALLE,PUERTO RICO,56,28016,,11026444,,,MU24,MU-51,2026-01-10T00:00:00Z
8183827,Aparcabicicletas,55,NUEVA ESPAÑA,5,CHAMARTIN,OPERATIVO,442843.7,4478984.67,ETRS89,,,CALLE,PUERTO RICO,56,28016,,11026444,,,MU24,MU-51,2026-01-10T00:00:00Z
8183831,Aparcabicicletas,55,NUEVA ESPAÑA,5,CHAMARTIN,OPERATIVO,443240.494,4479649.17,ETRS89,,,CALLE,ROSA JARDON,6,28016,,20102934,,,MU24,MU-51,2026-01-10T00:00:00Z
8191705,Aparcabicicletas,44,GUINDALERA,4,SALAMANCA,OPERATIVO,443719.06,4475833.57,ETRS89,,,CALLE,ALCALA,237,28028,,11017699,,,MU24,MU-51,2026-01-10T00:00:00Z
8191707,Aparcabicicletas,44,GUINDALERA,4,SALAMANCA,OPERATIVO,443718.89,4475832.68,ETRS89,,,CALLE,ALCALA,237,28028,,11017699,,,MU24,MU-51,2026-01-10T00:00:00Z
8191710,Aparcabicicletas,44,GUINDALERA,4,SALAMANCA,OPERATIVO,443718.7,4475830.79,ETRS89,,,CALLE,ALCALA,237,28028,,11017699,,,MU24,MU-51,2026-01-10T00:00:00Z
8183824,Aparcabicicletas,55,NUEVA ESPAÑA,5,CHAMARTIN,OPERATIVO,442843.81,4478987.89,ETRS89,,,CALLE,PUERTO RICO,56,28016,,11026444,,,MU24,MU-51,2026-01-10T00:00:00Z
8183826,Aparcabicicletas,55,NUEVA ESPAÑA,5,CHAMARTIN,OPERATIVO,442843.99,4478989.55,ETRS89,,,CALLE,PUERTO RICO,56,28016,,11026444,,,MU24,MU-51,2026-01-10T00:00:00Z
8183830,Aparcabicicletas,55,NUEVA ESPAÑA,5,CHAMARTIN,OPERATIVO,443239.603,4479649.45,ETRS89,,,CALLE,ROSA JARDON,6,28016,,20102934,,,MU24,MU-51,2026-01-10T00:00:00Z
8183832,Aparcabicicletas,55,NUEVA ESPAÑA,5,CHAMARTIN,OPERATIVO,443241.365,4479648.988,ETRS89,,,CALLE,ROSA JARDON,6,28016,,20102934,,,MU24,MU-51,2026-01-10T00:00:00Z
8183836,Aparcabicicletas,53,CIUDAD JARDIN,5,CHAMARTIN,OPERATIVO,442711.11,4477768.72,ETRS89,,,CALLE,PRADILLO,7A,28002,,31042753,,,MU24,MU-51,2026-01-10T00:00:00Z
8183838,Aparcabicicletas,53,CIUDAD JARDIN,5,CHAMARTIN,OPERATIVO,442709.67,4477768.73,ETRS89,,,CALLE,PRADILLO,7A,28002,,31042753,,,MU24,MU-51,2026-01-10T00:00:00Z
8185835,Aparcabicicletas,76,VALLEHERMOSO,7,CHAMBERI,OPERATIVO,439685.2,4477011.76,ETRS89,,,CALLE,JESUS MAESTRO,2,28003,,31006764,,,MU24,MU-51,2026-01-10T00:00:00Z
8185838,Aparcabicicletas,76,VALLEHERMOSO,7,CHAMBERI,OPERATIVO,439685.3,4477012.76,ETRS89,,,CALLE,JESUS MAESTRO,2,28003,,31006764,,,MU24,MU-51,2026-01-10T00:00:00Z
8185841,Aparcabicicletas,76,VALLEHERMOSO,7,CHAMBERI,OPERATIVO,439684.68,4477009.99,ETRS89,,,CALLE,JESUS MAESTRO,2,28003,,31006764,,,MU24,MU-51,2026-01-10T00:00:00Z
8185845,Aparcabicicletas,76,VALLEHERMOSO,7,CHAMBERI,OPERATIVO,439684.5,4477008.88,ETRS89,,,CALLE,JESUS MAESTRO,2,28003,,31006764,,,MU24,MU-51,2026-01-10T00:00:00Z
8185847,Aparcabicicletas,76,VALLEHERMOSO,7,CHAMBERI,OPERATIVO,439682.3,4477009.35,ETRS89,,,CALLE,JESUS MAESTRO,2,28003,,31006764,,,MU24,MU-51,2026-01-10T00:00:00Z
8185849,Aparcabicicletas,76,VALLEHERMOSO,7,CHAMBERI,OPERATIVO,439682.65,4477011.34,ETRS89,,,CALLE,JESUS MAESTRO,2,28003,,31006764,,,MU24,MU-51,2026-01-10T00:00:00Z
8185851,Aparcabicicletas,76,VALLEHERMOSO,7,CHAMBERI,OPERATIVO,439683.09,4477012.89,ETRS89,,,CALLE,JESUS MAESTRO,2,28003,,31006764,,,MU24,MU-51,2026-01-10T00:00:00Z
8185853,Aparcabicicletas,76,VALLEHERMOSO,7,CHAMBERI,OPERATIVO,439682.12,4477008.46,ETRS89,,,CALLE,JESUS MAESTRO,2,28003,,31006764,,,MU24,MU-51,2026-01-10T00:00:00Z
8185855,Aparcabicicletas,76,VALLEHERMOSO,7,CHAMBERI,OPERATIVO,439678.91,4477009.26,ETRS89,,,CALLE,JESUS MAESTRO,2,28003,,31006764,,,MU24,MU-51,2026-01-10T00:00:00Z
8185858,Aparcabicicletas,61,BELLAS VISTAS,6,TETUAN,OPERATIVO,439738.57,4478131.4,ETRS89,,,CALLE,FRANCISCO BALSEIRO,4,28039,,31056619,,,MU24,MU-51,2026-01-10T00:00:00Z
8185860,Aparcabicicletas,76,VALLEHERMOSO,7,CHAMBERI,OPERATIVO,439679.25,4477009.48,ETRS89,,,CALLE,JESUS MAESTRO,2,28003,,31006764,,,MU24,MU-51,2026-01-10T00:00:00Z
8185862,Aparcabicicletas,61,BELLAS VISTAS,6,TETUAN,OPERATIVO,439737.82,4478132.4,ETRS89,,,CALLE,FRANCISCO BALSEIRO,4,28039,,31056619,2021-12-30T00:00:00Z,,MU24,MU-51,2026-01-10T00:00:00Z
8185864,Aparcabicicletas,61,BELLAS VISTAS,6,TETUAN,OPERATIVO,439736.31,4478134.86,ETRS89,,,CALLE,FRANCISCO BALSEIRO,4,28039,,31056619,2021-12-30T00:00:00Z,,MU24,MU-51,2026-01-10T00:00:00Z
8186272,Aparcabicicletas,91,CASA DE CAMPO,9,MONCLOA-ARAVACA,OPERATIVO,438305.49,4474984.15,ETRS89,,,CALLE,SAN POL DE MAR,11,28008,,11051526,2022-01-04T00:00:00Z,,MU24,MU-51,2026-01-10T00:00:00Z
8186274,Aparcabicicletas,91,CASA DE CAMPO,9,MONCLOA-ARAVACA,OPERATIVO,438333.52,4475005.98,ETRS89,,,CALLE,RIBERA DEL MANZANARES,59,28008,,11051520,2022-01-04T00:00:00Z,,MU24,MU-51,2026-01-10T00:00:00Z
8191740,Aparcabicicletas,65,VALDEACEDERAS,6,TETUAN,OPERATIVO,440172.01,4480298.23,ETRS89,,,CALLE,SINESIO DELGADO,32,28029,,20047805,,,MU24,MU-51,2026-01-10T00:00:00Z
8191742,Aparcabicicletas,65,VALDEACEDERAS,6,TETUAN,OPERATIVO,439944.82,4480162.18,ETRS89,,,CALLE,Miramelindos,286,28029,,11035008,,,MU24,MU-51,2026-01-10T00:00:00Z
8191744,Aparcabicicletas,65,VALDEACEDERAS,6,TETUAN,OPERATIVO,439943.63,4480162.41,ETRS89,,,CALLE,Miramelindos,286,28029,,11035008,,,MU24,MU-51,2026-01-10T00:00:00Z
8191746,Aparcabicicletas,65,VALDEACEDERAS,6,TETUAN,OPERATIVO,439943.12,4480161.42,ETRS89,,,CALLE,Miramelindos,286,28029,,11035008,,,MU24,MU-51,2026-01-10T00:00:00Z
8191789,Aparcabicicletas,41,RECOLETOS,4,SALAMANCA,OPERATIVO,441993.6,4475437.22,ETRS89,,,CALLE,VELAZQUEZ,56,28001,,11014344,,,MU24,MU-51,2026-01-10T00:00:00Z
8191796,Aparcabicicletas,53,CIUDAD JARDIN,5,CHAMARTIN,OPERATIVO,442965.04,4477804.86,ETRS89,,,CALLE,PRADILLO,30,28002,,11023728,,,MU24,MU-51,2026-01-10T00:00:00Z
8191800,Aparcabicicletas,45,LISTA,4,SALAMANCA,OPERATIVO,442457.02,4476518.07,ETRS89,,,CALLE,MARIA DE MOLINA,62,28006,,11018938,,,MU24,MU-51,2026-01-10T00:00:00Z
8192328,Aparcabicicletas,133,PALOMERAS BAJAS,13,PUENTE DE VALLECAS,OPERATIVO,444164.31,4470967.88,ETRS89,,,CALLE,MARIA TERESA ROBLEDO,3,28018,,31037826,2021-12-12T00:00:00Z,,MU24,MU-51,2026-01-10T00:00:00Z
8192330,Aparcabicicletas,133,PALOMERAS BAJAS,13,PUENTE DE VALLECAS,OPERATIVO,444163.27,4470965.03,ETRS89,,,CALLE,MARIA TERESA ROBLEDO,3,28018,,31037826,2021-12-12T00:00:00Z,,MU24,MU-51,2026-01-10T00:00:00Z
8192351,Aparcabicicletas,192,VALDEBERNARDO,19,VICALVARO,OPERATIVO,447149.464,4472792.084,ETRS89,,,CALLE,LADERA DE LOS ALMENDROS,2,28032,,31023316,2021-12-04T00:00:00Z,,MU24,MU-51,2026-01-10T00:00:00Z
8192713,Aparcabicicletas,131,ENTREVIAS,13,PUENTE DE VALLECAS,OPERATIVO,444351.3,4469528.77,ETRS89,,,CALLE,PADRE LLANOS,5,28053,,20173638,2021-12-04T00:00:00Z,,MU24,ACB,2026-01-10T00:00:00Z
8183833,Aparcabicicletas,55,NUEVA ESPAÑA,5,CHAMARTIN,OPERATIVO,443242.393,4479648.799,ETRS89,,,CALLE,ROSA JARDON,6,28016,,20102934,,,MU24,MU-51,2026-01-10T00:00:00Z
8183837,Aparcabicicletas,53,CIUDAD JARDIN,5,CHAMARTIN,OPERATIVO,442714.93,4477768.58,ETRS89,,,CALLE,PRADILLO,7,28002,,11024223,,,MU24,MU-51,2026-01-10T00:00:00Z
8183839,Aparcabicicletas,53,CIUDAD JARDIN,5,CHAMARTIN,OPERATIVO,442713.15,4477768.7,ETRS89,,,CALLE,PRADILLO,7,28002,,11024223,,,MU24,MU-51,2026-01-10T00:00:00Z
8185837,Aparcabicicletas,76,VALLEHERMOSO,7,CHAMBERI,OPERATIVO,439684.86,4477010.77,ETRS89,,,CALLE,JESUS MAESTRO,2,28003,,31006764,,,MU24,MU-51,2026-01-10T00:00:00Z
8185839,Aparcabicicletas,76,VALLEHERMOSO,7,CHAMBERI,OPERATIVO,439684.24,4477008.0,ETRS89,,,CALLE,JESUS MAESTRO,2,28003,,31006764,,,MU24,MU-51,2026-01-10T00:00:00Z
8185844,Aparcabicicletas,76,VALLEHERMOSO,7,CHAMBERI,OPERATIVO,439683.18,4477013.89,ETRS89,,,CALLE,JESUS MAESTRO,2,28003,,31006764,,,MU24,MU-51,2026-01-10T00:00:00Z
8185846,Aparcabicicletas,76,VALLEHERMOSO,7,CHAMBERI,OPERATIVO,439680.28,4477011.03,ETRS89,,,CALLE,JESUS MAESTRO,2,28003,,31006764,,,MU24,MU-51,2026-01-10T00:00:00Z
8185848,Aparcabicicletas,76,VALLEHERMOSO,7,CHAMBERI,OPERATIVO,439679.68,4477010.48,ETRS89,,,CALLE,JESUS MAESTRO,2,28003,,31006764,,,MU24,MU-51,2026-01-10T00:00:00Z
8185850,Aparcabicicletas,76,VALLEHERMOSO,7,CHAMBERI,OPERATIVO,439682.66,4477012.34,ETRS89,,,CALLE,JESUS MAESTRO,2,28003,,31006764,,,MU24,MU-51,2026-01-10T00:00:00Z
8185852,Aparcabicicletas,76,VALLEHERMOSO,7,CHAMBERI,OPERATIVO,439682.62,4477007.12,ETRS89,,,CALLE,JESUS MAESTRO,2,28003,,31006764,,,MU24,MU-51,2026-01-10T00:00:00Z
8185854,Aparcabicicletas,76,VALLEHERMOSO,7,CHAMBERI,OPERATIVO,439682.48,4477010.68,ETRS89,,,CALLE,JESUS MAESTRO,2,28003,,31006764,,,MU24,MU-51,2026-01-10T00:00:00Z
8185857,Aparcabicicletas,76,VALLEHERMOSO,7,CHAMBERI,OPERATIVO,439678.47,4477008.27,ETRS89,,,CALLE,JESUS MAESTRO,2,28003,,31006764,,,MU24,MU-51,2026-01-10T00:00:00Z
8185859,Aparcabicicletas,76,VALLEHERMOSO,7,CHAMBERI,OPERATIVO,439677.79,4477007.38,ETRS89,,,CALLE,JESUS MAESTRO,2,28003,,31006764,,,MU24,MU-51,2026-01-10T00:00:00Z
8185861,Aparcabicicletas,61,BELLAS VISTAS,6,TETUAN,OPERATIVO,439736.89,4478133.74,ETRS89,,,CALLE,FRANCISCO BALSEIRO,4,28039,,31056619,2021-12-30T00:00:00Z,,MU24,MU-51,2026-01-10T00:00:00Z
8185863,Aparcabicicletas,61,BELLAS VISTAS,6,TETUAN,OPERATIVO,439737.23,4478133.08,ETRS89,,,CALLE,FRANCISCO BALSEIRO,4,28039,,31056619,2021-12-30T00:00:00Z,,MU24,MU-51,2026-01-10T00:00:00Z
8186271,Aparcabicicletas,91,CASA DE CAMPO,9,MONCLOA-ARAVACA,OPERATIVO,438305.67,4474984.35,ETRS89,,,CALLE,SAN POL DE MAR,11,28008,,11051526,2022-01-04T00:00:00Z,,MU24,MU-51,2026-01-10T00:00:00Z
8194221,Aparcabicicletas,207,CANILLEJAS,20,SAN BLAS-CANILLEJAS,OPERATIVO,448363.94,4476718.64,ETRS89,,,CALLE,FENELON,15,28022,,11137644,2021-02-11T00:00:00Z,,MU24,,2026-01-10T00:00:00Z
8194223,Aparcabicicletas,207,CANILLEJAS,20,SAN BLAS-CANILLEJAS,OPERATIVO,448363.05,4476718.54,ETRS89,,,CALLE,FENELON,15,28022,,11137644,2021-02-11T00:00:00Z,,MU24,,2026-01-10T00:00:00Z
8194227,Aparcabicicletas,207,CANILLEJAS,20,SAN BLAS-CANILLEJAS,OPERATIVO,448361.06,4476717.73,ETRS89,,,CALLE,FENELON,15,28022,,11137644,2021-02-11T00:00:00Z,,MU24,,2026-01-10T00:00:00Z
8204907,Aparcabicicletas,31,PACIFICO,3,RETIRO,OPERATIVO,442492.79,4472478.73,ETRS89,,,CALLE,Alberche,21,28007,,20146146,,,MU24,MU-51,2026-01-10T00:00:00Z
8204910,Aparcabicicletas,31,PACIFICO,3,RETIRO,OPERATIVO,442491.42,4472477.41,ETRS89,,,CALLE,Alberche,21,28007,,20146146,,,MU24,MU-51,2026-01-10T00:00:00Z
8204922,Aparcabicicletas,52,PROSPERIDAD,5,CHAMARTIN,OPERATIVO,443370.64,4477712.86,ETRS89,,,CALLE,CLARA DEL REY,83,28002,,20009502,,,MU24,MU-51,2026-01-10T00:00:00Z
8204924,Aparcabicicletas,31,PACIFICO,3,RETIRO,OPERATIVO,442494.93,4472480.82,ETRS89,,,CALLE,Alberche,21,28007,,20146146,,,MU24,MU-51,2026-01-10T00:00:00Z
8204926,Aparcabicicletas,52,PROSPERIDAD,5,CHAMARTIN,OPERATIVO,443371.23,4477713.19,ETRS89,,,CALLE,CLARA DEL REY,83,28002,,20009502,,,MU24,MU-51,2026-01-10T00:00:00Z
8204928,Aparcabicicletas,52,PROSPERIDAD,5,CHAMARTIN,OPERATIVO,443372.34,4477713.85,ETRS89,,,CALLE,CLARA DEL REY,83,28002,,20009502,,,MU24,MU-51,2026-01-10T00:00:00Z
8210121,Aparcabicicletas,71,GAZTAMBIDE,7,CHAMBERI,OPERATIVO,439348.36,4476586.55,ETRS89,,,CALLE,JOAQUIN MARIA LOPEZ,50,28015,,20013348,,,MU24,MU-51,2026-01-10T00:00:00Z
8186276,Aparcabicicletas,91,CASA DE CAMPO,9,MONCLOA-ARAVACA,OPERATIVO,438333.6,4475005.99,ETRS89,,,CALLE,RIBERA DEL MANZANARES,59,28008,,11051520,2022-01-04T00:00:00Z,,MU24,MU-51,2026-01-10T00:00:00Z
8186279,Aparcabicicletas,91,CASA DE CAMPO,9,MONCLOA-ARAVACA,OPERATIVO,438347.7,4474980.24,ETRS89,,,CALLE,RIBERA DEL MANZANARES,49,28008,,11051515,2022-01-04T00:00:00Z,,MU24,MU-51,2026-01-10T00:00:00Z
8191708,Aparcabicicletas,44,GUINDALERA,4,SALAMANCA,OPERATIVO,443718.62,4475831.68,ETRS89,,,CALLE,ALCALA,237,28028,,11017699,,,MU24,MU-51,2026-01-10T00:00:00Z
8191741,Aparcabicicletas,65,VALDEACEDERAS,6,TETUAN,OPERATIVO,439945.08,4480163.18,ETRS89,,,CALLE,Miramelindos,286,28029,,11035008,,,MU24,MU-51,2026-01-10T00:00:00Z
8191743,Aparcabicicletas,65,VALDEACEDERAS,6,TETUAN,OPERATIVO,439942.27,4480161.09,ETRS89,,,CALLE,Miramelindos,286,28029,,11035008,,,MU24,MU-51,2026-01-10T00:00:00Z
8191745,Aparcabicicletas,65,VALDEACEDERAS,6,TETUAN,OPERATIVO,439941.5,4480160.99,ETRS89,,,CALLE,Miramelindos,286,28029,,11035008,,,MU24,MU-51,2026-01-10T00:00:00Z
8191788,Aparcabicicletas,41,RECOLETOS,4,SALAMANCA,OPERATIVO,441993.69,4475438.33,ETRS89,,,CALLE,VELAZQUEZ,56,28001,,11014344,,,MU24,MU-51,2026-01-10T00:00:00Z
8191795,Aparcabicicletas,53,CIUDAD JARDIN,5,CHAMARTIN,OPERATIVO,442966.23,4477805.07,ETRS89,,,CALLE,PRADILLO,30,28002,,11023728,,,MU24,MU-51,2026-01-10T00:00:00Z
8191797,Aparcabicicletas,53,CIUDAD JARDIN,5,CHAMARTIN,OPERATIVO,442590.98,4477861.22,ETRS89,,,CALLE,DOCTOR MARCO CORERA,2,28002,,31052956,,,MU24,MU-51,2026-01-10T00:00:00Z
8191802,Aparcabicicletas,45,LISTA,4,SALAMANCA,OPERATIVO,442451.93,4476518.44,ETRS89,,,CALLE,MARIA DE MOLINA,62,28006,,11018938,,,MU24,MU-51,2026-01-10T00:00:00Z
8192329,Aparcabicicletas,133,PALOMERAS BAJAS,13,PUENTE DE VALLECAS,OPERATIVO,444163.95,4470966.48,ETRS89,,,CALLE,MARIA TERESA ROBLEDO,3,28018,,31037826,2021-12-12T00:00:00Z,,MU24,MU-51,2026-01-10T00:00:00Z
8192331,Aparcabicicletas,133,PALOMERAS BAJAS,13,PUENTE DE VALLECAS,OPERATIVO,444162.72,4470963.57,ETRS89,,,CALLE,MARIA TERESA ROBLEDO,3,28018,,31037826,2021-12-12T00:00:00Z,,MU24,MU-51,2026-01-10T00:00:00Z
8192336,Aparcabicicletas,192,VALDEBERNARDO,19,VICALVARO,OPERATIVO,447165.69,4472837.19,ETRS89,,,CALLE,LADERA DE LOS ALMENDROS,2,28032,,31023316,2021-12-04T00:00:00Z,,MU24,MU-51,2026-01-10T00:00:00Z
8192712,Aparcabicicletas,146,VINATEROS,14,MORATALAZ,OPERATIVO,445368.26,4472764.36,ETRS89,,,CALLE,HACIENDA DE PAVONES,107,28030,,11103041,2021-12-04T00:00:00Z,,MU24,MU-51,2026-01-10T00:00:00Z
8192714,Aparcabicicletas,143,MARROQUINA,14,MORATALAZ,OPERATIVO,445883.35,4473099.72,ETRS89,,,CALLE,MOLINA DE SEGURA,9,28030,,11101406,2021-12-04T00:00:00Z,,MU24,MU-51,2026-01-10T00:00:00Z
8194222,Aparcabicicletas,207,CANILLEJAS,20,SAN BLAS-CANILLEJAS,OPERATIVO,448362.58,4476718.24,ETRS89,,,CALLE,FENELON,15,28022,,11137644,2021-02-11T00:00:00Z,,MU24,,2026-01-10T00:00:00Z
8194224,Aparcabicicletas,207,CANILLEJAS,20,SAN BLAS-CANILLEJAS,OPERATIVO,448364.64,4476719.21,ETRS89,,,CALLE,CANAL DEL BOSFORO,42,28022,,11137678,2021-02-11T00:00:00Z,,MU24,,2026-01-10T00:00:00Z
8195624,Aparcabicicletas,191,CASCO HISTORICO DE VICALVARO,19,VICALVARO,OPERATIVO,449061.44,4472987.39,ETRS89,,,CALLE,VILLABLANCA,79,28032,,20076408,2021-12-04T00:00:00Z,,MU24,MU-51,2026-01-10T00:00:00Z
8204909,Aparcabicicletas,31,PACIFICO,3,RETIRO,OPERATIVO,442493.39,4472479.28,ETRS89,,,CALLE,Alberche,21,28007,,20146146,,,MU24,MU-51,2026-01-10T00:00:00Z
8204911,Aparcabicicletas,31,PACIFICO,3,RETIRO,OPERATIVO,442492.19,4472478.07,ETRS89,,,CALLE,Alberche,21,28007,,20146146,,,MU24,MU-51,2026-01-10T00:00:00Z
8204923,Aparcabicicletas,52,PROSPERIDAD,5,CHAMARTIN,OPERATIVO,443371.75,4477713.52,ETRS89,,,CALLE,CLARA DEL REY,83,28002,,20009502,,,MU24,MU-51,2026-01-10T00:00:00Z
8204925,Aparcabicicletas,31,PACIFICO,3,RETIRO,OPERATIVO,442493.99,4472479.83,ETRS89,,,CALLE,Alberche,21,28007,,20146146,,,MU24,MU-51,2026-01-10T00:00:00Z
8204927,Aparcabicicletas,52,PROSPERIDAD,5,CHAMARTIN,OPERATIVO,443372.85,4477714.18,ETRS89,,,CALLE,CLARA DEL REY,83,28002,,20009502,,,MU24,MU-51,2026-01-10T00:00:00Z
8210122,Aparcabicicletas,71,GAZTAMBIDE,7,CHAMBERI,OPERATIVO,439346.83,4476586.56,ETRS89,,,CALLE,JOAQUIN MARIA LOPEZ,50,28015,,20013348,,,MU24,MU-51,2026-01-10T00:00:00Z
8217221,Aparcabicicletas,181,CASCO HISTORICO DE VALLECAS,18,VILLA DE VALLECAS,OPERATIVO,447526.19,4469744.93,ETRS89,,,CALLE,MONTES DE BARBANZA,17,28031,,11131312,2021-12-04T00:00:00Z,,MU24,MU-51,2026-01-10T00:00:00Z
8217224,Aparcabicicletas,182,SANTA EUGENIA,18,VILLA DE VALLECAS,OPERATIVO,447712.58,4470168.25,ETRS89,,,CALLE,MONTE DE MONTJUICH,28,28031,,11131546,2021-12-04T00:00:00Z,,MU24,MU-51,2026-01-10T00:00:00Z
8217226,Aparcabicicletas,182,SANTA EUGENIA,18,VILLA DE VALLECAS,OPERATIVO,447712.78,4470166.56,ETRS89,,,CALLE,MONTE DE MONTJUICH,28 B,28031,,31062890,2021-12-04T00:00:00Z,,MU24,MU-51,2026-01-10T00:00:00Z
8217501,Aparcabicicletas,103,LUCERO,10,LATINA,OPERATIVO,436527.47,4472760.22,ETRS89,,,CALLE,PRADALES,13,28047,,31033235,2022-02-08T00:00:00Z,,MU24,MU-51,2026-01-10T00:00:00Z
8217503,Aparcabicicletas,103,LUCERO,10,LATINA,OPERATIVO,436527.32,4472761.17,ETRS89,,,CALLE,PRADALES,13,28047,,31033235,2022-02-08T00:00:00Z,,MU24,MU-51,2026-01-10T00:00:00Z
8217521,Aparcabicicletas,35,LOS JERONIMOS,3,RETIRO,OPERATIVO,442097.24,4473348.17,ETRS89,,,CALLE,POETA ESTEBAN DE VILLEGAS,1,28014,,31014460,,,MU24,MU-38,2026-01-10T00:00:00Z
8217523,Aparcabicicletas,35,LOS JERONIMOS,3,RETIRO,OPERATIVO,442097.24,4473347.28,ETRS89,,,CALLE,POETA ESTEBAN DE VILLEGAS,1,28014,,31014460,,,MU24,MU-38,2026-01-10T00:00:00Z
8217531,Aparcabicicletas,43,FUENTE DEL BERRO,4,SALAMANCA,OPERATIVO,443574.15,4474702.4,ETRS89,,,CALLE,ELVIRA,31,28028,,20182773,,,MU24,MU-51,2026-01-10T00:00:00Z
8217533,Aparcabicicletas,44,GUINDALERA,4,SALAMANCA,OPERATIVO,442803.28,4476578.25,ETRS89,,,CALLE,PILAR DE ZARAGOZA,93,28028,,11018900,,,MU24,MU-38,2026-01-10T00:00:00Z
8217223,Aparcabicicletas,182,SANTA EUGENIA,18,VILLA DE VALLECAS,OPERATIVO,447711.13,4470167.47,ETRS89,,,CALLE,MONTE DE MONTJUICH,28,28031,,11131546,2021-12-04T00:00:00Z,,MU24,MU-51,2026-01-10T00:00:00Z
8217225,Aparcabicicletas,182,SANTA EUGENIA,18,VILLA DE VALLECAS,OPERATIVO,447713.47,4470168.19,ETRS89,,,CALLE,MONTE DE MONTJUICH,28,28031,,11131546,2021-12-04T00:00:00Z,,MU24,MU-51,2026-01-10T00:00:00Z
8217502,Aparcabicicletas,103,LUCERO,10,LATINA,OPERATIVO,436527.32,4472759.48,ETRS89,,,CALLE,PRADALES,13,28047,,31033235,2022-02-08T00:00:00Z,,MU24,MU-51,2026-01-10T00:00:00Z
8217504,Aparcabicicletas,103,LUCERO,10,LATINA,OPERATIVO,436527.43,4472762.05,ETRS89,,,CALLE,PRADALES,13,28047,,31033235,2022-02-08T00:00:00Z,,MU24,MU-51,2026-01-10T00:00:00Z
8217522,Aparcabicicletas,35,LOS JERONIMOS,3,RETIRO,OPERATIVO,442097.32,4473346.4,ETRS89,,,CALLE,POETA ESTEBAN DE VILLEGAS,1,28014,,31014460,,,MU24,MU-38,2026-01-10T00:00:00Z
8217524,Aparcabicicletas,35,LOS JERONIMOS,3,RETIRO,OPERATIVO,442097.39,4473345.51,ETRS89,,,CALLE,POETA ESTEBAN DE VILLEGAS,1,28014,,31014460,,,MU24,MU-38,2026-01-10T00:00:00Z
8217530,Aparcabicicletas,43,FUENTE DEL BERRO,4,SALAMANCA,OPERATIVO,443573.47,4474702.29,ETRS89,,,CALLE,ELVIRA,31,28028,,20182773,,,MU24,MU-51,2026-01-10T00:00:00Z
8217532,Aparcabicicletas,44,GUINDALERA,4,SALAMANCA,OPERATIVO,443380.22,4475782.72,ETRS89,,,CALLE,DOCTOR GOMEZ ULLA,11,28028,,11017103,,,MU24,MU-51,2026-01-10T00:00:00Z
8186273,Aparcabicicletas,91,CASA DE CAMPO,9,MONCLOA-ARAVACA,OPERATIVO,438305.57,4474984.23,ETRS89,,,CALLE,SAN POL DE MAR,11,28008,,11051526,2022-01-04T00:00:00Z,,MU24,MU-51,2026-01-10T00:00:00Z
8186275,Aparcabicicletas,91,CASA DE CAMPO,9,MONCLOA-ARAVACA,OPERATIVO,438333.37,4475006.17,ETRS89,,,CALLE,RIBERA DEL MANZANARES,59,28008,,11051520,2022-01-04T00:00:00Z,,MU24,MU-51,2026-01-10T00:00:00Z
8186278,Aparcabicicletas,91,CASA DE CAMPO,9,MONCLOA-ARAVACA,OPERATIVO,438347.86,4474979.93,ETRS89,,,CALLE,RIBERA DEL MANZANARES,49,28008,,11051515,2022-01-04T00:00:00Z,,MU24,MU-51,2026-01-10T00:00:00Z
8260359,Aparcabicicletas,112,OPAÑEL,11,CARABANCHEL,OPERATIVO,439274.7,4472071.5,ETRS89,,,CALLE,ANTONIO DE LEYVA,2 A,28019,,31045915,2021-12-04T00:00:00Z,,MU24,MU-51,2026-01-10T00:00:00Z
8260361,Aparcabicicletas,112,OPAÑEL,11,CARABANCHEL,OPERATIVO,439274.07,4472073.06,ETRS89,,,CALLE,ANTONIO DE LEYVA,2 A,28019,,31045915,2021-12-04T00:00:00Z,,MU24,MU-51,2026-01-10T00:00:00Z
8303016,Aparcabicicletas,112,OPAÑEL,11,CARABANCHEL,OPERATIVO,438430.35,4471018.76,ETRS89,,,CALLE,VALLE DE ORO,41,28019,,31008326,2022-02-18T00:00:00Z,,MU24,MU-51,2026-01-10T00:00:00Z
8303190,Aparcabicicletas,112,OPAÑEL,11,CARABANCHEL,OPERATIVO,438430.1,4471017.58,ETRS89,,,CALLE,VALLE DE ORO,41,28019,,31008326,2022-02-18T00:00:00Z,,MU24,MU-51,2026-01-10T00:00:00Z
8303926,Aparcabicicletas,126,ZOFIO,12,USERA,OPERATIVO,439048.23,4470211.29,ETRS89,,,CALLE,RICARDO BELTRAN Y ROZPIDE,14,28026,,20001172,2022-02-18T00:00:00Z,,MU24,MU-51,2026-01-10T00:00:00Z
8304033,Aparcabicicletas,126,ZOFIO,12,USERA,OPERATIVO,439049.16,4470217.73,ETRS89,,,CALLE,RICARDO BELTRAN Y ROZPIDE,14,28026,,20001172,2022-02-18T00:00:00Z,,MU24,MU-51,2026-01-10T00:00:00Z
8260360,Aparcabicicletas,112,OPAÑEL,11,CARABANCHEL,OPERATIVO,439274.24,4472072.41,ETRS89,,,CALLE,ANTONIO DE LEYVA,2 A,28019,,31045915,2021-12-04T00:00:00Z,,MU24,MU-51,2026-01-10T00:00:00Z
8260368,Aparcabicicletas,112,OPAÑEL,11,CARABANCHEL,OPERATIVO,439274.01,4472073.92,ETRS89,,,CALLE,ANTONIO DE LEYVA,2 A,28019,,31045915,2021-12-04T00:00:00Z,,MU24,MU-51,2026-01-10T00:00:00Z
8303117,Aparcabicicletas,112,OPAÑEL,11,CARABANCHEL,OPERATIVO,438430.09,4471017.58,ETRS89,,,CALLE,VALLE DE ORO,41,28019,,31008326,2022-02-18T00:00:00Z,,MU24,MU-51,2026-01-10T00:00:00Z
8303915,Aparcabicicletas,126,ZOFIO,12,USERA,OPERATIVO,439048.32,4470212.48,ETRS89,,,CALLE,RICARDO BELTRAN Y ROZPIDE,14,28026,,20001172,2022-02-18T00:00:00Z,,MU24,MU-51,2026-01-10T00:00:00Z
8303964,Aparcabicicletas,126,ZOFIO,12,USERA,OPERATIVO,439049.06,4470216.57,ETRS89,,,CALLE,RICARDO BELTRAN Y ROZPIDE,14,28026,,20001172,2022-02-18T00:00:00Z,,MU24,MU-51,2026-01-10T00:00:00Z
8304054,Aparcabicicletas,121,ORCASITAS,12,USERA,OPERATIVO,439644.28,4468657.31,ETRS89,,,CALLE,DODGE,2 B,28041,,31001086,2022-02-18T00:00:00Z,,MU24,MU-51,2026-01-10T00:00:00Z
8365238,Aparcabicicletas,87,MIRASIERRA,8,FUENCARRAL-EL PARDO,OPERATIVO,438567.47,4483029.87,ETRS89,,,CALLE,GLORIA FUERTES,185,28049,,31056425,2022-02-22T00:00:00Z,,MU24,MU-51,2026-01-10T00:00:00Z
8365246,Aparcabicicletas,87,MIRASIERRA,8,FUENCARRAL-EL PARDO,OPERATIVO,438568.56,4483030.93,ETRS89,,,CALLE,GLORIA FUERTES,185,28049,,31056425,2022-02-22T00:00:00Z,,MU24,MU-51,2026-01-10T00:00:00Z
8365250,Aparcabicicletas,87,MIRASIERRA,8,FUENCARRAL-EL PARDO,OPERATIVO,438569.56,4483032.11,ETRS89,,,CALLE,GLORIA FUERTES,185,28049,,31056425,2022-02-22T00:00:00Z,,MU24,MU-51,2026-01-10T00:00:00Z
8365256,Aparcabicicletas,87,MIRASIERRA,8,FUENCARRAL-EL PARDO,OPERATIVO,438570.56,4483033.16,ETRS89,,,CALLE,GLORIA FUERTES,185,28049,,31056425,2022-02-22T00:00:00Z,,MU24,MU-51,2026-01-10T00:00:00Z
8365263,Aparcabicicletas,87,MIRASIERRA,8,FUENCARRAL-EL PARDO,OPERATIVO,438572.3,4483035.03,ETRS89,,,CALLE,GLORIA FUERTES,185,28049,,31056425,2022-02-22T00:00:00Z,,MU24,MU-51,2026-01-10T00:00:00Z
8365503,Aparcabicicletas,87,MIRASIERRA,8,FUENCARRAL-EL PARDO,OPERATIVO,439042.13,4483142.95,ETRS89,,,CALLE,LEONOR LOPEZ DE CORDOBA,2,28049,,31049759,2021-08-31T00:00:00Z,,MU24,AP-2,2026-01-10T00:00:00Z
8365505,Aparcabicicletas,87,MIRASIERRA,8,FUENCARRAL-EL PARDO,OPERATIVO,439043.88,4483142.83,ETRS89,,,CALLE,LEONOR LOPEZ DE CORDOBA,2,28049,,31049759,2021-08-31T00:00:00Z,,MU24,AP-2,2026-01-10T00:00:00Z
8365507,Aparcabicicletas,87,MIRASIERRA,8,FUENCARRAL-EL PARDO,OPERATIVO,439043.39,4483142.53,ETRS89,,,CALLE,LEONOR LOPEZ DE CORDOBA,2,28049,,31049759,2021-08-31T00:00:00Z,,MU24,AP-2,2026-01-10T00:00:00Z
8365585,Aparcabicicletas,87,MIRASIERRA,8,FUENCARRAL-EL PARDO,OPERATIVO,438734.26,4482597.36,ETRS89,,,CALLE,SENDA DEL INFANTE,36,28035,,20135684,2021-10-01T00:00:00Z,,MU24,ACB,2026-01-10T00:00:00Z
8365611,Aparcabicicletas,87,MIRASIERRA,8,FUENCARRAL-EL PARDO,OPERATIVO,439513.72,4482525.83,ETRS89,,,CALLE,LA MASO,22,28034,,20016656,2021-10-01T00:00:00Z,,MU24,MU-51,2026-01-10T00:00:00Z
8365613,Aparcabicicletas,87,MIRASIERRA,8,FUENCARRAL-EL PARDO,OPERATIVO,439514.2,4482526.58,ETRS89,,,CALLE,LA MASO,22,28034,,20016656,2021-10-01T00:00:00Z,,MU24,MU-51,2026-01-10T00:00:00Z
8365654,Aparcabicicletas,87,MIRASIERRA,8,FUENCARRAL-EL PARDO,OPERATIVO,439482.24,4482113.71,ETRS89,,,CALLE,LA MASO,76,28034,,11051005,2021-10-01T00:00:00Z,,MU24,MU-51,2026-01-10T00:00:00Z
8365658,Aparcabicicletas,87,MIRASIERRA,8,FUENCARRAL-EL PARDO,OPERATIVO,439482.12,4482112.15,ETRS89,,,CALLE,LA MASO,76,28034,,11051005,2021-10-01T00:00:00Z,,MU24,MU-51,2026-01-10T00:00:00Z
8365728,Aparcabicicletas,87,MIRASIERRA,8,FUENCARRAL-EL PARDO,OPERATIVO,438487.7,4482059.44,ETRS89,,,CALLE,CERRO MINGUETE,156,28035,,31044725,2021-10-04T00:00:00Z,,MU24,MU-51,2026-01-10T00:00:00Z
8365730,Aparcabicicletas,87,MIRASIERRA,8,FUENCARRAL-EL PARDO,OPERATIVO,438488.54,4482059.74,ETRS89,,,CALLE,CERRO MINGUETE,156,28035,,31044725,2021-10-04T00:00:00Z,,MU24,MU-51,2026-01-10T00:00:00Z
8365235,Aparcabicicletas,87,MIRASIERRA,8,FUENCARRAL-EL PARDO,OPERATIVO,438570.06,4483032.55,ETRS89,,,CALLE,GLORIA FUERTES,185,28049,,31056425,2022-02-22T00:00:00Z,,MU24,MU-51,2026-01-10T00:00:00Z
8365242,Aparcabicicletas,87,MIRASIERRA,8,FUENCARRAL-EL PARDO,OPERATIVO,438569.03,4483031.52,ETRS89,,,CALLE,GLORIA FUERTES,185,28049,,31056425,2022-02-22T00:00:00Z,,MU24,MU-51,2026-01-10T00:00:00Z
8365248,Aparcabicicletas,87,MIRASIERRA,8,FUENCARRAL-EL PARDO,OPERATIVO,438567.88,4483030.34,ETRS89,,,CALLE,GLORIA FUERTES,185,28049,,31056425,2022-02-22T00:00:00Z,,MU24,MU-51,2026-01-10T00:00:00Z
8365254,Aparcabicicletas,87,MIRASIERRA,8,FUENCARRAL-EL PARDO,OPERATIVO,438570.96,4483033.73,ETRS89,,,CALLE,GLORIA FUERTES,185,28049,,31056425,2022-02-22T00:00:00Z,,MU24,MU-51,2026-01-10T00:00:00Z
8365260,Aparcabicicletas,87,MIRASIERRA,8,FUENCARRAL-EL PARDO,OPERATIVO,438571.56,4483034.22,ETRS89,,,CALLE,GLORIA FUERTES,185,28049,,31056425,2022-02-22T00:00:00Z,,MU24,MU-51,2026-01-10T00:00:00Z
8365501,Aparcabicicletas,87,MIRASIERRA,8,FUENCARRAL-EL PARDO,OPERATIVO,439042.53,4483142.69,ETRS89,,,CALLE,LEONOR LOPEZ DE CORDOBA,2,28049,,31049759,2021-08-31T00:00:00Z,,MU24,AP-2,2026-01-10T00:00:00Z
8365504,Aparcabicicletas,87,MIRASIERRA,8,FUENCARRAL-EL PARDO,OPERATIVO,439043.81,4483143.38,ETRS89,,,CALLE,LEONOR LOPEZ DE CORDOBA,2,28049,,31049759,2021-08-31T00:00:00Z,,MU24,AP-2,2026-01-10T00:00:00Z
8365506,Aparcabicicletas,87,MIRASIERRA,8,FUENCARRAL-EL PARDO,OPERATIVO,439042.1,4483143.76,ETRS89,,,CALLE,LEONOR LOPEZ DE CORDOBA,2,28049,,31049759,2021-08-31T00:00:00Z,,MU24,AP-2,2026-01-10T00:00:00Z
8365584,Aparcabicicletas,87,MIRASIERRA,8,FUENCARRAL-EL PARDO,OPERATIVO,438733.36,4482596.1,ETRS89,,,CALLE,SENDA DEL INFANTE,36,28035,,20135684,2021-10-01T00:00:00Z,,MU24,ACB,2026-01-10T00:00:00Z
8365586,Aparcabicicletas,87,MIRASIERRA,8,FUENCARRAL-EL PARDO,OPERATIVO,438733.18,4482597.96,ETRS89,,,CALLE,SENDA DEL INFANTE,36,28035,,20135684,2021-10-01T00:00:00Z,,MU24,ACB,2026-01-10T00:00:00Z
8365612,Aparcabicicletas,87,MIRASIERRA,8,FUENCARRAL-EL PARDO,OPERATIVO,439512.73,4482524.33,ETRS89,,,CALLE,LA MASO,22,28034,,20016656,2021-10-01T00:00:00Z,,MU24,MU-51,2026-01-10T00:00:00Z
8365614,Aparcabicicletas,87,MIRASIERRA,8,FUENCARRAL-EL PARDO,OPERATIVO,439513.15,4482525.11,ETRS89,,,CALLE,LA MASO,22,28034,,20016656,2021-10-01T00:00:00Z,,MU24,MU-51,2026-01-10T00:00:00Z
8365655,Aparcabicicletas,87,MIRASIERRA,8,FUENCARRAL-EL PARDO,OPERATIVO,439483.8,4482118.92,ETRS89,,,CALLE,LA MASO,76,28034,,11051005,2021-10-01T00:00:00Z,,MU24,MU-51,2026-01-10T00:00:00Z
8365662,Aparcabicicletas,87,MIRASIERRA,8,FUENCARRAL-EL PARDO,OPERATIVO,439482.96,4482116.35,ETRS89,,,CALLE,LA MASO,76,28034,,11051005,2021-10-01T00:00:00Z,,MU24,MU-51,2026-01-10T00:00:00Z
8365729,Aparcabicicletas,87,MIRASIERRA,8,FUENCARRAL-EL PARDO,OPERATIVO,438489.29,4482060.25,ETRS89,,,CALLE,CERRO MINGUETE,156,28035,,31044725,2021-10-04T00:00:00Z,,MU24,MU-51,2026-01-10T00:00:00Z
8365731,Aparcabicicletas,87,MIRASIERRA,8,FUENCARRAL-EL PARDO,OPERATIVO,438486.92,4482059.17,ETRS89,,,CALLE,CERRO MINGUETE,156,28035,,31044725,2021-10-04T00:00:00Z,,MU24,MU-51,2026-01-10T00:00:00Z
8365753,Aparcabicicletas,83,PEÑAGRANDE,8,FUENCARRAL-EL PARDO,OPERATIVO,438342.54,4481548.98,ETRS89,,,CALLE,RAMON GOMEZ DE LA SERNA,103,28035,,11077589,2021-10-05T00:00:00Z,,MU24,MU-51,2026-01-10T00:00:00Z
8365757,Aparcabicicletas,83,PEÑAGRANDE,8,FUENCARRAL-EL PARDO,OPERATIVO,438341.25,4481549.67,ETRS89,,,CALLE,RAMON GOMEZ DE LA SERNA,103,28035,,11077589,2021-10-05T00:00:00Z,,MU24,MU-51,2026-01-10T00:00:00Z
8365941,Aparcabicicletas,93,CIUDAD UNIVERSITARIA,9,MONCLOA-ARAVACA,OPERATIVO,436989.07,4480645.53,ETRS89,,,CALLE,ARROYOFRESNO,15 B,28035,,31044534,2021-10-06T00:00:00Z,,MU24,ACB,2026-01-10T00:00:00Z
8365943,Aparcabicicletas,93,CIUDAD UNIVERSITARIA,9,MONCLOA-ARAVACA,OPERATIVO,436986.4,4480647.66,ETRS89,,,CALLE,ARROYOFRESNO,15 B,28035,,31044534,2021-10-06T00:00:00Z,,MU24,ACB,2026-01-10T00:00:00Z
8366041,Aparcabicicletas,94,VALDEZARZA,9,MONCLOA-ARAVACA,OPERATIVO,439607.29,4478819.09,ETRS89,,,CALLE,FRANCOS RODRIGUEZ,100,28039,,11055490,2021-10-07T00:00:00Z,,MU24,MU-51,2026-01-10T00:00:00Z
8366043,Aparcabicicletas,94,VALDEZARZA,9,MONCLOA-ARAVACA,OPERATIVO,439606.45,4478819.24,ETRS89,,,CALLE,FRANCOS RODRIGUEZ,100,28039,,11055490,2021-10-07T00:00:00Z,,MU24,MU-51,2026-01-10T00:00:00Z
8366287,Aparcabicicletas,93,CIUDAD UNIVERSITARIA,9,MONCLOA-ARAVACA,OPERATIVO,439011.46,4476370.85,ETRS89,,,CALLE,MINISTRO IBAÑEZ MARTIN,1 B,28015,,31011256,2021-10-08T00:00:00Z,,MU24,MU-51,2026-01-10T00:00:00Z
8365749,Aparcabicicletas,83,PEÑAGRANDE,8,FUENCARRAL-EL PARDO,OPERATIVO,438343.67,4481547.87,ETRS89,,,CALLE,RAMON GOMEZ DE LA SERNA,103,28035,,11077589,2021-10-05T00:00:00Z,,MU24,MU-51,2026-01-10T00:00:00Z
8365756,Aparcabicicletas,83,PEÑAGRANDE,8,FUENCARRAL-EL PARDO,OPERATIVO,438340.41,4481550.3,ETRS89,,,CALLE,RAMON GOMEZ DE LA SERNA,103,28035,,11077589,2021-10-05T00:00:00Z,,MU24,MU-51,2026-01-10T00:00:00Z
8365942,Aparcabicicletas,93,CIUDAD UNIVERSITARIA,9,MONCLOA-ARAVACA,OPERATIVO,436988.98,4480647.09,ETRS89,,,CALLE,ARROYOFRESNO,15 B,28035,,31044534,2021-10-06T00:00:00Z,,MU24,ACB,2026-01-10T00:00:00Z
8365944,Aparcabicicletas,93,CIUDAD UNIVERSITARIA,9,MONCLOA-ARAVACA,OPERATIVO,436986.79,4480645.44,ETRS89,,,CALLE,ARROYOFRESNO,15 B,28035,,31044534,2021-10-06T00:00:00Z,,MU24,ACB,2026-01-10T00:00:00Z
8366042,Aparcabicicletas,94,VALDEZARZA,9,MONCLOA-ARAVACA,OPERATIVO,439605.43,4478819.5,ETRS89,,,CALLE,FRANCOS RODRIGUEZ,100,28039,,11055490,2021-10-07T00:00:00Z,,MU24,MU-51,2026-01-10T00:00:00Z
8366044,Aparcabicicletas,94,VALDEZARZA,9,MONCLOA-ARAVACA,OPERATIVO,439608.25,4478818.91,ETRS89,,,CALLE,FRANCOS RODRIGUEZ,100,28039,,11055490,2021-10-07T00:00:00Z,,MU24,MU-51,2026-01-10T00:00:00Z
8366286,Aparcabicicletas,93,CIUDAD UNIVERSITARIA,9,MONCLOA-ARAVACA,OPERATIVO,439010.2,4476371.27,ETRS89,,,CALLE,MINISTRO IBAÑEZ MARTIN,1 B,28015,,31011256,2021-10-08T00:00:00Z,,MU24,MU-51,2026-01-10T00:00:00Z
8366288,Aparcabicicletas,93,CIUDAD UNIVERSITARIA,9,MONCLOA-ARAVACA,OPERATIVO,439013.25,4476370.43,ETRS89,,,CALLE,MINISTRO IBAÑEZ MARTIN,1 B,28015,,31011256,2021-10-08T00:00:00Z,,MU24,MU-51,2026-01-10T00:00:00Z
8366290,Aparcabicicletas,93,CIUDAD UNIVERSITARIA,9,MONCLOA-ARAVACA,OPERATIVO,439015.65,4476370.01,ETRS89,,,CALLE,MINISTRO IBAÑEZ MARTIN,1 B,28015,,31011256,2021-10-08T00:00:00Z,,MU24,MU-51,2026-01-10T00:00:00Z
8408213,Aparcabicicletas,85,LA PAZ,8,FUENCARRAL-EL PARDO,OPERATIVO,440799.87,4482159.24,ETRS89,,,CALLE,SANGENJO,38,28034,,20165668,2021-10-08T00:00:00Z,,MU24,AP-2,2026-01-10T00:00:00Z
8408217,Aparcabicicletas,85,LA PAZ,8,FUENCARRAL-EL PARDO,OPERATIVO,440805.51,4482158.25,ETRS89,,,CALLE,SANGENJO,38,28034,,20165668,2021-10-08T00:00:00Z,,MU24,AP-2,2026-01-10T00:00:00Z
8408223,Aparcabicicletas,85,LA PAZ,8,FUENCARRAL-EL PARDO,OPERATIVO,440801.36,4482158.52,ETRS89,,,CALLE,SANGENJO,38,28034,,20165668,2021-10-08T00:00:00Z,,MU24,AP-2,2026-01-10T00:00:00Z
8408228,Aparcabicicletas,85,LA PAZ,8,FUENCARRAL-EL PARDO,OPERATIVO,440804.7,4482158.31,ETRS89,,,CALLE,SANGENJO,38,28034,,20165668,2021-10-08T00:00:00Z,,MU24,AP-2,2026-01-10T00:00:00Z
8408234,Aparcabicicletas,85,LA PAZ,8,FUENCARRAL-EL PARDO,OPERATIVO,440802.29,4482158.46,ETRS89,,,CALLE,SANGENJO,38,28034,,20165668,2021-10-08T00:00:00Z,,MU24,AP-2,2026-01-10T00:00:00Z
8408239,Aparcabicicletas,85,LA PAZ,8,FUENCARRAL-EL PARDO,OPERATIVO,440800.71,4482159.3,ETRS89,,,CALLE,SANGENJO,38,28034,,20165668,2021-10-08T00:00:00Z,,MU24,AP-2,2026-01-10T00:00:00Z
8408244,Aparcabicicletas,85,LA PAZ,8,FUENCARRAL-EL PARDO,OPERATIVO,440808.82,4482159.66,ETRS89,,,CALLE,SANGENJO,38,28034,,20165668,2021-10-08T00:00:00Z,,MU24,AP-2,2026-01-10T00:00:00Z
8408370,Aparcabicicletas,85,LA PAZ,8,FUENCARRAL-EL PARDO,OPERATIVO,440606.93,4482093.87,ETRS89,,,CALLE,ALFREDO MARQUERIE,21,28034,,11045818,2021-10-11T00:00:00Z,,MU24,MU-51,2026-01-10T00:00:00Z
8408375,Aparcabicicletas,85,LA PAZ,8,FUENCARRAL-EL PARDO,OPERATIVO,440608.03,4482094.42,ETRS89,,,CALLE,ALFREDO MARQUERIE,21,28034,,11045818,2021-10-11T00:00:00Z,,MU24,MU-51,2026-01-10T00:00:00Z
8408809,Aparcabicicletas,85,LA PAZ,8,FUENCARRAL-EL PARDO,OPERATIVO,440220.78,4481874.42,ETRS89,,,CALLE,VALENCIA DE DON JUAN,4,28034,,11045831,2021-10-11T00:00:00Z,,MU24,MU-51,2026-01-10T00:00:00Z
8408812,Aparcabicicletas,85,LA PAZ,8,FUENCARRAL-EL PARDO,OPERATIVO,440222.75,4481874.91,ETRS89,,,CALLE,VALENCIA DE DON JUAN,4,28034,,11045831,2021-10-11T00:00:00Z,,MU24,MU-51,2026-01-10T00:00:00Z
8408912,Aparcabicicletas,87,MIRASIERRA,8,FUENCARRAL-EL PARDO,OPERATIVO,439417.69,4481668.5,ETRS89,,,CALLE,LA MASO,80,28034,,11050468,2021-10-11T00:00:00Z,,MU24,MU-51,2026-01-10T00:00:00Z
8408917,Aparcabicicletas,87,MIRASIERRA,8,FUENCARRAL-EL PARDO,OPERATIVO,439418.69,4481669.37,ETRS89,,,CALLE,LA MASO,80,28034,,11050468,2021-10-11T00:00:00Z,,MU24,MU-51,2026-01-10T00:00:00Z
8218123,Aparcabicicletas,56,CASTILLA,5,CHAMARTIN,OPERATIVO,441989.33,4481278.66,ETRS89,,,CALLE,CONDE DE TORRALBA,23,28046,,20103420,,,MU24,MU-38,2026-01-10T00:00:00Z
8218125,Aparcabicicletas,56,CASTILLA,5,CHAMARTIN,OPERATIVO,441989.07,4481277.33,ETRS89,,,CALLE,CONDE DE TORRALBA,23,28046,,20103420,,,MU24,MU-38,2026-01-10T00:00:00Z
8218423,Aparcabicicletas,51,EL VISO,5,CHAMARTIN,OPERATIVO,441512.641,4476759.586,ETRS89,,,CALLE,PEDRO DE VALDIVIA,6,28006,,11020541,,,MU24,,2026-01-10T00:00:00Z
8218480,Aparcabicicletas,24,LEGAZPI,2,ARGANZUELA,OPERATIVO,441645.45,4471325.71,ETRS89,,,CALLE,BRONCE,5,28045,,31007293,,,MU24,MU-51,2026-01-10T00:00:00Z
8366289,Aparcabicicletas,93,CIUDAD UNIVERSITARIA,9,MONCLOA-ARAVACA,OPERATIVO,439014.51,4476370.43,ETRS89,,,CALLE,MINISTRO IBAÑEZ MARTIN,1 B,28015,,31011256,2021-10-08T00:00:00Z,,MU24,MU-51,2026-01-10T00:00:00Z
8366291,Aparcabicicletas,93,CIUDAD UNIVERSITARIA,9,MONCLOA-ARAVACA,OPERATIVO,439016.79,4476370.01,ETRS89,,,CALLE,MINISTRO IBAÑEZ MARTIN,1 B,28015,,31011256,2021-10-08T00:00:00Z,,MU24,MU-51,2026-01-10T00:00:00Z
8408215,Aparcabicicletas,85,LA PAZ,8,FUENCARRAL-EL PARDO,OPERATIVO,440803.9,4482158.49,ETRS89,,,CALLE,SANGENJO,38,28034,,20165668,2021-10-08T00:00:00Z,,MU24,AP-2,2026-01-10T00:00:00Z
8408220,Aparcabicicletas,85,LA PAZ,8,FUENCARRAL-EL PARDO,OPERATIVO,440798.86,4482159.3,ETRS89,,,CALLE,SANGENJO,38,28034,,20165668,2021-10-08T00:00:00Z,,MU24,AP-2,2026-01-10T00:00:00Z
8408225,Aparcabicicletas,85,LA PAZ,8,FUENCARRAL-EL PARDO,OPERATIVO,440803.12,4482158.52,ETRS89,,,CALLE,SANGENJO,38,28034,,20165668,2021-10-08T00:00:00Z,,MU24,AP-2,2026-01-10T00:00:00Z
8408231,Aparcabicicletas,85,LA PAZ,8,FUENCARRAL-EL PARDO,OPERATIVO,440797.93,4482159.39,ETRS89,,,CALLE,SANGENJO,38,28034,,20165668,2021-10-08T00:00:00Z,,MU24,AP-2,2026-01-10T00:00:00Z
8408236,Aparcabicicletas,85,LA PAZ,8,FUENCARRAL-EL PARDO,OPERATIVO,440796.83,4482159.3,ETRS89,,,CALLE,SANGENJO,38,28034,,20165668,2021-10-08T00:00:00Z,,MU24,AP-2,2026-01-10T00:00:00Z
8408242,Aparcabicicletas,85,LA PAZ,8,FUENCARRAL-EL PARDO,OPERATIVO,440807.89,4482159.75,ETRS89,,,CALLE,SANGENJO,38,28034,,20165668,2021-10-08T00:00:00Z,,MU24,AP-2,2026-01-10T00:00:00Z
8408291,Aparcabicicletas,85,LA PAZ,8,FUENCARRAL-EL PARDO,OPERATIVO,440806.4,4482158.53,ETRS89,,,CALLE,SANGENJO,38,28034,,20165668,2021-10-08T00:00:00Z,,MU24,AP-2,2026-01-10T00:00:00Z
8408373,Aparcabicicletas,85,LA PAZ,8,FUENCARRAL-EL PARDO,OPERATIVO,440606.54,4482093.71,ETRS89,,,CALLE,ALFREDO MARQUERIE,21,28034,,11045818,2021-10-11T00:00:00Z,,MU24,MU-51,2026-01-10T00:00:00Z
8408379,Aparcabicicletas,85,LA PAZ,8,FUENCARRAL-EL PARDO,OPERATIVO,440607.35,4482094.12,ETRS89,,,CALLE,ALFREDO MARQUERIE,21,28034,,11045818,2021-10-11T00:00:00Z,,MU24,MU-51,2026-01-10T00:00:00Z
8408810,Aparcabicicletas,85,LA PAZ,8,FUENCARRAL-EL PARDO,OPERATIVO,440223.78,4481875.2,ETRS89,,,CALLE,VALENCIA DE DON JUAN,4,28034,,11045831,2021-10-11T00:00:00Z,,MU24,MU-51,2026-01-10T00:00:00Z
8218124,Aparcabicicletas,56,CASTILLA,5,CHAMARTIN,OPERATIVO,441989.42,4481279.32,ETRS89,,,CALLE,CONDE DE TORRALBA,23,28046,,20103420,,,MU24,MU-38,2026-01-10T00:00:00Z
8218126,Aparcabicicletas,56,CASTILLA,5,CHAMARTIN,OPERATIVO,441989.16,4481277.99,ETRS89,,,CALLE,CONDE DE TORRALBA,23,28046,,20103420,,,MU24,MU-38,2026-01-10T00:00:00Z
8218222,Aparcabicicletas,55,NUEVA ESPAÑA,5,CHAMARTIN,OPERATIVO,443035.8,4478956.9,ETRS89,,,CALLE,GUATEMALA,16,28016,,20103062,,,MU24,MU-51,2026-01-10T00:00:00Z
8218224,Aparcabicicletas,55,NUEVA ESPAÑA,5,CHAMARTIN,OPERATIVO,441572.99,4479110.26,ETRS89,,,CALLE,JUAN HURTADO DE MENDOZA,1,28036,,31008516,,,MU24,MU-38,2026-01-10T00:00:00Z
8218226,Aparcabicicletas,55,NUEVA ESPAÑA,5,CHAMARTIN,OPERATIVO,441571.97,4479110.38,ETRS89,,,CALLE,JUAN HURTADO DE MENDOZA,1,28036,,31008516,,,MU24,MU-38,2026-01-10T00:00:00Z
8218454,Aparcabicicletas,51,EL VISO,5,CHAMARTIN,OPERATIVO,441794.39,4477137.28,ETRS89,,,CALLE,SERRANO,131,28006,,31048666,,,MU24,MU-38,2026-01-10T00:00:00Z
83245,Aparcabicicletas,211,ALAMEDA DE OSUNA,21,BARAJAS,OPERATIVO,450349.87,4478866.22,ETRS89,,,CALLE,BERGANTIN,11,28042,PORTAL,11139992,2019-01-29T00:00:00Z,1087085,MU24,MU-51,2026-01-10T00:00:00Z
8418191,Aparcabicicletas,24,LEGAZPI,2,ARGANZUELA,OPERATIVO,441722.258,4471106.76,ETRS89,,,CALLE,PUERTO DE BEJAR,7,28045,,20000295,2021-01-01T00:00:00Z,,MU24,MU-51,2026-01-10T00:00:00Z
8418194,Aparcabicicletas,24,LEGAZPI,2,ARGANZUELA,OPERATIVO,441721.82,4471105.099,ETRS89,,,CALLE,PUERTO DE BEJAR,7,28045,,20000295,2021-01-01T00:00:00Z,,MU24,MU-51,2026-01-10T00:00:00Z
8418382,Aparcabicicletas,46,CASTELLANA,4,SALAMANCA,OPERATIVO,442343.766,4476117.538,ETRS89,40.43370214,-3.67976785,CALLE,PRINCIPE DE VERGARA,61,28006,,11019915,2021-01-01T00:00:00Z,,MU24,MU-51,2026-01-10T00:00:00Z
8418388,Aparcabicicletas,46,CASTELLANA,4,SALAMANCA,OPERATIVO,442344.64,4476117.575,ETRS89,40.43370253,-3.67975755,CALLE,PRINCIPE DE VERGARA,61,28006,,11019915,2021-01-01T00:00:00Z,,MU24,MU-51,2026-01-10T00:00:00Z
8418740,Aparcabicicletas,83,PEÑAGRANDE,8,FUENCARRAL-EL PARDO,OPERATIVO,439062.45,4480415.41,ETRS89,,,CALLE,LA CABRERA,33,28035,,31044378,2021-10-11T00:00:00Z,,MU24,MU-51,2026-01-10T00:00:00Z
8418742,Aparcabicicletas,83,PEÑAGRANDE,8,FUENCARRAL-EL PARDO,OPERATIVO,439064.24,4480414.95,ETRS89,,,CALLE,LA CABRERA,33,28035,,31044378,2021-10-11T00:00:00Z,,MU24,MU-51,2026-01-10T00:00:00Z
8418756,Aparcabicicletas,83,PEÑAGRANDE,8,FUENCARRAL-EL PARDO,OPERATIVO,438920.37,4480937.82,ETRS89,,,CALLE,SANTIAGO DE COMPOSTELA,102,28035,,20097780,2021-10-11T00:00:00Z,,MU24,MU-51,2026-01-10T00:00:00Z
8418759,Aparcabicicletas,83,PEÑAGRANDE,8,FUENCARRAL-EL PARDO,OPERATIVO,438919.84,4480937.26,ETRS89,,,CALLE,SANTIAGO DE COMPOSTELA,102,28035,,20097780,2021-10-13T00:00:00Z,,MU24,MU-51,2026-01-10T00:00:00Z
8418824,Aparcabicicletas,83,PEÑAGRANDE,8,FUENCARRAL-EL PARDO,OPERATIVO,439201.37,4481297.93,ETRS89,,,CALLE,FERMIN CABALLERO,82,28035,,11045647,2023-09-13T00:00:00Z,,MU24,MU-51,2026-01-10T00:00:00Z
8418826,Aparcabicicletas,83,PEÑAGRANDE,8,FUENCARRAL-EL PARDO,OPERATIVO,439203.4,4481299.02,ETRS89,,,CALLE,FERMIN CABALLERO,82,28035,,11045647,2021-10-13T00:00:00Z,,MU24,MU-51,2026-01-10T00:00:00Z
8418865,Aparcabicicletas,83,PEÑAGRANDE,8,FUENCARRAL-EL PARDO,OPERATIVO,439165.78,4481528.13,ETRS89,,,CALLE,ISLA DE AROSA,47,28035,,11045555,2021-10-13T00:00:00Z,,MU24,MU-51,2026-01-10T00:00:00Z
8418189,Aparcabicicletas,24,LEGAZPI,2,ARGANZUELA,OPERATIVO,441720.607,4471101.889,ETRS89,,,CALLE,PUERTO DE BEJAR,7,28045,,20000295,2021-01-01T00:00:00Z,,MU24,MU-51,2026-01-10T00:00:00Z
8418192,Aparcabicicletas,24,LEGAZPI,2,ARGANZUELA,OPERATIVO,441721.128,4471103.328,ETRS89,,,CALLE,PUERTO DE BEJAR,7,28045,,20000295,2021-01-01T00:00:00Z,,MU24,MU-51,2026-01-10T00:00:00Z
8418195,Aparcabicicletas,24,LEGAZPI,2,ARGANZUELA,OPERATIVO,441720.172,4471100.56,ETRS89,,,CALLE,PUERTO DE BEJAR,7,28045,,20000295,2021-01-01T00:00:00Z,,MU24,MU-51,2026-01-10T00:00:00Z
8418386,Aparcabicicletas,46,CASTELLANA,4,SALAMANCA,OPERATIVO,441645.494,4475660.716,ETRS89,,,CALLE,MARQUES DE VILLAMAGNA,3,28001,,11019723,2021-01-01T00:00:00Z,,MU24,AP-2,2026-01-10T00:00:00Z
8408813,Aparcabicicletas,85,LA PAZ,8,FUENCARRAL-EL PARDO,OPERATIVO,440221.65,4481874.62,ETRS89,,,CALLE,VALENCIA DE DON JUAN,4,28034,,11045831,2021-10-11T00:00:00Z,,MU24,MU-51,2026-01-10T00:00:00Z
8408914,Aparcabicicletas,87,MIRASIERRA,8,FUENCARRAL-EL PARDO,OPERATIVO,439419.4,4481669.92,ETRS89,,,CALLE,LA MASO,80,28034,,11050468,2021-10-11T00:00:00Z,,MU24,MU-51,2026-01-10T00:00:00Z
8409499,Aparcabicicletas,85,LA PAZ,8,FUENCARRAL-EL PARDO,OPERATIVO,440442.58,4480775.86,ETRS89,,,CALLE,GINZO DE LIMIA,2,28029,,11046785,2021-10-12T00:00:00Z,,MU24,MU-51,2026-01-10T00:00:00Z
8409505,Aparcabicicletas,85,LA PAZ,8,FUENCARRAL-EL PARDO,OPERATIVO,440440.68,4480775.35,ETRS89,,,CALLE,GINZO DE LIMIA,2,28029,,11046785,2021-10-11T00:00:00Z,,MU24,MU-51,2026-01-10T00:00:00Z
8418867,Aparcabicicletas,83,PEÑAGRANDE,8,FUENCARRAL-EL PARDO,OPERATIVO,439166.89,4481528.85,ETRS89,,,CALLE,ISLA DE AROSA,47,28035,,11045555,2021-10-13T00:00:00Z,,MU24,MU-51,2026-01-10T00:00:00Z
8418892,Aparcabicicletas,84,PILAR,8,FUENCARRAL-EL PARDO,OPERATIVO,440226.64,4480445.9,ETRS89,,,CALLE,RIBADAVIA,20,28029,,11046264,2021-10-13T00:00:00Z,,MU24,MU-51,2026-01-10T00:00:00Z
8418894,Aparcabicicletas,84,PILAR,8,FUENCARRAL-EL PARDO,OPERATIVO,440226.46,4480446.69,ETRS89,,,CALLE,RIBADAVIA,20,28029,,11046264,2021-10-13T00:00:00Z,,MU24,MU-51,2026-01-10T00:00:00Z
8418988,Aparcabicicletas,84,PILAR,8,FUENCARRAL-EL PARDO,OPERATIVO,439432.36,4480673.21,ETRS89,,,CALLE,SARRIA,49 B,28029,,31054399,2023-09-14T00:00:00Z,,MU24,MU-51,2026-01-10T00:00:00Z
8418998,Aparcabicicletas,84,PILAR,8,FUENCARRAL-EL PARDO,OPERATIVO,439448.64,4480383.21,ETRS89,,,CALLE,CELANOVA,2,28029,,31022383,2021-10-14T00:00:00Z,,MU24,MU-51,2026-01-10T00:00:00Z
8419000,Aparcabicicletas,84,PILAR,8,FUENCARRAL-EL PARDO,OPERATIVO,439448.7,4480381.3,ETRS89,,,CALLE,CELANOVA,2,28029,,31022383,2021-10-14T00:00:00Z,,MU24,MU-51,2026-01-10T00:00:00Z
8620478,Aparcabicicletas,104,ALUCHE,10,LATINA,OPERATIVO,434992.68,4471429.53,ETRS89,,,CALLE,TEMBLEQUE,150,28024,,31054346,2023-06-05T00:00:00Z,,MU24,MU-51,2026-01-10T00:00:00Z
8620480,Aparcabicicletas,104,ALUCHE,10,LATINA,OPERATIVO,434993.23,4471429.77,ETRS89,,,CALLE,TEMBLEQUE,150,28024,,31054346,2023-06-05T00:00:00Z,,MU24,MU-51,2026-01-10T00:00:00Z
8620482,Aparcabicicletas,104,ALUCHE,10,LATINA,OPERATIVO,434993.91,4471430.04,ETRS89,,,CALLE,TEMBLEQUE,150,28024,,31054346,2023-06-05T00:00:00Z,,MU24,MU-51,2026-01-10T00:00:00Z
8620488,Aparcabicicletas,86,VALVERDE,8,FUENCARRAL-EL PARDO,OPERATIVO,441258.42,4483681.21,ETRS89,,,CALLE,ROCINANTE,15,28034,,20076943,2021-10-15T00:00:00Z,,MU24,MU-51,2026-01-10T00:00:00Z
8409502,Aparcabicicletas,85,LA PAZ,8,FUENCARRAL-EL PARDO,OPERATIVO,440439.94,4480774.96,ETRS89,,,CALLE,GINZO DE LIMIA,2,28029,,11046785,2021-10-12T00:00:00Z,,MU24,MU-51,2026-01-10T00:00:00Z
8409507,Aparcabicicletas,85,LA PAZ,8,FUENCARRAL-EL PARDO,OPERATIVO,440441.61,4480775.6,ETRS89,,,CALLE,GINZO DE LIMIA,2,28029,,11046785,2021-10-11T00:00:00Z,,MU24,MU-51,2026-01-10T00:00:00Z
84149,Aparcabicicletas,155,SAN PASCUAL,15,CIUDAD LINEAL,OPERATIVO,444922.91,4477386.01,ETRS89,,,CALLE,AMARA,4,28027,PORTAL,11111214,2021-09-22T00:00:00Z,1089201,MU24,MU-51,2026-01-10T00:00:00Z
8463883,Aparcabicicletas,84,PILAR,8,FUENCARRAL-EL PARDO,OPERATIVO,439547.29,4480319.24,ETRS89,,,CALLE,BECERREA,4,28029,,20097696,2021-10-14T00:00:00Z,,MU24,MU-51,2026-01-10T00:00:00Z
8463893,Aparcabicicletas,84,PILAR,8,FUENCARRAL-EL PARDO,OPERATIVO,439546.47,4480321.33,ETRS89,,,CALLE,BECERREA,4,28029,,20097696,2021-10-14T00:00:00Z,,MU24,MU-51,2026-01-10T00:00:00Z
8464441,Aparcabicicletas,84,PILAR,8,FUENCARRAL-EL PARDO,OPERATIVO,440093.77,4481677.07,ETRS89,,,CALLE,GINZO DE LIMIA,47,28034,,20139529,2021-10-15T00:00:00Z,,MU24,MU-51,2026-01-10T00:00:00Z
8464455,Aparcabicicletas,84,PILAR,8,FUENCARRAL-EL PARDO,OPERATIVO,440095.4,4481676.03,ETRS89,,,CALLE,GINZO DE LIMIA,47,28034,,20139529,2021-10-15T00:00:00Z,,MU24,MU-51,2026-01-10T00:00:00Z
8581503,Aparcabicicletas,106,CUATRO VIENTOS,10,LATINA,OPERATIVO,435065.0,4469070.6,ETRS89,,,CALLE,TROMBONES,13,28054,,31036380,2021-10-15T00:00:00Z,,MU24,MU-51,2026-01-10T00:00:00Z
8581602,Aparcabicicletas,101,LOS CARMENES,10,LATINA,OPERATIVO,437629.07,4472259.97,ETRS89,,,CALLE,GALLUR,2,28047,,20019104,2021-10-15T00:00:00Z,,MU24,MU-51,2026-01-10T00:00:00Z
8410419,Aparcabicicletas,87,MIRASIERRA,8,FUENCARRAL-EL PARDO,OPERATIVO,439423.78,4481699.45,ETRS89,,,CALLE,LA MASO,80,28034,,11050468,2021-10-11T00:00:00Z,,MU24,MU-51,2026-01-10T00:00:00Z
84148,Aparcabicicletas,155,SAN PASCUAL,15,CIUDAD LINEAL,OPERATIVO,444921.71,4477384.71,ETRS89,,,CALLE,AMARA,4,28027,PORTAL,11111214,2019-01-29T00:00:00Z,1089200,MU24,MU-51,2026-01-10T00:00:00Z
8463875,Aparcabicicletas,84,PILAR,8,FUENCARRAL-EL PARDO,OPERATIVO,439546.29,4480322.19,ETRS89,,,CALLE,BECERREA,4,28029,,20097696,2021-10-14T00:00:00Z,,MU24,MU-51,2026-01-10T00:00:00Z
8463890,Aparcabicicletas,84,PILAR,8,FUENCARRAL-EL PARDO,OPERATIVO,439547.11,4480320.28,ETRS89,,,CALLE,BECERREA,4,28029,,20097696,2021-10-14T00:00:00Z,,MU24,MU-51,2026-01-10T00:00:00Z
8464438,Aparcabicicletas,84,PILAR,8,FUENCARRAL-EL PARDO,OPERATIVO,440098.72,4481673.66,ETRS89,,,CALLE,GINZO DE LIMIA,47 A,28034,,31060037,2021-10-15T00:00:00Z,,MU24,MU-51,2026-01-10T00:00:00Z
8464450,Aparcabicicletas,84,PILAR,8,FUENCARRAL-EL PARDO,OPERATIVO,440096.99,4481674.71,ETRS89,,,CALLE,GINZO DE LIMIA,47,28034,,20139529,2021-10-15T00:00:00Z,,MU24,MU-51,2026-01-10T00:00:00Z
8581502,Aparcabicicletas,106,CUATRO VIENTOS,10,LATINA,OPERATIVO,435065.35,4469072.56,ETRS89,,,CALLE,TROMBONES,13,28054,,31036380,2021-10-15T00:00:00Z,,MU24,MU-51,2026-01-10T00:00:00Z
8418389,Aparcabicicletas,46,CASTELLANA,4,SALAMANCA,OPERATIVO,442348.134,4476117.174,ETRS89,40.43369916,-3.67971632,CALLE,PRINCIPE DE VERGARA,61,28006,,11019915,2021-01-01T00:00:00Z,,MU24,MU-51,2026-01-10T00:00:00Z
8418741,Aparcabicicletas,83,PEÑAGRANDE,8,FUENCARRAL-EL PARDO,OPERATIVO,439063.39,4480415.1,ETRS89,,,CALLE,LA CABRERA,33,28035,,31044378,2021-10-11T00:00:00Z,,MU24,MU-51,2026-01-10T00:00:00Z
8418743,Aparcabicicletas,83,PEÑAGRANDE,8,FUENCARRAL-EL PARDO,OPERATIVO,439065.09,4480414.65,ETRS89,,,CALLE,LA CABRERA,33,28035,,31044378,2021-10-11T00:00:00Z,,MU24,MU-51,2026-01-10T00:00:00Z
8418757,Aparcabicicletas,83,PEÑAGRANDE,8,FUENCARRAL-EL PARDO,OPERATIVO,438920.11,4480937.54,ETRS89,,,CALLE,SANTIAGO DE COMPOSTELA,102,28035,,20097780,2021-10-13T00:00:00Z,,MU24,MU-51,2026-01-10T00:00:00Z
8418761,Aparcabicicletas,83,PEÑAGRANDE,8,FUENCARRAL-EL PARDO,OPERATIVO,438919.52,4480937.01,ETRS89,,,CALLE,SANTIAGO DE COMPOSTELA,102,28035,,20097780,2021-10-13T00:00:00Z,,MU24,MU-51,2026-01-10T00:00:00Z
8418825,Aparcabicicletas,83,PEÑAGRANDE,8,FUENCARRAL-EL PARDO,OPERATIVO,439202.07,4481298.29,ETRS89,,,CALLE,FERMIN CABALLERO,82,28035,,11045647,2021-10-13T00:00:00Z,,MU24,MU-51,2026-01-10T00:00:00Z
8418827,Aparcabicicletas,83,PEÑAGRANDE,8,FUENCARRAL-EL PARDO,OPERATIVO,439202.83,4481298.65,ETRS89,,,CALLE,FERMIN CABALLERO,82,28035,,11045647,2021-10-13T00:00:00Z,,MU24,MU-51,2026-01-10T00:00:00Z
8418866,Aparcabicicletas,83,PEÑAGRANDE,8,FUENCARRAL-EL PARDO,OPERATIVO,439167.37,4481529.1,ETRS89,,,CALLE,ISLA DE AROSA,47,28035,,11045555,2021-10-13T00:00:00Z,,MU24,MU-51,2026-01-10T00:00:00Z
8418868,Aparcabicicletas,83,PEÑAGRANDE,8,FUENCARRAL-EL PARDO,OPERATIVO,439166.28,4481528.51,ETRS89,,,CALLE,ISLA DE AROSA,47,28035,,11045555,2021-10-13T00:00:00Z,,MU24,MU-51,2026-01-10T00:00:00Z
8418893,Aparcabicicletas,84,PILAR,8,FUENCARRAL-EL PARDO,OPERATIVO,440226.94,4480444.36,ETRS89,,,CALLE,RIBADAVIA,20,28029,,11046264,2021-10-13T00:00:00Z,,MU24,MU-51,2026-01-10T00:00:00Z
8418895,Aparcabicicletas,84,PILAR,8,FUENCARRAL-EL PARDO,OPERATIVO,440226.76,4480445.21,ETRS89,,,CALLE,RIBADAVIA,20,28029,,11046264,2021-10-13T00:00:00Z,,MU24,MU-51,2026-01-10T00:00:00Z
8418989,Aparcabicicletas,84,PILAR,8,FUENCARRAL-EL PARDO,OPERATIVO,439433.66,4480673.42,ETRS89,,,CALLE,SARRIA,49 B,28029,,31054399,2021-10-14T00:00:00Z,,MU24,MU-51,2026-01-10T00:00:00Z
8418999,Aparcabicicletas,84,PILAR,8,FUENCARRAL-EL PARDO,OPERATIVO,439448.61,4480382.21,ETRS89,,,CALLE,CELANOVA,2,28029,,31022383,2021-10-14T00:00:00Z,,MU24,MU-51,2026-01-10T00:00:00Z
8419001,Aparcabicicletas,84,PILAR,8,FUENCARRAL-EL PARDO,OPERATIVO,439448.61,4480380.15,ETRS89,,,CALLE,CELANOVA,2,28029,,31022383,2021-10-14T00:00:00Z,,MU24,MU-51,2026-01-10T00:00:00Z
8620479,Aparcabicicletas,104,ALUCHE,10,LATINA,OPERATIVO,434992.95,4471429.64,ETRS89,,,CALLE,TEMBLEQUE,150,28024,,31054346,2023-06-05T00:00:00Z,,MU24,MU-51,2026-01-10T00:00:00Z
8620481,Aparcabicicletas,104,ALUCHE,10,LATINA,OPERATIVO,434993.58,4471429.86,ETRS89,,,CALLE,TEMBLEQUE,150,28024,,31054346,2023-06-05T00:00:00Z,,MU24,MU-51,2026-01-10T00:00:00Z
8581601,Aparcabicicletas,101,LOS CARMENES,10,LATINA,OPERATIVO,437630.31,4472260.86,ETRS89,,,CALLE,GALLUR,2,28047,,20019104,2021-10-15T00:00:00Z,,MU24,MU-51,2026-01-10T00:00:00Z
8633123,Aparcabicicletas,166,VALDEFUENTES,16,HORTALEZA,OPERATIVO,445473.619,4483454.906,ETRS89,,,CALLE,LUIS MARTINEZ FEDUCHI,96,28055,,31041752,2018-02-01T00:00:00Z,,MU24,,2026-01-10T00:00:00Z
8633681,Aparcabicicletas,166,VALDEFUENTES,16,HORTALEZA,OPERATIVO,445478.117,4483454.377,ETRS89,,,CALLE,LUIS MARTINEZ FEDUCHI,96,28055,,31041752,2018-02-01T00:00:00Z,,MU24,,2026-01-10T00:00:00Z
8634242,Aparcabicicletas,86,VALVERDE,8,FUENCARRAL-EL PARDO,OPERATIVO,441841.23,4483416.17,ETRS89,,,CALLE,NUESTRA SEÑORA DE VALVERDE,149,28034,,11049856,2021-10-18T00:00:00Z,,MU24,MU-51,2026-01-10T00:00:00Z
8634365,Aparcabicicletas,86,VALVERDE,8,FUENCARRAL-EL PARDO,OPERATIVO,441841.33,4483416.68,ETRS89,,,CALLE,NUESTRA SEÑORA DE VALVERDE,149,28034,,11049856,2021-10-18T00:00:00Z,,MU24,MU-51,2026-01-10T00:00:00Z
8634510,Aparcabicicletas,86,VALVERDE,8,FUENCARRAL-EL PARDO,OPERATIVO,441914.04,4484237.5,ETRS89,,,CALLE,NUESTRA SEÑORA DE VALVERDE,225,28034,,31053344,2020-06-10T00:00:00Z,,MU24,ACB,2026-01-10T00:00:00Z
8634697,Aparcabicicletas,88,EL GOLOSO,8,FUENCARRAL-EL PARDO,OPERATIVO,441486.92,4484500.07,ETRS89,,,CALLE,MONASTERIOS DE SUSO Y YUSO,73,28049,,31007852,2021-10-18T00:00:00Z,,MU24,ACB,2026-01-10T00:00:00Z
8634800,Aparcabicicletas,88,EL GOLOSO,8,FUENCARRAL-EL PARDO,OPERATIVO,441485.17,4484499.09,ETRS89,,,CALLE,MONASTERIOS DE SUSO Y YUSO,73,28049,,31007852,2021-10-18T00:00:00Z,,MU24,ACB,2026-01-10T00:00:00Z
8634847,Aparcabicicletas,88,EL GOLOSO,8,FUENCARRAL-EL PARDO,OPERATIVO,441483.98,4484500.08,ETRS89,,,CALLE,MONASTERIOS DE SUSO Y YUSO,73,28049,,31007852,2021-10-18T00:00:00Z,,MU24,ACB,2026-01-10T00:00:00Z
8634866,Aparcabicicletas,88,EL GOLOSO,8,FUENCARRAL-EL PARDO,OPERATIVO,441484.13,4484501.52,ETRS89,,,CALLE,MONASTERIOS DE SUSO Y YUSO,73,28049,,31007852,2021-10-18T00:00:00Z,,MU24,ACB,2026-01-10T00:00:00Z
8634973,Aparcabicicletas,88,EL GOLOSO,8,FUENCARRAL-EL PARDO,OPERATIVO,441487.17,4484573.47,ETRS89,,,CALLE,MONASTERIO DE ARLANZA,20,28049,,31018872,2021-10-18T00:00:00Z,,MU24,MU-51,2026-01-10T00:00:00Z
8581611,Aparcabicicletas,97,ARAVACA,9,MONCLOA-ARAVACA,OPERATIVO,434481.34,4478165.1,ETRS89,,,CALLE,ARROYO DE POZUELO,10,28023,,31045365,2021-10-15T00:00:00Z,,MU24,MU-51,2026-01-10T00:00:00Z
8633382,Aparcabicicletas,166,VALDEFUENTES,16,HORTALEZA,OPERATIVO,445475.471,4483454.641,ETRS89,,,CALLE,LUIS MARTINEZ FEDUCHI,96,28055,,31041752,2018-02-01T00:00:00Z,,MU24,,2026-01-10T00:00:00Z
8634220,Aparcabicicletas,86,VALVERDE,8,FUENCARRAL-EL PARDO,OPERATIVO,441841.2,4483416.02,ETRS89,,,CALLE,NUESTRA SEÑORA DE VALVERDE,149,28034,,11049856,2021-10-18T00:00:00Z,,MU24,MU-51,2026-01-10T00:00:00Z
8634306,Aparcabicicletas,86,VALVERDE,8,FUENCARRAL-EL PARDO,OPERATIVO,441841.28,4483416.43,ETRS89,,,CALLE,NUESTRA SEÑORA DE VALVERDE,149,28034,,11049856,2021-10-18T00:00:00Z,,MU24,MU-51,2026-01-10T00:00:00Z
8634491,Aparcabicicletas,86,VALVERDE,8,FUENCARRAL-EL PARDO,OPERATIVO,441912.75,4484238.48,ETRS89,,,CALLE,NUESTRA SEÑORA DE VALVERDE,225,28034,,31053344,2020-06-10T00:00:00Z,,MU24,ACB,2026-01-10T00:00:00Z
8634674,Aparcabicicletas,88,EL GOLOSO,8,FUENCARRAL-EL PARDO,OPERATIVO,441486.8,4484501.56,ETRS89,,,CALLE,MONASTERIOS DE SUSO Y YUSO,73,28049,,31007852,2021-10-18T00:00:00Z,,MU24,ACB,2026-01-10T00:00:00Z
8634760,Aparcabicicletas,88,EL GOLOSO,8,FUENCARRAL-EL PARDO,OPERATIVO,441485.99,4484499.2,ETRS89,,,CALLE,MONASTERIOS DE SUSO Y YUSO,73,28049,,31007852,2021-10-18T00:00:00Z,,MU24,ACB,2026-01-10T00:00:00Z
8634823,Aparcabicicletas,88,EL GOLOSO,8,FUENCARRAL-EL PARDO,OPERATIVO,441484.32,4484499.37,ETRS89,,,CALLE,MONASTERIOS DE SUSO Y YUSO,73,28049,,31007852,2021-10-18T00:00:00Z,,MU24,ACB,2026-01-10T00:00:00Z
8634855,Aparcabicicletas,88,EL GOLOSO,8,FUENCARRAL-EL PARDO,OPERATIVO,441483.98,4484500.08,ETRS89,,,CALLE,MONASTERIOS DE SUSO Y YUSO,73,28049,,31007852,2021-10-18T00:00:00Z,,MU24,ACB,2026-01-10T00:00:00Z
8634959,Aparcabicicletas,88,EL GOLOSO,8,FUENCARRAL-EL PARDO,OPERATIVO,441487.17,4484573.47,ETRS89,,,CALLE,MONASTERIO DE ARLANZA,20,28049,,31018872,2021-10-18T00:00:00Z,,MU24,MU-51,2026-01-10T00:00:00Z
8634985,Aparcabicicletas,88,EL GOLOSO,8,FUENCARRAL-EL PARDO,OPERATIVO,441486.84,4484573.79,ETRS89,,,CALLE,MONASTERIO DE ARLANZA,20,28049,,31018872,2021-10-18T00:00:00Z,,MU24,MU-51,2026-01-10T00:00:00Z
8635053,Aparcabicicletas,88,EL GOLOSO,8,FUENCARRAL-EL PARDO,OPERATIVO,441486.22,4484574.15,ETRS89,,,CALLE,MONASTERIO DE ARLANZA,20,28049,,31018872,2021-10-18T00:00:00Z,,MU24,MU-51,2026-01-10T00:00:00Z
8635938,Aparcabicicletas,87,MIRASIERRA,8,FUENCARRAL-EL PARDO,OPERATIVO,440658.3,4483439.07,ETRS89,,,CALLE,MONASTERIO DE EL PAULAR,45,28049,,31029294,2021-10-18T00:00:00Z,,MU24,MU-51,2026-01-10T00:00:00Z
8635964,Aparcabicicletas,87,MIRASIERRA,8,FUENCARRAL-EL PARDO,OPERATIVO,440657.34,4483439.74,ETRS89,,,CALLE,MONASTERIO DE EL PAULAR,45,28049,,31029294,2021-10-18T00:00:00Z,,MU24,MU-51,2026-01-10T00:00:00Z
8620490,Aparcabicicletas,86,VALVERDE,8,FUENCARRAL-EL PARDO,OPERATIVO,441258.47,4483681.74,ETRS89,,,CALLE,ROCINANTE,15,28034,,20076943,2021-10-15T00:00:00Z,,MU24,MU-51,2026-01-10T00:00:00Z
8638498,Aparcabicicletas,166,VALDEFUENTES,16,HORTALEZA,OPERATIVO,445477.456,4483454.112,ETRS89,,,CALLE,LUIS MARTINEZ FEDUCHI,96,28055,,31041752,2018-02-01T00:00:00Z,,MU24,,2026-01-10T00:00:00Z
8680626,Aparcabicicletas,155,SAN PASCUAL,15,CIUDAD LINEAL,OPERATIVO,444888.78,4477165.23,ETRS89,,,CALLE,CARLOTA O'NEILL,15,28027,,31028962,2019-02-11T00:00:00Z,,MU24,,2026-01-10T00:00:00Z
8681278,Aparcabicicletas,155,SAN PASCUAL,15,CIUDAD LINEAL,OPERATIVO,444550.81,4477202.78,ETRS89,,,CALLE,TORRELAGUNA,50,28027,,31015894,2019-02-11T00:00:00Z,,MU24,,2026-01-10T00:00:00Z
8740631,Aparcabicicletas,86,VALVERDE,8,FUENCARRAL-EL PARDO,OPERATIVO,443426.02,4484849.91,ETRS89,,,CALLE,PORTOMARIN,21,28050,,31050947,2021-10-19T00:00:00Z,,MU24,ACB,2026-01-10T00:00:00Z
8742812,Aparcabicicletas,86,VALVERDE,8,FUENCARRAL-EL PARDO,OPERATIVO,442328.55,4484289.79,ETRS89,,,CALLE,BERDUN,2,28050,,31029487,2021-10-20T00:00:00Z,,MU24,ACB,2026-01-10T00:00:00Z
8635013,Aparcabicicletas,88,EL GOLOSO,8,FUENCARRAL-EL PARDO,OPERATIVO,441486.84,4484573.79,ETRS89,,,CALLE,MONASTERIO DE ARLANZA,20,28049,,31018872,2021-10-18T00:00:00Z,,MU24,MU-51,2026-01-10T00:00:00Z
8635927,Aparcabicicletas,87,MIRASIERRA,8,FUENCARRAL-EL PARDO,OPERATIVO,440658.3,4483439.07,ETRS89,,,CALLE,MONASTERIO DE EL PAULAR,45,28049,,31029294,2021-10-18T00:00:00Z,,MU24,MU-51,2026-01-10T00:00:00Z
8635947,Aparcabicicletas,87,MIRASIERRA,8,FUENCARRAL-EL PARDO,OPERATIVO,440657.88,4483439.4,ETRS89,,,CALLE,MONASTERIO DE EL PAULAR,45,28049,,31029294,2021-10-18T00:00:00Z,,MU24,MU-51,2026-01-10T00:00:00Z
8620486,Aparcabicicletas,86,VALVERDE,8,FUENCARRAL-EL PARDO,OPERATIVO,441258.44,4483681.33,ETRS89,,,CALLE,ROCINANTE,15,28034,,20076943,2021-10-15T00:00:00Z,,MU24,MU-51,2026-01-10T00:00:00Z
8620489,Aparcabicicletas,86,VALVERDE,8,FUENCARRAL-EL PARDO,OPERATIVO,441258.43,4483681.55,ETRS89,,,CALLE,ROCINANTE,15,28034,,20076943,2021-10-15T00:00:00Z,,MU24,MU-51,2026-01-10T00:00:00Z
8620491,Aparcabicicletas,86,VALVERDE,8,FUENCARRAL-EL PARDO,OPERATIVO,441258.47,4483681.92,ETRS89,,,CALLE,ROCINANTE,15,28034,,20076943,2021-10-15T00:00:00Z,,MU24,MU-51,2026-01-10T00:00:00Z
8680605,Aparcabicicletas,155,SAN PASCUAL,15,CIUDAD LINEAL,OPERATIVO,444888.17,4477164.7,ETRS89,,,CALLE,CARLOTA O'NEILL,15,28027,,31028962,2019-02-11T00:00:00Z,,MU24,MU-51,2026-01-10T00:00:00Z
8680660,Aparcabicicletas,155,SAN PASCUAL,15,CIUDAD LINEAL,OPERATIVO,444889.24,4477165.54,ETRS89,,,CALLE,CARLOTA O'NEILL,15,28027,,31028962,2019-02-11T00:00:00Z,,MU24,,2026-01-10T00:00:00Z
8681282,Aparcabicicletas,155,SAN PASCUAL,15,CIUDAD LINEAL,OPERATIVO,444546.44,4477199.34,ETRS89,,,CALLE,TORRELAGUNA,50,28027,,31015894,2019-02-11T00:00:00Z,,MU24,,2026-01-10T00:00:00Z
8740632,Aparcabicicletas,86,VALVERDE,8,FUENCARRAL-EL PARDO,OPERATIVO,443425.88,4484848.7,ETRS89,,,CALLE,PORTOMARIN,21,28050,,31050947,2021-10-19T00:00:00Z,,MU24,ACB,2026-01-10T00:00:00Z
8742779,Aparcabicicletas,152,PUEBLO NUEVO,15,CIUDAD LINEAL,OPERATIVO,446758.763,4474923.553,ETRS89,,,CALLE,HERMANOS GARCIA NOBLEJAS,168,28037,,20182351,2019-02-11T00:00:00Z,,MU24,,2026-01-10T00:00:00Z
8635985,Aparcabicicletas,87,MIRASIERRA,8,FUENCARRAL-EL PARDO,OPERATIVO,440657.1,4483439.91,ETRS89,,,CALLE,MONASTERIO DE EL PAULAR,45 D,28049,,31029305,2021-10-18T00:00:00Z,,MU24,MU-51,2026-01-10T00:00:00Z
8798163,Aparcabicicletas,143,MARROQUINA,14,MORATALAZ,OPERATIVO,444961.38,4473375.57,ETRS89,,,CALLE,CAMINO DE LOS VINATEROS,106,28030,,11101595,2021-12-04T00:00:00Z,,MU24,MU-51UD,2026-01-10T00:00:00Z
8798217,Aparcabicicletas,143,MARROQUINA,14,MORATALAZ,OPERATIVO,444965.73,4473372.92,ETRS89,,,CALLE,CAMINO DE LOS VINATEROS,106,28030,,11101595,2021-12-04T00:00:00Z,,MU24,MU-51UD,2026-01-10T00:00:00Z
8798264,Aparcabicicletas,143,MARROQUINA,14,MORATALAZ,OPERATIVO,445008.25,4473332.1,ETRS89,,,CALLE,CAMINO DE LOS VINATEROS,106,28030,,11101595,2021-12-04T00:00:00Z,,MU24,MU-51UD,2026-01-10T00:00:00Z
8799637,Aparcabicicletas,171,VILLAVERDE ALTO - CASCO HISTORICO DE VILLAVERDE,17,VILLAVERDE,OPERATIVO,440479.54,4465243.52,ETRS89,,,CALLE,RESINA,25,28021,,20118812,2021-12-04T00:00:00Z,,MU24,MU-51,2026-01-10T00:00:00Z
8799642,Aparcabicicletas,171,VILLAVERDE ALTO - CASCO HISTORICO DE VILLAVERDE,17,VILLAVERDE,OPERATIVO,439443.91,4465855.67,ETRS89,,,CALLE,VALLE DE TOBALINA,52,28021,,20079078,2021-12-04T00:00:00Z,,MU24,MU-51,2026-01-10T00:00:00Z
8799655,Aparcabicicletas,174,LOS ROSALES,17,VILLAVERDE,OPERATIVO,441794.06,4467961.05,ETRS89,,,CALLE,CONSENSO,5,28041,,20150027,2021-12-04T00:00:00Z,,MU24,MU-51,2026-01-10T00:00:00Z
8742900,Aparcabicicletas,86,VALVERDE,8,FUENCARRAL-EL PARDO,OPERATIVO,441513.76,4482195.93,ETRS89,,,CALLE,LABASTIDA,1,28034,,20152071,2021-10-20T00:00:00Z,,MU24,MU-51,2026-01-10T00:00:00Z
8742907,Aparcabicicletas,86,VALVERDE,8,FUENCARRAL-EL PARDO,OPERATIVO,441514.86,4482196.28,ETRS89,,,CALLE,LABASTIDA,1,28034,,20152071,2021-10-21T00:00:00Z,,MU24,MU-51,2026-01-10T00:00:00Z
8742928,Aparcabicicletas,86,VALVERDE,8,FUENCARRAL-EL PARDO,OPERATIVO,441430.39,4481910.67,ETRS89,,,CALLE,VIRGEN DE ARANZAZU,5,28034,,11047353,2021-10-21T00:00:00Z,,MU24,MU-51,2026-01-10T00:00:00Z
8742930,Aparcabicicletas,86,VALVERDE,8,FUENCARRAL-EL PARDO,OPERATIVO,441429.84,4481910.91,ETRS89,,,CALLE,VIRGEN DE ARANZAZU,5,28034,,11047353,2021-10-21T00:00:00Z,,MU24,MU-51,2026-01-10T00:00:00Z
8742935,Aparcabicicletas,86,VALVERDE,8,FUENCARRAL-EL PARDO,OPERATIVO,441241.37,4482180.37,ETRS89,,,CALLE,FRANCISCO SANCHA,44,28034,,11047267,2021-10-21T00:00:00Z,,MU24,MU-51,2026-01-10T00:00:00Z
8742937,Aparcabicicletas,86,VALVERDE,8,FUENCARRAL-EL PARDO,OPERATIVO,441242.59,4482180.35,ETRS89,,,CALLE,FRANCISCO SANCHA,44,28034,,11047267,2021-10-21T00:00:00Z,,MU24,MU-51,2026-01-10T00:00:00Z
8770500,Aparcabicicletas,24,LEGAZPI,2,ARGANZUELA,OPERATIVO,442176.285,4471492.767,ETRS89,,,CALLE,MENESES,4,28045,,31022245,2021-01-01T00:00:00Z,,MU24,MU-51,2026-01-10T00:00:00Z
8798218,Aparcabicicletas,143,MARROQUINA,14,MORATALAZ,OPERATIVO,444956.47,4473374.78,ETRS89,,,CALLE,CAMINO DE LOS VINATEROS,106,28030,,11101595,2021-12-04T00:00:00Z,,MU24,MU-51UD,2026-01-10T00:00:00Z
8799641,Aparcabicicletas,171,VILLAVERDE ALTO - CASCO HISTORICO DE VILLAVERDE,17,VILLAVERDE,OPERATIVO,440695.82,4465040.56,ETRS89,,,CALLE,PRINCIPAL,1,28021,,20174655,2021-12-04T00:00:00Z,,MU24,MU-51,2026-01-10T00:00:00Z
8799649,Aparcabicicletas,171,VILLAVERDE ALTO - CASCO HISTORICO DE VILLAVERDE,17,VILLAVERDE,OPERATIVO,439443.67,4465854.95,ETRS89,,,CALLE,VALLE DE TOBALINA,52,28021,,20079078,2021-12-04T00:00:00Z,,MU24,MU-51,2026-01-10T00:00:00Z
8800025,Aparcabicicletas,175,ANGELES,17,VILLAVERDE,OPERATIVO,440861.035,4467146.603,ETRS89,,,CALLE,ANOETA,16,28041,,31013720,2021-12-04T00:00:00Z,,MU24,MU-51,2026-01-10T00:00:00Z
8803482,Aparcabicicletas,165,APOSTOL SANTIAGO,16,HORTALEZA,OPERATIVO,444407.59,4481049.01,ETRS89,,,CALLE,MONOVAR,19,28033,,11122150,2021-10-22T00:00:00Z,,MU24,,2026-01-10T00:00:00Z
8742904,Aparcabicicletas,86,VALVERDE,8,FUENCARRAL-EL PARDO,OPERATIVO,441514.05,4482196.02,ETRS89,,,CALLE,LABASTIDA,1,28034,,20152071,2021-10-20T00:00:00Z,,MU24,MU-51,2026-01-10T00:00:00Z
8742911,Aparcabicicletas,86,VALVERDE,8,FUENCARRAL-EL PARDO,OPERATIVO,441515.31,4482196.36,ETRS89,,,CALLE,LABASTIDA,1,28034,,20152071,2021-10-21T00:00:00Z,,MU24,MU-51,2026-01-10T00:00:00Z
8742929,Aparcabicicletas,86,VALVERDE,8,FUENCARRAL-EL PARDO,OPERATIVO,441430.17,4481910.79,ETRS89,,,CALLE,VIRGEN DE ARANZAZU,5,28034,,11047353,2021-10-21T00:00:00Z,,MU24,MU-51,2026-01-10T00:00:00Z
8742931,Aparcabicicletas,86,VALVERDE,8,FUENCARRAL-EL PARDO,OPERATIVO,441429.72,4481910.97,ETRS89,,,CALLE,VIRGEN DE ARANZAZU,5,28034,,11047353,2021-10-21T00:00:00Z,,MU24,MU-51,2026-01-10T00:00:00Z
8742936,Aparcabicicletas,86,VALVERDE,8,FUENCARRAL-EL PARDO,OPERATIVO,441241.92,4482180.38,ETRS89,,,CALLE,FRANCISCO SANCHA,44,28034,,11047267,2021-10-21T00:00:00Z,,MU24,MU-51,2026-01-10T00:00:00Z
8775339,Aparcabicicletas,92,ARGÜELLES,9,MONCLOA-ARAVACA,OPERATIVO,438989.5,4476309.14,ETRS89,,,CALLE,MINISTRO IBAÑEZ MARTIN,1 B,28015,,31011256,2021-10-21T00:00:00Z,,MU24,MU-51,2026-01-10T00:00:00Z
8775342,Aparcabicicletas,92,ARGÜELLES,9,MONCLOA-ARAVACA,OPERATIVO,438990.02,4476309.74,ETRS89,,,CALLE,MINISTRO IBAÑEZ MARTIN,1 B,28015,,31011256,2021-10-21T00:00:00Z,,MU24,MU-51,2026-01-10T00:00:00Z
8799951,Aparcabicicletas,174,LOS ROSALES,17,VILLAVERDE,OPERATIVO,441512.48,4468116.4,ETRS89,,,CALLE,UNANIMIDAD,24,28041,,20062230,2021-12-04T00:00:00Z,,MU24,MU-51,2026-01-10T00:00:00Z
8804543,Aparcabicicletas,107,AGUILAS,10,LATINA,OPERATIVO,434603.67,4470474.79,ETRS89,,,CALLE,ANSELMO LORENZO,4,28044,,31028955,2021-02-14T00:00:00Z,,MU24,MU-51,2026-01-10T00:00:00Z
8804545,Aparcabicicletas,107,AGUILAS,10,LATINA,OPERATIVO,434600.65,4470473.65,ETRS89,,,CALLE,ANSELMO LORENZO,4,28044,,31028955,2021-02-14T00:00:00Z,,MU24,MU-51,2026-01-10T00:00:00Z
8804547,Aparcabicicletas,107,AGUILAS,10,LATINA,OPERATIVO,434597.23,4470472.58,ETRS89,,,CALLE,ANSELMO LORENZO,4,28044,,31028955,2021-02-14T00:00:00Z,,MU24,MU-51,2026-01-10T00:00:00Z
8805545,Aparcabicicletas,97,ARAVACA,9,MONCLOA-ARAVACA,OPERATIVO,433651.34,4478242.83,ETRS89,,,CALLE,HUMERA,40,28023,,31011019,2022-04-22T00:00:00Z,,MU24,MU-51,2026-01-10T00:00:00Z
8805547,Aparcabicicletas,97,ARAVACA,9,MONCLOA-ARAVACA,OPERATIVO,433650.39,4478244.13,ETRS89,,,CALLE,HUMERA,40,28023,,31011019,2022-04-22T00:00:00Z,,MU24,MU-51,2026-01-10T00:00:00Z
8775340,Aparcabicicletas,92,ARGÜELLES,9,MONCLOA-ARAVACA,OPERATIVO,438988.17,4476306.96,ETRS89,,,CALLE,MINISTRO IBAÑEZ MARTIN,1 B,28015,,31011256,2021-10-21T00:00:00Z,,MU24,MU-51,2026-01-10T00:00:00Z
8775346,Aparcabicicletas,92,ARGÜELLES,9,MONCLOA-ARAVACA,OPERATIVO,438988.95,4476308.05,ETRS89,,,CALLE,MINISTRO IBAÑEZ MARTIN,1 B,28015,,31011256,2021-10-21T00:00:00Z,,MU24,MU-51,2026-01-10T00:00:00Z
8804544,Aparcabicicletas,107,AGUILAS,10,LATINA,OPERATIVO,434602.04,4470474.22,ETRS89,,,CALLE,ANSELMO LORENZO,4,28044,,31028955,2021-02-14T00:00:00Z,,MU24,MU-51,2026-01-10T00:00:00Z
8804546,Aparcabicicletas,107,AGUILAS,10,LATINA,OPERATIVO,434598.86,4470473.16,ETRS89,,,CALLE,ANSELMO LORENZO,4,28044,,31028955,2021-02-14T00:00:00Z,,MU24,MU-51,2026-01-10T00:00:00Z
8805544,Aparcabicicletas,97,ARAVACA,9,MONCLOA-ARAVACA,OPERATIVO,433653.84,4478239.39,ETRS89,,,CALLE,HUMERA,40,28023,,31011019,2022-04-22T00:00:00Z,,MU24,MU-51,2026-01-10T00:00:00Z
8805546,Aparcabicicletas,97,ARAVACA,9,MONCLOA-ARAVACA,OPERATIVO,433651.26,4478244.28,ETRS89,,,CALLE,HUMERA,40,28023,,31011019,2022-04-22T00:00:00Z,,MU24,MU-51,2026-01-10T00:00:00Z
8805548,Aparcabicicletas,97,ARAVACA,9,MONCLOA-ARAVACA,OPERATIVO,433649.78,4478244.02,ETRS89,,,CALLE,HUMERA,40,28023,,31011019,2022-04-22T00:00:00Z,,MU24,MU-51,2026-01-10T00:00:00Z
8805686,Aparcabicicletas,97,ARAVACA,9,MONCLOA-ARAVACA,OPERATIVO,433646.19,4478222.45,ETRS89,,,CALLE,HUMERA,40,28023,,31011019,2022-04-22T00:00:00Z,,MU24,MU-51,2026-01-10T00:00:00Z
8805701,Aparcabicicletas,84,PILAR,8,FUENCARRAL-EL PARDO,OPERATIVO,439742.09,4481559.61,ETRS89,,,CALLE,FERMIN CABALLERO,68,28034,,11045737,2022-04-22T00:00:00Z,,MU24,MU-51,2026-01-10T00:00:00Z
8807286,Aparcabicicletas,15,UNIVERSIDAD,1,CENTRO,OPERATIVO,440256.409,4474860.868,ETRS89,,,CALLE,CORREDERA BAJA DE SAN PABLO,19,28004,,11007007,2021-01-01T00:00:00Z,,MU24,MU-51,2026-01-10T00:00:00Z
8807288,Aparcabicicletas,15,UNIVERSIDAD,1,CENTRO,OPERATIVO,440254.528,4474858.996,ETRS89,,,CALLE,CORREDERA BAJA DE SAN PABLO,19,28004,,11007007,2021-01-01T00:00:00Z,,MU24,MU-51,2026-01-10T00:00:00Z
8812512,Aparcabicicletas,166,VALDEFUENTES,16,HORTALEZA,OPERATIVO,448099.73,4482331.04,ETRS89,,,CALLE,ESTANISLAO PEREZ PITA,7,28055,,31039165,2021-10-25T00:00:00Z,,MU24,MU-51,2026-01-10T00:00:00Z
8812514,Aparcabicicletas,166,VALDEFUENTES,16,HORTALEZA,OPERATIVO,448100.52,4482330.64,ETRS89,,,CALLE,ESTANISLAO PEREZ PITA,7,28055,,31039165,2021-10-25T00:00:00Z,,MU24,MU-51,2026-01-10T00:00:00Z
8823952,Aparcabicicletas,86,VALVERDE,8,FUENCARRAL-EL PARDO,OPERATIVO,441871.8,4481670.35,ETRS89,,,CALLE,SAN MODESTO,3,28034,,20117779,2022-05-03T00:00:00Z,,MU24,MU-51,2026-01-10T00:00:00Z
8823957,Aparcabicicletas,86,VALVERDE,8,FUENCARRAL-EL PARDO,OPERATIVO,441871.62,4481668.79,ETRS89,,,CALLE,SAN MODESTO,3,28034,,20117779,2022-05-03T00:00:00Z,,MU24,MU-51,2026-01-10T00:00:00Z
8823964,Aparcabicicletas,86,VALVERDE,8,FUENCARRAL-EL PARDO,OPERATIVO,441871.84,4481667.35,ETRS89,,,CALLE,SAN MODESTO,3,28034,,20117779,2022-05-03T00:00:00Z,,MU24,MU-51,2026-01-10T00:00:00Z
8805549,Aparcabicicletas,97,ARAVACA,9,MONCLOA-ARAVACA,OPERATIVO,433649.18,4478243.91,ETRS89,,,CALLE,HUMERA,40,28023,,31011019,2022-04-22T00:00:00Z,,MU24,MU-51,2026-01-10T00:00:00Z
8805699,Aparcabicicletas,84,PILAR,8,FUENCARRAL-EL PARDO,OPERATIVO,439743.47,4481560.15,ETRS89,,,CALLE,FERMIN CABALLERO,68,28034,,11045737,2022-04-22T00:00:00Z,,MU24,MU-51,2026-01-10T00:00:00Z
8805702,Aparcabicicletas,84,PILAR,8,FUENCARRAL-EL PARDO,OPERATIVO,439741.42,4481559.33,ETRS89,,,CALLE,FERMIN CABALLERO,68,28034,,11045737,2022-04-22T00:00:00Z,,MU24,MU-51,2026-01-10T00:00:00Z
8775349,Aparcabicicletas,92,ARGÜELLES,9,MONCLOA-ARAVACA,OPERATIVO,438987.47,4476306.24,ETRS89,,,CALLE,MINISTRO IBAÑEZ MARTIN,1,28015,,11053040,2021-10-21T00:00:00Z,,MU24,MU-51,2026-01-10T00:00:00Z
8779944,Aparcabicicletas,171,VILLAVERDE ALTO - CASCO HISTORICO DE VILLAVERDE,17,VILLAVERDE,OPERATIVO,439697.72,4466801.37,ETRS89,,,CALLE,OLAS,2,28021,,20049365,1900-01-01T00:00:00Z,,MU24,MU-51,2026-01-10T00:00:00Z
8823953,Aparcabicicletas,86,VALVERDE,8,FUENCARRAL-EL PARDO,OPERATIVO,441871.72,4481669.55,ETRS89,,,CALLE,SAN MODESTO,3,28034,,20117779,2022-05-03T00:00:00Z,,MU24,MU-51,2026-01-10T00:00:00Z
8823961,Aparcabicicletas,86,VALVERDE,8,FUENCARRAL-EL PARDO,OPERATIVO,441871.72,4481668.1,ETRS89,,,CALLE,SAN MODESTO,3,28034,,20117779,2022-05-03T00:00:00Z,,MU24,MU-51,2026-01-10T00:00:00Z
8834833,Aparcabicicletas,155,SAN PASCUAL,15,CIUDAD LINEAL,OPERATIVO,444556.66,4476597.35,ETRS89,,,CALLE,VIRGEN DEL VAL,9,28027,,11110980,2022-05-03T00:00:00Z,,MU24,,2026-01-10T00:00:00Z
8834847,Aparcabicicletas,155,SAN PASCUAL,15,CIUDAD LINEAL,OPERATIVO,444557.52,4476597.67,ETRS89,,,CALLE,VIRGEN DEL VAL,9,28027,,11110980,2022-05-03T00:00:00Z,,MU24,,2026-01-10T00:00:00Z
8834846,Aparcabicicletas,155,SAN PASCUAL,15,CIUDAD LINEAL,OPERATIVO,444557.37,4476597.94,ETRS89,,,CALLE,VIRGEN DEL VAL,9,28027,,11110980,2022-05-03T00:00:00Z,,MU24,,2026-01-10T00:00:00Z
8834849,Aparcabicicletas,155,SAN PASCUAL,15,CIUDAD LINEAL,OPERATIVO,444558.44,4476598.4,ETRS89,,,CALLE,VIRGEN DEL VAL,9,28027,,11110980,2022-05-03T00:00:00Z,,MU24,,2026-01-10T00:00:00Z
8841939,Aparcabicicletas,32,ADELFAS,3,RETIRO,OPERATIVO,443137.494,4472600.693,ETRS89,,,CALLE,LUIS MITJANS,25C,28007,,31012630,2021-01-01T00:00:00Z,,MU24,MU-51,2026-01-10T00:00:00Z
8841941,Aparcabicicletas,32,ADELFAS,3,RETIRO,OPERATIVO,443128.526,4472604.314,ETRS89,,,CALLE,LUIS MITJANS,25C,28007,,31012630,2021-01-01T00:00:00Z,,MU24,MU-51,2026-01-10T00:00:00Z
8841943,Aparcabicicletas,32,ADELFAS,3,RETIRO,OPERATIVO,443132.922,4472602.06,ETRS89,,,CALLE,VALDERRIBAS,72,28007,,11011548,2021-01-01T00:00:00Z,,MU24,MU-51,2026-01-10T00:00:00Z
8854369,Aparcabicicletas,56,CASTILLA,5,CHAMARTIN,OPERATIVO,441950.295,4480300.543,ETRS89,,,CALLE,AGUSTIN DE FOXA,29,28036,,20105703,2021-01-01T00:00:00Z,,MU24,MU-51,2026-01-10T00:00:00Z
8854371,Aparcabicicletas,56,CASTILLA,5,CHAMARTIN,OPERATIVO,441950.481,4480302.651,ETRS89,,,CALLE,AGUSTIN DE FOXA,29,28036,,20105703,2021-01-01T00:00:00Z,,MU24,MU-51,2026-01-10T00:00:00Z
8854373,Aparcabicicletas,56,CASTILLA,5,CHAMARTIN,OPERATIVO,441950.118,4480299.546,ETRS89,,,CALLE,AGUSTIN DE FOXA,29,28036,,20105703,2021-01-01T00:00:00Z,,MU24,MU-51,2026-01-10T00:00:00Z
8855139,Aparcabicicletas,53,CIUDAD JARDIN,5,CHAMARTIN,OPERATIVO,443377.676,4477847.238,ETRS89,,,CALLE,SANCHEZ PACHECO,101,28002,,11023774,2021-01-01T00:00:00Z,,MU24,MU-51,2026-01-10T00:00:00Z
8855141,Aparcabicicletas,53,CIUDAD JARDIN,5,CHAMARTIN,OPERATIVO,443380.488,4477848.993,ETRS89,,,CALLE,SANCHEZ PACHECO,101,28002,,11023774,2021-01-01T00:00:00Z,,MU24,MU-51,2026-01-10T00:00:00Z
88593,Aparcabicicletas,156,SAN JUAN BAUTISTA,15,CIUDAD LINEAL,OPERATIVO,444176.58,4477724.48,ETRS89,,,CALLE,TREVIANA,1,28043,PORTAL,31037424,2021-02-11T00:00:00Z,1095092,MU24,MU-51,2026-01-10T00:00:00Z
88666,Aparcabicicletas,211,ALAMEDA DE OSUNA,21,BARAJAS,OPERATIVO,449927.29,4478039.64,ETRS89,,,CALLE,BALANDRO,1,28042,JARDIN,31044565,2021-09-14T00:00:00Z,1086957,MU24,MU-51,2026-01-10T00:00:00Z
8887130,Aparcabicicletas,14,JUSTICIA,1,CENTRO,OPERATIVO,441194.271,4474944.699,ETRS89,,,CALLE,MARQUES DE MONASTERIO,7,28004,,20005682,2021-01-01T00:00:00Z,,MU24,MU-51,2026-01-10T00:00:00Z
88155,Aparcabicicletas,152,PUEBLO NUEVO,15,CIUDAD LINEAL,OPERATIVO,445849.86,4475682.34,ETRS89,,,CALLE,FRANCISCO RIOJA,14,28017,PORTAL,20177032,2021-09-30T00:00:00Z,1088960,MU24,MU-51,2026-01-10T00:00:00Z
88157,Aparcabicicletas,152,PUEBLO NUEVO,15,CIUDAD LINEAL,OPERATIVO,445847.73,4475686.49,ETRS89,,,CALLE,FRANCISCO RIOJA,14,28017,PORTAL,20177032,2023-09-19T00:00:00Z,1088962,MU24,MU-51,2026-01-10T00:00:00Z
8894958,Aparcabicicletas,14,JUSTICIA,1,CENTRO,OPERATIVO,441120.252,4474820.62,ETRS89,,,CALLE,PRIM,7,28004,,20005394,2021-01-01T00:00:00Z,,MU24,MU-51,2026-01-10T00:00:00Z
8894973,Aparcabicicletas,14,JUSTICIA,1,CENTRO,OPERATIVO,441002.158,4474950.094,ETRS89,,,CALLE,PIAMONTE,13,28004,,20005384,2021-01-01T00:00:00Z,,MU24,MU-51,2026-01-10T00:00:00Z
8900106,Aparcabicicletas,43,FUENTE DEL BERRO,4,SALAMANCA,OPERATIVO,443797.31,4475306.48,ETRS89,,,CALLE,BOCANGEL,37,28028,,11016613,2022-06-23T00:00:00Z,,MU24,MU-51,2026-01-10T00:00:00Z
8900108,Aparcabicicletas,43,FUENTE DEL BERRO,4,SALAMANCA,OPERATIVO,443796.35,4475303.82,ETRS89,,,CALLE,BOCANGEL,37,28028,,11016613,2022-06-23T00:00:00Z,,MU24,MU-51,2026-01-10T00:00:00Z
8900113,Aparcabicicletas,43,FUENTE DEL BERRO,4,SALAMANCA,OPERATIVO,443797.57,4475307.25,ETRS89,,,CALLE,BOCANGEL,37,28028,,11016613,2022-06-23T00:00:00Z,,MU24,MU-51,2026-01-10T00:00:00Z
8834854,Aparcabicicletas,155,SAN PASCUAL,15,CIUDAD LINEAL,OPERATIVO,444557.31,4476597.76,ETRS89,,,CALLE,VIRGEN DEL VAL,9,28027,,11110980,2022-05-03T00:00:00Z,,MU24,,2026-01-10T00:00:00Z
8841940,Aparcabicicletas,32,ADELFAS,3,RETIRO,OPERATIVO,443124.041,4472606.013,ETRS89,,,CALLE,VALDERRIBAS,72,28007,,11011548,2021-01-01T00:00:00Z,,MU24,MU-51,2026-01-10T00:00:00Z
8841942,Aparcabicicletas,32,ADELFAS,3,RETIRO,OPERATIVO,443125.815,4472604.889,ETRS89,,,CALLE,VALDERRIBAS,72,28007,,11011548,2021-01-01T00:00:00Z,,MU24,MU-51,2026-01-10T00:00:00Z
8854368,Aparcabicicletas,56,CASTILLA,5,CHAMARTIN,OPERATIVO,441950.39,4480301.764,ETRS89,,,CALLE,AGUSTIN DE FOXA,29,28036,,20105703,2021-01-01T00:00:00Z,,MU24,MU-51,2026-01-10T00:00:00Z
8854370,Aparcabicicletas,56,CASTILLA,5,CHAMARTIN,OPERATIVO,441950.659,4480303.649,ETRS89,,,CALLE,AGUSTIN DE FOXA,29,28036,,20105703,2021-01-01T00:00:00Z,,MU24,MU-51,2026-01-10T00:00:00Z
8854372,Aparcabicicletas,56,CASTILLA,5,CHAMARTIN,OPERATIVO,441949.857,4480298.66,ETRS89,,,CALLE,AGUSTIN DE FOXA,29,28036,,20105703,2021-01-01T00:00:00Z,,MU24,MU-51,2026-01-10T00:00:00Z
8855138,Aparcabicicletas,53,CIUDAD JARDIN,5,CHAMARTIN,OPERATIVO,443382.109,4477850.313,ETRS89,,,CALLE,GUSTAVO FERNANDEZ BALBUENA,7,28002,,11023664,2021-01-01T00:00:00Z,,MU24,MU-51,2026-01-10T00:00:00Z
8855140,Aparcabicicletas,53,CIUDAD JARDIN,5,CHAMARTIN,OPERATIVO,443378.861,4477846.896,ETRS89,,,CALLE,SANCHEZ PACHECO,101,28002,,11023774,2021-01-01T00:00:00Z,,MU24,MU-51,2026-01-10T00:00:00Z
8855142,Aparcabicicletas,53,CIUDAD JARDIN,5,CHAMARTIN,OPERATIVO,443383.983,4477851.409,ETRS89,,,CALLE,GUSTAVO FERNANDEZ BALBUENA,7,28002,,11023664,2021-01-01T00:00:00Z,,MU24,MU-51,2026-01-10T00:00:00Z
88594,Aparcabicicletas,156,SAN JUAN BAUTISTA,15,CIUDAD LINEAL,OPERATIVO,444177.58,4477722.48,ETRS89,,,CALLE,TREVIANA,1,28043,PORTAL,31037424,2021-02-11T00:00:00Z,1095093,MU24,MU-51,2026-01-10T00:00:00Z
8807285,Aparcabicicletas,15,UNIVERSIDAD,1,CENTRO,OPERATIVO,440255.724,4474860.097,ETRS89,,,CALLE,CORREDERA BAJA DE SAN PABLO,19,28004,,11007007,2021-01-01T00:00:00Z,,MU24,MU-51,2026-01-10T00:00:00Z
8807287,Aparcabicicletas,15,UNIVERSIDAD,1,CENTRO,OPERATIVO,440258.374,4474862.629,ETRS89,,,CALLE,CORREDERA BAJA DE SAN PABLO,19,28004,,11007007,2021-01-01T00:00:00Z,,MU24,MU-51,2026-01-10T00:00:00Z
8807289,Aparcabicicletas,15,UNIVERSIDAD,1,CENTRO,OPERATIVO,440257.697,4474862.856,ETRS89,,,CALLE,CORREDERA BAJA DE SAN PABLO,19,28004,,11007007,2021-01-01T00:00:00Z,,MU24,MU-51,2026-01-10T00:00:00Z
8812511,Aparcabicicletas,166,VALDEFUENTES,16,HORTALEZA,OPERATIVO,448099.54,4482330.44,ETRS89,,,CALLE,ESTANISLAO PEREZ PITA,7,28055,,31039165,2021-10-25T00:00:00Z,,MU24,MU-51,2026-01-10T00:00:00Z
8812513,Aparcabicicletas,166,VALDEFUENTES,16,HORTALEZA,OPERATIVO,448099.89,4482330.88,ETRS89,,,CALLE,ESTANISLAO PEREZ PITA,7,28055,,31039165,2021-10-25T00:00:00Z,,MU24,MU-51,2026-01-10T00:00:00Z
88154,Aparcabicicletas,152,PUEBLO NUEVO,15,CIUDAD LINEAL,OPERATIVO,445848.9,4475683.71,ETRS89,,,CALLE,FRANCISCO RIOJA,14,28017,PORTAL,20177032,2021-09-29T00:00:00Z,1088959,MU24,MU-51,2026-01-10T00:00:00Z
88156,Aparcabicicletas,152,PUEBLO NUEVO,15,CIUDAD LINEAL,OPERATIVO,445850.76,4475680.97,ETRS89,,,CALLE,FRANCISCO RIOJA,14,28017,PORTAL,20177032,2021-09-16T00:00:00Z,1088961,MU24,MU-51,2026-01-10T00:00:00Z
8894957,Aparcabicicletas,14,JUSTICIA,1,CENTRO,OPERATIVO,441209.236,4474819.144,ETRS89,,,CALLE,PRIM,19,28004,,11004246,2021-01-01T00:00:00Z,,MU24,MU-51,2026-01-10T00:00:00Z
8894972,Aparcabicicletas,14,JUSTICIA,1,CENTRO,OPERATIVO,441058.475,4474948.208,ETRS89,,,CALLE,PIAMONTE,19,28004,,11005066,2021-01-01T00:00:00Z,,MU24,MU-51,2026-01-10T00:00:00Z
8900105,Aparcabicicletas,43,FUENTE DEL BERRO,4,SALAMANCA,OPERATIVO,443796.7,4475304.82,ETRS89,,,CALLE,BOCANGEL,37,28028,,11016613,2022-06-23T00:00:00Z,,MU24,MU-51,2026-01-10T00:00:00Z
8900107,Aparcabicicletas,43,FUENTE DEL BERRO,4,SALAMANCA,OPERATIVO,443796.09,4475302.82,ETRS89,,,CALLE,BOCANGEL,37,28028,,11016613,2022-06-23T00:00:00Z,,MU24,MU-51,2026-01-10T00:00:00Z
8900109,Aparcabicicletas,43,FUENTE DEL BERRO,4,SALAMANCA,OPERATIVO,443797.04,4475305.7,ETRS89,,,CALLE,BOCANGEL,37,28028,,11016613,2022-06-23T00:00:00Z,,MU24,MU-51,2026-01-10T00:00:00Z
8920459,Aparcabicicletas,14,JUSTICIA,1,CENTRO,OPERATIVO,441243.245,4474882.706,ETRS89,,,CALLE,ALMIRANTE,27,28004,,11004204,2021-01-01T00:00:00Z,,MU24,MU-51,2026-01-10T00:00:00Z
8920461,Aparcabicicletas,14,JUSTICIA,1,CENTRO,OPERATIVO,441245.195,4474882.58,ETRS89,,,CALLE,ALMIRANTE,27,28004,,11004204,2021-01-01T00:00:00Z,,MU24,MU-51,2026-01-10T00:00:00Z
8920511,Aparcabicicletas,44,GUINDALERA,4,SALAMANCA,OPERATIVO,442940.315,4476073.013,ETRS89,,,CALLE,ERASO,1,28028,,11018346,2021-01-01T00:00:00Z,,MU24,MU-51,2026-01-10T00:00:00Z
8920513,Aparcabicicletas,44,GUINDALERA,4,SALAMANCA,OPERATIVO,442940.059,4476072.793,ETRS89,,,CALLE,ERASO,1,28028,,11018346,2021-01-01T00:00:00Z,,MU24,MU-51,2026-01-10T00:00:00Z
8920515,Aparcabicicletas,44,GUINDALERA,4,SALAMANCA,OPERATIVO,442938.867,4476072.136,ETRS89,,,CALLE,ERASO,1,28028,,11018346,2021-01-01T00:00:00Z,,MU24,MU-51,2026-01-10T00:00:00Z
9009878,Aparcabicicletas,42,GOYA,4,SALAMANCA,OPERATIVO,442537.779,4474982.456,ETRS89,,,CALLE,LOPE DE RUEDA,6,28009,,11014856,2021-01-01T00:00:00Z,,MU24,ACB,2026-01-10T00:00:00Z
9009881,Aparcabicicletas,42,GOYA,4,SALAMANCA,OPERATIVO,442542.433,4474980.977,ETRS89,,,CALLE,LOPE DE RUEDA,6,28009,,11014856,2021-01-01T00:00:00Z,,MU24,ACB,2026-01-10T00:00:00Z
9009883,Aparcabicicletas,42,GOYA,4,SALAMANCA,OPERATIVO,442536.497,4474981.355,ETRS89,,,CALLE,LOPE DE RUEDA,6,28009,,11014856,2021-01-01T00:00:00Z,,MU24,ACB,2026-01-10T00:00:00Z
9009889,Aparcabicicletas,42,GOYA,4,SALAMANCA,OPERATIVO,442538.722,4474983.78,ETRS89,,,CALLE,LOPE DE RUEDA,6,28009,,11014856,2021-01-01T00:00:00Z,,MU24,ACB,2026-01-10T00:00:00Z
8907200,Aparcabicicletas,42,GOYA,4,SALAMANCA,OPERATIVO,443086.658,4474947.741,ETRS89,,,CALLE,JORGE JUAN,123,28009,,31048466,2021-01-01T00:00:00Z,,MU24,MU-51,2026-01-10T00:00:00Z
8907202,Aparcabicicletas,42,GOYA,4,SALAMANCA,OPERATIVO,443085.47,4474947.75,ETRS89,,,CALLE,JORGE JUAN,123,28009,,31048466,2021-01-01T00:00:00Z,,MU24,MU-51,2026-01-10T00:00:00Z
8907204,Aparcabicicletas,42,GOYA,4,SALAMANCA,OPERATIVO,443090.643,4474947.489,ETRS89,,,CALLE,JORGE JUAN,123,28009,,31048466,2021-01-01T00:00:00Z,,MU24,MU-51,2026-01-10T00:00:00Z
8909124,Aparcabicicletas,84,PILAR,8,FUENCARRAL-EL PARDO,OPERATIVO,439528.99,4480541.25,ETRS89,,,CALLE,CHANTADA,34,28029,,11046494,2022-07-18T00:00:00Z,,MU24,MU-51,2026-01-10T00:00:00Z
8909126,Aparcabicicletas,84,PILAR,8,FUENCARRAL-EL PARDO,OPERATIVO,439529.916,4480541.117,ETRS89,,,CALLE,CHANTADA,34,28029,,11046494,2022-07-18T00:00:00Z,,MU24,MU-51,2026-01-10T00:00:00Z
8909128,Aparcabicicletas,84,PILAR,8,FUENCARRAL-EL PARDO,OPERATIVO,439530.71,4480541.25,ETRS89,,,CALLE,CHANTADA,34,28029,,11046494,2022-07-18T00:00:00Z,,MU24,MU-51,2026-01-10T00:00:00Z
8888037,Aparcabicicletas,22,ACACIAS,2,ARGANZUELA,OPERATIVO,439437.204,4472590.804,ETRS89,,,CALLE,TOLEDO,181,28005,,20002162,2021-01-01T00:00:00Z,,MU24,MU-51,2026-01-10T00:00:00Z
8920460,Aparcabicicletas,14,JUSTICIA,1,CENTRO,OPERATIVO,441246.549,4474882.125,ETRS89,,,CALLE,ALMIRANTE,27,28004,,11004204,2021-01-01T00:00:00Z,,MU24,MU-51,2026-01-10T00:00:00Z
8920463,Aparcabicicletas,14,JUSTICIA,1,CENTRO,OPERATIVO,441247.65,4474881.895,ETRS89,,,CALLE,ALMIRANTE,27,28004,,11004204,2021-01-01T00:00:00Z,,MU24,MU-51,2026-01-10T00:00:00Z
8920512,Aparcabicicletas,44,GUINDALERA,4,SALAMANCA,OPERATIVO,442936.483,4476071.044,ETRS89,,,CALLE,ERASO,1,28028,,11018346,2021-01-01T00:00:00Z,,MU24,MU-51,2026-01-10T00:00:00Z
8920514,Aparcabicicletas,44,GUINDALERA,4,SALAMANCA,OPERATIVO,442937.759,4476071.478,ETRS89,,,CALLE,ERASO,1,28028,,11018346,2021-01-01T00:00:00Z,,MU24,MU-51,2026-01-10T00:00:00Z
9008564,Aparcabicicletas,61,BELLAS VISTAS,6,TETUAN,OPERATIVO,439736.893,4478133.744,ETRS89,,,CALLE,FRANCISCO BALSEIRO,4,28039,,31056619,2021-01-01T00:00:00Z,,MU24,MU-51,2026-01-10T00:00:00Z
9009880,Aparcabicicletas,42,GOYA,4,SALAMANCA,OPERATIVO,442635.027,4474974.828,ETRS89,,,CALLE,JORGE JUAN,77,28009,,11014853,1900-01-01T00:00:00Z,,MU24,MU-51,2026-01-10T00:00:00Z
9009882,Aparcabicicletas,42,GOYA,4,SALAMANCA,OPERATIVO,442537.18,4474981.905,ETRS89,,,CALLE,LOPE DE RUEDA,6,28009,,11014856,2021-01-01T00:00:00Z,,MU24,ACB,2026-01-10T00:00:00Z
9009884,Aparcabicicletas,42,GOYA,4,SALAMANCA,OPERATIVO,442538.124,4474983.23,ETRS89,,,CALLE,LOPE DE RUEDA,6,28009,,11014856,2021-01-01T00:00:00Z,,MU24,ACB,2026-01-10T00:00:00Z
9009927,Aparcabicicletas,55,NUEVA ESPAÑA,5,CHAMARTIN,OPERATIVO,442608.075,4478918.983,ETRS89,,,CALLE,PRINCIPE DE VERGARA,283,28016,28016,31021821,2021-01-01T00:00:00Z,,MU24,MU-38,2026-01-10T00:00:00Z
9023482,Aparcabicicletas,56,CASTILLA,5,CHAMARTIN,OPERATIVO,442011.652,4480363.453,ETRS89,,,CALLE,AGUSTIN DE FOXA,40,28036,,20133496,2021-01-01T00:00:00Z,,MU24,MU-51,2026-01-10T00:00:00Z
9023484,Aparcabicicletas,56,CASTILLA,5,CHAMARTIN,OPERATIVO,442011.291,4480360.68,ETRS89,,,CALLE,AGUSTIN DE FOXA,40,28036,,20133496,2021-01-01T00:00:00Z,,MU24,MU-51,2026-01-10T00:00:00Z
9023486,Aparcabicicletas,56,CASTILLA,5,CHAMARTIN,OPERATIVO,442011.558,4480362.232,ETRS89,,,CALLE,AGUSTIN DE FOXA,40,28036,,20133496,2021-01-01T00:00:00Z,,MU24,MU-51,2026-01-10T00:00:00Z
9024252,Aparcabicicletas,14,JUSTICIA,1,CENTRO,OPERATIVO,441112.201,4474897.389,ETRS89,,,CALLE,CONDE DE XIQUENA,5,28004,,11004223,2021-01-01T00:00:00Z,,MU24,MU-51,2026-01-10T00:00:00Z
9024255,Aparcabicicletas,14,JUSTICIA,1,CENTRO,OPERATIVO,441112.467,4474898.83,ETRS89,,,CALLE,CONDE DE XIQUENA,5,28004,,11004223,2021-01-01T00:00:00Z,,MU24,MU-51,2026-01-10T00:00:00Z
8907199,Aparcabicicletas,42,GOYA,4,SALAMANCA,OPERATIVO,443088.693,4474947.615,ETRS89,,,CALLE,JORGE JUAN,123,28009,,31048466,2021-01-01T00:00:00Z,,MU24,MU-51,2026-01-10T00:00:00Z
8907201,Aparcabicicletas,42,GOYA,4,SALAMANCA,OPERATIVO,443087.76,4474947.622,ETRS89,,,CALLE,JORGE JUAN,123,28009,,31048466,2021-01-01T00:00:00Z,,MU24,MU-51,2026-01-10T00:00:00Z
8907203,Aparcabicicletas,42,GOYA,4,SALAMANCA,OPERATIVO,443084.366,4474947.647,ETRS89,,,CALLE,JORGE JUAN,123,28009,,31048466,2021-01-01T00:00:00Z,,MU24,MU-51,2026-01-10T00:00:00Z
8907205,Aparcabicicletas,42,GOYA,4,SALAMANCA,OPERATIVO,443089.712,4474947.718,ETRS89,,,CALLE,JORGE JUAN,123,28009,,31048466,2021-01-01T00:00:00Z,,MU24,MU-51,2026-01-10T00:00:00Z
8909125,Aparcabicicletas,84,PILAR,8,FUENCARRAL-EL PARDO,OPERATIVO,439528.064,4480540.853,ETRS89,,,CALLE,CHANTADA,34,28029,,11046494,2022-07-18T00:00:00Z,,MU24,MU-51,2026-01-10T00:00:00Z
8909127,Aparcabicicletas,84,PILAR,8,FUENCARRAL-EL PARDO,OPERATIVO,439527.138,4480541.117,ETRS89,,,CALLE,CHANTADA,34,28029,,11046494,2022-07-18T00:00:00Z,,MU24,MU-51,2026-01-10T00:00:00Z
8913833,Aparcabicicletas,107,AGUILAS,10,LATINA,OPERATIVO,435285.56,4469678.65,ETRS89,,,CALLE,VIRGEN DEL CAMINO,1,28044,,11068446,2022-07-26T00:00:00Z,,MU24,MU-51,2026-01-10T00:00:00Z
9023481,Aparcabicicletas,56,CASTILLA,5,CHAMARTIN,OPERATIVO,442011.571,4480363.897,ETRS89,,,CALLE,AGUSTIN DE FOXA,40,28036,,20133496,2021-01-01T00:00:00Z,,MU24,MU-51,2026-01-10T00:00:00Z
9023483,Aparcabicicletas,56,CASTILLA,5,CHAMARTIN,OPERATIVO,442011.649,4480363.009,ETRS89,,,CALLE,AGUSTIN DE FOXA,40,28036,,20133496,2021-01-01T00:00:00Z,,MU24,MU-51,2026-01-10T00:00:00Z
9023485,Aparcabicicletas,56,CASTILLA,5,CHAMARTIN,OPERATIVO,442011.382,4480361.457,ETRS89,,,CALLE,AGUSTIN DE FOXA,40,28036,,20133496,2021-01-01T00:00:00Z,,MU24,MU-51,2026-01-10T00:00:00Z
9024251,Aparcabicicletas,14,JUSTICIA,1,CENTRO,OPERATIVO,441125.545,4475019.28,ETRS89,,,CALLE,CONDE DE XIQUENA,17,28004,,11005058,2021-01-01T00:00:00Z,,MU24,MU-51,2026-01-10T00:00:00Z
9024254,Aparcabicicletas,14,JUSTICIA,1,CENTRO,OPERATIVO,441112.206,4474897.944,ETRS89,,,CALLE,CONDE DE XIQUENA,5,28004,,11004223,2021-01-01T00:00:00Z,,MU24,MU-51,2026-01-10T00:00:00Z
9024256,Aparcabicicletas,14,JUSTICIA,1,CENTRO,OPERATIVO,441156.061,4474886.388,ETRS89,,,CALLE,ALMIRANTE,15,28004,,11004199,2021-01-01T00:00:00Z,,MU24,MU-51,2026-01-10T00:00:00Z
9024258,Aparcabicicletas,14,JUSTICIA,1,CENTRO,OPERATIVO,441022.96,4474822.828,ETRS89,,,CALLE,PRIM,4,28004,,11004235,2021-01-01T00:00:00Z,,MU24,MU-51,2026-01-10T00:00:00Z
8913834,Aparcabicicletas,107,AGUILAS,10,LATINA,OPERATIVO,435285.296,4469679.708,ETRS89,,,CALLE,VIRGEN DEL CAMINO,1,28044,,11068446,2022-07-26T00:00:00Z,,MU24,MU-51,2026-01-10T00:00:00Z
8913836,Aparcabicicletas,107,AGUILAS,10,LATINA,OPERATIVO,435284.899,4469680.634,ETRS89,,,CALLE,VIRGEN DEL CAMINO,1,28044,,11068446,2022-07-26T00:00:00Z,,MU24,MU-51,2026-01-10T00:00:00Z
8916632,Aparcabicicletas,155,SAN PASCUAL,15,CIUDAD LINEAL,OPERATIVO,444719.447,4476701.401,ETRS89,,,CALLE,MARTINEZ VILLERGAS,3,28027,,11110982,2022-08-02T00:00:00Z,,MU24,MU-51,2026-01-10T00:00:00Z
8916634,Aparcabicicletas,155,SAN PASCUAL,15,CIUDAD LINEAL,OPERATIVO,444719.05,4476702.062,ETRS89,,,CALLE,MARTINEZ VILLERGAS,3,28027,,11110982,2022-08-02T00:00:00Z,,MU24,MU-51,2026-01-10T00:00:00Z
8913835,Aparcabicicletas,107,AGUILAS,10,LATINA,OPERATIVO,435285.692,4469677.989,ETRS89,,,CALLE,VIRGEN DEL CAMINO,1,28044,,11068446,2022-07-26T00:00:00Z,,MU24,MU-51,2026-01-10T00:00:00Z
8913846,Aparcabicicletas,107,AGUILAS,10,LATINA,OPERATIVO,435285.957,4469676.93,ETRS89,,,CALLE,VIRGEN DEL CAMINO,1,28044,,11068446,2022-07-26T00:00:00Z,,MU24,MU-51,2026-01-10T00:00:00Z
8916633,Aparcabicicletas,155,SAN PASCUAL,15,CIUDAD LINEAL,OPERATIVO,444719.844,4476700.475,ETRS89,,,CALLE,MARTINEZ VILLERGAS,3,28027,,11110982,2022-08-02T00:00:00Z,,MU24,MU-51,2026-01-10T00:00:00Z
8916636,Aparcabicicletas,155,SAN PASCUAL,15,CIUDAD LINEAL,OPERATIVO,444720.373,4476699.946,ETRS89,,,CALLE,MARTINEZ VILLERGAS,3,28027,,11110982,2022-08-02T00:00:00Z,,MU24,MU-51,2026-01-10T00:00:00Z
8916677,Aparcabicicletas,152,PUEBLO NUEVO,15,CIUDAD LINEAL,OPERATIVO,446507.597,4474659.226,ETRS89,,,CALLE,VILLAESCUSA,50,28017,,31022096,2022-08-02T00:00:00Z,,MU24,MU-51,2026-01-10T00:00:00Z
8916679,Aparcabicicletas,152,PUEBLO NUEVO,15,CIUDAD LINEAL,OPERATIVO,446508.126,4474658.829,ETRS89,,,CALLE,VILLAESCUSA,50,28017,,31022096,2022-08-02T00:00:00Z,,MU24,MU-51,2026-01-10T00:00:00Z
8916693,Aparcabicicletas,152,PUEBLO NUEVO,15,CIUDAD LINEAL,OPERATIVO,446505.877,4474660.813,ETRS89,,,CALLE,VILLAESCUSA,50,28017,,31022096,2022-08-02T00:00:00Z,,MU24,MU-51,2026-01-10T00:00:00Z
8916675,Aparcabicicletas,152,PUEBLO NUEVO,15,CIUDAD LINEAL,OPERATIVO,446507.332,4474659.622,ETRS89,,,CALLE,VILLAESCUSA,50,28017,,31022096,2022-08-02T00:00:00Z,,MU24,MU-51,2026-01-10T00:00:00Z
8916678,Aparcabicicletas,152,PUEBLO NUEVO,15,CIUDAD LINEAL,OPERATIVO,446506.538,4474660.152,ETRS89,,,CALLE,VILLAESCUSA,50,28017,,31022096,2022-08-02T00:00:00Z,,MU24,MU-51,2026-01-10T00:00:00Z
8916680,Aparcabicicletas,152,PUEBLO NUEVO,15,CIUDAD LINEAL,OPERATIVO,446508.92,4474658.43,ETRS89,,,CALLE,VILLAESCUSA,50,28017,,31022096,2021-10-25T00:00:00Z,,MU24,MU-51,2026-01-10T00:00:00Z
8916694,Aparcabicicletas,152,PUEBLO NUEVO,15,CIUDAD LINEAL,OPERATIVO,446509.317,4474658.167,ETRS89,,,CALLE,VILLAESCUSA,50,28017,,31022096,2022-08-02T00:00:00Z,,MU24,MU-51,2026-01-10T00:00:00Z
9052486,Aparcabicicletas,52,PROSPERIDAD,5,CHAMARTIN,OPERATIVO,442447.845,4476881.021,ETRS89,,,CALLE,PRINCIPE DE VERGARA,118,28002,,11021938,2021-01-01T00:00:00Z,,MU24,MU-51,2026-01-10T00:00:00Z
9057601,Aparcabicicletas,51,EL VISO,5,CHAMARTIN,OPERATIVO,441446.788,4477826.232,ETRS89,,,CALLE,HERMANOS PINZON,2,28036,,11020893,2021-01-01T00:00:00Z,,MU24,MU-51,2026-01-10T00:00:00Z
9057602,Aparcabicicletas,51,EL VISO,5,CHAMARTIN,OPERATIVO,441446.887,4477828.007,ETRS89,,,CALLE,HERMANOS PINZON,2,28036,,11020893,2021-01-01T00:00:00Z,,MU24,MU-51,2026-01-10T00:00:00Z
9057604,Aparcabicicletas,51,EL VISO,5,CHAMARTIN,OPERATIVO,441446.798,4477827.453,ETRS89,,,CALLE,HERMANOS PINZON,2,28036,,11020893,2021-01-01T00:00:00Z,,MU24,MU-51,2026-01-10T00:00:00Z
9057606,Aparcabicicletas,51,EL VISO,5,CHAMARTIN,OPERATIVO,441446.692,4477824.789,ETRS89,,,CALLE,HERMANOS PINZON,2,28036,,11020893,2021-01-01T00:00:00Z,,MU24,MU-51,2026-01-10T00:00:00Z
9057608,Aparcabicicletas,51,EL VISO,5,CHAMARTIN,OPERATIVO,441446.793,4477826.787,ETRS89,,,CALLE,HERMANOS PINZON,2,28036,,11020893,2021-01-01T00:00:00Z,,MU24,MU-51,2026-01-10T00:00:00Z
9057603,Aparcabicicletas,51,EL VISO,5,CHAMARTIN,OPERATIVO,441446.601,4477824.013,ETRS89,,,CALLE,HERMANOS PINZON,2,28036,,11020893,2021-01-01T00:00:00Z,,MU24,MU-51,2026-01-10T00:00:00Z
9057605,Aparcabicicletas,51,EL VISO,5,CHAMARTIN,OPERATIVO,441446.89,4477828.451,ETRS89,,,CALLE,HERMANOS PINZON,2,28036,,11020893,2021-01-01T00:00:00Z,,MU24,MU-51,2026-01-10T00:00:00Z
9057607,Aparcabicicletas,51,EL VISO,5,CHAMARTIN,OPERATIVO,441446.697,4477825.455,ETRS89,,,CALLE,HERMANOS PINZON,2,28036,,11020893,2021-01-01T00:00:00Z,,MU24,MU-51,2026-01-10T00:00:00Z
9126704,Aparcabicicletas,206,REJAS,20,SAN BLAS-CANILLEJAS,OPERATIVO,449746.36,4477091.527,ETRS89,,,CALLE,EUTERPE,12,28022,,31025729,2022-12-14T00:00:00Z,,MU24,MU-51,2026-01-10T00:00:00Z
9126719,Aparcabicicletas,159,COSTILLARES,15,CIUDAD LINEAL,OPERATIVO,443571.646,4481391.9,ETRS89,,,CALLE,ARTURO SORIA,336,28033,,11112767,2022-12-16T00:00:00Z,,MU24,MU-51,2026-01-10T00:00:00Z
9126733,Aparcabicicletas,159,COSTILLARES,15,CIUDAD LINEAL,OPERATIVO,443569,4481390.18,ETRS89,,,CALLE,ARTURO SORIA,336,28033,,11112767,2022-12-16T00:00:00Z,,MU24,MU-51,2026-01-10T00:00:00Z
9126682,Aparcabicicletas,206,REJAS,20,SAN BLAS-CANILLEJAS,OPERATIVO,449745.302,4477098.538,ETRS89,,,CALLE,EUTERPE,12,28022,,31025729,2022-12-16T00:00:00Z,,MU24,MU-51,2026-01-10T00:00:00Z
9126708,Aparcabicicletas,206,REJAS,20,SAN BLAS-CANILLEJAS,OPERATIVO,449745.698,4477095.76,ETRS89,,,CALLE,EUTERPE,12,28022,,31025729,2022-12-16T00:00:00Z,,MU24,MU-51,2026-01-10T00:00:00Z
9024257,Aparcabicicletas,14,JUSTICIA,1,CENTRO,OPERATIVO,441077.308,4474948.171,ETRS89,,,CALLE,PIAMONTE,23,28004,,11005064,2021-01-01T00:00:00Z,,MU24,MU-51,2026-01-10T00:00:00Z
9024259,Aparcabicicletas,14,JUSTICIA,1,CENTRO,OPERATIVO,441024.825,4474822.702,ETRS89,,,CALLE,PRIM,4,28004,,11004235,2021-01-01T00:00:00Z,,MU24,MU-51,2026-01-10T00:00:00Z
9024287,Aparcabicicletas,13,CORTES,1,CENTRO,OPERATIVO,440910.85,4474452.17,ETRS89,,,CALLE,ALCALA,42,28014,,11004013,2022-10-30T00:00:00Z,,MU24,MU-51,2026-01-10T00:00:00Z
9024334,Aparcabicicletas,56,CASTILLA,5,CHAMARTIN,OPERATIVO,442015.196,4480361.316,ETRS89,,,CALLE,AGUSTIN DE FOXA,40,28036,,20133496,2021-01-01T00:00:00Z,,MU24,MU-51,2026-01-10T00:00:00Z
9024336,Aparcabicicletas,56,CASTILLA,5,CHAMARTIN,OPERATIVO,442015.02,4480360.54,ETRS89,,,CALLE,AGUSTIN DE FOXA,40,28036,,20133496,2021-01-01T00:00:00Z,,MU24,MU-51,2026-01-10T00:00:00Z
9024338,Aparcabicicletas,56,CASTILLA,5,CHAMARTIN,OPERATIVO,442013.178,4480363.441,ETRS89,,,CALLE,AGUSTIN DE FOXA,40,28036,,20133496,2021-01-01T00:00:00Z,,MU24,MU-51,2026-01-10T00:00:00Z
9024340,Aparcabicicletas,56,CASTILLA,5,CHAMARTIN,OPERATIVO,442015.371,4480361.981,ETRS89,,,CALLE,AGUSTIN DE FOXA,40,28036,,20133496,2021-01-01T00:00:00Z,,MU24,MU-51,2026-01-10T00:00:00Z
9024343,Aparcabicicletas,56,CASTILLA,5,CHAMARTIN,OPERATIVO,442015.293,4480362.87,ETRS89,,,CALLE,AGUSTIN DE FOXA,40,28036,,20133496,2021-01-01T00:00:00Z,,MU24,MU-51,2026-01-10T00:00:00Z
9024388,Aparcabicicletas,13,CORTES,1,CENTRO,OPERATIVO,440963.78,4474461.86,ETRS89,,,CALLE,ALCALA,46,28014,,11004015,2022-10-30T00:00:00Z,,MU24,MU-51,2026-01-10T00:00:00Z
9024390,Aparcabicicletas,13,CORTES,1,CENTRO,OPERATIVO,440957.69,4474463.57,ETRS89,,,CALLE,ALCALA,44,28014,,11004014,2022-10-30T00:00:00Z,,MU24,MU-51,2026-01-10T00:00:00Z
9024413,Aparcabicicletas,13,CORTES,1,CENTRO,OPERATIVO,440981.399,4474468.489,ETRS89,,,CALLE,ALCALA,46,28014,,11004015,2021-01-01T00:00:00Z,,MU24,MU-51,2026-01-10T00:00:00Z
9075751,Aparcabicicletas,91,CASA DE CAMPO,9,MONCLOA-ARAVACA,OPERATIVO,438305.901,4474985.333,ETRS89,,,CALLE,SAN POL DE MAR,11,28008,,11051526,2022-11-24T00:00:00Z,,MU24,MU-51,2026-01-10T00:00:00Z
9090144,Aparcabicicletas,153,QUINTANA,15,CIUDAD LINEAL,OPERATIVO,445243.589,4476451.454,ETRS89,,,CALLE,HERMANOS DE PABLO,26,28027,,11108930,2022-11-28T00:00:00Z,,MU24,MU-51,2026-01-10T00:00:00Z
9090146,Aparcabicicletas,153,QUINTANA,15,CIUDAD LINEAL,OPERATIVO,445243.722,4476450.925,ETRS89,,,CALLE,HERMANOS DE PABLO,26,28027,,11108930,2022-11-28T00:00:00Z,,MU24,MU-51,2026-01-10T00:00:00Z
9134076,Aparcabicicletas,31,PACIFICO,3,RETIRO,OPERATIVO,442764.03,4472814.0,ETRS89,,,CALLE,Valderribas,49,28007,,11011123,2023-03-16T00:00:00Z,,MU24,MU-51,2026-01-10T00:00:00Z
9134096,Aparcabicicletas,206,REJAS,20,SAN BLAS-CANILLEJAS,OPERATIVO,449746.119,4477093.266,ETRS89,,,CALLE,EUTERPE,12,28022,,31025729,2023-01-10T00:00:00Z,,MU24,MU-51,2026-01-10T00:00:00Z
9126729,Aparcabicicletas,159,COSTILLARES,15,CIUDAD LINEAL,OPERATIVO,443570.588,4481390.841,ETRS89,,,CALLE,ARTURO SORIA,336,28033,,11112767,2022-12-16T00:00:00Z,,MU24,MU-51,2026-01-10T00:00:00Z
9126741,Aparcabicicletas,159,COSTILLARES,15,CIUDAD LINEAL,OPERATIVO,,,ETRS89,,,CALLE,ARTURO SORIA,336,28033,,11112767,2022-12-16T00:00:00Z,,MU24,MU-51,2026-01-10T00:00:00Z
9127150,Aparcabicicletas,154,LA CONCEPCIÓN,15,CIUDAD LINEAL,OPERATIVO,445204.235,4477219.082,ETRS89,,,CALLE,FERNANDEZ CARO,13,28027,,11110531,2022-12-16T00:00:00Z,,MU24,MU-51,2026-01-10T00:00:00Z
9127157,Aparcabicicletas,154,LA CONCEPCIÓN,15,CIUDAD LINEAL,OPERATIVO,445203.573,4477218.024,ETRS89,,,CALLE,FERNANDEZ CARO,13,28027,,11110531,2022-12-16T00:00:00Z,,MU24,MU-51,2026-01-10T00:00:00Z
9127159,Aparcabicicletas,154,LA CONCEPCIÓN,15,CIUDAD LINEAL,OPERATIVO,445201.986,4477216.965,ETRS89,,,CALLE,FERNANDEZ CARO,13,28027,,11110531,2022-12-16T00:00:00Z,,MU24,MU-51,2026-01-10T00:00:00Z
9127343,Aparcabicicletas,166,VALDEFUENTES,16,HORTALEZA,OPERATIVO,448260.737,4481915.004,ETRS89,,,CALLE,FERNANDO HIGUERAS,31,28055,,31063601,2022-12-20T00:00:00Z,,MU24,MU-51,2026-01-10T00:00:00Z
9127352,Aparcabicicletas,211,ALAMEDA DE OSUNA,21,BARAJAS,OPERATIVO,449795.713,4478411.894,ETRS89,,,CALLE,LA RIOJA,4,28042,,31069476,2022-12-21T00:00:00Z,,MU24,MU-51,2026-01-10T00:00:00Z
9127357,Aparcabicicletas,211,ALAMEDA DE OSUNA,21,BARAJAS,OPERATIVO,449909.351,4478509.657,ETRS89,,,CALLE,LA RIOJA,4,28042,,31069476,2022-12-21T00:00:00Z,,MU24,MU-51,2026-01-10T00:00:00Z
9127950,Aparcabicicletas,159,COSTILLARES,15,CIUDAD LINEAL,OPERATIVO,443569.656,4481390.109,ETRS89,,,CALLE,ARTURO SORIA,336,28033,,11112767,2022-12-20T00:00:00Z,,MU24,MU-51,2026-01-10T00:00:00Z
9128116,Aparcabicicletas,62,CUATRO CAMINOS,6,TETUAN,OPERATIVO,440414.7,4478324.58,ETRS89,,,CALLE,JUAN DE OLIAS,2,28020,,11029817,2022-12-29T00:00:00Z,,MU24,MU-51,2026-01-10T00:00:00Z
9128118,Aparcabicicletas,62,CUATRO CAMINOS,6,TETUAN,OPERATIVO,440408.175,4478325.08,ETRS89,,,CALLE,JUAN DE OLIAS,2,28020,,11029817,2022-12-27T00:00:00Z,,MU24,MU-51,2026-01-10T00:00:00Z
9128517,Aparcabicicletas,159,COSTILLARES,15,CIUDAD LINEAL,OPERATIVO,,,ETRS89,,,CALLE,LAUD,6,28033,,20135015,2022-12-27T00:00:00Z,,MU24,MU-51,2026-01-10T00:00:00Z
9128520,Aparcabicicletas,159,COSTILLARES,15,CIUDAD LINEAL,OPERATIVO,443742.791,4481521.672,ETRS89,,,CALLE,LAUD,4,28033,,20135012,2022-12-21T00:00:00Z,,MU24,MU-51,2026-01-10T00:00:00Z
9128523,Aparcabicicletas,157,COLINA,15,CIUDAD LINEAL,OPERATIVO,444041.44,4478889.75,ETRS89,,,CALLE,LOPEZ DE HOYOS,362,28043,,11112006,2022-12-27T00:00:00Z,,MU24,MU-51,2026-01-10T00:00:00Z
9128592,Aparcabicicletas,65,VALDEACEDERAS,6,TETUAN,OPERATIVO,440610.811,4480009.45,ETRS89,,,CALLE,DIVINO REDENTOR,46,28029,,11033457,2022-12-28T00:00:00Z,,MU24,MU-51,2026-01-10T00:00:00Z
9128594,Aparcabicicletas,65,VALDEACEDERAS,6,TETUAN,OPERATIVO,440611.757,4480011.22,ETRS89,,,CALLE,DIVINO REDENTOR,46,28029,,11033457,2022-12-28T00:00:00Z,,MU24,MU-51,2026-01-10T00:00:00Z
9128597,Aparcabicicletas,52,PROSPERIDAD,5,CHAMARTIN,OPERATIVO,442428.287,4476719.99,ETRS89,,,CALLE,PRINCIPE DE VERGARA,108,28002,,11021940,2021-01-01T00:00:00Z,,MU24,MU-51,2026-01-10T00:00:00Z
9128599,Aparcabicicletas,52,PROSPERIDAD,5,CHAMARTIN,OPERATIVO,442429.686,4476703.328,ETRS89,,,CALLE,PRINCIPE DE VERGARA,108,28002,,11021940,2021-01-01T00:00:00Z,,MU24,MU-51,2026-01-10T00:00:00Z
9155211,Aparcabicicletas,52,PROSPERIDAD,5,CHAMARTIN,OPERATIVO,443444.81,4477460.76,ETRS89,,,CALLE,CORAZON DE MARIA,45,28002,,11022342,2023-01-04T00:00:00Z,,MU24,MU-51,2026-01-10T00:00:00Z
9155213,Aparcabicicletas,52,PROSPERIDAD,5,CHAMARTIN,OPERATIVO,443443.4,4477454.44,ETRS89,,,CALLE,CORAZON DE MARIA,43,28002,,11022341,2023-01-04T00:00:00Z,,MU24,MU-51,2026-01-10T00:00:00Z
9155217,Aparcabicicletas,46,CASTELLANA,4,SALAMANCA,OPERATIVO,441961.3,4476315.87,ETRS89,,,CALLE,LAGASCA,120,28006,,11020114,2023-01-04T00:00:00Z,,MU24,MU-51,2026-01-10T00:00:00Z
9155219,Aparcabicicletas,46,CASTELLANA,4,SALAMANCA,OPERATIVO,441960.34,4476324.31,ETRS89,,,CALLE,LAGASCA,122,28006,,11020115,2023-01-04T00:00:00Z,,MU24,MU-51,2026-01-10T00:00:00Z
9155526,Aparcabicicletas,166,VALDEFUENTES,16,HORTALEZA,OPERATIVO,447775.143,4481898.601,ETRS89,,,CALLE,MARIA DE LAS MERCEDES DE BORBON,26,28055,,31054085,2023-01-20T00:00:00Z,,MU24,MU-51,2026-01-10T00:00:00Z
9155529,Aparcabicicletas,166,VALDEFUENTES,16,HORTALEZA,OPERATIVO,447772.762,4481897.675,ETRS89,,,CALLE,MARIA DE LAS MERCEDES DE BORBON,2,28055,,31061687,2023-01-20T00:00:00Z,,MU24,MU-51,2026-01-10T00:00:00Z
9155858,Aparcabicicletas,36,NIÑO JESUS,3,RETIRO,OPERATIVO,442616.6,4473686.41,ETRS89,,,CALLE,ANUNCIACION,1,28009,,20008564,2023-01-04T00:00:00Z,,MU24,MU-51,2026-01-10T00:00:00Z
9155861,Aparcabicicletas,36,NIÑO JESUS,3,RETIRO,OPERATIVO,442617.01,4473685.19,ETRS89,,,CALLE,ANUNCIACION,1,28009,,20008564,2023-01-04T00:00:00Z,,MU24,MU-51,2026-01-10T00:00:00Z
9156091,Aparcabicicletas,122,ORCASUR,12,USERA,OPERATIVO,440348.573,4468750.749,ETRS89,,,CALLE,FERNANDO ORTIZ,2,28041,,31009959,2023-01-03T00:00:00Z,,MU24,MU-51,2026-01-10T00:00:00Z
9156094,Aparcabicicletas,122,ORCASUR,12,USERA,OPERATIVO,440351.219,4468750.352,ETRS89,,,CALLE,FERNANDO ORTIZ,2,28041,,31009959,2023-01-03T00:00:00Z,,MU24,MU-51,2026-01-10T00:00:00Z
9156763,Aparcabicicletas,74,ALMAGRO,7,CHAMBERI,OPERATIVO,441359.664,4476598.18,ETRS89,,,CALLE,MIGUEL ANGEL,33,28010,,20014424,2023-01-24T00:00:00Z,,MU24,MU-51,2026-01-10T00:00:00Z
9158512,Aparcabicicletas,73,TRAFALGAR,7,CHAMBERI,OPERATIVO,440415.403,4476632.71,ETRS89,,,CALLE,GENERAL ALVAREZ DE CASTRO,46,28010,,11040310,2023-01-25T00:00:00Z,,MU24,MU-51,2026-01-10T00:00:00Z
9158514,Aparcabicicletas,73,TRAFALGAR,7,CHAMBERI,OPERATIVO,440415.176,4476636.16,ETRS89,,,CALLE,GENERAL ALVAREZ DE CASTRO,46,28010,,11040310,2023-01-25T00:00:00Z,,MU24,MU-51,2026-01-10T00:00:00Z
9158516,Aparcabicicletas,73,TRAFALGAR,7,CHAMBERI,OPERATIVO,440415.24,4476633.61,ETRS89,,,CALLE,GENERAL ALVAREZ DE CASTRO,46,28010,,11040310,2023-01-25T00:00:00Z,,MU24,MU-51,2026-01-10T00:00:00Z
9158518,Aparcabicicletas,73,TRAFALGAR,7,CHAMBERI,OPERATIVO,440415.248,4476634.6,ETRS89,,,CALLE,GENERAL ALVAREZ DE CASTRO,46,28010,,11040310,2023-01-25T00:00:00Z,,MU24,MU-51,2026-01-10T00:00:00Z
9158520,Aparcabicicletas,73,TRAFALGAR,7,CHAMBERI,OPERATIVO,440415.376,4476629.38,ETRS89,,,CALLE,GENERAL ALVAREZ DE CASTRO,46,28010,,11040310,2023-01-25T00:00:00Z,,MU24,MU-51,2026-01-10T00:00:00Z
9158522,Aparcabicicletas,159,COSTILLARES,15,CIUDAD LINEAL,OPERATIVO,443691.245,4479856.434,ETRS89,,,CALLE,AÑASTRO,3,28033,,11112542,2023-01-17T00:00:00Z,,MU24,MU-51,2026-01-10T00:00:00Z
9158526,Aparcabicicletas,159,COSTILLARES,15,CIUDAD LINEAL,OPERATIVO,443695.743,4479857.889,ETRS89,,,CALLE,AÑASTRO,3,28033,,11112542,2023-01-17T00:00:00Z,,MU24,MU-51,2026-01-10T00:00:00Z
9158785,Aparcabicicletas,73,TRAFALGAR,7,CHAMBERI,OPERATIVO,440422.567,4476616.34,ETRS89,,,CALLE,GENERAL ALVAREZ DE CASTRO,46,28010,,11040310,2023-01-26T00:00:00Z,,MU24,MU-51,2026-01-10T00:00:00Z
9158787,Aparcabicicletas,73,TRAFALGAR,7,CHAMBERI,OPERATIVO,440423.047,4476612.784,ETRS89,,,CALLE,GENERAL ALVAREZ DE CASTRO,44,28010,,11040308,2021-01-01T00:00:00Z,,MU24,MU-51,2026-01-10T00:00:00Z
9158793,Aparcabicicletas,85,LA PAZ,8,FUENCARRAL-EL PARDO,OPERATIVO,441719.745,4481257.137,ETRS89,,,CALLE,ARZOBISPO MORCILLO,2,28029,,20103522,2023-01-03T00:00:00Z,,MU24,MU-51,2026-01-10T00:00:00Z
9158796,Aparcabicicletas,85,LA PAZ,8,FUENCARRAL-EL PARDO,OPERATIVO,441714.189,4481257.666,ETRS89,,,CALLE,ARZOBISPO MORCILLO,2,28029,,20103522,2023-01-03T00:00:00Z,,MU24,MU-51,2026-01-10T00:00:00Z
9158799,Aparcabicicletas,93,CIUDAD UNIVERSITARIA,9,MONCLOA-ARAVACA,OPERATIVO,439463.719,4478808.672,ETRS89,,,CALLE,MARIA AUXILIADORA,1,28040,,11053485,2023-01-03T00:00:00Z,,MU24,MU-51,2026-01-10T00:00:00Z
9158805,Aparcabicicletas,93,CIUDAD UNIVERSITARIA,9,MONCLOA-ARAVACA,OPERATIVO,439457.899,4478810.789,ETRS89,,,CALLE,MARIA AUXILIADORA,1,28040,,11053485,2023-01-03T00:00:00Z,,MU24,MU-51,2026-01-10T00:00:00Z
9159427,Aparcabicicletas,42,GOYA,4,SALAMANCA,OPERATIVO,442825.34,4475198.023,ETRS89,40.42545192,-3.67400776,CALLE,ALCALA,106,28009,,11015242,2021-01-01T00:00:00Z,,MU24,MU-51,2026-01-10T00:00:00Z
9127143,Aparcabicicletas,154,LA CONCEPCIÓN,15,CIUDAD LINEAL,OPERATIVO,,,ETRS89,,,CALLE,FERNANDEZ CARO,44,28027,,11110398,2022-12-16T00:00:00Z,,MU24,MU-51,2026-01-10T00:00:00Z
9127156,Aparcabicicletas,154,LA CONCEPCIÓN,15,CIUDAD LINEAL,OPERATIVO,445203.309,4477218.95,ETRS89,,,CALLE,FERNANDEZ CARO,13,28027,,11110531,2022-12-16T00:00:00Z,,MU24,MU-51,2026-01-10T00:00:00Z
9127158,Aparcabicicletas,154,LA CONCEPCIÓN,15,CIUDAD LINEAL,OPERATIVO,445203.044,4477217.23,ETRS89,,,CALLE,FERNANDEZ CARO,13,28027,,11110531,2022-12-16T00:00:00Z,,MU24,MU-51,2026-01-10T00:00:00Z
9127160,Aparcabicicletas,154,LA CONCEPCIÓN,15,CIUDAD LINEAL,OPERATIVO,445202.118,4477216.304,ETRS89,,,CALLE,FERNANDEZ CARO,13,28027,,11110531,2022-12-16T00:00:00Z,,MU24,MU-51,2026-01-10T00:00:00Z
9127344,Aparcabicicletas,166,VALDEFUENTES,16,HORTALEZA,OPERATIVO,448259.017,4481915.533,ETRS89,,,CALLE,FERNANDO HIGUERAS,31,28055,,31063601,2022-12-20T00:00:00Z,,MU24,MU-51,2026-01-10T00:00:00Z
9127353,Aparcabicicletas,211,ALAMEDA DE OSUNA,21,BARAJAS,OPERATIVO,449797.432,4478413.746,ETRS89,,,CALLE,LA RIOJA,4,28042,,31069476,2022-12-21T00:00:00Z,,MU24,MU-51,2026-01-10T00:00:00Z
9024264,Aparcabicicletas,14,JUSTICIA,1,CENTRO,OPERATIVO,441084.205,4474821.791,ETRS89,,,CALLE,PRIM,5,28004,,11004240,2021-01-01T00:00:00Z,,MU24,MU-51,2026-01-10T00:00:00Z
9024288,Aparcabicicletas,13,CORTES,1,CENTRO,OPERATIVO,440913.57,4474452.59,ETRS89,,,CALLE,ALCALA,42,28014,,11004013,2022-10-30T00:00:00Z,,MU24,MU-51,2026-01-10T00:00:00Z
9024335,Aparcabicicletas,56,CASTILLA,5,CHAMARTIN,OPERATIVO,442013.252,4480362.108,ETRS89,,,CALLE,AGUSTIN DE FOXA,40,28036,,20133496,2021-01-01T00:00:00Z,,MU24,MU-51,2026-01-10T00:00:00Z
9024337,Aparcabicicletas,56,CASTILLA,5,CHAMARTIN,OPERATIVO,442015.108,4480360.873,ETRS89,,,CALLE,AGUSTIN DE FOXA,40,28036,,20133496,2021-01-01T00:00:00Z,,MU24,MU-51,2026-01-10T00:00:00Z
9024339,Aparcabicicletas,56,CASTILLA,5,CHAMARTIN,OPERATIVO,442013.171,4480362.553,ETRS89,,,CALLE,AGUSTIN DE FOXA,40,28036,,20133496,2021-01-01T00:00:00Z,,MU24,MU-51,2026-01-10T00:00:00Z
9024342,Aparcabicicletas,56,CASTILLA,5,CHAMARTIN,OPERATIVO,442015.289,4480362.315,ETRS89,,,CALLE,AGUSTIN DE FOXA,40,28036,,20133496,2021-01-01T00:00:00Z,,MU24,MU-51,2026-01-10T00:00:00Z
9024344,Aparcabicicletas,56,CASTILLA,5,CHAMARTIN,OPERATIVO,442013.174,4480362.886,ETRS89,,,CALLE,AGUSTIN DE FOXA,40,28036,,20133496,2021-01-01T00:00:00Z,,MU24,MU-51,2026-01-10T00:00:00Z
9024389,Aparcabicicletas,13,CORTES,1,CENTRO,OPERATIVO,440962.42,4474460.54,ETRS89,,,CALLE,ALCALA,44,28014,,11004014,2022-10-30T00:00:00Z,,MU24,MU-51,2026-01-10T00:00:00Z
9024412,Aparcabicicletas,13,CORTES,1,CENTRO,OPERATIVO,440983.864,4474469.136,ETRS89,,,CALLE,ALCALA,46,28014,,11004015,2021-01-01T00:00:00Z,,MU24,MU-51,2026-01-10T00:00:00Z
9024414,Aparcabicicletas,13,CORTES,1,CENTRO,OPERATIVO,440982.588,4474468.702,ETRS89,,,CALLE,ALCALA,46,28014,,11004015,2021-01-01T00:00:00Z,,MU24,MU-51,2026-01-10T00:00:00Z
9090143,Aparcabicicletas,153,QUINTANA,15,CIUDAD LINEAL,OPERATIVO,445243.193,4476452.38,ETRS89,,,CALLE,HERMANOS DE PABLO,26,28027,,11108930,2022-11-28T00:00:00Z,,MU24,,2026-01-10T00:00:00Z
9090145,Aparcabicicletas,153,QUINTANA,15,CIUDAD LINEAL,OPERATIVO,445243.854,4476450.661,ETRS89,,,CALLE,HERMANOS DE PABLO,26,28027,,11108930,2022-11-28T00:00:00Z,,MU24,MU-51,2026-01-10T00:00:00Z
9134077,Aparcabicicletas,31,PACIFICO,3,RETIRO,OPERATIVO,442763.02,4472814.67,ETRS89,,,CALLE,Valderribas,49,28007,,11011123,2023-03-16T00:00:00Z,,MU24,MU-51,2026-01-10T00:00:00Z
9134097,Aparcabicicletas,206,REJAS,20,SAN BLAS-CANILLEJAS,OPERATIVO,449745.987,4477094.721,ETRS89,,,CALLE,EUTERPE,12,28022,,31025729,2023-01-10T00:00:00Z,,MU24,MU-51,2026-01-10T00:00:00Z
9155210,Aparcabicicletas,52,PROSPERIDAD,5,CHAMARTIN,OPERATIVO,443443.59,4477457.44,ETRS89,,,CALLE,CORAZON DE MARIA,45,28002,,11022342,2023-01-04T00:00:00Z,,MU24,MU-51,2026-01-10T00:00:00Z
9155212,Aparcabicicletas,52,PROSPERIDAD,5,CHAMARTIN,OPERATIVO,443444.28,4477458.43,ETRS89,,,CALLE,CORAZON DE MARIA,45,28002,,11022342,2023-01-04T00:00:00Z,,MU24,MU-51,2026-01-10T00:00:00Z
9155214,Aparcabicicletas,52,PROSPERIDAD,5,CHAMARTIN,OPERATIVO,443444.82,4477462.98,ETRS89,,,CALLE,CORAZON DE MARIA,45,28002,,11022342,2023-01-04T00:00:00Z,,MU24,MU-51,2026-01-10T00:00:00Z
9155218,Aparcabicicletas,46,CASTELLANA,4,SALAMANCA,OPERATIVO,441961.32,4476319.09,ETRS89,,,CALLE,LAGASCA,120,28006,,11020114,2023-01-04T00:00:00Z,,MU24,MU-51,2026-01-10T00:00:00Z
9155220,Aparcabicicletas,46,CASTELLANA,4,SALAMANCA,OPERATIVO,441960.92,4476322.75,ETRS89,,,CALLE,LAGASCA,122,28006,,11020115,2023-01-04T00:00:00Z,,MU24,MU-51,2026-01-10T00:00:00Z
9155527,Aparcabicicletas,166,VALDEFUENTES,16,HORTALEZA,OPERATIVO,447773.953,4481898.204,ETRS89,,,CALLE,MARIA DE LAS MERCEDES DE BORBON,26,28055,,31054085,2023-01-20T00:00:00Z,,MU24,MU-51,2026-01-10T00:00:00Z
9155530,Aparcabicicletas,166,VALDEFUENTES,16,HORTALEZA,OPERATIVO,447771.968,4481896.749,ETRS89,,,CALLE,MARIA DE LAS MERCEDES DE BORBON,26,28055,,31054085,2023-01-20T00:00:00Z,,MU24,MU-51,2026-01-10T00:00:00Z
9155859,Aparcabicicletas,36,NIÑO JESUS,3,RETIRO,OPERATIVO,442617.43,4473683.96,ETRS89,,,CALLE,ANUNCIACION,1,28009,,20008564,2023-01-04T00:00:00Z,,MU24,MU-51,2026-01-10T00:00:00Z
9156089,Aparcabicicletas,122,ORCASUR,12,USERA,OPERATIVO,440347.118,4468750.881,ETRS89,,,CALLE,FERNANDO ORTIZ,2,28041,,31009959,2023-01-03T00:00:00Z,,MU24,MU-51,2026-01-10T00:00:00Z
9156093,Aparcabicicletas,122,ORCASUR,12,USERA,OPERATIVO,440349.896,4468750.484,ETRS89,,,CALLE,FERNANDO ORTIZ,2,28041,,31009959,2023-01-03T00:00:00Z,,MU24,MU-51,2026-01-10T00:00:00Z
9156762,Aparcabicicletas,74,ALMAGRO,7,CHAMBERI,OPERATIVO,441360.936,4476598.169,ETRS89,,,CALLE,MIGUEL ANGEL,33,28010,,20014424,2021-01-01T00:00:00Z,,MU24,MU-51,2026-01-10T00:00:00Z
9156764,Aparcabicicletas,74,ALMAGRO,7,CHAMBERI,OPERATIVO,441358.818,4476598.518,ETRS89,,,CALLE,MIGUEL ANGEL,33,28010,,20014424,2021-01-01T00:00:00Z,,MU24,MU-51,2026-01-10T00:00:00Z
9158513,Aparcabicicletas,73,TRAFALGAR,7,CHAMBERI,OPERATIVO,440415.215,4476630.39,ETRS89,,,CALLE,GENERAL ALVAREZ DE CASTRO,46,28010,,11040310,2023-01-25T00:00:00Z,,MU24,MU-51,2026-01-10T00:00:00Z
9158515,Aparcabicicletas,73,TRAFALGAR,7,CHAMBERI,OPERATIVO,440415.135,4476631.05,ETRS89,,,CALLE,GENERAL ALVAREZ DE CASTRO,46,28010,,11040310,2023-01-25T00:00:00Z,,MU24,MU-51,2026-01-10T00:00:00Z
9158517,Aparcabicicletas,73,TRAFALGAR,7,CHAMBERI,OPERATIVO,440415.539,4476628.5,ETRS89,,,CALLE,GENERAL ALVAREZ DE CASTRO,46,28010,,11040310,2023-01-25T00:00:00Z,,MU24,MU-51,2026-01-10T00:00:00Z
9158519,Aparcabicicletas,73,TRAFALGAR,7,CHAMBERI,OPERATIVO,440415.084,4476635.27,ETRS89,,,CALLE,GENERAL ALVAREZ DE CASTRO,46,28010,,11040310,2023-01-25T00:00:00Z,,MU24,MU-51,2026-01-10T00:00:00Z
9158521,Aparcabicicletas,159,COSTILLARES,15,CIUDAD LINEAL,OPERATIVO,443692.568,4479856.698,ETRS89,,,CALLE,AÑASTRO,3,28033,,11112542,2023-01-17T00:00:00Z,,MU24,MU-51,2026-01-10T00:00:00Z
9158524,Aparcabicicletas,159,COSTILLARES,15,CIUDAD LINEAL,OPERATIVO,443688.732,4479856.169,ETRS89,,,CALLE,AÑASTRO,3,28033,,11112542,2023-01-17T00:00:00Z,,MU24,MU-51,2026-01-10T00:00:00Z
9158527,Aparcabicicletas,159,COSTILLARES,15,CIUDAD LINEAL,OPERATIVO,443694.024,4479857.228,ETRS89,,,CALLE,AÑASTRO,3,28033,,11112542,2023-01-17T00:00:00Z,,MU24,MU-51,2026-01-10T00:00:00Z
9158786,Aparcabicicletas,73,TRAFALGAR,7,CHAMBERI,OPERATIVO,440423.648,4476613.667,ETRS89,,,CALLE,GENERAL ALVAREZ DE CASTRO,46,28010,,11040310,2021-01-01T00:00:00Z,,MU24,MU-51,2026-01-10T00:00:00Z
9158788,Aparcabicicletas,73,TRAFALGAR,7,CHAMBERI,OPERATIVO,440423.572,4476614.78,ETRS89,,,CALLE,GENERAL ALVAREZ DE CASTRO,46,28010,,11040310,2023-01-26T00:00:00Z,,MU24,MU-51,2026-01-10T00:00:00Z
9158795,Aparcabicicletas,85,LA PAZ,8,FUENCARRAL-EL PARDO,OPERATIVO,441716.835,4481258.195,ETRS89,,,CALLE,ARZOBISPO MORCILLO,2,28029,,20103522,2023-01-03T00:00:00Z,,MU24,MU-51,2026-01-10T00:00:00Z
9158797,Aparcabicicletas,85,LA PAZ,8,FUENCARRAL-EL PARDO,OPERATIVO,441716.57,4481256.607,ETRS89,,,CALLE,ARZOBISPO MORCILLO,2,28029,,20103522,2023-01-03T00:00:00Z,,MU24,MU-51,2026-01-10T00:00:00Z
9158804,Aparcabicicletas,93,CIUDAD UNIVERSITARIA,9,MONCLOA-ARAVACA,OPERATIVO,439460.544,4478809.73,ETRS89,,,CALLE,MARIA AUXILIADORA,1,28040,,11053485,2023-01-03T00:00:00Z,,MU24,MU-51,2026-01-10T00:00:00Z
9159428,Aparcabicicletas,42,GOYA,4,SALAMANCA,OPERATIVO,442824.467,4475197.391,ETRS89,,,CALLE,ALCALA,106,28009,,11015242,2021-01-01T00:00:00Z,,MU24,MU-51,2026-01-10T00:00:00Z
9159430,Aparcabicicletas,42,GOYA,4,SALAMANCA,OPERATIVO,442826.286,4475198.533,ETRS89,40.42545658,-3.67399665,CALLE,ALCALA,106,28009,,11015242,2021-01-01T00:00:00Z,,MU24,MU-51,2026-01-10T00:00:00Z
9160676,Aparcabicicletas,53,CIUDAD JARDIN,5,CHAMARTIN,OPERATIVO,442686.106,4477297.963,ETRS89,40.44435964,-3.67583841,CALLE,SUERO DE QUIÑONES,5B,28002,,31042707,2023-01-30T00:00:00Z,,MU24,MU-51,2026-01-10T00:00:00Z
9160678,Aparcabicicletas,53,CIUDAD JARDIN,5,CHAMARTIN,OPERATIVO,442688.865,4477301.297,ETRS89,40.44438987,-3.67580618,CALLE,LUIS VIVES,14,28002,,11023878,2023-01-30T00:00:00Z,,MU24,MU-51,2026-01-10T00:00:00Z
9160693,Aparcabicicletas,35,LOS JERONIMOS,3,RETIRO,OPERATIVO,441543.778,4473810.478,ETRS89,,,CALLE,ESPALTER,17,28014,,11012940,2021-01-01T00:00:00Z,,MU24,MU-51,2026-01-10T00:00:00Z
9160851,Aparcabicicletas,66,BERRUGUETE,6,TETUAN,OPERATIVO,439926.336,4478725.22,ETRS89,,,CALLE,LORENZANA,2,28039,,11038275,2023-02-01T00:00:00Z,,MU24,MU-51,2026-01-10T00:00:00Z
9160853,Aparcabicicletas,66,BERRUGUETE,6,TETUAN,OPERATIVO,439926.664,4478723.78,ETRS89,,,CALLE,LORENZANA,2,28039,,11038275,2023-02-01T00:00:00Z,,MU24,MU-51,2026-01-10T00:00:00Z
9160855,Aparcabicicletas,66,BERRUGUETE,6,TETUAN,OPERATIVO,439928.567,4478717.99,ETRS89,,,CALLE,LORENZANA,2,28039,,11038275,2023-02-01T00:00:00Z,,MU24,MU-51,2026-01-10T00:00:00Z
9173229,Aparcabicicletas,62,CUATRO CAMINOS,6,TETUAN,OPERATIVO,440435.355,4478501.25,ETRS89,,,CALLE,MANUEL LUNA,1,28020,,11030205,2023-02-07T00:00:00Z,,MU24,MU-51,2026-01-10T00:00:00Z
9173231,Aparcabicicletas,62,CUATRO CAMINOS,6,TETUAN,OPERATIVO,440436.793,4478500.8,ETRS89,,,CALLE,MANUEL LUNA,1,28020,,11030205,2023-02-07T00:00:00Z,,MU24,MU-51,2026-01-10T00:00:00Z
9173233,Aparcabicicletas,62,CUATRO CAMINOS,6,TETUAN,OPERATIVO,440440.093,4478499.88,ETRS89,,,CALLE,MANUEL LUNA,1,28020,,11030205,2023-02-07T00:00:00Z,,MU24,MU-51,2026-01-10T00:00:00Z
9175256,Aparcabicicletas,45,LISTA,4,SALAMANCA,OPERATIVO,442729.846,4475681.656,ETRS89,,,CALLE,José Ortega y Gasset,46,28006,,11019318,2021-01-01T00:00:00Z,,MU24,MU-51,2026-01-10T00:00:00Z
9176795,Aparcabicicletas,15,UNIVERSIDAD,1,CENTRO,OPERATIVO,439979.034,4474919.48,ETRS89,,,CALLE,SAN BERNARDO,20,28015,,11007119,2023-02-09T00:00:00Z,,MU24,MU-51,2026-01-10T00:00:00Z
9176800,Aparcabicicletas,14,JUSTICIA,1,CENTRO,OPERATIVO,441116.732,4475009.69,ETRS89,,,CALLE,CONDE DE XIQUENA,17,28004,,11005058,2023-02-09T00:00:00Z,,MU24,MU-51,2026-01-10T00:00:00Z
9176810,Aparcabicicletas,14,JUSTICIA,1,CENTRO,OPERATIVO,441053.147,4474885.642,ETRS89,,,CALLE,ALMIRANTE,7,28004,,11004196,2021-01-01T00:00:00Z,,MU24,MU-51,2026-01-10T00:00:00Z
9176812,Aparcabicicletas,14,JUSTICIA,1,CENTRO,OPERATIVO,441054.588,4474885.52,ETRS89,,,CALLE,ALMIRANTE,7,28004,,11004196,2021-01-01T00:00:00Z,,MU24,MU-51,2026-01-10T00:00:00Z
9176815,Aparcabicicletas,14,JUSTICIA,1,CENTRO,OPERATIVO,441127.258,4474945.78,ETRS89,,,CALLE,MARQUES DE MONASTERIO,1,28004,,20005680,2021-01-01T00:00:00Z,,MU24,MU-51,2026-01-10T00:00:00Z
9176819,Aparcabicicletas,16,SOL,1,CENTRO,OPERATIVO,440149.754,4474274.715,ETRS89,,,CALLE,ARENAL,5,28013,,20007056,2021-01-01T00:00:00Z,,MU24,MU-51,2026-01-10T00:00:00Z
9176822,Aparcabicicletas,16,SOL,1,CENTRO,OPERATIVO,440082.973,4474305.554,ETRS89,,,CALLE,ARENAL,14,28013,,20007108,2021-01-01T00:00:00Z,,MU24,MU-51,2026-01-10T00:00:00Z
9176825,Aparcabicicletas,16,SOL,1,CENTRO,OPERATIVO,439925.393,4474355.436,ETRS89,,,CALLE,ARENAL,19,28013,,11007837,2021-01-01T00:00:00Z,,MU24,MU-51,2026-01-10T00:00:00Z
9176827,Aparcabicicletas,15,UNIVERSIDAD,1,CENTRO,OPERATIVO,439424.958,4475758.928,ETRS89,,,CALLE,SERRANO JOVER,5,28015,,11006515,2021-01-01T00:00:00Z,,MU24,MU-51,2026-01-10T00:00:00Z
9176830,Aparcabicicletas,15,UNIVERSIDAD,1,CENTRO,OPERATIVO,439424.273,4475758.157,ETRS89,,,CALLE,SERRANO JOVER,5,28015,,11006515,2021-01-01T00:00:00Z,,MU24,MU-51,2026-01-10T00:00:00Z
9127358,Aparcabicicletas,211,ALAMEDA DE OSUNA,21,BARAJAS,OPERATIVO,449910.807,4478511.377,ETRS89,,,CALLE,LA RIOJA,4,28042,,31069476,2022-12-21T00:00:00Z,,MU24,MU-51,2026-01-10T00:00:00Z
9128115,Aparcabicicletas,62,CUATRO CAMINOS,6,TETUAN,OPERATIVO,440411.05,4478324.61,ETRS89,,,CALLE,JUAN DE OLIAS,2,28020,,11029817,2022-12-29T00:00:00Z,,MU24,MU-51,2026-01-10T00:00:00Z
9128117,Aparcabicicletas,62,CUATRO CAMINOS,6,TETUAN,OPERATIVO,440418.171,4478323.89,ETRS89,,,CALLE,JUAN DE OLIAS,2,28020,,11029817,2022-12-27T00:00:00Z,,MU24,MU-51,2026-01-10T00:00:00Z
9128119,Aparcabicicletas,62,CUATRO CAMINOS,6,TETUAN,OPERATIVO,440405.298,4478325.88,ETRS89,,,CALLE,JUAN DE OLIAS,2,28020,,11029817,2022-12-27T00:00:00Z,,MU24,MU-51,2026-01-10T00:00:00Z
9159429,Aparcabicicletas,42,GOYA,4,SALAMANCA,OPERATIVO,442823.957,4475196.567,ETRS89,40.42543871,-3.67402393,CALLE,FERNAN GONZALEZ,1,28009,,11015248,2021-01-01T00:00:00Z,,MU24,MU-51,2026-01-10T00:00:00Z
9160675,Aparcabicicletas,53,CIUDAD JARDIN,5,CHAMARTIN,OPERATIVO,442686.968,4477298.998,ETRS89,40.44436903,-3.67582834,CALLE,SUERO DE QUIÑONES,5B,28002,,31042707,2023-01-30T00:00:00Z,,MU24,MU-51,2026-01-10T00:00:00Z
9160677,Aparcabicicletas,53,CIUDAD JARDIN,5,CHAMARTIN,OPERATIVO,442687.945,4477300.09,ETRS89,40.44437893,-3.67581691,CALLE,LUIS VIVES,14,28002,,11023878,2023-01-30T00:00:00Z,,MU24,MU-51,2026-01-10T00:00:00Z
9160694,Aparcabicicletas,35,LOS JERONIMOS,3,RETIRO,OPERATIVO,441544.122,4473811.03,ETRS89,,,CALLE,ALFONSO XII,44,28014,,11012926,2021-01-01T00:00:00Z,,MU24,MU-51,2026-01-10T00:00:00Z
9160852,Aparcabicicletas,66,BERRUGUETE,6,TETUAN,OPERATIVO,439927.58,4478721.773,ETRS89,,,CALLE,LORENZANA,2,28039,,11038275,2021-01-01T00:00:00Z,,MU24,MU-51,2026-01-10T00:00:00Z
9160854,Aparcabicicletas,66,BERRUGUETE,6,TETUAN,OPERATIVO,439928.158,4478719.77,ETRS89,,,CALLE,LORENZANA,2,28039,,11038275,2023-02-01T00:00:00Z,,MU24,MU-51,2026-01-10T00:00:00Z
9167142,Aparcabicicletas,53,CIUDAD JARDIN,5,CHAMARTIN,OPERATIVO,442689.899,4477302.044,ETRS89,40.44439667,-3.67579405,CALLE,LUIS VIVES,14,28002,,11023878,2023-01-30T00:00:00Z,,MU24,MU-51,2026-01-10T00:00:00Z
9173230,Aparcabicicletas,62,CUATRO CAMINOS,6,TETUAN,OPERATIVO,440438.399,4478500.12,ETRS89,,,CALLE,MANUEL LUNA,1,28020,,11030205,2023-02-07T00:00:00Z,,MU24,MU-51,2026-01-10T00:00:00Z
9128519,Aparcabicicletas,159,COSTILLARES,15,CIUDAD LINEAL,OPERATIVO,443741.6,4481521.143,ETRS89,,,CALLE,LAUD,4,28033,,20135012,2022-12-27T00:00:00Z,,MU24,MU-51,2026-01-10T00:00:00Z
9128522,Aparcabicicletas,157,COLINA,15,CIUDAD LINEAL,OPERATIVO,444041.175,4478888.295,ETRS89,,,CALLE,LOPEZ DE HOYOS,362,28043,,11112006,2022-12-27T00:00:00Z,,MU24,MU-51,2026-01-10T00:00:00Z
9128591,Aparcabicicletas,65,VALDEACEDERAS,6,TETUAN,OPERATIVO,440613.13,4480012.65,ETRS89,,,CALLE,DIVINO REDENTOR,46,28029,,11033457,2022-12-28T00:00:00Z,,MU24,MU-51,2026-01-10T00:00:00Z
9128593,Aparcabicicletas,65,VALDEACEDERAS,6,TETUAN,OPERATIVO,440609.272,4480007.79,ETRS89,,,CALLE,DIVINO REDENTOR,44,28029,,11033592,2022-12-28T00:00:00Z,,MU24,MU-51,2026-01-10T00:00:00Z
9128595,Aparcabicicletas,65,VALDEACEDERAS,6,TETUAN,OPERATIVO,440613.814,4480013.97,ETRS89,,,CALLE,DIVINO REDENTOR,55,28029,,11033465,2022-12-28T00:00:00Z,,MU24,MU-51,2026-01-10T00:00:00Z
9128598,Aparcabicicletas,52,PROSPERIDAD,5,CHAMARTIN,OPERATIVO,442429.523,4476704.217,ETRS89,,,CALLE,PRINCIPE DE VERGARA,108,28002,,11021940,2021-01-01T00:00:00Z,,MU24,MU-51,2026-01-10T00:00:00Z
9128600,Aparcabicicletas,52,PROSPERIDAD,5,CHAMARTIN,OPERATIVO,442428.197,4476719.324,ETRS89,,,CALLE,PRINCIPE DE VERGARA,108,28002,,11021940,2021-01-01T00:00:00Z,,MU24,MU-51,2026-01-10T00:00:00Z
9128604,Aparcabicicletas,52,PROSPERIDAD,5,CHAMARTIN,OPERATIVO,442439.033,4476793.837,ETRS89,,,CALLE,PRINCIPE DE VERGARA,114,28002,,20009444,2021-01-01T00:00:00Z,,MU24,MU-51,2026-01-10T00:00:00Z
9128606,Aparcabicicletas,52,PROSPERIDAD,5,CHAMARTIN,OPERATIVO,442436.833,4476772.43,ETRS89,,,CALLE,PRINCIPE DE VERGARA,110,28002,,11021939,2021-01-01T00:00:00Z,,MU24,MU-51,2026-01-10T00:00:00Z
9128608,Aparcabicicletas,52,PROSPERIDAD,5,CHAMARTIN,OPERATIVO,442436.649,4476770.655,ETRS89,,,CALLE,PRINCIPE DE VERGARA,110,28002,,11021939,2021-01-01T00:00:00Z,,MU24,MU-51,2026-01-10T00:00:00Z
9128610,Aparcabicicletas,52,PROSPERIDAD,5,CHAMARTIN,OPERATIVO,442449.045,4476816.406,ETRS89,,,CALLE,CANILLAS,1,28002,,11021893,2021-01-01T00:00:00Z,,MU24,MU-51,2026-01-10T00:00:00Z
9128613,Aparcabicicletas,52,PROSPERIDAD,5,CHAMARTIN,OPERATIVO,442455.004,4476962.889,ETRS89,,,CALLE,PRINCIPE DE VERGARA,124,28002,,31040573,2021-01-01T00:00:00Z,,MU24,MU-51,2026-01-10T00:00:00Z
9128615,Aparcabicicletas,52,PROSPERIDAD,5,CHAMARTIN,OPERATIVO,442456.037,4476964.768,ETRS89,,,CALLE,PRINCIPE DE VERGARA,124,28002,,31040573,2021-01-01T00:00:00Z,,MU24,MU-51,2026-01-10T00:00:00Z
9128617,Aparcabicicletas,51,EL VISO,5,CHAMARTIN,OPERATIVO,442404.914,4476779.78,ETRS89,,,CALLE,PRINCIPE DE VERGARA,109,28002,,11021876,2021-01-01T00:00:00Z,,MU24,MU-51,2026-01-10T00:00:00Z
9176836,Aparcabicicletas,16,SOL,1,CENTRO,OPERATIVO,440123.848,4474292.461,ETRS89,,,CALLE,ARENAL,10,28013,,11007828,2021-01-01T00:00:00Z,,MU24,MU-51,2026-01-10T00:00:00Z
9176862,Aparcabicicletas,42,GOYA,4,SALAMANCA,OPERATIVO,442659.12,4474975.09,ETRS89,,,CALLE,NARVAEZ,6,28009,,11014861,2023-02-07T00:00:00Z,,MU24,MU-51,2026-01-10T00:00:00Z
9177503,Aparcabicicletas,102,PUERTA DEL ANGEL,10,LATINA,OPERATIVO,438202.645,4473351.001,ETRS89,,,CALLE,FUENTEOVEJUNA,21,28011,,11060312,2023-02-14T00:00:00Z,,MU24,MU-51,2026-01-10T00:00:00Z
9177516,Aparcabicicletas,102,PUERTA DEL ANGEL,10,LATINA,OPERATIVO,438201.057,4473353.911,ETRS89,,,CALLE,FUENTEOVEJUNA,21,28011,,11060312,2023-02-14T00:00:00Z,,MU24,MU-51,2026-01-10T00:00:00Z
9173232,Aparcabicicletas,62,CUATRO CAMINOS,6,TETUAN,OPERATIVO,440437.297,4478500.24,ETRS89,,,CALLE,MANUEL LUNA,1,28020,,11030205,2023-02-07T00:00:00Z,,MU24,MU-51,2026-01-10T00:00:00Z
9175255,Aparcabicicletas,45,LISTA,4,SALAMANCA,OPERATIVO,442729.159,4475680.552,ETRS89,,,CALLE,Conde de Peñalver,46,28006,,11019318,2021-01-01T00:00:00Z,,MU24,MU-51,2026-01-10T00:00:00Z
9176794,Aparcabicicletas,15,UNIVERSIDAD,1,CENTRO,OPERATIVO,439978.586,4474916.59,ETRS89,,,CALLE,SAN BERNARDO,20,28015,,11007119,2023-02-09T00:00:00Z,,MU24,MU-51,2026-01-10T00:00:00Z
9176796,Aparcabicicletas,15,UNIVERSIDAD,1,CENTRO,OPERATIVO,439979.133,4474921.25,ETRS89,,,CALLE,SAN BERNARDO,20,28015,,11007119,2023-02-09T00:00:00Z,,MU24,MU-51,2026-01-10T00:00:00Z
9176801,Aparcabicicletas,14,JUSTICIA,1,CENTRO,OPERATIVO,441116.566,4475010.25,ETRS89,,,CALLE,CONDE DE XIQUENA,17,28004,,11005058,2023-02-09T00:00:00Z,,MU24,MU-51,2026-01-10T00:00:00Z
9176811,Aparcabicicletas,14,JUSTICIA,1,CENTRO,OPERATIVO,441050.938,4474885.215,ETRS89,,,CALLE,ALMIRANTE,7,28004,,11004196,2021-01-01T00:00:00Z,,MU24,MU-51,2026-01-10T00:00:00Z
9176814,Aparcabicicletas,14,JUSTICIA,1,CENTRO,OPERATIVO,441126.244,4474946.232,ETRS89,,,CALLE,MARQUES DE MONASTERIO,1,28004,,20005680,2021-01-01T00:00:00Z,,MU24,MU-51,2026-01-10T00:00:00Z
9176818,Aparcabicicletas,16,SOL,1,CENTRO,OPERATIVO,440150.776,4474275.262,ETRS89,,,CALLE,ARENAL,5,28013,,20007056,2021-01-01T00:00:00Z,,MU24,MU-51,2026-01-10T00:00:00Z
9176821,Aparcabicicletas,16,SOL,1,CENTRO,OPERATIVO,440081.026,4474306.124,ETRS89,,,CALLE,ARENAL,14,28013,,20007108,2021-01-01T00:00:00Z,,MU24,MU-51,2026-01-10T00:00:00Z
9176824,Aparcabicicletas,16,SOL,1,CENTRO,OPERATIVO,439930.887,4474352.839,ETRS89,,,CALLE,ARENAL,19,28013,,11007837,2021-01-01T00:00:00Z,,MU24,MU-51,2026-01-10T00:00:00Z
9176826,Aparcabicicletas,15,UNIVERSIDAD,1,CENTRO,OPERATIVO,439423.925,4475757.049,ETRS89,,,CALLE,SERRANO JOVER,5,28015,,11006515,2021-01-01T00:00:00Z,,MU24,MU-51,2026-01-10T00:00:00Z
9176828,Aparcabicicletas,15,UNIVERSIDAD,1,CENTRO,OPERATIVO,439424.186,4475757.935,ETRS89,,,CALLE,SERRANO JOVER,5,28015,,11006515,2021-01-01T00:00:00Z,,MU24,MU-51,2026-01-10T00:00:00Z
9176831,Aparcabicicletas,15,UNIVERSIDAD,1,CENTRO,OPERATIVO,439425.557,4475759.589,ETRS89,,,CALLE,SERRANO JOVER,5,28015,,11006515,2021-01-01T00:00:00Z,,MU24,MU-51,2026-01-10T00:00:00Z
9176837,Aparcabicicletas,16,SOL,1,CENTRO,OPERATIVO,440123.587,4474291.576,ETRS89,,,CALLE,ARENAL,10,28013,,11007828,2021-01-01T00:00:00Z,,MU24,MU-51,2026-01-10T00:00:00Z
9177519,Aparcabicicletas,103,LUCERO,10,LATINA,OPERATIVO,436168.086,4471998.803,ETRS89,,,CALLE,DUQUESA DE PARCENT,120,28047,,31020632,2023-02-14T00:00:00Z,,MU24,MU-51,2026-01-10T00:00:00Z
9177521,Aparcabicicletas,103,LUCERO,10,LATINA,OPERATIVO,436170.878,4471998.107,ETRS89,,,CALLE,DUQUESA DE PARCENT,120,28047,,31020632,2023-02-14T00:00:00Z,,MU24,MU-51,2026-01-10T00:00:00Z
9177667,Aparcabicicletas,103,LUCERO,10,LATINA,OPERATIVO,436171.143,4471998.107,ETRS89,,,CALLE,DUQUESA DE PARCENT,120,28047,,31020632,2023-02-14T00:00:00Z,,MU24,MU-51,2026-01-10T00:00:00Z
9177961,Aparcabicicletas,65,VALDEACEDERAS,6,TETUAN,OPERATIVO,440806.63,4479448.86,ETRS89,,,CALLE,CEUTA,31,28039,,11033860,2023-02-16T00:00:00Z,,MU24,MU-51,2026-01-10T00:00:00Z
9177963,Aparcabicicletas,65,VALDEACEDERAS,6,TETUAN,OPERATIVO,440806.35,4479445.98,ETRS89,,,CALLE,CEUTA,31,28039,,11033860,2023-02-16T00:00:00Z,,MU24,MU-51,2026-01-10T00:00:00Z
9178060,Aparcabicicletas,107,AGUILAS,10,LATINA,OPERATIVO,435264.915,4469557.659,ETRS89,,,CALLE,MUNTADAS,11,28044,,31050612,2023-02-16T00:00:00Z,,MU24,MU-51,2026-01-10T00:00:00Z
9178062,Aparcabicicletas,107,AGUILAS,10,LATINA,OPERATIVO,435268.62,4469556.865,ETRS89,,,CALLE,MUNTADAS,11,28044,,31050612,2023-02-16T00:00:00Z,,MU24,MU-51,2026-01-10T00:00:00Z
9179425,Aparcabicicletas,71,GAZTAMBIDE,7,CHAMBERI,OPERATIVO,439352.117,4476212.87,ETRS89,,,CALLE,FERNANDO EL CATOLICO,63,28015,,11038598,2023-02-21T00:00:00Z,,MU24,MU-51,2026-01-10T00:00:00Z
9179427,Aparcabicicletas,71,GAZTAMBIDE,7,CHAMBERI,OPERATIVO,439353.049,4476212.75,ETRS89,,,CALLE,FERNANDO EL CATOLICO,63,28015,,11038598,2023-02-21T00:00:00Z,,MU24,MU-51,2026-01-10T00:00:00Z
9179710,Aparcabicicletas,27,ATOCHA,2,ARGANZUELA,OPERATIVO,442628.161,4471714.64,ETRS89,,,CALLE,RETAMA,5,28045,,20111953,2023-02-16T00:00:00Z,,MU24,MU-51,2026-01-10T00:00:00Z
9129798,Aparcabicicletas,61,BELLAS VISTAS,6,TETUAN,OPERATIVO,439858.679,4478409.62,ETRS89,,,CALLE,LEÑEROS,30,28039,,11028420,2023-01-02T00:00:00Z,,MU24,MU-51,2026-01-10T00:00:00Z
9129803,Aparcabicicletas,61,BELLAS VISTAS,6,TETUAN,OPERATIVO,439856.832,4478411.96,ETRS89,,,CALLE,LEÑEROS,30,28039,,11028420,2023-01-02T00:00:00Z,,MU24,MU-51,2026-01-10T00:00:00Z
9129926,Aparcabicicletas,31,PACIFICO,3,RETIRO,OPERATIVO,442190.12,4473100.69,ETRS89,,,CALLE,FUENTERRABIA,15,28014,,11010668,2022-12-29T00:00:00Z,,MU24,MU-51,2026-01-10T00:00:00Z
9129928,Aparcabicicletas,31,PACIFICO,3,RETIRO,OPERATIVO,442198.76,4473098.4,ETRS89,,,CALLE,FUENTERRABIA,15,28014,,11010668,2022-12-29T00:00:00Z,,MU24,MU-51,2026-01-10T00:00:00Z
9129937,Aparcabicicletas,175,ANGELES,17,VILLAVERDE,OPERATIVO,440525.88,4468161.81,ETRS89,,,CALLE,EDUARDO BARREIROS,63,28041,,31046871,1900-01-01T00:00:00Z,,MU24,MU-51,2026-01-10T00:00:00Z
9129946,Aparcabicicletas,175,ANGELES,17,VILLAVERDE,OPERATIVO,440524.42,4468159.3,ETRS89,,,CALLE,EDUARDO BARREIROS,63,28041,,31046871,1900-01-01T00:00:00Z,,MU24,,2026-01-10T00:00:00Z
9129956,Aparcabicicletas,175,ANGELES,17,VILLAVERDE,OPERATIVO,440270.03,4467656.95,ETRS89,,,CALLE,EDUARDO BARREIROS,112,28041,Calle del Asombro de Damasco 13,31001291,1900-01-01T00:00:00Z,,MU24,MU-51,2026-01-10T00:00:00Z
9129958,Aparcabicicletas,175,ANGELES,17,VILLAVERDE,OPERATIVO,440271.54,4467659.69,ETRS89,,,CALLE,EDUARDO BARREIROS,112,28041,Calle El Asombro de Damasco 13,31001291,1900-01-01T00:00:00Z,,MU24,MU-51,2026-01-10T00:00:00Z
9129960,Aparcabicicletas,175,ANGELES,17,VILLAVERDE,OPERATIVO,440272.86,4467662.6,ETRS89,,,CALLE,EDUARDO BARREIROS,112,28041,Calle El Asombro de Damasco 13,31001291,1900-01-01T00:00:00Z,,MU24,MU-51,2026-01-10T00:00:00Z
9129962,Aparcabicicletas,175,ANGELES,17,VILLAVERDE,OPERATIVO,440274.18,4467665.34,ETRS89,,,CALLE,EDUARDO BARREIROS,112,28041,Calle El Asombro de Damasco 11,31001291,1900-01-01T00:00:00Z,,MU24,MU-51,2026-01-10T00:00:00Z
9129964,Aparcabicicletas,175,ANGELES,17,VILLAVERDE,OPERATIVO,440275.77,4467668.11,ETRS89,,,CALLE,EDUARDO BARREIROS,110,28041,Calle El Asombro de Damasco 11,31001286,1900-01-01T00:00:00Z,,MU24,MU-51,2026-01-10T00:00:00Z
9129966,Aparcabicicletas,175,ANGELES,17,VILLAVERDE,OPERATIVO,440168.08,4467428.53,ETRS89,,,CALLE,EDUARDO BARREIROS,121,28041,,20173370,1900-01-01T00:00:00Z,,MU24,MU-51,2026-01-10T00:00:00Z
9129968,Aparcabicicletas,175,ANGELES,17,VILLAVERDE,OPERATIVO,440167.44,4467426.98,ETRS89,,,CALLE,EDUARDO BARREIROS,121,28041,,20173370,1900-01-01T00:00:00Z,,MU24,MU-51,2026-01-10T00:00:00Z
9176861,Aparcabicicletas,42,GOYA,4,SALAMANCA,OPERATIVO,442658.35,4474974.54,ETRS89,,,CALLE,NARVAEZ,6,28009,,11014861,2023-02-07T00:00:00Z,,MU24,MU-51,2026-01-10T00:00:00Z
9177470,Aparcabicicletas,102,PUERTA DEL ANGEL,10,LATINA,OPERATIVO,438205.153,4473349.481,ETRS89,,,CALLE,FUENTEOVEJUNA,21,28011,,11060312,2023-02-14T00:00:00Z,,MU24,MU-51,2026-01-10T00:00:00Z
9177515,Aparcabicicletas,102,PUERTA DEL ANGEL,10,LATINA,OPERATIVO,438203.571,4473350.472,ETRS89,,,CALLE,FUENTEOVEJUNA,21,28011,,11060312,2023-02-14T00:00:00Z,,MU24,MU-51,2026-01-10T00:00:00Z
9177517,Aparcabicicletas,102,PUERTA DEL ANGEL,10,LATINA,OPERATIVO,438200.131,4473354.44,ETRS89,,,CALLE,FUENTEOVEJUNA,21,28011,,11060312,2023-02-14T00:00:00Z,,MU24,MU-51,2026-01-10T00:00:00Z
9177520,Aparcabicicletas,103,LUCERO,10,LATINA,OPERATIVO,436170.481,4471998.107,ETRS89,,,CALLE,DUQUESA DE PARCENT,120,28047,,31020632,2023-02-14T00:00:00Z,,MU24,MU-51,2026-01-10T00:00:00Z
9177666,Aparcabicicletas,103,LUCERO,10,LATINA,OPERATIVO,436171.407,4471997.842,ETRS89,,,CALLE,DUQUESA DE PARCENT,120,28047,,31020632,2023-02-14T00:00:00Z,,MU24,MU-51,2026-01-10T00:00:00Z
9128603,Aparcabicicletas,52,PROSPERIDAD,5,CHAMARTIN,OPERATIVO,442440.387,4476815.584,ETRS89,,,CALLE,CANILLAS,1,28002,,11021893,2021-01-01T00:00:00Z,,MU24,MU-51,2026-01-10T00:00:00Z
9128605,Aparcabicicletas,52,PROSPERIDAD,5,CHAMARTIN,OPERATIVO,442440.486,4476817.36,ETRS89,,,CALLE,CANILLAS,1,28002,,11021893,2021-01-01T00:00:00Z,,MU24,MU-51,2026-01-10T00:00:00Z
9128607,Aparcabicicletas,52,PROSPERIDAD,5,CHAMARTIN,OPERATIVO,442450.062,4476816.287,ETRS89,,,CALLE,CANILLAS,1,28002,,11021893,2021-01-01T00:00:00Z,,MU24,MU-51,2026-01-10T00:00:00Z
9128609,Aparcabicicletas,52,PROSPERIDAD,5,CHAMARTIN,OPERATIVO,442439.296,4476794.945,ETRS89,,,CALLE,PRINCIPE DE VERGARA,114,28002,,20009444,2021-01-01T00:00:00Z,,MU24,MU-51,2026-01-10T00:00:00Z
9128612,Aparcabicicletas,52,PROSPERIDAD,5,CHAMARTIN,OPERATIVO,442448.283,4476882.905,ETRS89,,,CALLE,PRINCIPE DE VERGARA,118,28002,,11021938,2021-01-01T00:00:00Z,,MU24,MU-51,2026-01-10T00:00:00Z
9128614,Aparcabicicletas,52,PROSPERIDAD,5,CHAMARTIN,OPERATIVO,442455.521,4476963.884,ETRS89,,,CALLE,PRINCIPE DE VERGARA,124,28002,,31040573,2021-01-01T00:00:00Z,,MU24,MU-51,2026-01-10T00:00:00Z
9128616,Aparcabicicletas,51,EL VISO,5,CHAMARTIN,OPERATIVO,442406.689,4476779.1,ETRS89,,,CALLE,PRINCIPE DE VERGARA,109,28002,,11021876,2021-01-01T00:00:00Z,,MU24,MU-51,2026-01-10T00:00:00Z
9129800,Aparcabicicletas,61,BELLAS VISTAS,6,TETUAN,OPERATIVO,439857.671,4478410.85,ETRS89,,,CALLE,LEÑEROS,30,28039,,11028420,2023-01-02T00:00:00Z,,MU24,MU-51,2026-01-10T00:00:00Z
9129924,Aparcabicicletas,31,PACIFICO,3,RETIRO,OPERATIVO,442186.21,4473099.5,ETRS89,,,CALLE,FUENTERRABIA,15,28014,,11010668,2022-12-29T00:00:00Z,,MU24,MU-51,2026-01-10T00:00:00Z
9129927,Aparcabicicletas,31,PACIFICO,3,RETIRO,OPERATIVO,442183.66,4473099.63,ETRS89,,,CALLE,FUENTERRABIA,15,28014,,11010668,2022-12-29T00:00:00Z,,MU24,MU-51,2026-01-10T00:00:00Z
9129929,Aparcabicicletas,31,PACIFICO,3,RETIRO,OPERATIVO,442179.16,4473098.78,ETRS89,,,CALLE,FUENTERRABIA,13,28014,,11010667,2022-12-29T00:00:00Z,,MU24,MU-51,2026-01-10T00:00:00Z
9129938,Aparcabicicletas,175,ANGELES,17,VILLAVERDE,OPERATIVO,440525.09,4468160.76,ETRS89,,,CALLE,EDUARDO BARREIROS,63,28041,,31046871,1900-01-01T00:00:00Z,,MU24,MU-51,2026-01-10T00:00:00Z
9129954,Aparcabicicletas,175,ANGELES,17,VILLAVERDE,OPERATIVO,440523.63,4468158.24,ETRS89,,,CALLE,EDUARDO BARREIROS,63,28041,,31046871,1900-01-01T00:00:00Z,,MU24,,2026-01-10T00:00:00Z
9178058,Aparcabicicletas,107,AGUILAS,10,LATINA,OPERATIVO,435266.106,4469557.13,ETRS89,,,CALLE,MUNTADAS,11,28044,,31050612,2023-02-16T00:00:00Z,,MU24,MU-51,2026-01-10T00:00:00Z
9178061,Aparcabicicletas,107,AGUILAS,10,LATINA,OPERATIVO,435267.164,4469556.865,ETRS89,,,CALLE,MUNTADAS,11,28044,,31050612,2023-02-16T00:00:00Z,,MU24,MU-51,2026-01-10T00:00:00Z
9179424,Aparcabicicletas,71,GAZTAMBIDE,7,CHAMBERI,OPERATIVO,439350.844,4476212.77,ETRS89,,,CALLE,FERNANDO EL CATOLICO,63,28015,,11038598,2023-02-21T00:00:00Z,,MU24,MU-51,2026-01-10T00:00:00Z
9179426,Aparcabicicletas,71,GAZTAMBIDE,7,CHAMBERI,OPERATIVO,439354.065,4476212.52,ETRS89,,,CALLE,FERNANDO EL CATOLICO,63,28015,,11038598,2023-02-21T00:00:00Z,,MU24,MU-51,2026-01-10T00:00:00Z
9179429,Aparcabicicletas,71,GAZTAMBIDE,7,CHAMBERI,OPERATIVO,439349.744,4476213.11,ETRS89,,,CALLE,FERNANDO EL CATOLICO,63,28015,,11038598,2023-02-21T00:00:00Z,,MU24,MU-51,2026-01-10T00:00:00Z
9179711,Aparcabicicletas,27,ATOCHA,2,ARGANZUELA,OPERATIVO,442629.015,4471715.41,ETRS89,,,CALLE,RETAMA,5,28045,,20111953,2023-02-16T00:00:00Z,,MU24,MU-51,2026-01-10T00:00:00Z
9129957,Aparcabicicletas,175,ANGELES,17,VILLAVERDE,OPERATIVO,440270.95,4467658.4,ETRS89,,,CALLE,EDUARDO BARREIROS,112,28041,Calle El Asombro de Damasco 13,31001291,1900-01-01T00:00:00Z,,MU24,MU-51,2026-01-10T00:00:00Z
9129959,Aparcabicicletas,175,ANGELES,17,VILLAVERDE,OPERATIVO,440272.2,4467661.15,ETRS89,,,CALLE,EDUARDO BARREIROS,112,28041,Calle El Asombro de Damasco 13,31001291,1900-01-01T00:00:00Z,,MU24,MU-51,2026-01-10T00:00:00Z
9129961,Aparcabicicletas,175,ANGELES,17,VILLAVERDE,OPERATIVO,440273.52,4467664.06,ETRS89,,,CALLE,EDUARDO BARREIROS,112,28041,Calle El Asombro de Damasco 13,31001291,1900-01-01T00:00:00Z,,MU24,MU-51,2026-01-10T00:00:00Z
9129963,Aparcabicicletas,175,ANGELES,17,VILLAVERDE,OPERATIVO,440274.98,4467666.66,ETRS89,,,CALLE,EDUARDO BARREIROS,112,28041,Calle El Asombro de Damasco 11,31001291,1900-01-01T00:00:00Z,,MU24,MU-51,2026-01-10T00:00:00Z
9129965,Aparcabicicletas,175,ANGELES,17,VILLAVERDE,OPERATIVO,440169.14,4467430.92,ETRS89,,,CALLE,EDUARDO BARREIROS,121,28041,,20173370,1900-01-01T00:00:00Z,,MU24,MU-51,2026-01-10T00:00:00Z
9129967,Aparcabicicletas,175,ANGELES,17,VILLAVERDE,OPERATIVO,440166.5,4467424.94,ETRS89,,,CALLE,EDUARDO BARREIROS,121,28041,,20173370,1900-01-01T00:00:00Z,,MU24,MU-51,2026-01-10T00:00:00Z
9129969,Aparcabicicletas,183,ENSANCHE DE VALLECAS,18,VILLA DE VALLECAS,OPERATIVO,447949.72,4468446.55,ETRS89,,,CALLE,PEÑARANDA DE BRACAMONTE,54,28051,,31044535,1900-01-01T00:00:00Z,,MU24,MU-51,2026-01-10T00:00:00Z
9129973,Aparcabicicletas,183,ENSANCHE DE VALLECAS,18,VILLA DE VALLECAS,OPERATIVO,447947.06,4468446.35,ETRS89,,,CALLE,PEÑARANDA DE BRACAMONTE,54,28051,,31044535,1900-01-01T00:00:00Z,,MU24,MU-51,2026-01-10T00:00:00Z
9129975,Aparcabicicletas,171,VILLAVERDE ALTO - CASCO HISTORICO DE VILLAVERDE,17,VILLAVERDE,OPERATIVO,440154.93,4466909.23,ETRS89,,,CALLE,EDUARDO BARREIROS,151,28041,,31008600,1900-01-01T00:00:00Z,,MU24,MU-51,2026-01-10T00:00:00Z
9129978,Aparcabicicletas,171,VILLAVERDE ALTO - CASCO HISTORICO DE VILLAVERDE,17,VILLAVERDE,OPERATIVO,440156.25,4466906.62,ETRS89,,,CALLE,EDUARDO BARREIROS,151,28041,,31008600,1900-01-01T00:00:00Z,,MU24,MU-51,2026-01-10T00:00:00Z
9129991,Aparcabicicletas,122,ORCASUR,12,USERA,OPERATIVO,440759.842,4468652.417,ETRS89,,,CALLE,PADUL,18,28041,,20096063,2022-12-05T00:00:00Z,,MU24,MU-51,2026-01-10T00:00:00Z
9130053,Aparcabicicletas,113,SAN ISIDRO,11,CARABANCHEL,OPERATIVO,438306.523,4471498.383,ETRS89,,,CALLE,BLASA PEREZ,1,28019,C. General Ricardos 126,20003388,2022-12-21T00:00:00Z,,MU24,MU-51,2026-01-10T00:00:00Z
9130074,Aparcabicicletas,171,VILLAVERDE ALTO - CASCO HISTORICO DE VILLAVERDE,17,VILLAVERDE,OPERATIVO,439504.508,4465953.521,ETRS89,,,CALLE,ALBERTO PALACIOS,37,28021,Calle Domingo Párraga 38,11123527,2022-12-21T00:00:00Z,,MU24,MU-51,2026-01-10T00:00:00Z
9130077,Aparcabicicletas,171,VILLAVERDE ALTO - CASCO HISTORICO DE VILLAVERDE,17,VILLAVERDE,OPERATIVO,439507.418,4465953.389,ETRS89,,,CALLE,ALBERTO PALACIOS,37,28021,Calle Domingo Párraga 38,11123527,2022-12-21T00:00:00Z,,MU24,MU-51,2026-01-10T00:00:00Z
9130082,Aparcabicicletas,114,VISTA ALEGRE,11,CARABANCHEL,OPERATIVO,436432.021,4470142.602,ETRS89,,,CALLE,SAN ANTOLIN,9,28025,,20127498,2022-12-27T00:00:00Z,,MU24,MU-51,2026-01-10T00:00:00Z
9130084,Aparcabicicletas,114,VISTA ALEGRE,11,CARABANCHEL,OPERATIVO,436433.476,4470145.38,ETRS89,,,CALLE,SAN ANTOLIN,9,28025,,20127498,2022-12-27T00:00:00Z,,MU24,MU-51,2026-01-10T00:00:00Z
9181947,Aparcabicicletas,73,TRAFALGAR,7,CHAMBERI,OPERATIVO,440453.413,4476271.31,ETRS89,,,CALLE,GENERAL ALVAREZ DE CASTRO,9,28010,,11040214,2023-02-27T00:00:00Z,,MU24,MU-51,2026-01-10T00:00:00Z
9181949,Aparcabicicletas,73,TRAFALGAR,7,CHAMBERI,OPERATIVO,440454.32,4476268.08,ETRS89,,,CALLE,GENERAL ALVAREZ DE CASTRO,9,28010,,11040214,2023-02-27T00:00:00Z,,MU24,MU-51,2026-01-10T00:00:00Z
9186994,Aparcabicicletas,136,NUMANCIA,13,PUENTE DE VALLECAS,OPERATIVO,444373.255,4471486.681,ETRS89,,,CALLE,CANTALAPIEDRA,4,28038,,11098511,2021-12-04T00:00:00Z,,MU24,MU-51,2026-01-10T00:00:00Z
9186998,Aparcabicicletas,136,NUMANCIA,13,PUENTE DE VALLECAS,OPERATIVO,444372.726,4471484.167,ETRS89,,,CALLE,CANTALAPIEDRA,4,28038,,11098511,2021-12-04T00:00:00Z,,MU24,MU-51,2026-01-10T00:00:00Z
9187012,Aparcabicicletas,54,HISPANOAMERICA,5,CHAMARTIN,OPERATIVO,443204.3,4478714.18,ETRS89,,,CALLE,FERNAN NUÑEZ,61,28016,,31003996,2021-01-01T00:00:00Z,,MU24,MU-51,2026-01-10T00:00:00Z
9129971,Aparcabicicletas,183,ENSANCHE DE VALLECAS,18,VILLA DE VALLECAS,OPERATIVO,447948.53,4468446.55,ETRS89,,,CALLE,PEÑARANDA DE BRACAMONTE,54,28051,,31044535,1900-01-01T00:00:00Z,,MU24,MU-51,2026-01-10T00:00:00Z
9129974,Aparcabicicletas,183,ENSANCHE DE VALLECAS,18,VILLA DE VALLECAS,OPERATIVO,447945.48,4468446.22,ETRS89,,,CALLE,PEÑARANDA DE BRACAMONTE,54,28051,,31044535,1900-01-01T00:00:00Z,,MU24,MU-51,2026-01-10T00:00:00Z
9129976,Aparcabicicletas,171,VILLAVERDE ALTO - CASCO HISTORICO DE VILLAVERDE,17,VILLAVERDE,OPERATIVO,440155.46,4466908.17,ETRS89,,,CALLE,EDUARDO BARREIROS,151,28041,,31008600,1900-01-01T00:00:00Z,,MU24,MU-51,2026-01-10T00:00:00Z
9129982,Aparcabicicletas,171,VILLAVERDE ALTO - CASCO HISTORICO DE VILLAVERDE,17,VILLAVERDE,OPERATIVO,440156.52,4466905.82,ETRS89,,,CALLE,EDUARDO BARREIROS,151,28041,,31008600,1900-01-01T00:00:00Z,,MU24,MU-51,2026-01-10T00:00:00Z
9130000,Aparcabicicletas,122,ORCASUR,12,USERA,OPERATIVO,440757.857,4468652.417,ETRS89,,,CALLE,PADUL,18,28041,,20096063,2022-12-05T00:00:00Z,,MU24,MU-51,2026-01-10T00:00:00Z
9130069,Aparcabicicletas,171,VILLAVERDE ALTO - CASCO HISTORICO DE VILLAVERDE,17,VILLAVERDE,OPERATIVO,439502.92,4465953.521,ETRS89,,,CALLE,ALBERTO PALACIOS,37,28021,Calle Domingo Párraga 38,11123527,2022-12-21T00:00:00Z,,MU24,MU-51,2026-01-10T00:00:00Z
9130076,Aparcabicicletas,171,VILLAVERDE ALTO - CASCO HISTORICO DE VILLAVERDE,17,VILLAVERDE,OPERATIVO,439505.963,4465953.389,ETRS89,,,CALLE,ALBERTO PALACIOS,37,28021,Calle Domingo Párraga 38,11123527,2022-12-21T00:00:00Z,,MU24,MU-51,2026-01-10T00:00:00Z
9130081,Aparcabicicletas,114,VISTA ALEGRE,11,CARABANCHEL,OPERATIVO,436431.756,4470141.014,ETRS89,,,CALLE,SAN ANTOLIN,9,28025,,20127498,2022-12-27T00:00:00Z,,MU24,MU-51,2026-01-10T00:00:00Z
9130083,Aparcabicicletas,114,VISTA ALEGRE,11,CARABANCHEL,OPERATIVO,436432.682,4470144.057,ETRS89,,,CALLE,SAN ANTOLIN,9,28025,,20127498,2022-12-27T00:00:00Z,,MU24,MU-51,2026-01-10T00:00:00Z
9181946,Aparcabicicletas,73,TRAFALGAR,7,CHAMBERI,OPERATIVO,440452.994,4476271.98,ETRS89,,,CALLE,GENERAL ALVAREZ DE CASTRO,9,28010,,11040214,2023-02-27T00:00:00Z,,MU24,MU-51,2026-01-10T00:00:00Z
9181948,Aparcabicicletas,73,TRAFALGAR,7,CHAMBERI,OPERATIVO,440453.662,4476270.64,ETRS89,,,CALLE,GENERAL ALVAREZ DE CASTRO,9,28010,,11040214,2023-02-27T00:00:00Z,,MU24,MU-51,2026-01-10T00:00:00Z
9181950,Aparcabicicletas,73,TRAFALGAR,7,CHAMBERI,OPERATIVO,440453.82,4476269.2,ETRS89,,,CALLE,GENERAL ALVAREZ DE CASTRO,9,28010,,11040214,2023-02-27T00:00:00Z,,MU24,MU-51,2026-01-10T00:00:00Z
9186996,Aparcabicicletas,136,NUMANCIA,13,PUENTE DE VALLECAS,OPERATIVO,444372.858,4471485.49,ETRS89,,,CALLE,CANTALAPIEDRA,4,28038,,11098511,2021-12-04T00:00:00Z,,MU24,MU-51,2026-01-10T00:00:00Z
9186999,Aparcabicicletas,136,NUMANCIA,13,PUENTE DE VALLECAS,OPERATIVO,444372.461,4471482.977,ETRS89,,,CALLE,CANTALAPIEDRA,4,28038,,11098511,2021-12-04T00:00:00Z,,MU24,MU-51,2026-01-10T00:00:00Z
9187014,Aparcabicicletas,54,HISPANOAMERICA,5,CHAMARTIN,OPERATIVO,443202.778,4478714.747,ETRS89,,,CALLE,FERNAN NUÑEZ,61,28016,,31003996,2021-01-01T00:00:00Z,,MU24,MU-51,2026-01-10T00:00:00Z
9132394,Aparcabicicletas,136,NUMANCIA,13,PUENTE DE VALLECAS,OPERATIVO,444545.772,4471716.539,ETRS89,,,CALLE,PIO FELIPE,26,28038,,20083907,2023-01-03T00:00:00Z,,MU24,MU-51,2026-01-10T00:00:00Z
9132418,Aparcabicicletas,136,NUMANCIA,13,PUENTE DE VALLECAS,OPERATIVO,444547.227,4471718.523,ETRS89,,,CALLE,PIO FELIPE,26,28038,,20083907,2023-01-03T00:00:00Z,,MU24,MU-51,2026-01-10T00:00:00Z
9187013,Aparcabicicletas,54,HISPANOAMERICA,5,CHAMARTIN,OPERATIVO,443203.539,4478714.519,ETRS89,,,CALLE,FERNAN NUÑEZ,61,28016,,31003996,2021-01-01T00:00:00Z,,MU24,MU-51,2026-01-10T00:00:00Z
9187015,Aparcabicicletas,54,HISPANOAMERICA,5,CHAMARTIN,OPERATIVO,443201.932,4478714.975,ETRS89,,,CALLE,COLOMBIA,53,28016,,11025086,2021-01-01T00:00:00Z,,MU24,MU-51,2026-01-10T00:00:00Z
9187504,Aparcabicicletas,112,OPAÑEL,11,CARABANCHEL,OPERATIVO,439273.512,4472075.289,ETRS89,,,CALLE,ANTONIO DE LEYVA,1,28019,,20020738,2021-12-04T00:00:00Z,,MU24,MU-51,2026-01-10T00:00:00Z
9132417,Aparcabicicletas,136,NUMANCIA,13,PUENTE DE VALLECAS,OPERATIVO,444546.565,4471717.597,ETRS89,,,CALLE,PIO FELIPE,26,28038,,20083907,2023-01-03T00:00:00Z,,MU24,MU-51,2026-01-10T00:00:00Z
9132780,Aparcabicicletas,76,VALLEHERMOSO,7,CHAMBERI,OPERATIVO,439727.821,4476858.79,ETRS89,,,CALLE,JESUS MAESTRO,1,28003,,11042617,2023-01-11T00:00:00Z,,MU24,MU-51,2026-01-10T00:00:00Z
9132782,Aparcabicicletas,76,VALLEHERMOSO,7,CHAMBERI,OPERATIVO,439727.487,4476859.46,ETRS89,,,CALLE,JESUS MAESTRO,1,28003,,11042617,2023-01-11T00:00:00Z,,MU24,MU-51,2026-01-10T00:00:00Z
9132784,Aparcabicicletas,76,VALLEHERMOSO,7,CHAMBERI,OPERATIVO,439727.07,4476860.35,ETRS89,,,CALLE,JESUS MAESTRO,1,28003,,11042617,2023-01-11T00:00:00Z,,MU24,MU-51,2026-01-10T00:00:00Z
9198831,Aparcabicicletas,52,PROSPERIDAD,5,CHAMARTIN,OPERATIVO,442870.53,4477221.35,ETRS89,,,CALLE,LUIS CABRERA,49,28002,,11022180,2023-03-17T00:00:00Z,,MU24,MU-51,2026-01-10T00:00:00Z
9198833,Aparcabicicletas,52,PROSPERIDAD,5,CHAMARTIN,OPERATIVO,442871.55,4477222.34,ETRS89,,,CALLE,LUIS CABRERA,49,28002,,11022180,2023-03-17T00:00:00Z,,MU24,MU-51,2026-01-10T00:00:00Z
9198845,Aparcabicicletas,86,VALVERDE,8,FUENCARRAL-EL PARDO,OPERATIVO,443492.379,4484392.716,ETRS89,,,CALLE,MIRALLOS,18,28050,,31012712,2023-03-24T00:00:00Z,,MU24,MU-51,2026-01-10T00:00:00Z
9198847,Aparcabicicletas,86,VALVERDE,8,FUENCARRAL-EL PARDO,OPERATIVO,443489.204,4484389.541,ETRS89,,,CALLE,MIRALLOS,18,28050,,31012712,2023-03-24T00:00:00Z,,MU24,MU-51,2026-01-10T00:00:00Z
9198849,Aparcabicicletas,86,VALVERDE,8,FUENCARRAL-EL PARDO,OPERATIVO,443479.414,4484378.163,ETRS89,,,CALLE,MIRALLOS,18,28050,,31012712,2023-03-24T00:00:00Z,,MU24,MU-51,2026-01-10T00:00:00Z
9201805,Aparcabicicletas,15,UNIVERSIDAD,1,CENTRO,OPERATIVO,439973.47,4475506.53,ETRS89,,,CALLE,MONTSERRAT,10,28015,,11006244,2023-03-28T00:00:00Z,,MU24,MU-51,2026-01-10T00:00:00Z
9201807,Aparcabicicletas,15,UNIVERSIDAD,1,CENTRO,OPERATIVO,439966.02,4475370.49,ETRS89,,,CALLE,SAN DIMAS,2,28015,,11006291,2023-03-28T00:00:00Z,,MU24,MU-51,2026-01-10T00:00:00Z
9205520,Aparcabicicletas,101,LOS CARMENES,10,LATINA,OPERATIVO,437958.99,4472981.62,ETRS89,,,CALLE,PABLO SARASATE,6,28047,,20085829,2023-03-29T00:00:00Z,,MU24,MU-51,2026-01-10T00:00:00Z
9205526,Aparcabicicletas,101,LOS CARMENES,10,LATINA,OPERATIVO,437957.725,4472979.963,ETRS89,,,CALLE,PABLO SARASATE,6,28047,,20085829,2023-03-29T00:00:00Z,,MU24,MU-51,2026-01-10T00:00:00Z
9205580,Aparcabicicletas,104,ALUCHE,10,LATINA,OPERATIVO,436209.87,4470903.27,ETRS89,,,CALLE,NUESTRA SEÑORA DE LA LUZ,53,28047,,20168271,2023-03-29T00:00:00Z,,MU24,MU-51,2026-01-10T00:00:00Z
9205582,Aparcabicicletas,104,ALUCHE,10,LATINA,OPERATIVO,436211.219,4470902.521,ETRS89,,,CALLE,NUESTRA SEÑORA DE LA LUZ,53,28047,,20168271,2023-03-29T00:00:00Z,,MU24,MU-51,2026-01-10T00:00:00Z
9187516,Aparcabicicletas,125,MOSCARDO,12,USERA,OPERATIVO,440171.851,4471183.344,ETRS89,,,CALLE,MIRASIERRA,29,28026,,11084162,2021-12-04T00:00:00Z,,MU24,MU-51,2026-01-10T00:00:00Z
9187518,Aparcabicicletas,125,MOSCARDO,12,USERA,OPERATIVO,440173.194,4471181.557,ETRS89,,,CALLE,MIRASIERRA,29,28026,,11084162,2021-12-04T00:00:00Z,,MU24,MU-51,2026-01-10T00:00:00Z
9187526,Aparcabicicletas,122,ORCASUR,12,USERA,OPERATIVO,440915.675,4468733.699,ETRS89,,,CALLE,CONIFERAS,6,28041,,20046809,2022-11-01T00:00:00Z,,MU24,MU-51,2026-01-10T00:00:00Z
9187530,Aparcabicicletas,122,ORCASUR,12,USERA,OPERATIVO,440918.056,4468733.963,ETRS89,,,CALLE,CONIFERAS,6,28041,,20046809,2022-11-01T00:00:00Z,,MU24,MU-51,2026-01-10T00:00:00Z
9207594,Aparcabicicletas,205,ROSAS,20,SAN BLAS-CANILLEJAS,OPERATIVO,448707.11,4475438.5,ETRS89,,,CALLE,SUECIA,64,28022,,31022585,2023-04-05T00:00:00Z,,MU24,MU-51,2026-01-10T00:00:00Z
9207596,Aparcabicicletas,205,ROSAS,20,SAN BLAS-CANILLEJAS,OPERATIVO,448707.24,4475437.44,ETRS89,,,CALLE,SUECIA,64,28022,,31022585,2023-04-05T00:00:00Z,,MU24,MU-51,2026-01-10T00:00:00Z
9207748,Aparcabicicletas,192,VALDEBERNARDO,19,VICALVARO,OPERATIVO,447586.64,4472695.56,ETRS89,,,CALLE,TREN DE ARGANDA,9,28032,,20107794,2023-04-04T00:00:00Z,,MU24,MU-51,2026-01-10T00:00:00Z
9207750,Aparcabicicletas,192,VALDEBERNARDO,19,VICALVARO,OPERATIVO,447589.02,4472695.16,ETRS89,,,CALLE,TREN DE ARGANDA,9,28032,,20107794,2023-04-04T00:00:00Z,,MU24,MU-51,2026-01-10T00:00:00Z
9208167,Aparcabicicletas,117,ABRANTES,11,CARABANCHEL,OPERATIVO,438018.21,4469906.26,ETRS89,,,CALLE,VIA LUSITANA,94,28025,,31067505,2023-04-05T00:00:00Z,,MU24,MU-51,2026-01-10T00:00:00Z
9208169,Aparcabicicletas,117,ABRANTES,11,CARABANCHEL,OPERATIVO,438019.8,4469908.24,ETRS89,,,CALLE,VIA LUSITANA,94,28025,,31067505,2023-04-05T00:00:00Z,,MU24,MU-51,2026-01-10T00:00:00Z
9208171,Aparcabicicletas,117,ABRANTES,11,CARABANCHEL,OPERATIVO,438021.39,4469910.23,ETRS89,,,CALLE,VIA LUSITANA,94,28025,,31067505,2023-04-05T00:00:00Z,,MU24,MU-51,2026-01-10T00:00:00Z
9211223,Aparcabicicletas,36,NIÑO JESUS,3,RETIRO,OPERATIVO,443023.2,4473351.74,ETRS89,,,CALLE,TITULCIA,24,28007,,11013404,2023-04-12T00:00:00Z,,MU24,MU-51,2026-01-10T00:00:00Z
9211225,Aparcabicicletas,36,NIÑO JESUS,3,RETIRO,OPERATIVO,443020.75,4473352.2,ETRS89,,,CALLE,TITULCIA,19,28007,,31003068,2023-04-12T00:00:00Z,,MU24,MU-51,2026-01-10T00:00:00Z
9211227,Aparcabicicletas,36,NIÑO JESUS,3,RETIRO,OPERATIVO,443017.1,4473352.12,ETRS89,,,CALLE,TITULCIA,22,28007,,11013403,2023-04-12T00:00:00Z,,MU24,MU-51,2026-01-10T00:00:00Z
9213111,Aparcabicicletas,164,PINAR DEL REY,16,HORTALEZA,OPERATIVO,445420.41,4480493.05,ETRS89,,,CALLE,MAR CASPIO,10,28033,,20083837,2023-04-11T00:00:00Z,,MU24,,2026-01-10T00:00:00Z
9213359,Aparcabicicletas,191,CASCO HISTORICO DE VICALVARO,19,VICALVARO,OPERATIVO,448931.41,4472891.4,ETRS89,,,CALLE,FORGES,13,28032,,11132945,2023-04-14T00:00:00Z,,MU24,MU-51,2026-01-10T00:00:00Z
9213361,Aparcabicicletas,191,CASCO HISTORICO DE VICALVARO,19,VICALVARO,OPERATIVO,448931.27,4472889.02,ETRS89,,,CALLE,FORGES,13,28032,,11132945,2023-04-14T00:00:00Z,,MU24,MU-51,2026-01-10T00:00:00Z
9213389,Aparcabicicletas,146,VINATEROS,14,MORATALAZ,OPERATIVO,444790.6,4472946.67,ETRS89,,,CALLE,HACIENDA DE PAVONES,4 B,28030,,31003570,2023-04-14T00:00:00Z,,MU24,MU-51,2026-01-10T00:00:00Z
9213393,Aparcabicicletas,146,VINATEROS,14,MORATALAZ,OPERATIVO,444792.72,4472945.61,ETRS89,,,CALLE,HACIENDA DE PAVONES,4 B,28030,,31003570,2023-04-14T00:00:00Z,,MU24,MU-51,2026-01-10T00:00:00Z
9213417,Aparcabicicletas,141,PAVONES,14,MORATALAZ,OPERATIVO,446251.96,4472356.41,ETRS89,,,CALLE,HACIENDA DE PAVONES,348,28030,,20098182,2023-04-14T00:00:00Z,,MU24,MU-51,2026-01-10T00:00:00Z
9213419,Aparcabicicletas,141,PAVONES,14,MORATALAZ,OPERATIVO,446254.61,4472355.88,ETRS89,,,CALLE,HACIENDA DE PAVONES,348,28030,,20098182,2023-04-14T00:00:00Z,,MU24,MU-51,2026-01-10T00:00:00Z
9213421,Aparcabicicletas,141,PAVONES,14,MORATALAZ,OPERATIVO,446257.38,4472355.22,ETRS89,,,CALLE,HACIENDA DE PAVONES,348,28030,,20098182,2023-04-14T00:00:00Z,,MU24,MU-51,2026-01-10T00:00:00Z
9213920,Aparcabicicletas,66,BERRUGUETE,6,TETUAN,OPERATIVO,440234.67,4478663.81,ETRS89,,,CALLE,FRANCOS RODRIGUEZ,38,28039,,11038087,2023-04-13T00:00:00Z,,MU24,MU-38,2026-01-10T00:00:00Z
9214282,Aparcabicicletas,63,CASTILLEJOS,6,TETUAN,OPERATIVO,441365.48,4479290.27,ETRS89,,,CALLE,ROSARIO PINO,8,28020,,11030993,2023-04-14T00:00:00Z,,MU24,MU-51,2026-01-10T00:00:00Z
9132781,Aparcabicicletas,76,VALLEHERMOSO,7,CHAMBERI,OPERATIVO,439726.652,4476861.13,ETRS89,,,CALLE,JESUS MAESTRO,1,28003,,11042617,2023-01-11T00:00:00Z,,MU24,MU-51,2026-01-10T00:00:00Z
9132783,Aparcabicicletas,76,VALLEHERMOSO,7,CHAMBERI,OPERATIVO,439726.234,4476861.91,ETRS89,,,CALLE,JESUS MAESTRO,1,28003,,11042617,2023-01-11T00:00:00Z,,MU24,MU-51,2026-01-10T00:00:00Z
9198830,Aparcabicicletas,52,PROSPERIDAD,5,CHAMARTIN,OPERATIVO,442874.38,4477225.65,ETRS89,,,CALLE,LUIS CABRERA,49,28002,,11022180,2023-03-17T00:00:00Z,,MU24,MU-51,2026-01-10T00:00:00Z
9198832,Aparcabicicletas,52,PROSPERIDAD,5,CHAMARTIN,OPERATIVO,442872.92,4477223.33,ETRS89,,,CALLE,LUIS CABRERA,49,28002,,11022180,2023-03-17T00:00:00Z,,MU24,MU-51,2026-01-10T00:00:00Z
9198834,Aparcabicicletas,52,PROSPERIDAD,5,CHAMARTIN,OPERATIVO,442874.02,4477224.1,ETRS89,,,CALLE,LUIS CABRERA,49,28002,,11022180,2023-03-17T00:00:00Z,,MU24,MU-51,2026-01-10T00:00:00Z
9198846,Aparcabicicletas,86,VALVERDE,8,FUENCARRAL-EL PARDO,OPERATIVO,443490.527,4484390.599,ETRS89,,,CALLE,MIRALLOS,18,28050,,31012712,2023-03-24T00:00:00Z,,MU24,MU-51,2026-01-10T00:00:00Z
9198848,Aparcabicicletas,86,VALVERDE,8,FUENCARRAL-EL PARDO,OPERATIVO,443485.5,4484385.307,ETRS89,,,CALLE,MIRALLOS,18,28050,,31012712,2023-03-24T00:00:00Z,,MU24,MU-51,2026-01-10T00:00:00Z
9200264,Aparcabicicletas,31,PACIFICO,3,RETIRO,OPERATIVO,442766.74,4472813.09,ETRS89,,,CALLE,VALDERRIBAS,49,28007,,11011123,2023-03-16T00:00:00Z,,MU24,MU-51,2026-01-10T00:00:00Z
9201806,Aparcabicicletas,15,UNIVERSIDAD,1,CENTRO,OPERATIVO,440028.99,4475384.53,ETRS89,,,CALLE,NORTE,18,28015,,11006307,2023-03-28T00:00:00Z,,MU24,MU-51,2026-01-10T00:00:00Z
9201808,Aparcabicicletas,15,UNIVERSIDAD,1,CENTRO,OPERATIVO,440031.86,4475446.45,ETRS89,,,CALLE,QUIÑONES,3,28015,,11006280,2023-03-28T00:00:00Z,,MU24,MU-51,2026-01-10T00:00:00Z
9205509,Aparcabicicletas,101,LOS CARMENES,10,LATINA,OPERATIVO,437959.79,4472981.75,ETRS89,,,CALLE,PABLO SARASATE,6,28047,,20085829,2023-03-29T00:00:00Z,,MU24,MU-51,2026-01-10T00:00:00Z
9205524,Aparcabicicletas,101,LOS CARMENES,10,LATINA,OPERATIVO,437958.33,4472980.82,ETRS89,,,CALLE,PABLO SARASATE,6,28047,,20085829,2023-03-29T00:00:00Z,,MU24,MU-51,2026-01-10T00:00:00Z
9205528,Aparcabicicletas,104,ALUCHE,10,LATINA,OPERATIVO,436209.3,4470903.55,ETRS89,,,CALLE,NUESTRA SEÑORA DE LA LUZ,53,28047,,20168271,2023-03-29T00:00:00Z,,MU24,,2026-01-10T00:00:00Z
9205581,Aparcabicicletas,104,ALUCHE,10,LATINA,OPERATIVO,436210.13,4470903.0,ETRS89,,,CALLE,NUESTRA SEÑORA DE LA LUZ,53,28047,,20168271,2023-03-29T00:00:00Z,,MU24,MU-53,2026-01-10T00:00:00Z
9187515,Aparcabicicletas,125,MOSCARDO,12,USERA,OPERATIVO,440171.347,4471184.125,ETRS89,,,CALLE,MIRASIERRA,29,28026,,11084162,2021-12-04T00:00:00Z,,MU24,MU-51,2026-01-10T00:00:00Z
9187517,Aparcabicicletas,125,MOSCARDO,12,USERA,OPERATIVO,440172.522,4471182.34,ETRS89,,,CALLE,MIRASIERRA,29,28026,,11084162,2021-12-04T00:00:00Z,,MU24,MU-51,2026-01-10T00:00:00Z
9187519,Aparcabicicletas,125,MOSCARDO,12,USERA,OPERATIVO,440173.868,4471180.886,ETRS89,,,CALLE,MIRASIERRA,29,28026,,11084162,2021-12-04T00:00:00Z,,MU24,MU-51,2026-01-10T00:00:00Z
9187528,Aparcabicicletas,122,ORCASUR,12,USERA,OPERATIVO,440916.865,4468733.831,ETRS89,,,CALLE,CONIFERAS,6,28041,,20046809,2022-11-01T00:00:00Z,,MU24,MU-51,2026-01-10T00:00:00Z
9207372,Aparcabicicletas,117,ABRANTES,11,CARABANCHEL,OPERATIVO,438178.21,4470271.16,ETRS89,,,CALLE,ALFONSO MARTINEZ CONDE,20,28025,,31013408,2023-03-29T00:00:00Z,,MU24,MU-51,2026-01-10T00:00:00Z
9207595,Aparcabicicletas,205,ROSAS,20,SAN BLAS-CANILLEJAS,OPERATIVO,448707.24,4475438.1,ETRS89,,,CALLE,SUECIA,64,28022,,31022585,2023-04-05T00:00:00Z,,MU24,MU-51,2026-01-10T00:00:00Z
9207747,Aparcabicicletas,192,VALDEBERNARDO,19,VICALVARO,OPERATIVO,447585.45,4472695.96,ETRS89,,,CALLE,TREN DE ARGANDA,9,28032,,20107794,2023-04-04T00:00:00Z,,MU24,MU-51,2026-01-10T00:00:00Z
9207749,Aparcabicicletas,192,VALDEBERNARDO,19,VICALVARO,OPERATIVO,447587.83,4472695.43,ETRS89,,,CALLE,TREN DE ARGANDA,9,28032,,20107794,2023-04-04T00:00:00Z,,MU24,MU-51,2026-01-10T00:00:00Z
9207751,Aparcabicicletas,192,VALDEBERNARDO,19,VICALVARO,OPERATIVO,447590.08,4472694.77,ETRS89,,,CALLE,TREN DE ARGANDA,9,28032,,20107794,2023-04-04T00:00:00Z,,MU24,MU-51,2026-01-10T00:00:00Z
9208168,Aparcabicicletas,117,ABRANTES,11,CARABANCHEL,OPERATIVO,438019.01,4469907.19,ETRS89,,,CALLE,VIA LUSITANA,94,28025,,31067505,2023-04-05T00:00:00Z,,MU24,MU-51,2026-01-10T00:00:00Z
9208170,Aparcabicicletas,117,ABRANTES,11,CARABANCHEL,OPERATIVO,438020.59,4469909.17,ETRS89,,,CALLE,VIA LUSITANA,94,28025,,31067505,2023-04-05T00:00:00Z,,MU24,MU-51,2026-01-10T00:00:00Z
9211222,Aparcabicicletas,36,NIÑO JESUS,3,RETIRO,OPERATIVO,443018.54,4473352.22,ETRS89,,,CALLE,TITULCIA,22,28007,,11013403,2023-04-12T00:00:00Z,,MU24,MU-51,2026-01-10T00:00:00Z
9211224,Aparcabicicletas,36,NIÑO JESUS,3,RETIRO,OPERATIVO,443022.02,4473351.75,ETRS89,,,CALLE,TITULCIA,24,28007,,11013404,2023-04-12T00:00:00Z,,MU24,MU-51,2026-01-10T00:00:00Z
9211226,Aparcabicicletas,36,NIÑO JESUS,3,RETIRO,OPERATIVO,443019.64,4473352.1,ETRS89,,,CALLE,TITULCIA,19,28007,,31003068,2023-04-12T00:00:00Z,,MU24,MU-51,2026-01-10T00:00:00Z
9213110,Aparcabicicletas,164,PINAR DEL REY,16,HORTALEZA,OPERATIVO,445418.16,4480493.32,ETRS89,,,CALLE,MAR CASPIO,10,28033,,20083837,2023-04-11T00:00:00Z,,MU24,MU-51,2026-01-10T00:00:00Z
9213112,Aparcabicicletas,164,PINAR DEL REY,16,HORTALEZA,OPERATIVO,445419.48,4480493.32,ETRS89,,,CALLE,MAR CASPIO,10,28033,,20083837,2023-04-11T00:00:00Z,,MU24,,2026-01-10T00:00:00Z
9213360,Aparcabicicletas,191,CASCO HISTORICO DE VICALVARO,19,VICALVARO,OPERATIVO,448931.41,4472890.34,ETRS89,,,CALLE,FORGES,13,28032,,11132945,2023-04-14T00:00:00Z,,MU24,MU-51,2026-01-10T00:00:00Z
9213376,Aparcabicicletas,146,VINATEROS,14,MORATALAZ,OPERATIVO,444789.81,4472947.2,ETRS89,,,CALLE,HACIENDA DE PAVONES,4 A,28030,,31003569,2023-04-14T00:00:00Z,,MU24,MU-51,2026-01-10T00:00:00Z
9213390,Aparcabicicletas,146,VINATEROS,14,MORATALAZ,OPERATIVO,444791.66,4472946.14,ETRS89,,,CALLE,HACIENDA DE PAVONES,4 B,28030,,31003570,2023-04-14T00:00:00Z,,MU24,MU-51,2026-01-10T00:00:00Z
9213394,Aparcabicicletas,146,VINATEROS,14,MORATALAZ,OPERATIVO,444793.52,4472945.08,ETRS89,,,CALLE,HACIENDA DE PAVONES,1,28030,,31043377,2023-04-14T00:00:00Z,,MU24,MU-51,2026-01-10T00:00:00Z
9213418,Aparcabicicletas,141,PAVONES,14,MORATALAZ,OPERATIVO,446253.28,4472356.15,ETRS89,,,CALLE,HACIENDA DE PAVONES,348,28030,,20098182,2023-04-14T00:00:00Z,,MU24,MU-51,2026-01-10T00:00:00Z
9213420,Aparcabicicletas,141,PAVONES,14,MORATALAZ,OPERATIVO,446256.19,4472355.62,ETRS89,,,CALLE,HACIENDA DE PAVONES,348,28030,,20098182,2023-04-14T00:00:00Z,,MU24,MU-51,2026-01-10T00:00:00Z
9213919,Aparcabicicletas,66,BERRUGUETE,6,TETUAN,OPERATIVO,440235.41,4478660.81,ETRS89,,,CALLE,FRANCOS RODRIGUEZ,38,28039,,11038087,2023-04-13T00:00:00Z,,MU24,MU-51,2026-01-10T00:00:00Z
9213921,Aparcabicicletas,66,BERRUGUETE,6,TETUAN,OPERATIVO,440234.27,4478667.03,ETRS89,,,CALLE,FRANCOS RODRIGUEZ,38,28039,,11038087,2023-04-13T00:00:00Z,,MU24,MU-51,2026-01-10T00:00:00Z
9214283,Aparcabicicletas,63,CASTILLEJOS,6,TETUAN,OPERATIVO,441364.86,4479287.39,ETRS89,,,CALLE,ROSARIO PINO,8,28020,,11030993,2023-04-13T00:00:00Z,,MU24,MU-51,2026-01-10T00:00:00Z
9214657,Aparcabicicletas,83,PEÑAGRANDE,8,FUENCARRAL-EL PARDO,OPERATIVO,437803.274,4481539.303,ETRS89,,,CALLE,ALFONSO RODRIGUEZ CASTELAO,17,28035,,20099293,2023-04-11T00:00:00Z,,MU24,MU-51,2026-01-10T00:00:00Z
9214659,Aparcabicicletas,83,PEÑAGRANDE,8,FUENCARRAL-EL PARDO,OPERATIVO,437798.909,4481539.568,ETRS89,,,CALLE,ALFONSO RODRIGUEZ CASTELAO,17,28035,,20099293,2023-04-11T00:00:00Z,,MU24,MU-51,2026-01-10T00:00:00Z
9214658,Aparcabicicletas,83,PEÑAGRANDE,8,FUENCARRAL-EL PARDO,OPERATIVO,437800.761,4481539.303,ETRS89,,,CALLE,ALFONSO RODRIGUEZ CASTELAO,17,28035,,20099293,2023-04-11T00:00:00Z,,MU24,MU-51,2026-01-10T00:00:00Z
9221396,Aparcabicicletas,31,PACIFICO,3,RETIRO,OPERATIVO,442329.85,4472821.1,ETRS89,,,CALLE,NARCISO SERRA,1,28007,,11010763,2023-04-24T00:00:00Z,,MU24,MU-51,2026-01-10T00:00:00Z
9221398,Aparcabicicletas,31,PACIFICO,3,RETIRO,OPERATIVO,442329.42,4472820.33,ETRS89,,,CALLE,NARCISO SERRA,1,28007,,11010763,2023-04-24T00:00:00Z,,MU24,MU-51,2026-01-10T00:00:00Z
9221774,Aparcabicicletas,116,BUENAVISTA,11,CARABANCHEL,OPERATIVO,435847.33,4468622.63,ETRS89,,,CALLE,LONJA DE LA SEDA,4,28054,,31037138,2023-04-28T00:00:00Z,,MU24,MU-51,2026-01-10T00:00:00Z
9221776,Aparcabicicletas,116,BUENAVISTA,11,CARABANCHEL,OPERATIVO,435849.84,4468622.63,ETRS89,,,CALLE,LONJA DE LA SEDA,4,28054,,31037138,2023-04-28T00:00:00Z,,MU24,MU-51,2026-01-10T00:00:00Z
9221783,Aparcabicicletas,114,VISTA ALEGRE,11,CARABANCHEL,OPERATIVO,436134.84,4470033.73,ETRS89,,,CALLE,PARQUE EUGENIA DE MONTIJO,28 A,28047,,31009135,2023-04-28T00:00:00Z,,MU24,MU-51,2026-01-10T00:00:00Z
9221785,Aparcabicicletas,114,VISTA ALEGRE,11,CARABANCHEL,OPERATIVO,436133.52,4470035.58,ETRS89,,,CALLE,PARQUE EUGENIA DE MONTIJO,28 A,28047,,31009135,2023-04-28T00:00:00Z,,MU24,MU-51,2026-01-10T00:00:00Z
9221787,Aparcabicicletas,114,VISTA ALEGRE,11,CARABANCHEL,OPERATIVO,436135.3,4470032.89,ETRS89,,,CALLE,PARQUE EUGENIA DE MONTIJO,28 A,28047,,31009135,2023-04-28T00:00:00Z,,MU24,MU-51,2026-01-10T00:00:00Z
9223034,Aparcabicicletas,127,PRADOLONGO,12,USERA,OPERATIVO,439687.77,4470333.0,ETRS89,,,CALLE,ELISA OCHOA,2,28026,,20111866,2023-05-04T00:00:00Z,,MU24,MU-51,2026-01-10T00:00:00Z
9223036,Aparcabicicletas,127,PRADOLONGO,12,USERA,OPERATIVO,439690.28,4470323.48,ETRS89,,,CALLE,ELISA OCHOA,2,28026,,20111866,2023-05-04T00:00:00Z,,MU24,MU-51,2026-01-10T00:00:00Z
9221395,Aparcabicicletas,31,PACIFICO,3,RETIRO,OPERATIVO,442328.73,4472818.89,ETRS89,,,CALLE,NARCISO SERRA,1,28007,,11010763,2023-04-24T00:00:00Z,,MU24,MU-51,2026-01-10T00:00:00Z
9221397,Aparcabicicletas,31,PACIFICO,3,RETIRO,OPERATIVO,442330.28,4472821.43,ETRS89,,,CALLE,NARCISO SERRA,1,28007,,11010763,2023-04-24T00:00:00Z,,MU24,MU-51,2026-01-10T00:00:00Z
9221399,Aparcabicicletas,31,PACIFICO,3,RETIRO,OPERATIVO,442329.33,4472819.77,ETRS89,,,CALLE,NARCISO SERRA,1,28007,,11010763,2023-04-24T00:00:00Z,,MU24,MU-51,2026-01-10T00:00:00Z
9221773,Aparcabicicletas,116,BUENAVISTA,11,CARABANCHEL,OPERATIVO,435845.87,4468622.63,ETRS89,,,CALLE,LONJA DE LA SEDA,4,28054,,31037138,2023-04-28T00:00:00Z,,MU24,MU-51,2026-01-10T00:00:00Z
9221775,Aparcabicicletas,116,BUENAVISTA,11,CARABANCHEL,OPERATIVO,435848.52,4468622.76,ETRS89,,,CALLE,LONJA DE LA SEDA,4,28054,,31037138,2023-04-28T00:00:00Z,,MU24,MU-51,2026-01-10T00:00:00Z
9221777,Aparcabicicletas,116,BUENAVISTA,11,CARABANCHEL,OPERATIVO,435851.03,4468622.76,ETRS89,,,CALLE,LONJA DE LA SEDA,4,28054,,31037138,2023-04-28T00:00:00Z,,MU24,MU-51,2026-01-10T00:00:00Z
9221784,Aparcabicicletas,114,VISTA ALEGRE,11,CARABANCHEL,OPERATIVO,436134.45,4470034.39,ETRS89,,,CALLE,PARQUE EUGENIA DE MONTIJO,28 A,28047,,31009135,2023-04-28T00:00:00Z,,MU24,MU-51,2026-01-10T00:00:00Z
9221786,Aparcabicicletas,114,VISTA ALEGRE,11,CARABANCHEL,OPERATIVO,436132.59,4470036.51,ETRS89,,,CALLE,PARQUE EUGENIA DE MONTIJO,28 A,28047,,31009135,2023-04-28T00:00:00Z,,MU24,MU-51,2026-01-10T00:00:00Z
9226742,Aparcabicicletas,72,ARAPILES,7,CHAMBERI,OPERATIVO,440127.33,4476140.59,ETRS89,,,CALLE,FERNANDO EL CATOLICO,2,28015,,20013482,2023-05-17T00:00:00Z,,MU24,MU-51,2026-01-10T00:00:00Z
9226745,Aparcabicicletas,72,ARAPILES,7,CHAMBERI,OPERATIVO,440125.3,4476141.05,ETRS89,,,CALLE,FERNANDO EL CATOLICO,2,28015,,20013482,2023-05-17T00:00:00Z,,MU24,MU-51,2026-01-10T00:00:00Z
9232138,Aparcabicicletas,14,JUSTICIA,1,CENTRO,OPERATIVO,440958.805,4475165.344,ETRS89,,,CALLE,FERNANDO VI,17,28004,,11005028,2021-01-01T00:00:00Z,,MU24,MU-51,2026-01-10T00:00:00Z
9256529,Aparcabicicletas,152,PUEBLO NUEVO,15,CIUDAD LINEAL,OPERATIVO,446403.185,4474761.338,ETRS89,,,CALLE,VILLAESCUSA,17,28017,,20173580,2023-05-26T00:00:00Z,,MU24,MU-51,2026-01-10T00:00:00Z
9262561,Aparcabicicletas,151,VENTAS,15,CIUDAD LINEAL,OPERATIVO,444202.08,4475881.97,ETRS89,,,CALLE,ALCALA,232,28027,,11104468,2023-06-05T00:00:00Z,,MU24,MU-51,2026-01-10T00:00:00Z
9262563,Aparcabicicletas,151,VENTAS,15,CIUDAD LINEAL,OPERATIVO,444204.72,4475881.44,ETRS89,,,CALLE,ALCALA,232,28027,,11104468,2023-06-05T00:00:00Z,,MU24,MU-51,2026-01-10T00:00:00Z
9262565,Aparcabicicletas,151,VENTAS,15,CIUDAD LINEAL,OPERATIVO,444208.43,4475882.9,ETRS89,,,CALLE,ALCALA,232,28027,,11104468,2023-06-05T00:00:00Z,,MU24,MU-51,2026-01-10T00:00:00Z
9262640,Aparcabicicletas,151,VENTAS,15,CIUDAD LINEAL,OPERATIVO,444398.97,4475917.38,ETRS89,,,CALLE,ALCALA,248,28027,,11104476,2023-06-05T00:00:00Z,,MU24,MU-51,2026-01-10T00:00:00Z
9262642,Aparcabicicletas,151,VENTAS,15,CIUDAD LINEAL,OPERATIVO,444402.14,4475917.12,ETRS89,,,CALLE,ALCALA,248,28027,,11104476,2023-06-05T00:00:00Z,,MU24,MU-51,2026-01-10T00:00:00Z
9262644,Aparcabicicletas,151,VENTAS,15,CIUDAD LINEAL,OPERATIVO,444404.65,4475918.17,ETRS89,,,CALLE,ALCALA,248,28027,,11104476,2023-06-05T00:00:00Z,,MU24,MU-51,2026-01-10T00:00:00Z
9262647,Aparcabicicletas,151,VENTAS,15,CIUDAD LINEAL,OPERATIVO,444499.77,4475933.79,ETRS89,,,CALLE,ALCALA,260,28027,,20038504,2023-06-05T00:00:00Z,,MU24,MU-51,2026-01-10T00:00:00Z
9262649,Aparcabicicletas,151,VENTAS,15,CIUDAD LINEAL,OPERATIVO,444501.76,4475934.98,ETRS89,,,CALLE,ALCALA,260,28027,,20038504,2023-06-05T00:00:00Z,,MU24,MU-51,2026-01-10T00:00:00Z
9262653,Aparcabicicletas,153,QUINTANA,15,CIUDAD LINEAL,OPERATIVO,444663.02,4475977.71,ETRS89,,,CALLE,ALCALA,309,28027,,11109527,2023-06-05T00:00:00Z,,MU24,MU-51,2026-01-10T00:00:00Z
9262656,Aparcabicicletas,153,QUINTANA,15,CIUDAD LINEAL,OPERATIVO,444664.87,4475978.1,ETRS89,,,CALLE,ALCALA,309,28027,,11109527,2023-06-05T00:00:00Z,,MU24,MU-51,2026-01-10T00:00:00Z
9262660,Aparcabicicletas,153,QUINTANA,15,CIUDAD LINEAL,OPERATIVO,444666.59,4475978.76,ETRS89,,,CALLE,ALCALA,309,28027,,11109527,2023-06-05T00:00:00Z,,MU24,MU-51,2026-01-10T00:00:00Z
9262667,Aparcabicicletas,151,VENTAS,15,CIUDAD LINEAL,OPERATIVO,444801.99,4475987.03,ETRS89,,,CALLE,ALCALA,292,28027,,11104918,2023-06-05T00:00:00Z,,MU24,MU-51,2026-01-10T00:00:00Z
9262672,Aparcabicicletas,151,VENTAS,15,CIUDAD LINEAL,OPERATIVO,444803.45,4475986.11,ETRS89,,,CALLE,ALCALA,292,28027,,11104918,2023-06-05T00:00:00Z,,MU24,MU-51,2026-01-10T00:00:00Z
9262678,Aparcabicicletas,121,ORCASITAS,12,USERA,OPERATIVO,440155.05,4468650.38,ETRS89,,,CALLE,SIMCA,18,28041,,31041548,2023-06-02T00:00:00Z,,MU24,MU-51,2026-01-10T00:00:00Z
9262682,Aparcabicicletas,121,ORCASITAS,12,USERA,OPERATIVO,440154.66,4468647.63,ETRS89,,,CALLE,SIMCA,18,28041,,31041548,2023-06-02T00:00:00Z,,MU24,MU-51,2026-01-10T00:00:00Z
9262684,Aparcabicicletas,121,ORCASITAS,12,USERA,OPERATIVO,440154.53,4468645.25,ETRS89,,,CALLE,SIMCA,18,28041,,31041548,2023-06-02T00:00:00Z,,MU24,MU-51,2026-01-10T00:00:00Z
9262691,Aparcabicicletas,153,QUINTANA,15,CIUDAD LINEAL,OPERATIVO,444848.23,4476009.06,ETRS89,,,CALLE,ALCALA,323,28027,,11109251,2023-06-05T00:00:00Z,,MU24,MU-51,2026-01-10T00:00:00Z
9223035,Aparcabicicletas,127,PRADOLONGO,12,USERA,OPERATIVO,439692.0,4470317.52,ETRS89,,,CALLE,ELISA OCHOA,2,28026,,20111866,2023-05-04T00:00:00Z,,MU24,MU-51,2026-01-10T00:00:00Z
9226743,Aparcabicicletas,72,ARAPILES,7,CHAMBERI,OPERATIVO,440124.2,4476141.17,ETRS89,,,CALLE,FERNANDO EL CATOLICO,2,28015,,20013482,2023-05-17T00:00:00Z,,MU24,MU-51,2026-01-10T00:00:00Z
9232137,Aparcabicicletas,14,JUSTICIA,1,CENTRO,OPERATIVO,440959.221,4475164.231,ETRS89,,,CALLE,FERNANDO VI,17,28004,,11005028,2021-01-01T00:00:00Z,,MU24,MU-51,2026-01-10T00:00:00Z
9256528,Aparcabicicletas,152,PUEBLO NUEVO,15,CIUDAD LINEAL,OPERATIVO,446404.389,4474760.058,ETRS89,,,CALLE,VILLAESCUSA,17,28017,,20173580,2023-05-26T00:00:00Z,,MU24,MU-51,2026-01-10T00:00:00Z
9256530,Aparcabicicletas,152,PUEBLO NUEVO,15,CIUDAD LINEAL,OPERATIVO,446403.827,4474760.771,ETRS89,,,CALLE,VILLAESCUSA,17,28017,,20173580,2023-05-26T00:00:00Z,,MU24,MU-51,2026-01-10T00:00:00Z
9262562,Aparcabicicletas,151,VENTAS,15,CIUDAD LINEAL,OPERATIVO,444200.09,4475881.05,ETRS89,,,CALLE,ALCALA,232,28027,,11104468,2023-06-05T00:00:00Z,,MU24,MU-51,2026-01-10T00:00:00Z
9262564,Aparcabicicletas,151,VENTAS,15,CIUDAD LINEAL,OPERATIVO,444206.57,4475882.37,ETRS89,,,CALLE,ALCALA,232,28027,,11104468,2023-06-05T00:00:00Z,,MU24,MU-51,2026-01-10T00:00:00Z
9262639,Aparcabicicletas,151,VENTAS,15,CIUDAD LINEAL,OPERATIVO,444398.04,4475916.59,ETRS89,,,CALLE,ALCALA,248,28027,,11104476,2023-06-05T00:00:00Z,,MU24,MU-51,2026-01-10T00:00:00Z
9262641,Aparcabicicletas,151,VENTAS,15,CIUDAD LINEAL,OPERATIVO,444400.95,4475917.91,ETRS89,,,CALLE,ALCALA,248,28027,,11104476,2023-06-05T00:00:00Z,,MU24,MU-51,2026-01-10T00:00:00Z
9262643,Aparcabicicletas,151,VENTAS,15,CIUDAD LINEAL,OPERATIVO,444403.07,4475917.12,ETRS89,,,CALLE,ALCALA,248,28027,,11104476,2023-06-05T00:00:00Z,,MU24,MU-51,2026-01-10T00:00:00Z
9262646,Aparcabicicletas,151,VENTAS,15,CIUDAD LINEAL,OPERATIVO,444498.98,4475933.12,ETRS89,,,CALLE,ALCALA,260,28027,,20038504,2023-06-05T00:00:00Z,,MU24,MU-51,2026-01-10T00:00:00Z
9262648,Aparcabicicletas,151,VENTAS,15,CIUDAD LINEAL,OPERATIVO,444500.7,4475934.45,ETRS89,,,CALLE,ALCALA,260,28027,,20038504,2023-06-05T00:00:00Z,,MU24,MU-51,2026-01-10T00:00:00Z
9262650,Aparcabicicletas,151,VENTAS,15,CIUDAD LINEAL,OPERATIVO,444502.15,4475934.71,ETRS89,,,CALLE,ALCALA,260,28027,,20038504,2023-06-05T00:00:00Z,,MU24,MU-51,2026-01-10T00:00:00Z
9262655,Aparcabicicletas,153,QUINTANA,15,CIUDAD LINEAL,OPERATIVO,444663.95,4475978.24,ETRS89,,,CALLE,ALCALA,309,28027,,11109527,2023-06-05T00:00:00Z,,MU24,MU-51,2026-01-10T00:00:00Z
9262658,Aparcabicicletas,153,QUINTANA,15,CIUDAD LINEAL,OPERATIVO,444665.8,4475978.24,ETRS89,,,CALLE,ALCALA,309,28027,,11109527,2023-06-05T00:00:00Z,,MU24,MU-51,2026-01-10T00:00:00Z
9262693,Aparcabicicletas,153,QUINTANA,15,CIUDAD LINEAL,OPERATIVO,444845.85,4476009.06,ETRS89,,,CALLE,ALCALA,323,28027,,11109251,2023-06-05T00:00:00Z,,MU24,MU-51,2026-01-10T00:00:00Z
9262705,Aparcabicicletas,173,BUTARQUE,17,VILLAVERDE,OPERATIVO,442722.59,4466090.98,ETRS89,,,CALLE,ESTEFANITA,15,28021,,31034469,2023-06-05T00:00:00Z,,MU24,MU-51,2026-01-10T00:00:00Z
9262707,Aparcabicicletas,173,BUTARQUE,17,VILLAVERDE,OPERATIVO,442721.39,4466093.36,ETRS89,,,CALLE,ESTEFANITA,15,28021,,31034469,2023-06-05T00:00:00Z,,MU24,MU-51,2026-01-10T00:00:00Z
9262709,Aparcabicicletas,173,BUTARQUE,17,VILLAVERDE,OPERATIVO,442720.47,4466095.61,ETRS89,,,CALLE,ESTEFANITA,56,28021,,31006044,2023-06-05T00:00:00Z,,MU24,MU-51,2026-01-10T00:00:00Z
9262713,Aparcabicicletas,172,SAN CRISTOBAL,17,VILLAVERDE,OPERATIVO,441886.73,4466401.83,ETRS89,,,CALLE,BENIMAMET,137,28021,,31009948,2023-06-05T00:00:00Z,,MU24,MU-51,2026-01-10T00:00:00Z
9262783,Aparcabicicletas,155,SAN PASCUAL,15,CIUDAD LINEAL,OPERATIVO,444603.95,4477315.62,ETRS89,,,CALLE,CONDESA DE VENADITO,18,28027,,11111232,2023-06-06T00:00:00Z,,MU24,MU-51,2026-01-10T00:00:00Z
9262798,Aparcabicicletas,205,ROSAS,20,SAN BLAS-CANILLEJAS,OPERATIVO,448497.27,4475339.94,ETRS89,,,CALLE,CARLOS II,2,28022,,20084930,2023-06-06T00:00:00Z,,MU24,MU-51,2026-01-10T00:00:00Z
9262814,Aparcabicicletas,154,LA CONCEPCIÓN,15,CIUDAD LINEAL,OPERATIVO,,,ETRS89,,,CALLE,ALCALA,267 A,28027,,20047692,2023-06-06T00:00:00Z,,MU24,MU-51,2026-01-10T00:00:00Z
9262816,Aparcabicicletas,154,LA CONCEPCIÓN,15,CIUDAD LINEAL,OPERATIVO,,,ETRS89,,,CALLE,ALCALA,267 A,28027,,20047692,2023-06-06T00:00:00Z,,MU24,MU-51,2026-01-10T00:00:00Z
9262820,Aparcabicicletas,91,CASA DE CAMPO,9,MONCLOA-ARAVACA,OPERATIVO,435445.65,4472782.05,ETRS89,,,CALLE,SAN ROBERTO,1,28011,,11064169,2023-06-05T00:00:00Z,,MU24,,2026-01-10T00:00:00Z
9262822,Aparcabicicletas,91,CASA DE CAMPO,9,MONCLOA-ARAVACA,OPERATIVO,435446.18,4472784.43,ETRS89,,,CALLE,SAN ROBERTO,1,28011,,11064169,2023-06-05T00:00:00Z,,MU24,,2026-01-10T00:00:00Z
9262826,Aparcabicicletas,91,CASA DE CAMPO,9,MONCLOA-ARAVACA,OPERATIVO,435449.36,4472788.4,ETRS89,,,CALLE,SAN ROBERTO,1,28011,,11064169,2023-06-05T00:00:00Z,,MU24,MU-51,2026-01-10T00:00:00Z
9262666,Aparcabicicletas,151,VENTAS,15,CIUDAD LINEAL,OPERATIVO,444799.61,4475986.77,ETRS89,,,CALLE,ALCALA,292,28027,,11104918,2023-06-05T00:00:00Z,,MU24,MU-51,2026-01-10T00:00:00Z
9262670,Aparcabicicletas,151,VENTAS,15,CIUDAD LINEAL,OPERATIVO,444802.79,4475986.5,ETRS89,,,CALLE,ALCALA,292,28027,,11104918,2023-06-05T00:00:00Z,,MU24,MU-51,2026-01-10T00:00:00Z
9262673,Aparcabicicletas,151,VENTAS,15,CIUDAD LINEAL,OPERATIVO,,,ETRS89,,,CALLE,ALCALA,292,28027,,11104918,2023-06-05T00:00:00Z,,MU24,MU-51,2026-01-10T00:00:00Z
9262679,Aparcabicicletas,121,ORCASITAS,12,USERA,OPERATIVO,440154.79,4468649.06,ETRS89,,,CALLE,SIMCA,18,28041,,31041548,2023-06-02T00:00:00Z,,MU24,MU-51,2026-01-10T00:00:00Z
9262683,Aparcabicicletas,121,ORCASITAS,12,USERA,OPERATIVO,440154.53,4468646.31,ETRS89,,,CALLE,SIMCA,18,28041,,31041548,2023-06-02T00:00:00Z,,MU24,MU-51,2026-01-10T00:00:00Z
9262689,Aparcabicicletas,153,QUINTANA,15,CIUDAD LINEAL,OPERATIVO,444849.42,4476009.06,ETRS89,,,CALLE,ALCALA,323,28027,,11109251,2023-06-05T00:00:00Z,,MU24,MU-51,2026-01-10T00:00:00Z
9262692,Aparcabicicletas,153,QUINTANA,15,CIUDAD LINEAL,OPERATIVO,444846.51,4476008.66,ETRS89,,,CALLE,ALCALA,323,28027,,11109251,2023-06-05T00:00:00Z,,MU24,MU-51,2026-01-10T00:00:00Z
9262706,Aparcabicicletas,173,BUTARQUE,17,VILLAVERDE,OPERATIVO,442722.06,4466092.17,ETRS89,,,CALLE,ESTEFANITA,15,28021,,31034469,2023-06-05T00:00:00Z,,MU24,MU-51,2026-01-10T00:00:00Z
9262708,Aparcabicicletas,173,BUTARQUE,17,VILLAVERDE,OPERATIVO,442721.0,4466094.55,ETRS89,,,CALLE,ESTEFANITA,15,28021,,31034469,2023-06-05T00:00:00Z,,MU24,MU-51,2026-01-10T00:00:00Z
9262712,Aparcabicicletas,172,SAN CRISTOBAL,17,VILLAVERDE,OPERATIVO,441886.73,4466403.02,ETRS89,,,CALLE,BENIMAMET,137,28021,,31009948,2023-06-05T00:00:00Z,,MU24,MU-51,2026-01-10T00:00:00Z
9262714,Aparcabicicletas,172,SAN CRISTOBAL,17,VILLAVERDE,OPERATIVO,441886.73,4466400.5,ETRS89,,,CALLE,BENIMAMET,137,28021,,31009948,2023-06-05T00:00:00Z,,MU24,MU-51,2026-01-10T00:00:00Z
9262784,Aparcabicicletas,155,SAN PASCUAL,15,CIUDAD LINEAL,OPERATIVO,444603.95,4477315.22,ETRS89,,,CALLE,CONDESA DE VENADITO,18,28027,,11111232,2023-06-06T00:00:00Z,,MU24,MU-51,2026-01-10T00:00:00Z
9262811,Aparcabicicletas,154,LA CONCEPCIÓN,15,CIUDAD LINEAL,OPERATIVO,,,ETRS89,,,CALLE,ALCALA,267 A,28027,,20047692,2023-06-06T00:00:00Z,,MU24,MU-51,2026-01-10T00:00:00Z
9262815,Aparcabicicletas,154,LA CONCEPCIÓN,15,CIUDAD LINEAL,OPERATIVO,,,ETRS89,,,CALLE,ALCALA,267 A,28027,,20047692,2023-06-06T00:00:00Z,,MU24,MU-51,2026-01-10T00:00:00Z
9262818,Aparcabicicletas,154,LA CONCEPCIÓN,15,CIUDAD LINEAL,OPERATIVO,,,ETRS89,,,CALLE,ALCALA,267 A,28027,,20047692,2023-06-06T00:00:00Z,,MU24,MU-51,2026-01-10T00:00:00Z
9262821,Aparcabicicletas,91,CASA DE CAMPO,9,MONCLOA-ARAVACA,OPERATIVO,435445.92,4472783.64,ETRS89,,,CALLE,SAN ROBERTO,1,28011,,11064169,2023-06-05T00:00:00Z,,MU24,,2026-01-10T00:00:00Z
9262825,Aparcabicicletas,91,CASA DE CAMPO,9,MONCLOA-ARAVACA,OPERATIVO,435448.04,4472786.55,ETRS89,,,CALLE,SAN ROBERTO,1,28011,,11064169,2023-06-05T00:00:00Z,,MU24,MU-51,2026-01-10T00:00:00Z
9262830,Aparcabicicletas,91,CASA DE CAMPO,9,MONCLOA-ARAVACA,OPERATIVO,435447.24,4472784.7,ETRS89,,,CALLE,SAN ROBERTO,1,28011,,11064169,2023-06-05T00:00:00Z,,MU24,,2026-01-10T00:00:00Z
9262952,Aparcabicicletas,134,PALOMERAS SURESTE,13,PUENTE DE VALLECAS,OPERATIVO,446911.39,4470546.7,ETRS89,,,CALLE,ARBOLEDA,2,28031,,20045411,2023-06-06T00:00:00Z,,MU24,MU-51,2026-01-10T00:00:00Z
9263185,Aparcabicicletas,134,PALOMERAS SURESTE,13,PUENTE DE VALLECAS,OPERATIVO,446922.82,4470545.42,ETRS89,,,CALLE,ARBOLEDA,2,28031,,20045411,2023-06-06T00:00:00Z,,MU24,MU-51,2026-01-10T00:00:00Z
9263480,Aparcabicicletas,133,PALOMERAS BAJAS,13,PUENTE DE VALLECAS,OPERATIVO,444082.21,4470792.26,ETRS89,,,CALLE,PUERTO DE COSTABONA,5,28018,,20099401,2021-12-21T00:00:00Z,,MU24,MU-51,2026-01-10T00:00:00Z
9263482,Aparcabicicletas,133,PALOMERAS BAJAS,13,PUENTE DE VALLECAS,OPERATIVO,444083.66,4470795.3,ETRS89,,,CALLE,PUERTO DE COSTABONA,5,28018,,20099401,2021-12-21T00:00:00Z,,MU24,MU-51,2026-01-10T00:00:00Z
9263500,Aparcabicicletas,156,SAN JUAN BAUTISTA,15,CIUDAD LINEAL,OPERATIVO,444165.647,4478184.607,ETRS89,,,CALLE,SAN NEMESIO,1,28043,,31028638,2023-06-07T00:00:00Z,,MU24,MU-51,2026-01-10T00:00:00Z
9263502,Aparcabicicletas,161,PALOMAS,16,HORTALEZA,OPERATIVO,448140.17,4478230.25,ETRS89,,,CALLE,ARMONIA,22,28042,,11112824,2023-06-07T00:00:00Z,,MU24,MU-51,2026-01-10T00:00:00Z
9263504,Aparcabicicletas,161,PALOMAS,16,HORTALEZA,OPERATIVO,448139.12,4478230.65,ETRS89,,,CALLE,ARMONIA,22,28042,,11112824,2023-06-07T00:00:00Z,,MU24,MU-51,2026-01-10T00:00:00Z
9263518,Aparcabicicletas,64,ALMENARA,6,TETUAN,OPERATIVO,441144.54,4479658.44,ETRS89,,,CALLE,VIÑA VIRGEN,4,28029,,11031110,2023-06-06T00:00:00Z,,MU24,MU-51,2026-01-10T00:00:00Z
9263520,Aparcabicicletas,64,ALMENARA,6,TETUAN,OPERATIVO,441142.34,4479659.79,ETRS89,,,CALLE,VIÑA VIRGEN,4,28029,,11031110,2023-06-06T00:00:00Z,,MU24,MU-51,2026-01-10T00:00:00Z
9263522,Aparcabicicletas,64,ALMENARA,6,TETUAN,OPERATIVO,441145.45,4479656.55,ETRS89,,,CALLE,VIÑA VIRGEN,4,28029,,11031110,2023-06-06T00:00:00Z,,MU24,MU-51,2026-01-10T00:00:00Z
9263535,Aparcabicicletas,211,ALAMEDA DE OSUNA,21,BARAJAS,OPERATIVO,449636.31,4478744.7,ETRS89,,,CALLE,JOAQUIN IBARRA,5,28042,,31065999,2023-06-07T00:00:00Z,,MU24,MU-51,2026-01-10T00:00:00Z
9263539,Aparcabicicletas,211,ALAMEDA DE OSUNA,21,BARAJAS,OPERATIVO,449638.29,4478749.47,ETRS89,,,CALLE,JOAQUIN IBARRA,5,28042,,31065999,2023-06-07T00:00:00Z,,MU24,MU-51,2026-01-10T00:00:00Z
9263544,Aparcabicicletas,54,HISPANOAMERICA,5,CHAMARTIN,OPERATIVO,443306.16,4478817.976,ETRS89,,,CALLE,COLOMBIA,54,28016,,31049115,2021-01-01T00:00:00Z,,MU24,MU-51,2026-01-10T00:00:00Z
9263546,Aparcabicicletas,54,HISPANOAMERICA,5,CHAMARTIN,OPERATIVO,443305.301,4478816.54,ETRS89,,,CALLE,COLOMBIA,54,28016,,31049115,2021-01-01T00:00:00Z,,MU24,MU-51,2026-01-10T00:00:00Z
9263553,Aparcabicicletas,51,EL VISO,5,CHAMARTIN,OPERATIVO,441994.935,4477176.795,ETRS89,,,CALLE,JUAN DE LA CIERVA,5,28006,,31050250,2021-01-01T00:00:00Z,,MU24,MU-51,2026-01-10T00:00:00Z
9263555,Aparcabicicletas,51,EL VISO,5,CHAMARTIN,OPERATIVO,441995.527,4477176.568,ETRS89,,,CALLE,JUAN DE LA CIERVA,5,28006,,31050250,2021-01-01T00:00:00Z,,MU24,MU-51,2026-01-10T00:00:00Z
9263561,Aparcabicicletas,51,EL VISO,5,CHAMARTIN,OPERATIVO,442114.412,4477108.045,ETRS89,,,CALLE,JOAQUIN COSTA,45,28002,,11021761,2021-01-01T00:00:00Z,,MU24,MU-51,2026-01-10T00:00:00Z
9263565,Aparcabicicletas,51,EL VISO,5,CHAMARTIN,OPERATIVO,442116.159,4477125.571,ETRS89,,,CALLE,VELAZQUEZ,146,28002,,11021766,2021-01-01T00:00:00Z,,MU24,MU-51,2026-01-10T00:00:00Z
9263567,Aparcabicicletas,104,ALUCHE,10,LATINA,OPERATIVO,434957.12,4472120.75,ETRS89,,,CALLE,GRANJA DE TORREHERMOSA,1,28024,,31037451,2023-06-05T00:00:00Z,,MU24,,2026-01-10T00:00:00Z
9263569,Aparcabicicletas,104,ALUCHE,10,LATINA,OPERATIVO,434959.3,4472122.79,ETRS89,,,CALLE,GRANJA DE TORREHERMOSA,1,28024,,31037451,2023-06-05T00:00:00Z,,MU24,,2026-01-10T00:00:00Z
9263571,Aparcabicicletas,104,ALUCHE,10,LATINA,OPERATIVO,434957.45,4472121.2,ETRS89,,,CALLE,GRANJA DE TORREHERMOSA,1,28024,,31037451,2023-06-05T00:00:00Z,,MU24,,2026-01-10T00:00:00Z
9263578,Aparcabicicletas,183,ENSANCHE DE VALLECAS,18,VILLA DE VALLECAS,OPERATIVO,446865.41,4469202.18,ETRS89,,,CALLE,NAVAMURES,10,28031,,31044544,2023-06-07T00:00:00Z,,MU24,MU-51,2026-01-10T00:00:00Z
9263581,Aparcabicicletas,183,ENSANCHE DE VALLECAS,18,VILLA DE VALLECAS,OPERATIVO,446863.55,4469204.56,ETRS89,,,CALLE,NAVAMURES,10,28031,,31044544,2023-06-07T00:00:00Z,,MU24,MU-51,2026-01-10T00:00:00Z
9263585,Aparcabicicletas,14,JUSTICIA,1,CENTRO,OPERATIVO,440775.71,4475109.07,ETRS89,,,CALLE,HORTALEZA,92,28004,,11004849,2023-05-12T00:00:00Z,,MU24,MU-51,2026-01-10T00:00:00Z
9263587,Aparcabicicletas,14,JUSTICIA,1,CENTRO,OPERATIVO,440540.26,4475307.63,ETRS89,,,CALLE,BARCELO,2A,28004,,31047538,2023-05-12T00:00:00Z,,MU24,MU-51,2026-01-10T00:00:00Z
9262897,Aparcabicicletas,143,MARROQUINA,14,MORATALAZ,OPERATIVO,444938.84,4473386.04,ETRS89,,,CALLE,CAMINO DE LOS VINATEROS,106 B,28030,,31063099,2023-06-05T00:00:00Z,,MU24,MU-51,2026-01-10T00:00:00Z
9263623,Aparcabicicletas,97,ARAVACA,9,MONCLOA-ARAVACA,OPERATIVO,433647.95,4478225.12,ETRS89,,,CALLE,HUMERA,40,28023,,31011019,2023-06-05T00:00:00Z,,MU24,MU-51,2026-01-10T00:00:00Z
9263628,Aparcabicicletas,166,VALDEFUENTES,16,HORTALEZA,OPERATIVO,448197.157,4482718.349,ETRS89,,,CALLE,JORDI SOLE TURA,2,28055,,31055118,2023-06-07T00:00:00Z,,MU24,MU-51,2026-01-10T00:00:00Z
9263666,Aparcabicicletas,13,CORTES,1,CENTRO,OPERATIVO,440936.632,4474386.142,ETRS89,,,CALLE,MARQUES DE CASA RIERA,4,28014,,11004071,2021-01-01T00:00:00Z,,MU24,MU-51,2026-01-10T00:00:00Z
9263680,Aparcabicicletas,13,CORTES,1,CENTRO,OPERATIVO,440978.764,4474467.844,ETRS89,,,CALLE,ALCALA,46,28014,,11004015,2021-01-01T00:00:00Z,,MU24,MU-51,2026-01-10T00:00:00Z
9263810,Aparcabicicletas,51,EL VISO,5,CHAMARTIN,OPERATIVO,442420.49,4476919.417,ETRS89,,,CALLE,PRINCIPE DE VERGARA,119,28002,,11021882,2021-01-01T00:00:00Z,,MU24,MU-51,2026-01-10T00:00:00Z
9263822,Aparcabicicletas,52,PROSPERIDAD,5,CHAMARTIN,OPERATIVO,442425.834,4476731.886,ETRS89,,,CALLE,PRINCIPE DE VERGARA,108,28002,,11021940,2021-01-01T00:00:00Z,,MU24,MU-51,2026-01-10T00:00:00Z
9263844,Aparcabicicletas,51,EL VISO,5,CHAMARTIN,OPERATIVO,442413.998,4476869.292,ETRS89,,,CALLE,PRINCIPE DE VERGARA,115,28002,,11021880,2021-01-01T00:00:00Z,,MU24,MU-51,2026-01-10T00:00:00Z
9263847,Aparcabicicletas,51,EL VISO,5,CHAMARTIN,OPERATIVO,442377.04,4476938.178,ETRS89,,,CALLE,LOPEZ DE HOYOS,37,28002,,20009430,2021-01-01T00:00:00Z,,MU24,MU-51,2026-01-10T00:00:00Z
9264001,Aparcabicicletas,51,EL VISO,5,CHAMARTIN,OPERATIVO,442416.556,4476893.028,ETRS89,,,CALLE,PRINCIPE DE VERGARA,117,28002,,11021881,2021-01-01T00:00:00Z,,MU24,MU-51,2026-01-10T00:00:00Z
9264005,Aparcabicicletas,51,EL VISO,5,CHAMARTIN,OPERATIVO,442409.343,4476826.368,ETRS89,,,CALLE,PRINCIPE DE VERGARA,111A,28002,,11021878,2021-01-01T00:00:00Z,,MU24,MU-51,2026-01-10T00:00:00Z
9264018,Aparcabicicletas,53,CIUDAD JARDIN,5,CHAMARTIN,OPERATIVO,442502.313,4477015.919,ETRS89,,,CALLE,LOPEZ DE HOYOS,55,28002,,31042676,2021-01-01T00:00:00Z,,MU24,MU-51,2026-01-10T00:00:00Z
9264031,Aparcabicicletas,214,TIMON,21,BARAJAS,OPERATIVO,450382.87,4480298.53,ETRS89,,,CALLE,ALAS,2,28042,,11141161,2023-06-08T00:00:00Z,,MU24,MU-51,2026-01-10T00:00:00Z
9263059,Aparcabicicletas,134,PALOMERAS SURESTE,13,PUENTE DE VALLECAS,OPERATIVO,446913.51,4470546.97,ETRS89,,,CALLE,ARBOLEDA,2,28031,,20045411,2023-06-06T00:00:00Z,,MU24,MU-51,2026-01-10T00:00:00Z
9263123,Aparcabicicletas,134,PALOMERAS SURESTE,13,PUENTE DE VALLECAS,OPERATIVO,446918.53,4470546.17,ETRS89,,,CALLE,ARBOLEDA,2,28031,,20045411,2023-06-06T00:00:00Z,,MU24,MU-51,2026-01-10T00:00:00Z
9263479,Aparcabicicletas,133,PALOMERAS BAJAS,13,PUENTE DE VALLECAS,OPERATIVO,444081.28,4470791.2,ETRS89,,,CALLE,PUERTO DE COSTABONA,5,28018,,20099401,2021-12-21T00:00:00Z,,MU24,MU-51,2026-01-10T00:00:00Z
9263481,Aparcabicicletas,133,PALOMERAS BAJAS,13,PUENTE DE VALLECAS,OPERATIVO,444082.74,4470793.31,ETRS89,,,CALLE,PUERTO DE COSTABONA,5,28018,,20099401,2021-12-20T00:00:00Z,,MU24,MU-51,2026-01-10T00:00:00Z
9263499,Aparcabicicletas,156,SAN JUAN BAUTISTA,15,CIUDAD LINEAL,OPERATIVO,444166.573,4478185.401,ETRS89,,,CALLE,SAN NEMESIO,1,28043,,31028638,2023-06-07T00:00:00Z,,MU24,MU-51,2026-01-10T00:00:00Z
9263501,Aparcabicicletas,156,SAN JUAN BAUTISTA,15,CIUDAD LINEAL,OPERATIVO,444164.324,4478183.879,ETRS89,,,CALLE,SAN NEMESIO,1,28043,,31028638,2023-06-07T00:00:00Z,,MU24,MU-51,2026-01-10T00:00:00Z
9263503,Aparcabicicletas,161,PALOMAS,16,HORTALEZA,OPERATIVO,448139.38,4478230.52,ETRS89,,,CALLE,ARMONIA,22,28042,,11112824,2023-06-07T00:00:00Z,,MU24,MU-51,2026-01-10T00:00:00Z
9263505,Aparcabicicletas,161,PALOMAS,16,HORTALEZA,OPERATIVO,448138.59,4478230.91,ETRS89,,,CALLE,ARMONIA,22,28042,,11112824,2023-06-07T00:00:00Z,,MU24,,2026-01-10T00:00:00Z
9263519,Aparcabicicletas,64,ALMENARA,6,TETUAN,OPERATIVO,441144.01,4479656.78,ETRS89,,,CALLE,VIÑA VIRGEN,4,28029,,11031110,2023-06-06T00:00:00Z,,MU24,MU-51,2026-01-10T00:00:00Z
9263521,Aparcabicicletas,64,ALMENARA,6,TETUAN,OPERATIVO,441142.927,4479658.789,ETRS89,,,CALLE,VIÑA VIRGEN,4,28029,,11031110,2021-01-01T00:00:00Z,,MU24,MU-51,2026-01-10T00:00:00Z
9263523,Aparcabicicletas,64,ALMENARA,6,TETUAN,OPERATIVO,441144.849,4479655.222,ETRS89,,,CALLE,VIÑA VIRGEN,4,28029,,11031110,2021-01-01T00:00:00Z,,MU24,MU-51,2026-01-10T00:00:00Z
9263538,Aparcabicicletas,211,ALAMEDA DE OSUNA,21,BARAJAS,OPERATIVO,449637.103,4478747.615,ETRS89,,,CALLE,JOAQUIN IBARRA,5,28042,,31065999,2023-06-07T00:00:00Z,,MU24,MU-51,2026-01-10T00:00:00Z
9263543,Aparcabicicletas,54,HISPANOAMERICA,5,CHAMARTIN,OPERATIVO,443305.126,4478815.875,ETRS89,,,CALLE,COLOMBIA,54,28016,,31049115,2021-01-01T00:00:00Z,,MU24,MU-51,2026-01-10T00:00:00Z
9263545,Aparcabicicletas,54,HISPANOAMERICA,5,CHAMARTIN,OPERATIVO,443306.931,4478819.08,ETRS89,,,CALLE,COLOMBIA,54,28016,,31049115,2021-01-01T00:00:00Z,,MU24,MU-51,2026-01-10T00:00:00Z
9263550,Aparcabicicletas,51,EL VISO,5,CHAMARTIN,OPERATIVO,442083.427,4477093.41,ETRS89,,,CALLE,JOAQUIN COSTA,28,28002,,11020369,2023-06-05T00:00:00Z,,MU24,MU-51,2026-01-10T00:00:00Z
9263554,Aparcabicicletas,51,EL VISO,5,CHAMARTIN,OPERATIVO,441993.999,4477176.358,ETRS89,,,CALLE,JUAN DE LA CIERVA,5,28006,,31050250,2021-01-01T00:00:00Z,,MU24,MU-51,2026-01-10T00:00:00Z
9263559,Aparcabicicletas,51,EL VISO,5,CHAMARTIN,OPERATIVO,442073.918,4477157.867,ETRS89,,,CALLE,VELAZQUEZ,145,28002,,11021771,2021-01-01T00:00:00Z,,MU24,MU-51,2026-01-10T00:00:00Z
9263562,Aparcabicicletas,51,EL VISO,5,CHAMARTIN,OPERATIVO,442115.084,4477107.152,ETRS89,,,CALLE,JOAQUIN COSTA,45,28002,,11021761,2021-01-01T00:00:00Z,,MU24,MU-51,2026-01-10T00:00:00Z
9263566,Aparcabicicletas,51,EL VISO,5,CHAMARTIN,OPERATIVO,442116.34,4477127.124,ETRS89,,,CALLE,VELAZQUEZ,146,28002,,11021766,2021-01-01T00:00:00Z,,MU24,MU-51,2026-01-10T00:00:00Z
9263568,Aparcabicicletas,104,ALUCHE,10,LATINA,OPERATIVO,434958.24,4472121.73,ETRS89,,,CALLE,GRANJA DE TORREHERMOSA,1,28024,,31037451,2023-06-05T00:00:00Z,,MU24,,2026-01-10T00:00:00Z
9263570,Aparcabicicletas,104,ALUCHE,10,LATINA,OPERATIVO,434959.83,4472123.31,ETRS89,,,CALLE,GRANJA DE TORREHERMOSA,1,28024,,31037451,2023-06-05T00:00:00Z,,MU24,,2026-01-10T00:00:00Z
9263576,Aparcabicicletas,183,ENSANCHE DE VALLECAS,18,VILLA DE VALLECAS,OPERATIVO,446865.94,4469201.78,ETRS89,,,CALLE,NAVAMURES,10,28031,,31044544,2023-06-07T00:00:00Z,,MU24,MU-51,2026-01-10T00:00:00Z
9263580,Aparcabicicletas,183,ENSANCHE DE VALLECAS,18,VILLA DE VALLECAS,OPERATIVO,446864.75,4469203.9,ETRS89,,,CALLE,NAVAMURES,10,28031,,31044544,2023-06-07T00:00:00Z,,MU24,MU-51,2026-01-10T00:00:00Z
9263583,Aparcabicicletas,14,JUSTICIA,1,CENTRO,OPERATIVO,440775.36,4475107.96,ETRS89,,,CALLE,HORTALEZA,92,28004,,11004849,2023-05-12T00:00:00Z,,MU24,MU-51,2026-01-10T00:00:00Z
9263586,Aparcabicicletas,14,JUSTICIA,1,CENTRO,OPERATIVO,440539.41,4475306.97,ETRS89,,,CALLE,BARCELO,2A,28004,,31047538,2023-05-12T00:00:00Z,,MU24,MU-51,2026-01-10T00:00:00Z
9263596,Aparcabicicletas,14,JUSTICIA,1,CENTRO,OPERATIVO,440934.045,4474822.307,ETRS89,,,CALLE,AUGUSTO FIGUEROA,36A,28004,,31056638,2021-01-01T00:00:00Z,,MU24,MU-38,2026-01-10T00:00:00Z
9263602,Aparcabicicletas,51,EL VISO,5,CHAMARTIN,OPERATIVO,442376.206,4476774.561,ETRS89,,,CALLE,FRANCISCO SILVELA,110,28002,,11021886,2021-01-01T00:00:00Z,,MU24,MU-51,2026-01-10T00:00:00Z
9263622,Aparcabicicletas,97,ARAVACA,9,MONCLOA-ARAVACA,OPERATIVO,433647.95,4478223.67,ETRS89,,,CALLE,HUMERA,40,28023,,31011019,2023-06-05T00:00:00Z,,MU24,MU-51,2026-01-10T00:00:00Z
9263627,Aparcabicicletas,166,VALDEFUENTES,16,HORTALEZA,OPERATIVO,448196.231,4482719.672,ETRS89,,,CALLE,JORDI SOLE TURA,2,28055,,31055118,2023-06-07T00:00:00Z,,MU24,MU-51,2026-01-10T00:00:00Z
9263665,Aparcabicicletas,13,CORTES,1,CENTRO,OPERATIVO,440935.888,4474388.59,ETRS89,,,CALLE,MARQUES DE CASA RIERA,4,28014,,11004071,2021-01-01T00:00:00Z,,MU24,MU-51,2026-01-10T00:00:00Z
9263679,Aparcabicicletas,13,CORTES,1,CENTRO,OPERATIVO,440979.955,4474468.279,ETRS89,,,CALLE,ALCALA,46,28014,,11004015,2021-01-01T00:00:00Z,,MU24,MU-51,2026-01-10T00:00:00Z
9263684,Aparcabicicletas,14,JUSTICIA,1,CENTRO,OPERATIVO,441207.506,4474879.878,ETRS89,,,CALLE,ALMIRANTE,24,28004,,11004189,2021-01-01T00:00:00Z,,MU24,MU-51,2026-01-10T00:00:00Z
9263811,Aparcabicicletas,51,EL VISO,5,CHAMARTIN,OPERATIVO,442419.969,4476917.756,ETRS89,,,CALLE,PRINCIPE DE VERGARA,119,28002,,11021882,2021-01-01T00:00:00Z,,MU24,MU-51,2026-01-10T00:00:00Z
9263823,Aparcabicicletas,52,PROSPERIDAD,5,CHAMARTIN,OPERATIVO,442427.01,4476730.323,ETRS89,,,CALLE,PRINCIPE DE VERGARA,108,28002,,11021940,2021-01-01T00:00:00Z,,MU24,MU-51,2026-01-10T00:00:00Z
9263845,Aparcabicicletas,51,EL VISO,5,CHAMARTIN,OPERATIVO,442413.513,4476872.293,ETRS89,,,CALLE,PRINCIPE DE VERGARA,115,28002,,11021880,2021-01-01T00:00:00Z,,MU24,MU-51,2026-01-10T00:00:00Z
9263999,Aparcabicicletas,51,EL VISO,5,CHAMARTIN,OPERATIVO,442400.306,4476743.072,ETRS89,,,CALLE,PRINCIPE DE VERGARA,109,28002,,11021876,2021-01-01T00:00:00Z,,MU24,MU-51,2026-01-10T00:00:00Z
9264002,Aparcabicicletas,51,EL VISO,5,CHAMARTIN,OPERATIVO,442416.133,4476893.253,ETRS89,,,CALLE,PRINCIPE DE VERGARA,117,28002,,11021881,2021-01-01T00:00:00Z,,MU24,MU-51,2026-01-10T00:00:00Z
9264017,Aparcabicicletas,53,CIUDAD JARDIN,5,CHAMARTIN,OPERATIVO,442500.613,4477015.377,ETRS89,,,CALLE,LOPEZ DE HOYOS,55,28002,,31042676,2021-01-01T00:00:00Z,,MU24,MU-51,2026-01-10T00:00:00Z
9264030,Aparcabicicletas,214,TIMON,21,BARAJAS,OPERATIVO,450382.74,4480298.66,ETRS89,,,CALLE,ALAS,2,28042,,11141161,2023-06-08T00:00:00Z,,MU24,MU-51,2026-01-10T00:00:00Z
9264033,Aparcabicicletas,51,EL VISO,5,CHAMARTIN,OPERATIVO,442393.855,4476676.296,ETRS89,,,CALLE,PRINCIPE DE VERGARA,105,28006,,31048971,2021-01-01T00:00:00Z,,MU24,MU-51,2026-01-10T00:00:00Z
9264036,Aparcabicicletas,52,PROSPERIDAD,5,CHAMARTIN,OPERATIVO,442480.48,4476591.487,ETRS89,,,CALLE,FRANCISCO SILVELA,91,28002,,11021903,2021-01-01T00:00:00Z,,MU24,MU-51,2026-01-10T00:00:00Z
9264050,Aparcabicicletas,52,PROSPERIDAD,5,CHAMARTIN,OPERATIVO,442473.425,4476644.713,ETRS89,,,CALLE,FRANCISCO SILVELA,94,28002,,11021899,2021-01-01T00:00:00Z,,MU24,MU-51,2026-01-10T00:00:00Z
9264058,Aparcabicicletas,51,EL VISO,5,CHAMARTIN,OPERATIVO,442269.361,4477129.717,ETRS89,,,CALLE,DUQUE DE SEVILLA,15,28002,,20009414,2021-01-01T00:00:00Z,,MU24,MU-51,2026-01-10T00:00:00Z
9264061,Aparcabicicletas,214,TIMON,21,BARAJAS,OPERATIVO,450383.53,4480297.47,ETRS89,,,CALLE,ALAS,2,28042,,11141161,2023-06-02T00:00:00Z,,MU24,MU-51,2026-01-10T00:00:00Z
9264064,Aparcabicicletas,51,EL VISO,5,CHAMARTIN,OPERATIVO,442261.552,4477139.879,ETRS89,,,CALLE,ANTONIO RODRIGUEZ VILLA,2,28002,,11021680,2021-01-01T00:00:00Z,,MU24,MU-51,2026-01-10T00:00:00Z
9264066,Aparcabicicletas,51,EL VISO,5,CHAMARTIN,OPERATIVO,442265.431,4477136.963,ETRS89,,,CALLE,ANTONIO RODRIGUEZ VILLA,2,28002,,11021680,2021-01-01T00:00:00Z,,MU24,MU-51,2026-01-10T00:00:00Z
9264068,Aparcabicicletas,214,TIMON,21,BARAJAS,OPERATIVO,450383.27,4480296.81,ETRS89,,,CALLE,ALAS,2,28042,,11141161,2023-06-08T00:00:00Z,,MU24,MU-51,2026-01-10T00:00:00Z
9264034,Aparcabicicletas,51,EL VISO,5,CHAMARTIN,OPERATIVO,442393.03,4476679.299,ETRS89,,,CALLE,PRINCIPE DE VERGARA,105,28006,,31048971,2021-01-01T00:00:00Z,,MU24,MU-51,2026-01-10T00:00:00Z
9264049,Aparcabicicletas,52,PROSPERIDAD,5,CHAMARTIN,OPERATIVO,442471.49,4476646.726,ETRS89,,,CALLE,FRANCISCO SILVELA,94,28002,,11021899,2021-01-01T00:00:00Z,,MU24,MU-51,2026-01-10T00:00:00Z
9264051,Aparcabicicletas,214,TIMON,21,BARAJAS,OPERATIVO,450382.61,4480299.85,ETRS89,,,CALLE,ALAS,2,28042,,11141161,2023-06-08T00:00:00Z,,MU24,MU-51,2026-01-10T00:00:00Z
9264059,Aparcabicicletas,51,EL VISO,5,CHAMARTIN,OPERATIVO,442267.162,4477130.511,ETRS89,,,CALLE,DUQUE DE SEVILLA,15,28002,,20009414,2021-01-01T00:00:00Z,,MU24,MU-51,2026-01-10T00:00:00Z
9264063,Aparcabicicletas,51,EL VISO,5,CHAMARTIN,OPERATIVO,442267.641,4477137.612,ETRS89,,,CALLE,GABRIEL LOBO,11,28002,,11021754,2021-01-01T00:00:00Z,,MU24,MU-51,2026-01-10T00:00:00Z
9264065,Aparcabicicletas,51,EL VISO,5,CHAMARTIN,OPERATIVO,442264.255,4477138.526,ETRS89,,,CALLE,ANTONIO RODRIGUEZ VILLA,2,28002,,11021680,2021-01-01T00:00:00Z,,MU24,MU-51,2026-01-10T00:00:00Z
9264067,Aparcabicicletas,51,EL VISO,5,CHAMARTIN,OPERATIVO,442269.086,4477138.044,ETRS89,,,CALLE,GABRIEL LOBO,11,28002,,11021754,2021-01-01T00:00:00Z,,MU24,MU-51,2026-01-10T00:00:00Z
9264085,Aparcabicicletas,166,VALDEFUENTES,16,HORTALEZA,OPERATIVO,448325.12,4482049.23,ETRS89,,,CALLE,MARIA REICHE,48,28055,,31039294,2023-06-08T00:00:00Z,,MU24,MU-51,2026-01-10T00:00:00Z
9264108,Aparcabicicletas,191,CASCO HISTORICO DE VICALVARO,19,VICALVARO,OPERATIVO,447822.42,4473237.31,ETRS89,,,CALLE,CASALARREINA,29 B,28032,,31047333,2023-03-08T00:00:00Z,,MU24,MU-51,2026-01-10T00:00:00Z
9264133,Aparcabicicletas,134,PALOMERAS SURESTE,13,PUENTE DE VALLECAS,OPERATIVO,445288.88,4470658.17,ETRS89,,,CALLE,GERARDO DIEGO,15,28018,,20035240,2018-02-22T00:00:00Z,,MU24,MU-51,2026-01-10T00:00:00Z
9264411,Aparcabicicletas,76,VALLEHERMOSO,7,CHAMBERI,OPERATIVO,439682.62,4477007.12,ETRS89,,,CALLE,JESUS MAESTRO,2,28003,,31006764,,,MU24,MU-51,2026-01-10T00:00:00Z
9264430,Aparcabicicletas,13,CORTES,1,CENTRO,OPERATIVO,440753.64,4474270.25,ETRS89,,,CALLE,CEDACEROS,11,28014,28014,11004039,,,MU24,MU-51,2026-01-10T00:00:00Z
9264445,Aparcabicicletas,15,UNIVERSIDAD,1,CENTRO,OPERATIVO,439709.66,4475392.2,ETRS89,,,CALLE,CONDE DUQUE,20,28015,,11006531,,,MU24,MU-51,2026-01-10T00:00:00Z
9264450,Aparcabicicletas,15,UNIVERSIDAD,1,CENTRO,OPERATIVO,439710.0,4475392.86,ETRS89,,,CALLE,CONDE DUQUE,20,28015,,11006531,,,MU24,MU-51,2026-01-10T00:00:00Z
9264454,Aparcabicicletas,13,CORTES,1,CENTRO,OPERATIVO,441168.4,4473648.35,ETRS89,,,CALLE,GOBERNADOR,32,28014,,11003358,2023-06-06T00:00:00Z,,MU24,MU-51,2026-01-10T00:00:00Z
9264544,Aparcabicicletas,46,CASTELLANA,4,SALAMANCA,OPERATIVO,442289.306,4475711.123,ETRS89,,,CALLE,JOSE ORTEGA Y GASSET,36,28006,,11019516,2021-01-01T00:00:00Z,,MU24,MU-51,2026-01-10T00:00:00Z
9264558,Aparcabicicletas,45,LISTA,4,SALAMANCA,OPERATIVO,442796.76,4476090.869,ETRS89,,,CALLE,MALDONADO,73,28006,,11019036,2021-01-01T00:00:00Z,,MU24,MU-51,2026-01-10T00:00:00Z
9264564,Aparcabicicletas,41,RECOLETOS,4,SALAMANCA,OPERATIVO,441741.74,4475001.92,ETRS89,,,CALLE,CLAUDIO COELLO,28,28001,,11013898,1900-01-01T00:00:00Z,,MU24,ACB,2026-01-10T00:00:00Z
9264569,Aparcabicicletas,32,ADELFAS,3,RETIRO,OPERATIVO,442948.285,4472783.735,ETRS89,,,CALLE,DOCTOR ESQUERDO,187,28007,,11011581,2021-01-01T00:00:00Z,,MU24,MU-51,2026-01-10T00:00:00Z
9264572,Aparcabicicletas,32,ADELFAS,3,RETIRO,OPERATIVO,442946.053,4472780.422,ETRS89,,,CALLE,DOCTOR ESQUERDO,187,28007,,11011582,2021-01-01T00:00:00Z,,MU24,MU-51,2026-01-10T00:00:00Z
9264578,Aparcabicicletas,46,CASTELLANA,4,SALAMANCA,OPERATIVO,441662.725,4475760.155,ETRS89,,,CALLE,JOSE ORTEGA Y GASSET,1B,28006,,31041901,2021-01-01T00:00:00Z,,MU24,MU-51,2026-01-10T00:00:00Z
9264580,Aparcabicicletas,46,CASTELLANA,4,SALAMANCA,OPERATIVO,441663.911,4475760.035,ETRS89,,,CALLE,JOSE ORTEGA Y GASSET,1B,28006,,31041901,2021-01-01T00:00:00Z,,MU24,MU-51,2026-01-10T00:00:00Z
9264594,Aparcabicicletas,46,CASTELLANA,4,SALAMANCA,OPERATIVO,441664.139,4475778.46,ETRS89,,,CALLE,JOSE ORTEGA Y GASSET,5,28006,,11019716,2021-01-01T00:00:00Z,,MU24,MU-51,2026-01-10T00:00:00Z
9264597,Aparcabicicletas,46,CASTELLANA,4,SALAMANCA,OPERATIVO,442246.284,4475720.335,ETRS89,,,CALLE,JOSE ORTEGA Y GASSET,34,28006,,11019515,2021-01-01T00:00:00Z,,MU24,MU-51,2026-01-10T00:00:00Z
9264600,Aparcabicicletas,21,IMPERIAL,2,ARGANZUELA,OPERATIVO,438955.172,4473580.674,ETRS89,,,CALLE,JUAN DUQUE,31,28005,,11008094,2021-01-01T00:00:00Z,,MU24,MU-51,2026-01-10T00:00:00Z
9264602,Aparcabicicletas,21,IMPERIAL,2,ARGANZUELA,OPERATIVO,438955.25,4473579.786,ETRS89,,,CALLE,JUAN DUQUE,31,28005,,11008094,2021-01-01T00:00:00Z,,MU24,MU-51,2026-01-10T00:00:00Z
9264605,Aparcabicicletas,46,CASTELLANA,4,SALAMANCA,OPERATIVO,441894.535,4475757.244,ETRS89,,,CALLE,JOSE ORTEGA Y GASSET,19,28006,,11019664,2021-01-01T00:00:00Z,,MU24,MU-51,2026-01-10T00:00:00Z
9264607,Aparcabicicletas,46,CASTELLANA,4,SALAMANCA,OPERATIVO,441893.096,4475757.588,ETRS89,,,CALLE,JOSE ORTEGA Y GASSET,19,28006,,11019664,2021-01-01T00:00:00Z,,MU24,MU-51,2026-01-10T00:00:00Z
9264610,Aparcabicicletas,46,CASTELLANA,4,SALAMANCA,OPERATIVO,441935.162,4475756.485,ETRS89,,,CALLE,JOSE ORTEGA Y GASSET,23,28006,,11019588,2021-01-01T00:00:00Z,,MU24,MU-51,2026-01-10T00:00:00Z
9264613,Aparcabicicletas,46,CASTELLANA,4,SALAMANCA,OPERATIVO,441698.298,4475774.975,ETRS89,,,CALLE,JOSE ORTEGA Y GASSET,7,28006,,11019717,2021-01-01T00:00:00Z,,MU24,MU-51,2026-01-10T00:00:00Z
9264618,Aparcabicicletas,46,CASTELLANA,4,SALAMANCA,OPERATIVO,442037.324,4475749.366,ETRS89,,,CALLE,JOSE ORTEGA Y GASSET,22,28006,,11019509,2021-01-01T00:00:00Z,,MU24,MU-51,2026-01-10T00:00:00Z
9264632,Aparcabicicletas,33,ESTRELLA,3,RETIRO,OPERATIVO,443517.819,4473700.993,ETRS89,,,CALLE,PEZ AUSTRAL,13B,28007,,11011967,2021-01-01T00:00:00Z,,MU24,MU-51,2026-01-10T00:00:00Z
9264635,Aparcabicicletas,33,ESTRELLA,3,RETIRO,OPERATIVO,443516.801,4473700.89,ETRS89,,,CALLE,PEZ AUSTRAL,13B,28007,,11011967,2021-01-01T00:00:00Z,,MU24,MU-51,2026-01-10T00:00:00Z
9264637,Aparcabicicletas,33,ESTRELLA,3,RETIRO,OPERATIVO,443518.668,4473700.987,ETRS89,,,CALLE,PEZ AUSTRAL,13B,28007,,11011967,2021-01-01T00:00:00Z,,MU24,MU-51,2026-01-10T00:00:00Z
9265033,Aparcabicicletas,22,ACACIAS,2,ARGANZUELA,OPERATIVO,439863.93,4472446.17,ETRS89,,,CALLE,Arganda,3,28005,,20123779,1900-01-01T00:00:00Z,,MU24,MU-51,2026-01-10T00:00:00Z
9265035,Aparcabicicletas,22,ACACIAS,2,ARGANZUELA,OPERATIVO,439865.87,4472445.04,ETRS89,,,CALLE,Arganda,37,28005,,20123779,1900-01-01T00:00:00Z,,MU24,MU-51,2026-01-10T00:00:00Z
9266590,Aparcabicicletas,154,LA CONCEPCIÓN,15,CIUDAD LINEAL,OPERATIVO,444302.4,4475913.5,ETRS89,,,CALLE,ALCALA,267 A,28027,,20047692,2023-06-12T00:00:00Z,,MU24,MU-51,2026-01-10T00:00:00Z
9266592,Aparcabicicletas,154,LA CONCEPCIÓN,15,CIUDAD LINEAL,OPERATIVO,444300.55,4475913.89,ETRS89,,,CALLE,ALCALA,267 A,28027,,20047692,2023-06-12T00:00:00Z,,MU24,MU-51,2026-01-10T00:00:00Z
9266594,Aparcabicicletas,154,LA CONCEPCIÓN,15,CIUDAD LINEAL,OPERATIVO,444290.23,4475911.78,ETRS89,,,CALLE,ALCALA,267 A,28027,,20047692,2023-06-12T00:00:00Z,,MU24,MU-51,2026-01-10T00:00:00Z
9266606,Aparcabicicletas,54,HISPANOAMERICA,5,CHAMARTIN,OPERATIVO,442174.989,4478538.454,ETRS89,,,CALLE,HERREROS DE TEJADA,7,28016,,31033511,2021-01-01T00:00:00Z,,MU24,MU-51,2026-01-10T00:00:00Z
9266608,Aparcabicicletas,54,HISPANOAMERICA,5,CHAMARTIN,OPERATIVO,442176.273,4478539.998,ETRS89,,,CALLE,HERREROS DE TEJADA,7,28016,,31033511,2021-01-01T00:00:00Z,,MU24,MU-51,2026-01-10T00:00:00Z
9266611,Aparcabicicletas,55,NUEVA ESPAÑA,5,CHAMARTIN,OPERATIVO,441787.977,4479410.305,ETRS89,,,CALLE,FELIX BOIX,11,28036,,20107068,2021-01-01T00:00:00Z,,MU24,MU-51,2026-01-10T00:00:00Z
9266613,Aparcabicicletas,55,NUEVA ESPAÑA,5,CHAMARTIN,OPERATIVO,441782.893,4479410.789,ETRS89,,,CALLE,FELIX BOIX,11,28036,,20107068,2021-01-01T00:00:00Z,,MU24,MU-51,2026-01-10T00:00:00Z
9271119,Aparcabicicletas,136,NUMANCIA,13,PUENTE DE VALLECAS,OPERATIVO,444370.44,4471655.29,ETRS89,,,CALLE,RISCO DE PELOCHE,14,28038,,31022681,1900-01-01T00:00:00Z,,MU24,MU-51,2026-01-10T00:00:00Z
9271127,Aparcabicicletas,136,NUMANCIA,13,PUENTE DE VALLECAS,OPERATIVO,444367.66,4471656.09,ETRS89,,,CALLE,RISCO DE PELOCHE,14,28038,,31022681,1900-01-01T00:00:00Z,,MU24,MU-51,2026-01-10T00:00:00Z
9271291,Aparcabicicletas,43,FUENTE DEL BERRO,4,SALAMANCA,OPERATIVO,443280.095,4475016.43,ETRS89,,,CALLE,DOCTOR ESQUERDO,43,28028,,11016398,2023-05-22T00:00:00Z,,MU24,MU-51,2026-01-10T00:00:00Z
9271293,Aparcabicicletas,43,FUENTE DEL BERRO,4,SALAMANCA,OPERATIVO,443280.0,4475015.099,ETRS89,,,CALLE,DOCTOR ESQUERDO,43,28028,,11016398,2023-05-22T00:00:00Z,,MU24,MU-51,2026-01-10T00:00:00Z
9271295,Aparcabicicletas,43,FUENTE DEL BERRO,4,SALAMANCA,OPERATIVO,443280.061,4475011.879,ETRS89,,,CALLE,DOCTOR ESQUERDO,43,28028,,11016398,2023-05-22T00:00:00Z,,MU24,MU-51,2026-01-10T00:00:00Z
9272123,Aparcabicicletas,33,ESTRELLA,3,RETIRO,OPERATIVO,443322.12,4473292.08,ETRS89,,,CALLE,LIRA,10B,28007,,31002918,2023-06-14T00:00:00Z,,MU24,MU-51,2026-01-10T00:00:00Z
9272125,Aparcabicicletas,33,ESTRELLA,3,RETIRO,OPERATIVO,443319.32,4473292.33,ETRS89,,,CALLE,LIRA,10,28007,,11011826,2023-06-14T00:00:00Z,,MU24,MU-51,2026-01-10T00:00:00Z
9272154,Aparcabicicletas,83,PEÑAGRANDE,8,FUENCARRAL-EL PARDO,OPERATIVO,437527.6,4481326.2,ETRS89,,,CALLE,GABRIELA MISTRAL,8,28035,,11045382,2023-06-15T00:00:00Z,,MU24,MU-51,2026-01-10T00:00:00Z
9272156,Aparcabicicletas,83,PEÑAGRANDE,8,FUENCARRAL-EL PARDO,OPERATIVO,437532.63,4481326.2,ETRS89,,,CALLE,GABRIELA MISTRAL,8,28035,,11045382,2023-06-15T00:00:00Z,,MU24,MU-51,2026-01-10T00:00:00Z
9272159,Aparcabicicletas,36,NIÑO JESUS,3,RETIRO,OPERATIVO,443068.41,4473326.75,ETRS89,,,CALLE,Ángel Ganivet,27,28007,,11013240,2023-06-15T00:00:00Z,,MU24,MU-51,2026-01-10T00:00:00Z
9264087,Aparcabicicletas,166,VALDEFUENTES,16,HORTALEZA,OPERATIVO,448332.4,4482048.97,ETRS89,,,CALLE,MARIA REICHE,48,28055,,31039294,2023-06-08T00:00:00Z,,MU24,MU-51,2026-01-10T00:00:00Z
9264105,Aparcabicicletas,191,CASCO HISTORICO DE VICALVARO,19,VICALVARO,OPERATIVO,447819.38,4473234.79,ETRS89,,,CALLE,CASALARREINA,29 B,28032,,31047333,2023-03-08T00:00:00Z,,MU24,MU-51,2026-01-10T00:00:00Z
9264390,Aparcabicicletas,51,EL VISO,5,CHAMARTIN,OPERATIVO,441813.963,4477069.523,ETRS89,,,CALLE,SERRANO,127,28006,,20009064,2021-01-01T00:00:00Z,,MU24,MU-38,2026-01-10T00:00:00Z
9264412,Aparcabicicletas,76,VALLEHERMOSO,7,CHAMBERI,OPERATIVO,439682.62,4477007.12,ETRS89,,,CALLE,JESUS MAESTRO,2,28003,,31006764,,,MU24,MU-51,2026-01-10T00:00:00Z
9264429,Aparcabicicletas,11,PALACIO,1,CENTRO,OPERATIVO,439769.27,4473857.38,ETRS89,,,CALLE,NUNCIO,14,28005,,11000696,,,MU24,MU-51,2026-01-10T00:00:00Z
9264431,Aparcabicicletas,11,PALACIO,1,CENTRO,OPERATIVO,439769.03,4473859.05,ETRS89,,,CALLE,NUNCIO,14,28005,,11000696,,,MU24,MU-51,2026-01-10T00:00:00Z
9264448,Aparcabicicletas,15,UNIVERSIDAD,1,CENTRO,OPERATIVO,439710.43,4475393.52,ETRS89,,,CALLE,CONDE DUQUE,20,28015,,11006531,,,MU24,MU-51,2026-01-10T00:00:00Z
9264451,Aparcabicicletas,14,JUSTICIA,1,CENTRO,OPERATIVO,441010.76,4475019.41,ETRS89,,,CALLE,SAN LUCAS,19,28004,,20005690,,,MU24,MU-51,2026-01-10T00:00:00Z
9264458,Aparcabicicletas,74,ALMAGRO,7,CHAMBERI,OPERATIVO,441360.94,4476598.17,ETRS89,,,CALLE,MIGUEL ANGEL,33,28010,,20014424,,,MU24,MU-51,2026-01-10T00:00:00Z
9264537,Aparcabicicletas,35,LOS JERONIMOS,3,RETIRO,OPERATIVO,442097.439,4473340.401,ETRS89,,,CALLE,ANDRES TORREJON,26,28014,,11013069,2021-01-01T00:00:00Z,,MU24,MU-51,2026-01-10T00:00:00Z
9264545,Aparcabicicletas,46,CASTELLANA,4,SALAMANCA,OPERATIVO,442290.164,4475712.448,ETRS89,,,CALLE,JOSE ORTEGA Y GASSET,36,28006,,11019516,2021-01-01T00:00:00Z,,MU24,MU-51,2026-01-10T00:00:00Z
9264555,Aparcabicicletas,45,LISTA,4,SALAMANCA,OPERATIVO,442792.934,4476089.677,ETRS89,,,CALLE,MALDONADO,71,28006,,11019035,2021-01-01T00:00:00Z,,MU24,MU-51,2026-01-10T00:00:00Z
9264557,Aparcabicicletas,45,LISTA,4,SALAMANCA,OPERATIVO,442795.822,4476090.099,ETRS89,,,CALLE,MALDONADO,73,28006,,11019036,2021-01-01T00:00:00Z,,MU24,MU-51,2026-01-10T00:00:00Z
9264559,Aparcabicicletas,45,LISTA,4,SALAMANCA,OPERATIVO,442794.634,4476090.108,ETRS89,,,CALLE,MALDONADO,73,28006,,11019036,2021-01-01T00:00:00Z,,MU24,MU-51,2026-01-10T00:00:00Z
9264563,Aparcabicicletas,41,RECOLETOS,4,SALAMANCA,OPERATIVO,441742.11,4475005.03,ETRS89,,,CALLE,CLAUDIO COELLO,28,28001,,11013898,1900-01-01T00:00:00Z,,MU24,ACB,2026-01-10T00:00:00Z
9264565,Aparcabicicletas,41,RECOLETOS,4,SALAMANCA,OPERATIVO,441741.76,4475003.47,ETRS89,,,CALLE,CLAUDIO COELLO,28,28001,,11013898,1900-01-01T00:00:00Z,,MU24,ACB,2026-01-10T00:00:00Z
9264571,Aparcabicicletas,32,ADELFAS,3,RETIRO,OPERATIVO,442946.91,4472781.526,ETRS89,,,CALLE,DOCTOR ESQUERDO,187,28007,,11011582,2021-01-01T00:00:00Z,,MU24,MU-51,2026-01-10T00:00:00Z
9264573,Aparcabicicletas,32,ADELFAS,3,RETIRO,OPERATIVO,442945.367,4472779.428,ETRS89,,,CALLE,DOCTOR ESQUERDO,187,28007,,11011582,2021-01-01T00:00:00Z,,MU24,MU-51,2026-01-10T00:00:00Z
9264579,Aparcabicicletas,46,CASTELLANA,4,SALAMANCA,OPERATIVO,441665.352,4475759.912,ETRS89,,,CALLE,JOSE ORTEGA Y GASSET,1B,28006,,31041901,2021-01-01T00:00:00Z,,MU24,MU-51,2026-01-10T00:00:00Z
9264581,Aparcabicicletas,46,CASTELLANA,4,SALAMANCA,OPERATIVO,441661.45,4475759.832,ETRS89,,,CALLE,JOSE ORTEGA Y GASSET,1B,28006,,31041901,2021-01-01T00:00:00Z,,MU24,MU-51,2026-01-10T00:00:00Z
9264593,Aparcabicicletas,46,CASTELLANA,4,SALAMANCA,OPERATIVO,441661.082,4475777.929,ETRS89,,,CALLE,JOSE ORTEGA Y GASSET,3,28006,,20009010,2021-01-01T00:00:00Z,,MU24,MU-51,2026-01-10T00:00:00Z
9264596,Aparcabicicletas,46,CASTELLANA,4,SALAMANCA,OPERATIVO,442245.439,4475720.674,ETRS89,,,CALLE,JOSE ORTEGA Y GASSET,34,28006,,11019515,2021-01-01T00:00:00Z,,MU24,MU-51,2026-01-10T00:00:00Z
9264599,Aparcabicicletas,21,IMPERIAL,2,ARGANZUELA,OPERATIVO,438954.844,4473582.12,ETRS89,,,CALLE,JUAN DUQUE,31,28005,,11008094,2021-01-01T00:00:00Z,,MU24,MU-51,2026-01-10T00:00:00Z
9264601,Aparcabicicletas,21,IMPERIAL,2,ARGANZUELA,OPERATIVO,438955.066,4473578.122,ETRS89,,,CALLE,JUAN DUQUE,31,28005,,11008094,2021-01-01T00:00:00Z,,MU24,MU-51,2026-01-10T00:00:00Z
9264603,Aparcabicicletas,46,CASTELLANA,4,SALAMANCA,OPERATIVO,441895.808,4475757.234,ETRS89,,,CALLE,JOSE ORTEGA Y GASSET,19,28006,,11019664,2021-01-01T00:00:00Z,,MU24,MU-51,2026-01-10T00:00:00Z
9264606,Aparcabicicletas,46,CASTELLANA,4,SALAMANCA,OPERATIVO,441897.254,4475757.778,ETRS89,,,CALLE,JOSE ORTEGA Y GASSET,21,28006,,11019665,2021-01-01T00:00:00Z,,MU24,MU-51,2026-01-10T00:00:00Z
9264609,Aparcabicicletas,46,CASTELLANA,4,SALAMANCA,OPERATIVO,441904.775,4475743.178,ETRS89,,,CALLE,JOSE ORTEGA Y GASSET,14,28006,,11019714,2021-01-01T00:00:00Z,,MU24,MU-51,2026-01-10T00:00:00Z
9264612,Aparcabicicletas,46,CASTELLANA,4,SALAMANCA,OPERATIVO,441696.687,4475775.099,ETRS89,,,CALLE,JOSE ORTEGA Y GASSET,7,28006,,11019717,2021-01-01T00:00:00Z,,MU24,MU-51,2026-01-10T00:00:00Z
9264616,Aparcabicicletas,46,CASTELLANA,4,SALAMANCA,OPERATIVO,442036.229,4475750.374,ETRS89,,,CALLE,JOSE ORTEGA Y GASSET,22,28006,,11019509,2021-01-01T00:00:00Z,,MU24,MU-51,2026-01-10T00:00:00Z
9264634,Aparcabicicletas,33,ESTRELLA,3,RETIRO,OPERATIVO,443520.365,4473700.974,ETRS89,,,CALLE,PEZ AUSTRAL,13B,28007,,11011967,2021-01-01T00:00:00Z,,MU24,MU-51,2026-01-10T00:00:00Z
9264636,Aparcabicicletas,33,ESTRELLA,3,RETIRO,OPERATIVO,443519.516,4473700.869,ETRS89,,,CALLE,PEZ AUSTRAL,13B,28007,,11011967,2021-01-01T00:00:00Z,,MU24,MU-51,2026-01-10T00:00:00Z
9265032,Aparcabicicletas,22,ACACIAS,2,ARGANZUELA,OPERATIVO,439863.08,4472446.62,ETRS89,,,CALLE,Arganda,3,28005,,20123779,1900-01-01T00:00:00Z,,MU24,MU-51,2026-01-10T00:00:00Z
9265034,Aparcabicicletas,22,ACACIAS,2,ARGANZUELA,OPERATIVO,439864.77,4472445.5,ETRS89,,,CALLE,Arganda,3,28005,,20123779,1900-01-01T00:00:00Z,,MU24,MU-51,2026-01-10T00:00:00Z
9265036,Aparcabicicletas,22,ACACIAS,2,ARGANZUELA,OPERATIVO,439866.88,4472443.59,ETRS89,,,CALLE,Arganda,3,28005,,20123843,1900-01-01T00:00:00Z,,MU24,MU-51,2026-01-10T00:00:00Z
9266591,Aparcabicicletas,154,LA CONCEPCIÓN,15,CIUDAD LINEAL,OPERATIVO,444302.93,4475914.02,ETRS89,,,CALLE,ALCALA,267 A,28027,,20047692,2023-06-12T00:00:00Z,,MU24,MU-51,2026-01-10T00:00:00Z
9266593,Aparcabicicletas,154,LA CONCEPCIÓN,15,CIUDAD LINEAL,OPERATIVO,444295.65,4475912.83,ETRS89,,,CALLE,ALCALA,267 A,28027,,20047692,2023-06-12T00:00:00Z,,MU24,MU-51,2026-01-10T00:00:00Z
9266605,Aparcabicicletas,54,HISPANOAMERICA,5,CHAMARTIN,OPERATIVO,442174.39,4478537.793,ETRS89,,,CALLE,HERREROS DE TEJADA,7,28016,,31033511,2021-01-01T00:00:00Z,,MU24,MU-51,2026-01-10T00:00:00Z
9266607,Aparcabicicletas,54,HISPANOAMERICA,5,CHAMARTIN,OPERATIVO,442176.954,4478540.437,ETRS89,,,CALLE,HERREROS DE TEJADA,7,28016,,31033511,2021-01-01T00:00:00Z,,MU24,MU-51,2026-01-10T00:00:00Z
9266609,Aparcabicicletas,54,HISPANOAMERICA,5,CHAMARTIN,OPERATIVO,442175.842,4478539.114,ETRS89,,,CALLE,HERREROS DE TEJADA,7,28016,,31033511,2021-01-01T00:00:00Z,,MU24,MU-51,2026-01-10T00:00:00Z
9266612,Aparcabicicletas,55,NUEVA ESPAÑA,5,CHAMARTIN,OPERATIVO,441785.351,4479410.659,ETRS89,,,CALLE,FELIX BOIX,11,28036,,20107068,2021-01-01T00:00:00Z,,MU24,MU-51,2026-01-10T00:00:00Z
9267856,Aparcabicicletas,55,NUEVA ESPAÑA,5,CHAMARTIN,OPERATIVO,441780.69,4479410.917,ETRS89,,,CALLE,FELIX BOIX,11,28036,,20107068,2021-01-01T00:00:00Z,,MU24,MU-51,2026-01-10T00:00:00Z
9271124,Aparcabicicletas,136,NUMANCIA,13,PUENTE DE VALLECAS,OPERATIVO,444369.25,4471655.82,ETRS89,,,CALLE,RISCO DE PELOCHE,14,28038,,31022681,1900-01-01T00:00:00Z,,MU24,MU-51,2026-01-10T00:00:00Z
9271132,Aparcabicicletas,136,NUMANCIA,13,PUENTE DE VALLECAS,OPERATIVO,444366.07,4471656.35,ETRS89,,,CALLE,RISCO DE PELOCHE,14,28038,,31022681,1900-01-01T00:00:00Z,,MU24,MU-51,2026-01-10T00:00:00Z
9271292,Aparcabicicletas,43,FUENTE DEL BERRO,4,SALAMANCA,OPERATIVO,443280.073,4475013.544,ETRS89,,,CALLE,DOCTOR ESQUERDO,43,28028,,11016398,2023-05-22T00:00:00Z,,MU24,MU-51,2026-01-10T00:00:00Z
9271294,Aparcabicicletas,43,FUENTE DEL BERRO,4,SALAMANCA,OPERATIVO,443279.878,4475010.216,ETRS89,,,CALLE,DOCTOR ESQUERDO,43,28028,,11016398,2023-05-22T00:00:00Z,,MU24,MU-51,2026-01-10T00:00:00Z
9272108,Aparcabicicletas,33,ESTRELLA,3,RETIRO,OPERATIVO,443323.31,4473292.07,ETRS89,,,CALLE,LIRA,10B,28007,,31002918,2023-06-13T00:00:00Z,,MU24,MU-51,2026-01-10T00:00:00Z
9272124,Aparcabicicletas,33,ESTRELLA,3,RETIRO,OPERATIVO,443320.59,4473292.09,ETRS89,,,CALLE,LIRA,10,28007,,11011826,2023-06-14T00:00:00Z,,MU24,MU-51,2026-01-10T00:00:00Z
9272153,Aparcabicicletas,83,PEÑAGRANDE,8,FUENCARRAL-EL PARDO,OPERATIVO,437527.33,4481326.33,ETRS89,,,CALLE,GABRIELA MISTRAL,8,28035,,11045382,2023-06-15T00:00:00Z,,MU24,MU-51,2026-01-10T00:00:00Z
9272155,Aparcabicicletas,83,PEÑAGRANDE,8,FUENCARRAL-EL PARDO,OPERATIVO,437529.58,4481326.2,ETRS89,,,CALLE,GABRIELA MISTRAL,8,28035,,11045382,2023-06-15T00:00:00Z,,MU24,MU-51,2026-01-10T00:00:00Z
9272157,Aparcabicicletas,83,PEÑAGRANDE,8,FUENCARRAL-EL PARDO,OPERATIVO,437533.95,4481325.67,ETRS89,,,CALLE,GABRIELA MISTRAL,8,28035,,11045382,2023-06-15T00:00:00Z,,MU24,MU-51,2026-01-10T00:00:00Z
9277914,Aparcabicicletas,159,COSTILLARES,15,CIUDAD LINEAL,OPERATIVO,443816.41,4481338.56,ETRS89,,,CALLE,DULZAINA,8,28033,,20132788,2023-06-30T00:00:00Z,,MU24,MU-51,2026-01-10T00:00:00Z
9277917,Aparcabicicletas,159,COSTILLARES,15,CIUDAD LINEAL,OPERATIVO,443818.25,4481339.67,ETRS89,,,CALLE,DULZAINA,8,28033,,20132788,2023-06-30T00:00:00Z,,MU24,MU-51,2026-01-10T00:00:00Z
9288493,Aparcabicicletas,165,APOSTOL SANTIAGO,16,HORTALEZA,OPERATIVO,443795.442,4480071.541,ETRS89,,,CALLE,RAMONET,12,28033,,11121461,2023-07-14T00:00:00Z,,MU24,MU-51,2026-01-10T00:00:00Z
9288495,Aparcabicicletas,165,APOSTOL SANTIAGO,16,HORTALEZA,OPERATIVO,443795.71,4480069.95,ETRS89,,,CALLE,RAMONET,12,28033,,11121461,2023-07-14T00:00:00Z,,MU24,MU-51,2026-01-10T00:00:00Z
9288498,Aparcabicicletas,165,APOSTOL SANTIAGO,16,HORTALEZA,OPERATIVO,443795.97,4480068.37,ETRS89,,,CALLE,RAMONET,12,28033,,11121461,2023-07-14T00:00:00Z,,MU24,MU-51,2026-01-10T00:00:00Z
9288979,Aparcabicicletas,27,ATOCHA,2,ARGANZUELA,OPERATIVO,442375.624,4471919.493,ETRS89,,,CALLE,MENDEZ ALVARO,77C,28045,,20121633,2021-01-01T00:00:00Z,,MU24,MU-51,2026-01-10T00:00:00Z
9288981,Aparcabicicletas,27,ATOCHA,2,ARGANZUELA,OPERATIVO,442370.469,4471911.207,ETRS89,,,CALLE,MENDEZ ALVARO,77C,28045,,20121633,2021-01-01T00:00:00Z,,MU24,MU-51,2026-01-10T00:00:00Z
9288983,Aparcabicicletas,27,ATOCHA,2,ARGANZUELA,OPERATIVO,442370.985,4471912.091,ETRS89,,,CALLE,MENDEZ ALVARO,77C,28045,,20121633,2021-01-01T00:00:00Z,,MU24,MU-51,2026-01-10T00:00:00Z
9288985,Aparcabicicletas,27,ATOCHA,2,ARGANZUELA,OPERATIVO,442374.674,4471917.28,ETRS89,,,CALLE,MENDEZ ALVARO,77C,28045,,20121633,2021-01-01T00:00:00Z,,MU24,MU-51,2026-01-10T00:00:00Z
9277911,Aparcabicicletas,159,COSTILLARES,15,CIUDAD LINEAL,OPERATIVO,443815.62,4481337.9,ETRS89,,,CALLE,DULZAINA,8,28033,,20132788,2023-06-30T00:00:00Z,,MU24,MU-51,2026-01-10T00:00:00Z
9277915,Aparcabicicletas,159,COSTILLARES,15,CIUDAD LINEAL,OPERATIVO,443817.45,4481339.01,ETRS89,,,CALLE,DULZAINA,8,28033,,20132788,2023-06-30T00:00:00Z,,MU24,MU-51,2026-01-10T00:00:00Z
9277918,Aparcabicicletas,159,COSTILLARES,15,CIUDAD LINEAL,OPERATIVO,443819.17,4481340.07,ETRS89,,,CALLE,DULZAINA,8,28033,,20132788,2023-06-30T00:00:00Z,,MU24,MU-51,2026-01-10T00:00:00Z
9288494,Aparcabicicletas,165,APOSTOL SANTIAGO,16,HORTALEZA,OPERATIVO,443795.839,4480070.88,ETRS89,,,CALLE,RAMONET,12,28033,,11121461,2023-07-14T00:00:00Z,,MU24,MU-51,2026-01-10T00:00:00Z
9288987,Aparcabicicletas,27,ATOCHA,2,ARGANZUELA,OPERATIVO,442376.226,4471920.488,ETRS89,,,CALLE,MENDEZ ALVARO,77C,28045,,20121633,2021-01-01T00:00:00Z,,MU24,MU-51,2026-01-10T00:00:00Z
9291119,Aparcabicicletas,153,QUINTANA,15,CIUDAD LINEAL,OPERATIVO,445030.55,4476117.01,ETRS89,,,CALLE,ARGENTINA,8,28027,,11109233,2023-06-02T00:00:00Z,,MU24,MU-51,2026-01-10T00:00:00Z
9291126,Aparcabicicletas,153,QUINTANA,15,CIUDAD LINEAL,OPERATIVO,445028.96,4476118.86,ETRS89,,,CALLE,ARGENTINA,8,28027,,11109233,2023-06-02T00:00:00Z,,MU24,MU-51,2026-01-10T00:00:00Z
92972,Aparcabicicletas,163,CANILLAS,16,HORTALEZA,OPERATIVO,446797.56,4479491.27,ETRS89,,,CALLE,EL PROVENCIO,20,28043,PORTAL,20094724,2021-09-24T00:00:00Z,1086997,MU24,MU-51,2026-01-10T00:00:00Z
9297276,Aparcabicicletas,211,ALAMEDA DE OSUNA,21,BARAJAS,OPERATIVO,450262.71,4478491.54,ETRS89,,,CALLE,CARABELA,7,28042,,20107539,2023-07-19T00:00:00Z,,MU24,MU-51,2026-01-10T00:00:00Z
9297279,Aparcabicicletas,211,ALAMEDA DE OSUNA,21,BARAJAS,OPERATIVO,450264.03,4478491.28,ETRS89,,,CALLE,CARABELA,7,28042,,20107539,2023-07-19T00:00:00Z,,MU24,MU-51,2026-01-10T00:00:00Z
9297281,Aparcabicicletas,211,ALAMEDA DE OSUNA,21,BARAJAS,OPERATIVO,450266.68,4478491.01,ETRS89,,,CALLE,CARABELA,7,28042,,20107539,2023-07-19T00:00:00Z,,MU24,MU-51,2026-01-10T00:00:00Z
92974,Aparcabicicletas,163,CANILLAS,16,HORTALEZA,OPERATIVO,445716.04,4479705.87,ETRS89,,,CALLE,TORQUEMADA,5,28043,PORTAL,31008854,2019-02-04T00:00:00Z,1087153,MU24,MU-51,2026-01-10T00:00:00Z
92976,Aparcabicicletas,163,CANILLAS,16,HORTALEZA,OPERATIVO,445719.7,4479702.45,ETRS89,,,CALLE,TORQUEMADA,5,28043,PORTAL,31008854,2021-09-24T00:00:00Z,1087155,MU24,MU-51,2026-01-10T00:00:00Z
92978,Aparcabicicletas,163,CANILLAS,16,HORTALEZA,OPERATIVO,444842.19,4479595.23,ETRS89,,,CALLE,MANZANAR,12,28043,FRENTE FACHADA,31037956,2021-09-16T00:00:00Z,1087159,MU24,MU-51,2026-01-10T00:00:00Z
9288497,Aparcabicicletas,165,APOSTOL SANTIAGO,16,HORTALEZA,OPERATIVO,443796.37,4480068.76,ETRS89,,,CALLE,RAMONET,12,28033,,11121461,2023-07-14T00:00:00Z,,MU24,MU-51,2026-01-10T00:00:00Z
9288499,Aparcabicicletas,165,APOSTOL SANTIAGO,16,HORTALEZA,OPERATIVO,443796.9,4480066.78,ETRS89,,,CALLE,RAMONET,12,28033,,11121461,2023-07-14T00:00:00Z,,MU24,MU-51,2026-01-10T00:00:00Z
9288980,Aparcabicicletas,27,ATOCHA,2,ARGANZUELA,OPERATIVO,442372.273,4471914.08,ETRS89,,,CALLE,MENDEZ ALVARO,77C,28045,,20121633,2021-01-01T00:00:00Z,,MU24,MU-51,2026-01-10T00:00:00Z
9288982,Aparcabicicletas,27,ATOCHA,2,ARGANZUELA,OPERATIVO,442371.501,4471913.087,ETRS89,,,CALLE,MENDEZ ALVARO,77C,28045,,20121633,2021-01-01T00:00:00Z,,MU24,MU-51,2026-01-10T00:00:00Z
9288984,Aparcabicicletas,27,ATOCHA,2,ARGANZUELA,OPERATIVO,442373.044,4471915.073,ETRS89,,,CALLE,MENDEZ ALVARO,77C,28045,,20121633,2021-01-01T00:00:00Z,,MU24,MU-51,2026-01-10T00:00:00Z
9288986,Aparcabicicletas,27,ATOCHA,2,ARGANZUELA,OPERATIVO,442375.192,4471918.386,ETRS89,,,CALLE,MENDEZ ALVARO,77C,28045,,20121633,2021-01-01T00:00:00Z,,MU24,MU-51,2026-01-10T00:00:00Z
9288988,Aparcabicicletas,27,ATOCHA,2,ARGANZUELA,OPERATIVO,442373.817,4471916.177,ETRS89,,,CALLE,MENDEZ ALVARO,77C,28045,,20121633,2021-01-01T00:00:00Z,,MU24,MU-51,2026-01-10T00:00:00Z
9291125,Aparcabicicletas,153,QUINTANA,15,CIUDAD LINEAL,OPERATIVO,445021.95,4476120.84,ETRS89,,,CALLE,ARGENTINA,8,28027,,11109233,2023-06-02T00:00:00Z,,MU24,MU-51,2026-01-10T00:00:00Z
9296931,Aparcabicicletas,14,JUSTICIA,1,CENTRO,OPERATIVO,441210.013,4474939.913,ETRS89,,,CALLE,TAMAYO Y BAUS,6,28004,,11004261,2021-01-01T00:00:00Z,,MU24,MU-51,2026-01-10T00:00:00Z
9297275,Aparcabicicletas,211,ALAMEDA DE OSUNA,21,BARAJAS,OPERATIVO,450260.73,4478491.15,ETRS89,,,CALLE,CARABELA,7,28042,,20107539,2023-07-19T00:00:00Z,,MU24,MU-51,2026-01-10T00:00:00Z
9297277,Aparcabicicletas,211,ALAMEDA DE OSUNA,21,BARAJAS,OPERATIVO,450263.37,4478491.41,ETRS89,,,CALLE,CARABELA,7,28042,,20107539,2023-07-19T00:00:00Z,,MU24,MU-51,2026-01-10T00:00:00Z
9297280,Aparcabicicletas,211,ALAMEDA DE OSUNA,21,BARAJAS,OPERATIVO,450265.49,4478491.01,ETRS89,,,CALLE,CARABELA,7,28042,,20107539,2023-07-19T00:00:00Z,,MU24,MU-51,2026-01-10T00:00:00Z
92973,Aparcabicicletas,163,CANILLAS,16,HORTALEZA,OPERATIVO,445717.84,4479704.58,ETRS89,,,CALLE,TORQUEMADA,5,28043,PORTAL,31008854,2019-02-04T00:00:00Z,1087152,MU24,MU-51,2026-01-10T00:00:00Z
92975,Aparcabicicletas,163,CANILLAS,16,HORTALEZA,OPERATIVO,445716.77,4479705.1,ETRS89,,,CALLE,TORQUEMADA,5,28043,PORTAL,31008854,2021-09-23T00:00:00Z,1087154,MU24,MU-51,2026-01-10T00:00:00Z
92977,Aparcabicicletas,163,CANILLAS,16,HORTALEZA,OPERATIVO,444840.87,4479594.77,ETRS89,,,CALLE,MANZANAR,12,28043,FRENTE FACHADA,31037956,2021-09-15T00:00:00Z,1087157,MU24,MU-51,2026-01-10T00:00:00Z
92980,Aparcabicicletas,211,ALAMEDA DE OSUNA,21,BARAJAS,OPERATIVO,449925.88,4478041.06,ETRS89,,,CALLE,BALANDRO,1,28042,JARDIN,31044565,2021-09-30T00:00:00Z,1086956,MU24,MU-51,2026-01-10T00:00:00Z
9323395,Aparcabicicletas,13,CORTES,1,CENTRO,OPERATIVO,440985.123,4474359.56,ETRS89,,,CALLE,LOS MADRAZO,21,28014,,11004067,2023-10-27T00:00:00Z,,MU24,,2026-01-10T00:00:00Z
9323398,Aparcabicicletas,13,CORTES,1,CENTRO,OPERATIVO,440985.78,4474356.78,ETRS89,,,CALLE,Madrazo,21,28014,,11004067,2023-10-27T00:00:00Z,,MU24,,2026-01-10T00:00:00Z
9344087,Aparcabicicletas,154,LA CONCEPCIÓN,15,CIUDAD LINEAL,OPERATIVO,445134.975,4477227.698,ETRS89,,,CALLE,MARIANO DIAZ ALONSO,41,28027,,11110622,2023-07-07T00:00:00Z,,MU24,MU-51,2026-01-10T00:00:00Z
9344091,Aparcabicicletas,154,LA CONCEPCIÓN,15,CIUDAD LINEAL,OPERATIVO,445132.877,4477230.224,ETRS89,,,CALLE,MARIANO DIAZ ALONSO,41,28027,,11110622,2023-07-07T00:00:00Z,,MU24,MU-51,2026-01-10T00:00:00Z
9364857,Aparcabicicletas,201,SIMANCAS,20,SAN BLAS-CANILLEJAS,OPERATIVO,446619.372,4475601.245,ETRS89,,,CALLE,CASTROPOL,5,28037,,20042568,2023-12-19T00:00:00Z,,MU24,MU-51,2026-01-10T00:00:00Z
9364859,Aparcabicicletas,201,SIMANCAS,20,SAN BLAS-CANILLEJAS,OPERATIVO,446621.621,4475596.614,ETRS89,,,CALLE,CASTROPOL,5,28037,,20042568,2023-12-19T00:00:00Z,,MU24,MU-51,2026-01-10T00:00:00Z
9364862,Aparcabicicletas,151,VENTAS,15,CIUDAD LINEAL,OPERATIVO,444518.141,4474863.179,ETRS89,,,CALLE,MARIA TERESA SAENZ DE HEREDIA,17,28017,,11103613,2023-12-19T00:00:00Z,,MU24,MU-51,2026-01-10T00:00:00Z
9364864,Aparcabicicletas,151,VENTAS,15,CIUDAD LINEAL,OPERATIVO,444517.215,4474861.988,ETRS89,,,CALLE,MARIA TERESA SAENZ DE HEREDIA,17,28017,,11103613,2023-12-19T00:00:00Z,,MU24,MU-51,2026-01-10T00:00:00Z
9323394,Aparcabicicletas,13,CORTES,1,CENTRO,OPERATIVO,440985.369,4474358.45,ETRS89,,,CALLE,LOS MADRAZO,21,28014,,11004067,2023-10-27T00:00:00Z,,MU24,,2026-01-10T00:00:00Z
9323396,Aparcabicicletas,13,CORTES,1,CENTRO,OPERATIVO,440984.963,4474360.79,ETRS89,,,CALLE,LOS MADRAZO,21,28014,,11004067,2023-10-27T00:00:00Z,,MU24,,2026-01-10T00:00:00Z
9344086,Aparcabicicletas,154,LA CONCEPCIÓN,15,CIUDAD LINEAL,OPERATIVO,445135.835,4477226.706,ETRS89,,,CALLE,MARIANO DIAZ ALONSO,41,28027,,11110622,2023-07-07T00:00:00Z,,MU24,MU-51,2026-01-10T00:00:00Z
9344089,Aparcabicicletas,154,LA CONCEPCIÓN,15,CIUDAD LINEAL,OPERATIVO,445134.38,4477229.021,ETRS89,,,CALLE,MARIANO DIAZ ALONSO,41,28027,,11110622,2023-07-07T00:00:00Z,,MU24,MU-51,2026-01-10T00:00:00Z
9344092,Aparcabicicletas,154,LA CONCEPCIÓN,15,CIUDAD LINEAL,OPERATIVO,445132.612,4477231.547,ETRS89,,,CALLE,MARIANO DIAZ ALONSO,41,28027,,11110622,2023-07-07T00:00:00Z,,MU24,MU-51,2026-01-10T00:00:00Z
9364858,Aparcabicicletas,201,SIMANCAS,20,SAN BLAS-CANILLEJAS,OPERATIVO,446620.694,4475598.665,ETRS89,,,CALLE,CASTROPOL,5,28037,,20042568,2023-12-19T00:00:00Z,,MU24,MU-51,2026-01-10T00:00:00Z
9364860,Aparcabicicletas,201,SIMANCAS,20,SAN BLAS-CANILLEJAS,OPERATIVO,446622.877,4475595.688,ETRS89,,,CALLE,CASTROPOL,5,28037,,20042568,2023-12-19T00:00:00Z,,MU24,MU-51,2026-01-10T00:00:00Z
9364863,Aparcabicicletas,151,VENTAS,15,CIUDAD LINEAL,OPERATIVO,444517.744,4474862.848,ETRS89,,,CALLE,MARIA TERESA SAENZ DE HEREDIA,17,28017,,11103613,2023-12-19T00:00:00Z,,MU24,MU-51,2026-01-10T00:00:00Z
9364865,Aparcabicicletas,151,VENTAS,15,CIUDAD LINEAL,OPERATIVO,444516.487,4474861.327,ETRS89,,,CALLE,MARIA TERESA SAENZ DE HEREDIA,17,28017,,11103613,2023-12-19T00:00:00Z,,MU24,MU-51,2026-01-10T00:00:00Z
9376954,Aparcabicicletas,51,EL VISO,5,CHAMARTIN,OPERATIVO,442161.516,4477002.558,ETRS89,,,CALLE,Velázquez,51,28002,,11021793,2021-01-01T00:00:00Z,,MU24,MU-51,2026-01-10T00:00:00Z
9376962,Aparcabicicletas,43,FUENTE DEL BERRO,4,SALAMANCA,OPERATIVO,443286.788,4474779.826,ETRS89,,,CALLE,Condes de Torreanaz,1,28028,,11015774,2021-01-01T00:00:00Z,,MU24,MU-51,2026-01-10T00:00:00Z
9376964,Aparcabicicletas,43,FUENTE DEL BERRO,4,SALAMANCA,OPERATIVO,443281.781,4474779.642,ETRS89,,,CALLE,Condes de Torreanaz,1,28028,,11015774,2021-01-01T00:00:00Z,,MU24,MU-51,2026-01-10T00:00:00Z
9380516,Aparcabicicletas,32,ADELFAS,3,RETIRO,OPERATIVO,442780.018,4472551.683,ETRS89,,,CALLE,DOCTOR ESQUERDO,219,28007,,11011529,2021-01-01T00:00:00Z,,MU24,MU-51,2026-01-10T00:00:00Z
9380519,Aparcabicicletas,32,ADELFAS,3,RETIRO,OPERATIVO,442780.707,4472553.01,ETRS89,,,CALLE,DOCTOR ESQUERDO,217,28007,,11011528,2021-01-01T00:00:00Z,,MU24,MU-51,2026-01-10T00:00:00Z
9380521,Aparcabicicletas,32,ADELFAS,3,RETIRO,OPERATIVO,442778.908,4472550.804,ETRS89,,,CALLE,DOCTOR ESQUERDO,219,28007,,11011529,2021-01-01T00:00:00Z,,MU24,MU-51,2026-01-10T00:00:00Z
9397116,Aparcabicicletas,107,AGUILAS,10,LATINA,OPERATIVO,433890.64,4470674.267,ETRS89,,,CALLE,FRAY JOSE CERDEIRIÑA,51,28024,,11067270,2024-02-16T00:00:00Z,,MU24,MU-51,2026-01-10T00:00:00Z
9397118,Aparcabicicletas,107,AGUILAS,10,LATINA,OPERATIVO,433886.275,4470669.174,ETRS89,,,CALLE,FRAY JOSE CERDEIRIÑA,51,28024,,11067270,2024-02-16T00:00:00Z,,MU24,MU-51,2026-01-10T00:00:00Z
9397122,Aparcabicicletas,107,AGUILAS,10,LATINA,OPERATIVO,433887.862,4470671.753,ETRS89,,,CALLE,FRAY JOSE CERDEIRIÑA,51,28024,,11067270,2024-02-16T00:00:00Z,,MU24,MU-51,2026-01-10T00:00:00Z
94077,Aparcabicicletas,163,CANILLAS,16,HORTALEZA,OPERATIVO,444814.59,4479451.48,ETRS89,,,CALLE,AGUSTIN CALVO,15,28043,PORTAL,11117566,2021-09-22T00:00:00Z,1087163,MU24,MU-51,2026-01-10T00:00:00Z
9431719,Aparcabicicletas,13,CORTES,1,CENTRO,OPERATIVO,440643.007,4474195.531,ETRS89,,,CALLE,ECHEGARAY,1,28014,,11003885,,,MU24,MU-51,2026-01-10T00:00:00Z
9435123,Aparcabicicletas,44,GUINDALERA,4,SALAMANCA,OPERATIVO,443471.269,4476517.231,ETRS89,,,CALLE,BOSTON,1,28028,,11018047,2021-01-01T00:00:00Z,,MU24,,2026-01-10T00:00:00Z
9435126,Aparcabicicletas,44,GUINDALERA,4,SALAMANCA,OPERATIVO,443472.964,4476517.107,ETRS89,,,CALLE,BOSTON,1,28028,,11018047,2021-01-01T00:00:00Z,,MU24,,2026-01-10T00:00:00Z
9435129,Aparcabicicletas,44,GUINDALERA,4,SALAMANCA,OPERATIVO,443468.64,4476517.251,ETRS89,,,CALLE,BOSTON,1,28028,,11018047,2021-01-01T00:00:00Z,,MU24,,2026-01-10T00:00:00Z
9435131,Aparcabicicletas,44,GUINDALERA,4,SALAMANCA,OPERATIVO,443469.658,4476517.354,ETRS89,,,CALLE,BOSTON,1,28028,,11018047,2021-01-01T00:00:00Z,,MU24,,2026-01-10T00:00:00Z
9435133,Aparcabicicletas,44,GUINDALERA,4,SALAMANCA,OPERATIVO,443464.99,4476516.945,ETRS89,,,CALLE,BOSTON,1,28028,,11018047,2021-01-01T00:00:00Z,,MU24,,2026-01-10T00:00:00Z
9437783,Aparcabicicletas,155,SAN PASCUAL,15,CIUDAD LINEAL,OPERATIVO,444839.156,4477123.817,ETRS89,,,CALLE,CARLOTA O'NEILL,15,28027,,31028962,2024-03-26T00:00:00Z,,MU24,MU-51,2026-01-10T00:00:00Z
9446199,Aparcabicicletas,41,RECOLETOS,4,SALAMANCA,OPERATIVO,441686.08,4475632.982,ETRS89,,,CALLE,MARQUES DE VILLAMAGNA,10,28001,,11014084,2021-01-01T00:00:00Z,,MU24,,2026-01-10T00:00:00Z
94464,Aparcabicicletas,211,ALAMEDA DE OSUNA,21,BARAJAS,OPERATIVO,450152.15,4478689.69,ETRS89,,,CALLE,CORBETA,12,28042,PORTAL,11139982,2021-09-22T00:00:00Z,1084908,MU24,MU-51,2026-01-10T00:00:00Z
94481,Aparcabicicletas,211,ALAMEDA DE OSUNA,21,BARAJAS,OPERATIVO,450772.83,4479227.52,ETRS89,,,CALLE,RIAÑO,9,28042,PORTAL,11139933,2021-02-11T00:00:00Z,1084902,MU24,MU-51,2026-01-10T00:00:00Z
94483,Aparcabicicletas,211,ALAMEDA DE OSUNA,21,BARAJAS,OPERATIVO,450151.4,4478688.9,ETRS89,,,CALLE,CORBETA,12,28042,PORTAL,11139982,2020-09-23T00:00:00Z,1084905,MU24,MU-51,2026-01-10T00:00:00Z
94489,Aparcabicicletas,214,TIMON,21,BARAJAS,OPERATIVO,450413.94,4480424.57,ETRS89,,,CALLE,TIMON,20,28042,PORTAL,11141287,2019-01-29T00:00:00Z,1084853,MU24,MU-51,2026-01-10T00:00:00Z
94491,Aparcabicicletas,214,TIMON,21,BARAJAS,OPERATIVO,450411.49,4480423.74,ETRS89,,,CALLE,TIMON,20,28042,PORTAL,11141287,2021-09-23T00:00:00Z,1084855,MU24,MU-51,2026-01-10T00:00:00Z
94493,Aparcabicicletas,215,CORRALEJOS,21,BARAJAS,OPERATIVO,449733.66,4479524.5,ETRS89,,,CALLE,BAHIA DE POLLENSA,5,28042,PORTAL,31011498,2019-02-04T00:00:00Z,1084868,MU24,MU-51,2026-01-10T00:00:00Z
94495,Aparcabicicletas,215,CORRALEJOS,21,BARAJAS,OPERATIVO,449731.46,4479527.4,ETRS89,,,CALLE,BAHIA DE POLLENSA,5,28042,PORTAL,31011498,2021-09-30T00:00:00Z,1084870,MU24,MU-51,2026-01-10T00:00:00Z
94509,Aparcabicicletas,204,ARCOS,20,SAN BLAS-CANILLEJAS,OPERATIVO,447348.83,4474329.74,ETRS89,,,CALLE,AQUITANIA,7,28032,PORTAL,20140618,2021-02-11T00:00:00Z,1085590,MU24,MU-51,2026-01-10T00:00:00Z
94511,Aparcabicicletas,204,ARCOS,20,SAN BLAS-CANILLEJAS,OPERATIVO,447350.31,4474330.07,ETRS89,,,CALLE,AQUITANIA,7,28032,PORTAL,20140618,2021-09-22T00:00:00Z,1085592,MU24,MU-51,2026-01-10T00:00:00Z
94513,Aparcabicicletas,204,ARCOS,20,SAN BLAS-CANILLEJAS,OPERATIVO,447352.47,4474330.79,ETRS89,,,CALLE,AQUITANIA,7,28032,PORTAL,20140618,2021-09-08T00:00:00Z,1085594,MU24,MU-51,2026-01-10T00:00:00Z
94515,Aparcabicicletas,204,ARCOS,20,SAN BLAS-CANILLEJAS,OPERATIVO,447174.03,4474609.53,ETRS89,,,CALLE,ARCOS DE JALON,11,28037,PORTAL,31032027,2021-09-15T00:00:00Z,1085611,MU24,MU-51,2026-01-10T00:00:00Z
94517,Aparcabicicletas,204,ARCOS,20,SAN BLAS-CANILLEJAS,OPERATIVO,447175.17,4474609.75,ETRS89,,,CALLE,ARCOS DE JALON,11,28037,PORTAL,31032027,2021-09-23T00:00:00Z,1085613,MU24,MU-51,2026-01-10T00:00:00Z
94519,Aparcabicicletas,204,ARCOS,20,SAN BLAS-CANILLEJAS,OPERATIVO,447319.38,4474676.08,ETRS89,,,CALLE,ARCOS DE JALON,22,28037,PORTAL,31024172,2021-09-14T00:00:00Z,1085615,MU24,MU-51,2026-01-10T00:00:00Z
9451942,Aparcabicicletas,159,COSTILLARES,15,CIUDAD LINEAL,OPERATIVO,,,ETRS89,,,CALLE,SERRANO GALVACHE,26,28033,,20140976,2024-04-22T00:00:00Z,,MU24,MU-51,2026-01-10T00:00:00Z
9451947,Aparcabicicletas,159,COSTILLARES,15,CIUDAD LINEAL,OPERATIVO,,,ETRS89,,,CALLE,SERRANO GALVACHE,26,28033,,20140976,2024-04-22T00:00:00Z,,MU24,MU-51,2026-01-10T00:00:00Z
9451949,Aparcabicicletas,159,COSTILLARES,15,CIUDAD LINEAL,OPERATIVO,,,ETRS89,,,CALLE,SERRANO GALVACHE,26,28033,,20140976,2024-04-22T00:00:00Z,,MU24,MU-51,2026-01-10T00:00:00Z
9451956,Aparcabicicletas,159,COSTILLARES,15,CIUDAD LINEAL,OPERATIVO,,,ETRS89,,,CALLE,SERRANO GALVACHE,26,28033,,20140976,2024-04-22T00:00:00Z,,MU24,MU-51,2026-01-10T00:00:00Z
9451958,Aparcabicicletas,159,COSTILLARES,15,CIUDAD LINEAL,OPERATIVO,,,ETRS89,,,CALLE,SERRANO GALVACHE,26,28033,,20140976,2024-04-22T00:00:00Z,,MU24,MU-51,2026-01-10T00:00:00Z
9451960,Aparcabicicletas,159,COSTILLARES,15,CIUDAD LINEAL,OPERATIVO,,,ETRS89,,,CALLE,SERRANO GALVACHE,26,28033,,20140976,2024-04-22T00:00:00Z,,MU24,,2026-01-10T00:00:00Z
94521,Aparcabicicletas,204,ARCOS,20,SAN BLAS-CANILLEJAS,OPERATIVO,447968.54,4475276.41,ETRS89,,,CALLE,ELECTRICISTAS,11,28037,PORTAL,11136060,2021-09-08T00:00:00Z,1085622,MU24,MU-51,2026-01-10T00:00:00Z
94523,Aparcabicicletas,204,ARCOS,20,SAN BLAS-CANILLEJAS,OPERATIVO,447966.75,4475274.52,ETRS89,,,CALLE,ELECTRICISTAS,11,28037,PORTAL,11136060,2019-02-04T00:00:00Z,1085624,MU24,MU-51,2026-01-10T00:00:00Z
94525,Aparcabicicletas,204,ARCOS,20,SAN BLAS-CANILLEJAS,OPERATIVO,447514.18,4475166.7,ETRS89,,,CALLE,CONSERVEROS,4,28037,PORTAL,31028746,2021-02-11T00:00:00Z,1085626,MU24,MU-51,2026-01-10T00:00:00Z
94527,Aparcabicicletas,204,ARCOS,20,SAN BLAS-CANILLEJAS,OPERATIVO,447514.86,4475165.19,ETRS89,,,CALLE,CONSERVEROS,4,28037,PORTAL,31028746,2020-09-23T00:00:00Z,1085628,MU24,MU-51,2026-01-10T00:00:00Z
94529,Aparcabicicletas,208,EL SALVADOR,20,SAN BLAS-CANILLEJAS,OPERATIVO,446661.82,4476986.22,ETRS89,,,CALLE,IQUITOS,20,28027,PORTAL,20043518,2020-09-23T00:00:00Z,1085630,MU24,MU-51,2026-01-10T00:00:00Z
94531,Aparcabicicletas,208,EL SALVADOR,20,SAN BLAS-CANILLEJAS,OPERATIVO,446663.42,4476986.61,ETRS89,,,CALLE,IQUITOS,20,28027,PORTAL,20043518,2021-09-03T00:00:00Z,1085632,MU24,MU-51,2026-01-10T00:00:00Z
94533,Aparcabicicletas,208,EL SALVADOR,20,SAN BLAS-CANILLEJAS,OPERATIVO,446178.56,4477260.45,ETRS89,,,CALLE,LOPEZ DE ARANDA,29,28027,PORTAL,20109179,2021-09-03T00:00:00Z,1085641,MU24,MU-51,2026-01-10T00:00:00Z
94535,Aparcabicicletas,208,EL SALVADOR,20,SAN BLAS-CANILLEJAS,OPERATIVO,446180.56,4477257.45,ETRS89,,,CALLE,LOPEZ DE ARANDA,29,28027,PORTAL,20109179,2021-09-16T00:00:00Z,1085643,MU24,MU-51,2026-01-10T00:00:00Z
94537,Aparcabicicletas,205,ROSAS,20,SAN BLAS-CANILLEJAS,OPERATIVO,448556.01,4475325.67,ETRS89,,,CALLE,AUSTRIA,15,28022,FRENTE FACHADA,20144524,2019-02-04T00:00:00Z,1085645,MU24,MU-51,2026-01-10T00:00:00Z
94539,Aparcabicicletas,205,ROSAS,20,SAN BLAS-CANILLEJAS,OPERATIVO,448557.28,4475327.98,ETRS89,,,CALLE,AUSTRIA,15,28022,FRENTE FACHADA,20144524,2019-02-04T00:00:00Z,1085647,MU24,MU-51,2026-01-10T00:00:00Z
94541,Aparcabicicletas,205,ROSAS,20,SAN BLAS-CANILLEJAS,OPERATIVO,448554.23,4475323.58,ETRS89,,,CALLE,AUSTRIA,16,28022,JARDIN,31046983,2021-09-30T00:00:00Z,1085649,MU24,MU-51,2026-01-10T00:00:00Z
94547,Aparcabicicletas,201,SIMANCAS,20,SAN BLAS-CANILLEJAS,OPERATIVO,446504.55,4475893.43,ETRS89,,,CALLE,ALBARRACIN,54,28037,FRENTE FACHADA,20042750,2021-09-14T00:00:00Z,1085669,MU24,MU-51,2026-01-10T00:00:00Z
9364866,Aparcabicicletas,151,VENTAS,15,CIUDAD LINEAL,OPERATIVO,444519.596,4474863.973,ETRS89,,,CALLE,MARIA TERESA SAENZ DE HEREDIA,17,28017,,11103613,2023-12-19T00:00:00Z,,MU24,MU-51,2026-01-10T00:00:00Z
9376961,Aparcabicicletas,43,FUENTE DEL BERRO,4,SALAMANCA,OPERATIVO,443279.157,4474780.328,ETRS89,,,CALLE,Condes de Torreanaz,1,28028,,11015774,2021-01-01T00:00:00Z,,MU24,MU-51,2026-01-10T00:00:00Z
9376963,Aparcabicicletas,43,FUENTE DEL BERRO,4,SALAMANCA,OPERATIVO,443274.837,4474781.249,ETRS89,,,CALLE,Condes de Torreanaz,1,28028,,11015774,2021-01-01T00:00:00Z,,MU24,MU-51,2026-01-10T00:00:00Z
9380515,Aparcabicicletas,32,ADELFAS,3,RETIRO,OPERATIVO,442947.427,4472782.632,ETRS89,,,CALLE,DOCTOR ESQUERDO,189,28007,,11011582,2021-01-01T00:00:00Z,,MU24,MU-51,2026-01-10T00:00:00Z
9380518,Aparcabicicletas,32,ADELFAS,3,RETIRO,OPERATIVO,442781.391,4472553.782,ETRS89,,,CALLE,DOCTOR ESQUERDO,217,28007,,11011528,2021-01-01T00:00:00Z,,MU24,MU-51,2026-01-10T00:00:00Z
9380520,Aparcabicicletas,32,ADELFAS,3,RETIRO,OPERATIVO,442782.418,4472554.884,ETRS89,,,CALLE,DOCTOR ESQUERDO,217,28007,,11011528,2021-01-01T00:00:00Z,,MU24,MU-51,2026-01-10T00:00:00Z
9380522,Aparcabicicletas,46,CASTELLANA,4,SALAMANCA,OPERATIVO,442042.114,4475732.567,ETRS89,,,CALLE,JOSE ORTEGA Y GASSET,24,28006,,11019510,2021-01-01T00:00:00Z,,MU24,MU-51,2026-01-10T00:00:00Z
9397117,Aparcabicicletas,107,AGUILAS,10,LATINA,OPERATIVO,433885.283,4470667.785,ETRS89,,,CALLE,FRAY JOSE CERDEIRIÑA,51,28024,,11067270,2024-02-16T00:00:00Z,,MU24,MU-51,2026-01-10T00:00:00Z
9397120,Aparcabicicletas,107,AGUILAS,10,LATINA,OPERATIVO,433886.804,4470669.835,ETRS89,,,CALLE,FRAY JOSE CERDEIRIÑA,51,28024,,11067270,2024-02-16T00:00:00Z,,MU24,MU-51,2026-01-10T00:00:00Z
9397126,Aparcabicicletas,107,AGUILAS,10,LATINA,OPERATIVO,433895.469,4470679.757,ETRS89,,,CALLE,FRAY JOSE CERDEIRIÑA,51,28024,,11067270,2024-02-16T00:00:00Z,,MU24,MU-51,2026-01-10T00:00:00Z
9435122,Aparcabicicletas,44,GUINDALERA,4,SALAMANCA,OPERATIVO,443473.813,4476517.212,ETRS89,,,CALLE,BOSTON,1,28028,,11018047,2021-01-01T00:00:00Z,,MU24,,2026-01-10T00:00:00Z
9435125,Aparcabicicletas,44,GUINDALERA,4,SALAMANCA,OPERATIVO,443472.286,4476517.223,ETRS89,,,CALLE,BOSTON,1,28028,,11018047,2021-01-01T00:00:00Z,,MU24,,2026-01-10T00:00:00Z
9435127,Aparcabicicletas,44,GUINDALERA,4,SALAMANCA,OPERATIVO,443470.421,4476517.237,ETRS89,,,CALLE,BOSTON,1,28028,,11018047,2021-01-01T00:00:00Z,,MU24,,2026-01-10T00:00:00Z
9435130,Aparcabicicletas,44,GUINDALERA,4,SALAMANCA,OPERATIVO,443466.772,4476517.153,ETRS89,,,CALLE,BOSTON,1,28028,,11018047,2021-01-08T00:00:00Z,,MU24,MU-51,2026-01-10T00:00:00Z
9435132,Aparcabicicletas,44,GUINDALERA,4,SALAMANCA,OPERATIVO,443465.839,4476517.05,ETRS89,,,CALLE,BOSTON,1,28028,,11018047,2021-01-01T00:00:00Z,,MU24,,2026-01-10T00:00:00Z
9435134,Aparcabicicletas,44,GUINDALERA,4,SALAMANCA,OPERATIVO,443463.972,4476516.953,ETRS89,,,CALLE,BOSTON,1,28028,,11018047,2021-01-01T00:00:00Z,,MU24,,2026-01-10T00:00:00Z
9446198,Aparcabicicletas,41,RECOLETOS,4,SALAMANCA,OPERATIVO,441685.789,4475628.211,ETRS89,,,CALLE,MARQUES DE VILLAMAGNA,10,28001,,11014084,2021-01-01T00:00:00Z,,MU24,,2026-01-10T00:00:00Z
9446200,Aparcabicicletas,41,RECOLETOS,4,SALAMANCA,OPERATIVO,441686.316,4475630.538,ETRS89,,,CALLE,MARQUES DE VILLAMAGNA,10,28001,,11014084,2021-01-01T00:00:00Z,,MU24,,2026-01-10T00:00:00Z
9446238,Aparcabicicletas,15,UNIVERSIDAD,1,CENTRO,OPERATIVO,439690.528,4475144.249,ETRS89,,,CALLE,MAESTRO GUERRERO,10,28015,,20128259,2024-03-22T00:00:00Z,,MU24,,2026-01-10T00:00:00Z
94463,Aparcabicicletas,211,ALAMEDA DE OSUNA,21,BARAJAS,OPERATIVO,450150.54,4478688.23,ETRS89,,,CALLE,CORBETA,12,28042,PORTAL,11139982,2021-09-17T00:00:00Z,1084907,MU24,MU-51,2026-01-10T00:00:00Z
94478,Aparcabicicletas,213,CASCO HISTORICO DE BARAJAS,21,BARAJAS,OPERATIVO,451015.15,4480592.52,ETRS89,,,CALLE,ORION,5,28042,PORTAL,11140628,2021-09-15T00:00:00Z,1084844,MU24,MU-51,2026-01-10T00:00:00Z
94480,Aparcabicicletas,211,ALAMEDA DE OSUNA,21,BARAJAS,OPERATIVO,450772.59,4479225.31,ETRS89,,,CALLE,RIAÑO,9,28042,PORTAL,11139933,2019-01-29T00:00:00Z,1084901,MU24,MU-51,2026-01-10T00:00:00Z
94482,Aparcabicicletas,211,ALAMEDA DE OSUNA,21,BARAJAS,OPERATIVO,450772.66,4479226.38,ETRS89,,,CALLE,RIAÑO,9,28042,PORTAL,11139933,2021-09-29T00:00:00Z,1084903,MU24,MU-51,2026-01-10T00:00:00Z
94484,Aparcabicicletas,211,ALAMEDA DE OSUNA,21,BARAJAS,OPERATIVO,450149.69,4478687.5,ETRS89,,,CALLE,CORBETA,12,28042,PORTAL,11139982,2020-09-23T00:00:00Z,1084906,MU24,MU-51,2026-01-10T00:00:00Z
94488,Aparcabicicletas,214,TIMON,21,BARAJAS,OPERATIVO,450413.09,4480424.35,ETRS89,,,CALLE,TIMON,20,28042,PORTAL,11141287,2021-02-11T00:00:00Z,1084852,MU24,MU-51,2026-01-10T00:00:00Z
94490,Aparcabicicletas,214,TIMON,21,BARAJAS,OPERATIVO,450410.59,4480423.4,ETRS89,,,CALLE,TIMON,18,28042,PORTAL,11141244,2021-09-22T00:00:00Z,1084854,MU24,MU-51,2026-01-10T00:00:00Z
94492,Aparcabicicletas,215,CORRALEJOS,21,BARAJAS,OPERATIVO,449732.92,4479525.18,ETRS89,,,CALLE,BAHIA DE POLLENSA,5,28042,PORTAL,31011498,2021-09-16T00:00:00Z,1084867,MU24,MU-51,2026-01-10T00:00:00Z
94494,Aparcabicicletas,215,CORRALEJOS,21,BARAJAS,OPERATIVO,449734.39,4479523.19,ETRS89,,,CALLE,BAHIA DE POLLENSA,5,28042,PORTAL,31011498,2021-09-23T00:00:00Z,1084869,MU24,MU-51,2026-01-10T00:00:00Z
94510,Aparcabicicletas,204,ARCOS,20,SAN BLAS-CANILLEJAS,OPERATIVO,447349.62,4474329.91,ETRS89,,,CALLE,AQUITANIA,7,28032,PORTAL,20140618,2021-09-01T00:00:00Z,1085591,MU24,MU-51,2026-01-10T00:00:00Z
94512,Aparcabicicletas,204,ARCOS,20,SAN BLAS-CANILLEJAS,OPERATIVO,447351.33,4474330.57,ETRS89,,,CALLE,AQUITANIA,7,28032,PORTAL,20140618,2021-09-02T00:00:00Z,1085593,MU24,MU-51,2026-01-10T00:00:00Z
94516,Aparcabicicletas,204,ARCOS,20,SAN BLAS-CANILLEJAS,OPERATIVO,447176.37,4474610.03,ETRS89,,,CALLE,ARCOS DE JALON,11,28037,PORTAL,31032027,2021-09-07T00:00:00Z,1085612,MU24,MU-51,2026-01-10T00:00:00Z
94518,Aparcabicicletas,204,ARCOS,20,SAN BLAS-CANILLEJAS,OPERATIVO,447318.54,4474675.41,ETRS89,,,CALLE,ARCOS DE JALON,22,28037,PORTAL,31024172,2021-09-21T00:00:00Z,1085614,MU24,MU-51,2026-01-10T00:00:00Z
9451941,Aparcabicicletas,159,COSTILLARES,15,CIUDAD LINEAL,OPERATIVO,,,ETRS89,,,CALLE,SERRANO GALVACHE,26,28033,,20140976,2024-04-22T00:00:00Z,,MU24,MU-51,2026-01-10T00:00:00Z
9451946,Aparcabicicletas,159,COSTILLARES,15,CIUDAD LINEAL,OPERATIVO,,,ETRS89,,,CALLE,SERRANO GALVACHE,26,28033,,20140976,2024-04-22T00:00:00Z,,MU24,MU-51,2026-01-10T00:00:00Z
9451948,Aparcabicicletas,159,COSTILLARES,15,CIUDAD LINEAL,OPERATIVO,,,ETRS89,,,CALLE,SERRANO GALVACHE,26,28033,,20140976,2024-04-22T00:00:00Z,,MU24,MU-51,2026-01-10T00:00:00Z
9451955,Aparcabicicletas,159,COSTILLARES,15,CIUDAD LINEAL,OPERATIVO,,,ETRS89,,,CALLE,SERRANO GALVACHE,26,28033,,20140976,2024-04-22T00:00:00Z,,MU24,MU-51,2026-01-10T00:00:00Z
9451957,Aparcabicicletas,159,COSTILLARES,15,CIUDAD LINEAL,OPERATIVO,,,ETRS89,,,CALLE,SERRANO GALVACHE,26,28033,,20140976,2024-04-22T00:00:00Z,,MU24,MU-51,2026-01-10T00:00:00Z
9451959,Aparcabicicletas,159,COSTILLARES,15,CIUDAD LINEAL,OPERATIVO,,,ETRS89,,,CALLE,SERRANO GALVACHE,26,28033,,20140976,2024-04-22T00:00:00Z,,MU24,MU-51,2026-01-10T00:00:00Z
94520,Aparcabicicletas,204,ARCOS,20,SAN BLAS-CANILLEJAS,OPERATIVO,447317.26,4474674.85,ETRS89,,,CALLE,ARCOS DE JALON,22,28037,PORTAL,31024172,2020-09-23T00:00:00Z,1085616,MU24,MU-51,2026-01-10T00:00:00Z
94522,Aparcabicicletas,204,ARCOS,20,SAN BLAS-CANILLEJAS,OPERATIVO,447967.54,4475275.41,ETRS89,,,CALLE,ELECTRICISTAS,11,28037,PORTAL,11136060,2021-09-30T00:00:00Z,1085623,MU24,MU-51,2026-01-10T00:00:00Z
94524,Aparcabicicletas,204,ARCOS,20,SAN BLAS-CANILLEJAS,OPERATIVO,447513.34,4475167.24,ETRS89,,,CALLE,CONSERVEROS,4,28037,PORTAL,31028746,2019-01-29T00:00:00Z,1085625,MU24,MU-51,2026-01-10T00:00:00Z
94526,Aparcabicicletas,204,ARCOS,20,SAN BLAS-CANILLEJAS,OPERATIVO,447514.57,4475165.85,ETRS89,,,CALLE,CONSERVEROS,4,28037,PORTAL,31028746,2021-09-03T00:00:00Z,1085627,MU24,MU-51,2026-01-10T00:00:00Z
94528,Aparcabicicletas,204,ARCOS,20,SAN BLAS-CANILLEJAS,OPERATIVO,447515.37,4475164.79,ETRS89,,,CALLE,CONSERVEROS,4,28037,PORTAL,31028746,2021-09-03T00:00:00Z,1085629,MU24,MU-51,2026-01-10T00:00:00Z
94530,Aparcabicicletas,208,EL SALVADOR,20,SAN BLAS-CANILLEJAS,OPERATIVO,446662.56,4476986.44,ETRS89,,,CALLE,IQUITOS,20,28027,PORTAL,20043518,2019-02-04T00:00:00Z,1085631,MU24,MU-51,2026-01-10T00:00:00Z
94532,Aparcabicicletas,208,EL SALVADOR,20,SAN BLAS-CANILLEJAS,OPERATIVO,446178.56,4477261.45,ETRS89,,,CALLE,LOPEZ DE ARANDA,29,28027,PORTAL,20109179,2021-09-01T00:00:00Z,1085640,MU24,MU-51,2026-01-10T00:00:00Z
94534,Aparcabicicletas,208,EL SALVADOR,20,SAN BLAS-CANILLEJAS,OPERATIVO,446179.56,4477259.45,ETRS89,,,CALLE,LOPEZ DE ARANDA,29,28027,PORTAL,20109179,2021-09-03T00:00:00Z,1085642,MU24,MU-51,2026-01-10T00:00:00Z
94536,Aparcabicicletas,208,EL SALVADOR,20,SAN BLAS-CANILLEJAS,OPERATIVO,446180.56,4477256.45,ETRS89,,,CALLE,LOPEZ DE ARANDA,29,28027,PORTAL,20109179,2021-09-07T00:00:00Z,1085644,MU24,MU-51,2026-01-10T00:00:00Z
94538,Aparcabicicletas,205,ROSAS,20,SAN BLAS-CANILLEJAS,OPERATIVO,448556.48,4475326.97,ETRS89,,,CALLE,AUSTRIA,15,28022,FRENTE FACHADA,20144524,2021-09-03T00:00:00Z,1085646,MU24,MU-51,2026-01-10T00:00:00Z
94540,Aparcabicicletas,205,ROSAS,20,SAN BLAS-CANILLEJAS,OPERATIVO,448554.98,4475324.66,ETRS89,,,CALLE,AUSTRIA,16,28022,JARDIN,31046983,2021-09-13T00:00:00Z,1085648,MU24,MU-51,2026-01-10T00:00:00Z
94562,Aparcabicicletas,201,SIMANCAS,20,SAN BLAS-CANILLEJAS,OPERATIVO,446400.31,4476099.6,ETRS89,,,CALLE,JULIAN CAMARILLO,11,28037,PARCELA,11133486,2021-09-01T00:00:00Z,1085665,MU24,MU-51,2026-01-10T00:00:00Z
94564,Aparcabicicletas,201,SIMANCAS,20,SAN BLAS-CANILLEJAS,OPERATIVO,446401.4,4476101.29,ETRS89,,,CALLE,JULIAN CAMARILLO,11,28037,PARCELA,11133486,2021-09-07T00:00:00Z,1085667,MU24,MU-51,2026-01-10T00:00:00Z
9461500,Aparcabicicletas,25,DELICIAS,2,ARGANZUELA,OPERATIVO,441183.167,4471732.599,ETRS89,,,CALLE,ALICANTE,7,28045,,11009480,2021-01-01T00:00:00Z,,MU24,MU-51,2026-01-10T00:00:00Z
9461502,Aparcabicicletas,25,DELICIAS,2,ARGANZUELA,OPERATIVO,441184.358,4471733.034,ETRS89,,,CALLE,ALICANTE,7,28045,,11009480,2021-01-01T00:00:00Z,,MU24,MU-51,2026-01-10T00:00:00Z
9461507,Aparcabicicletas,25,DELICIAS,2,ARGANZUELA,OPERATIVO,441172.803,4471742.338,ETRS89,,,CALLE,ALICANTE,7,28045,,11009480,2021-01-01T00:00:00Z,,MU24,MU-51,2026-01-10T00:00:00Z
9461509,Aparcabicicletas,25,DELICIAS,2,ARGANZUELA,OPERATIVO,441171.616,4471742.458,ETRS89,,,CALLE,ALICANTE,7,28045,,11009480,2021-01-01T00:00:00Z,,MU24,MU-51,2026-01-10T00:00:00Z
94563,Aparcabicicletas,201,SIMANCAS,20,SAN BLAS-CANILLEJAS,OPERATIVO,446400.94,4476100.5,ETRS89,,,CALLE,JULIAN CAMARILLO,11,28037,PARCELA,11133486,2021-09-15T00:00:00Z,1085666,MU24,MU-51,2026-01-10T00:00:00Z
94565,Aparcabicicletas,201,SIMANCAS,20,SAN BLAS-CANILLEJAS,OPERATIVO,446402.09,4476102.42,ETRS89,,,CALLE,JULIAN CAMARILLO,11,28037,PARCELA,11133486,2021-09-09T00:00:00Z,1085668,MU24,MU-51,2026-01-10T00:00:00Z
9461499,Aparcabicicletas,25,DELICIAS,2,ARGANZUELA,OPERATIVO,441181.387,4471732.946,ETRS89,,,CALLE,ALICANTE,7,28045,,11009480,2021-01-01T00:00:00Z,,MU24,MU-51,2026-01-10T00:00:00Z
9461501,Aparcabicicletas,25,DELICIAS,2,ARGANZUELA,OPERATIVO,441182.32,4471732.939,ETRS89,,,CALLE,ALICANTE,7,28045,,11009480,2021-01-01T00:00:00Z,,MU24,MU-51,2026-01-10T00:00:00Z
9461505,Aparcabicicletas,25,DELICIAS,2,ARGANZUELA,OPERATIVO,441173.907,4471742.329,ETRS89,,,CALLE,ALICANTE,7,28045,,11009480,2021-01-01T00:00:00Z,,MU24,MU-51,2026-01-10T00:00:00Z
9461508,Aparcabicicletas,25,DELICIAS,2,ARGANZUELA,OPERATIVO,441170.513,4471742.467,ETRS89,,,CALLE,ALICANTE,7,28045,,11009480,2021-01-01T00:00:00Z,,MU24,MU-51,2026-01-10T00:00:00Z
9470687,Aparcabicicletas,27,ATOCHA,2,ARGANZUELA,OPERATIVO,442734.306,4471832.938,ETRS89,,,CALLE,Retama,4,28045,,20111962,2021-01-01T00:00:00Z,,MU24,,2026-01-10T00:00:00Z
9491844,Aparcabicicletas,123,SAN FERMIN,12,USERA,OPERATIVO,441216.371,4470029.169,ETRS89,,,CALLE,SAN MAXIMO,7 B,28041,,31072519,2024-04-30T00:00:00Z,,MU24,MU-51,2026-01-10T00:00:00Z
9491846,Aparcabicicletas,123,SAN FERMIN,12,USERA,OPERATIVO,441217.363,4470030.227,ETRS89,,,CALLE,SAN MAXIMO,7 B,28041,,31072519,2024-04-30T00:00:00Z,,MU24,MU-51,2026-01-10T00:00:00Z
9494329,Aparcabicicletas,13,CORTES,1,CENTRO,OPERATIVO,440954.33,4474349.481,ETRS89,,,CALLE,Madrazo,28,28014,,20005280,2024-04-19T00:00:00Z,,MU24,MU-51,2026-01-10T00:00:00Z
9494334,Aparcabicicletas,14,JUSTICIA,1,CENTRO,OPERATIVO,440680.627,4475357.584,ETRS89,,,CALLE,Barceló,6,28004,,11005232,2024-04-19T00:00:00Z,,MU24,MU-51,2026-01-10T00:00:00Z
9494336,Aparcabicicletas,14,JUSTICIA,1,CENTRO,OPERATIVO,440680.128,4475358.809,ETRS89,,,CALLE,Barceló,6,28004,,11005232,2024-04-19T00:00:00Z,,MU24,MU-51,2026-01-10T00:00:00Z
9494338,Aparcabicicletas,14,JUSTICIA,1,CENTRO,OPERATIVO,440681.294,4475356.024,ETRS89,,,CALLE,Barceló,6,28004,,11005232,2024-04-19T00:00:00Z,,MU24,MU-51,2026-01-10T00:00:00Z
9494343,Aparcabicicletas,14,JUSTICIA,1,CENTRO,OPERATIVO,440670.36,4475507.302,ETRS89,,,CALLE,Mejía Lequerica,21C,28004,,31063088,2024-04-19T00:00:00Z,,MU24,MU-51,2026-01-10T00:00:00Z
9494346,Aparcabicicletas,14,JUSTICIA,1,CENTRO,OPERATIVO,440982.072,4474607.908,ETRS89,,,CALLE,Barquillo,6,28004,,11004206,2024-04-10T00:00:00Z,,MU24,MU-51,2026-01-10T00:00:00Z
9497841,Aparcabicicletas,103,LUCERO,10,LATINA,OPERATIVO,436032.034,4472693.66,ETRS89,,,CALLE,CEBREROS,156,28011,,11063576,2021-08-17T00:00:00Z,,MU24,MU-51,2026-01-10T00:00:00Z
9497852,Aparcabicicletas,76,VALLEHERMOSO,7,CHAMBERI,OPERATIVO,439925.201,4476744.307,ETRS89,,,CALLE,Vallehermoso,83,28003,,20014750,2024-05-17T00:00:00Z,,MU24,MU-51,2026-01-10T00:00:00Z
94864,Aparcabicicletas,155,SAN PASCUAL,15,CIUDAD LINEAL,OPERATIVO,445156.57,4477372.37,ETRS89,,,CALLE,ARTURO SORIA,71,28027,PORTAL,20039132,2020-09-23T00:00:00Z,1058022,MU24,MU-51,2026-01-10T00:00:00Z
9491845,Aparcabicicletas,123,SAN FERMIN,12,USERA,OPERATIVO,441217.098,4470029.665,ETRS89,,,CALLE,SAN MAXIMO,7 B,28041,,31072519,2024-04-30T00:00:00Z,,MU24,MU-51,2026-01-10T00:00:00Z
9491847,Aparcabicicletas,123,SAN FERMIN,12,USERA,OPERATIVO,441217.759,4470030.922,ETRS89,,,CALLE,SAN MAXIMO,7 B,28041,,31072519,2024-04-30T00:00:00Z,,MU24,MU-51,2026-01-10T00:00:00Z
9494326,Aparcabicicletas,13,CORTES,1,CENTRO,OPERATIVO,440944.162,4474351.226,ETRS89,,,CALLE,Marqués de Casa Riera,28,28014,,20005280,2024-04-19T00:00:00Z,,MU24,MU-51,2026-01-10T00:00:00Z
9494332,Aparcabicicletas,14,JUSTICIA,1,CENTRO,OPERATIVO,440681.793,4475354.799,ETRS89,,,CALLE,Barceló,6,28004,,11005232,2024-04-19T00:00:00Z,,MU24,MU-51,2026-01-10T00:00:00Z
9494335,Aparcabicicletas,14,JUSTICIA,1,CENTRO,OPERATIVO,440682.87,4475351.571,ETRS89,,,CALLE,Barceló,6,28004,,11005232,2024-04-19T00:00:00Z,,MU24,MU-51,2026-01-10T00:00:00Z
9494337,Aparcabicicletas,14,JUSTICIA,1,CENTRO,OPERATIVO,440682.038,4475353.576,ETRS89,,,CALLE,Barceló,6,28004,,11005232,2024-04-19T00:00:00Z,,MU24,MU-51,2026-01-10T00:00:00Z
9494340,Aparcabicicletas,14,JUSTICIA,1,CENTRO,OPERATIVO,440669.961,4475510.524,ETRS89,,,CALLE,Mejía Lequerica,21C,28004,,31063088,2024-04-19T00:00:00Z,,MU24,MU-51,2026-01-10T00:00:00Z
9494342,Aparcabicicletas,14,JUSTICIA,1,CENTRO,OPERATIVO,440670.434,4475505.969,ETRS89,,,CALLE,Mejía Lequerica,21C,28004,,31063088,2024-04-19T00:00:00Z,,MU24,MU-51,2026-01-10T00:00:00Z
9497854,Aparcabicicletas,62,CUATRO CAMINOS,6,TETUAN,OPERATIVO,441057.796,4478160.861,ETRS89,,,CALLE,ORENSE,31,28020,,11029700,2024-05-17T00:00:00Z,,MU24,MU-51,2026-01-10T00:00:00Z
9497856,Aparcabicicletas,62,CUATRO CAMINOS,6,TETUAN,OPERATIVO,441058.668,4478163.851,ETRS89,,,CALLE,ORENSE,31,28020,,11029700,2024-05-17T00:00:00Z,,MU24,MU-51,2026-01-10T00:00:00Z
9501603,Aparcabicicletas,142,HORCAJO,14,MORATALAZ,OPERATIVO,446413.3,4472951.358,ETRS89,,,CALLE,CAÑON DEL RIO LOBOS,4,28030,,20146500,2021-12-01T00:00:00Z,,MU24,MU-51,2026-01-10T00:00:00Z
9501605,Aparcabicicletas,142,HORCAJO,14,MORATALAZ,OPERATIVO,446412.837,4472952.416,ETRS89,,,CALLE,CAÑON DEL RIO LOBOS,4,28030,,20146500,2021-12-01T00:00:00Z,,MU24,MU-51,2026-01-10T00:00:00Z
9501607,Aparcabicicletas,142,HORCAJO,14,MORATALAZ,OPERATIVO,446412.639,4472955.591,ETRS89,,,CALLE,CAÑON DEL RIO LOBOS,4,28030,,20146500,2021-12-01T00:00:00Z,,MU24,MU-51,2026-01-10T00:00:00Z
9502465,Aparcabicicletas,135,PORTAZGO,13,PUENTE DE VALLECAS,OPERATIVO,445299.387,4471631.281,ETRS89,,,CALLE,PONT DE MOLINS,31,28038,,20151838,2024-04-10T00:00:00Z,,MU24,MU-51,2026-01-10T00:00:00Z
9503085,Aparcabicicletas,135,PORTAZGO,13,PUENTE DE VALLECAS,OPERATIVO,445297.945,4471632.19,ETRS89,,,CALLE,PONT DE MOLINS,31,28038,,20151838,2024-04-10T00:00:00Z,,MU24,MU-51,2026-01-10T00:00:00Z
9504671,Aparcabicicletas,91,CASA DE CAMPO,9,MONCLOA-ARAVACA,OPERATIVO,439228.741,4475152.753,ETRS89,,,CALLE,FERRAZ,1,28008,,31026743,2024-06-07T00:00:00Z,,MU24,MU-51,2026-01-10T00:00:00Z
9504676,Aparcabicicletas,91,CASA DE CAMPO,9,MONCLOA-ARAVACA,OPERATIVO,439051.805,4475227.269,ETRS89,,,CALLE,PROFESOR MARTIN ALMAGRO BASCH,1,28008,,31051040,2024-06-07T00:00:00Z,,MU24,MU-51,2026-01-10T00:00:00Z
9504679,Aparcabicicletas,91,CASA DE CAMPO,9,MONCLOA-ARAVACA,OPERATIVO,439050.681,4475227.732,ETRS89,,,CALLE,PROFESOR MARTIN ALMAGRO BASCH,1,28008,,31051040,2024-06-07T00:00:00Z,,MU24,MU-51,2026-01-10T00:00:00Z
9511102,Aparcabicicletas,159,COSTILLARES,15,CIUDAD LINEAL,OPERATIVO,443379.697,4480602.776,ETRS89,,,CALLE,ARTURO SORIA,288,28033,,11112641,2024-06-20T00:00:00Z,,MU24,MU-51,2026-01-10T00:00:00Z
9511104,Aparcabicicletas,159,COSTILLARES,15,CIUDAD LINEAL,OPERATIVO,443380.226,4480601.057,ETRS89,,,CALLE,ARTURO SORIA,288,28033,,11112641,2024-06-20T00:00:00Z,,MU24,MU-51,2026-01-10T00:00:00Z
9497839,Aparcabicicletas,103,LUCERO,10,LATINA,OPERATIVO,436032.696,4472694.057,ETRS89,,,CALLE,CEBREROS,156,28011,,11063576,2021-08-17T00:00:00Z,,MU24,MU-51,2026-01-10T00:00:00Z
9497842,Aparcabicicletas,103,LUCERO,10,LATINA,OPERATIVO,436030.976,4472692.734,ETRS89,,,CALLE,CEBREROS,156,28011,,11063576,2021-08-17T00:00:00Z,,MU24,MU-51,2026-01-10T00:00:00Z
9497853,Aparcabicicletas,76,VALLEHERMOSO,7,CHAMBERI,OPERATIVO,439925.191,4476743.086,ETRS89,,,CALLE,Vallehermoso,83,28003,,20014750,2024-05-17T00:00:00Z,,MU24,MU-51,2026-01-10T00:00:00Z
9497855,Aparcabicicletas,62,CUATRO CAMINOS,6,TETUAN,OPERATIVO,441057.176,4478157.425,ETRS89,,,CALLE,Orense,31,28020,,11029700,2024-05-17T00:00:00Z,,MU24,MU-51,2026-01-10T00:00:00Z
9497857,Aparcabicicletas,62,CUATRO CAMINOS,6,TETUAN,OPERATIVO,441056.906,4478155.54,ETRS89,,,CALLE,Orense,31,28020,,11029700,2024-05-17T00:00:00Z,,MU24,MU-51,2026-01-10T00:00:00Z
9497860,Aparcabicicletas,62,CUATRO CAMINOS,6,TETUAN,OPERATIVO,441057.445,4478159.31,ETRS89,,,CALLE,Orense,31,28020,,11029700,2024-05-17T00:00:00Z,,MU24,MU-51,2026-01-10T00:00:00Z
9500220,Aparcabicicletas,135,PORTAZGO,13,PUENTE DE VALLECAS,OPERATIVO,445300.758,4471630.668,ETRS89,,,CALLE,PONT DE MOLINS,31,28038,,20151838,2024-04-10T00:00:00Z,,MU24,MU-51,2026-01-10T00:00:00Z
9501604,Aparcabicicletas,142,HORCAJO,14,MORATALAZ,OPERATIVO,446413.201,4472951.656,ETRS89,,,CALLE,CAÑON DEL RIO LOBOS,4,28030,,20146500,2021-12-01T00:00:00Z,,MU24,MU-51,2026-01-10T00:00:00Z
9501606,Aparcabicicletas,142,HORCAJO,14,MORATALAZ,OPERATIVO,446412.605,4472953.64,ETRS89,,,CALLE,CAÑON DEL RIO LOBOS,4,28030,,20146500,2021-12-01T00:00:00Z,,MU24,MU-51,2026-01-10T00:00:00Z
9501610,Aparcabicicletas,135,PORTAZGO,13,PUENTE DE VALLECAS,OPERATIVO,445300.01,4471630.993,ETRS89,,,CALLE,PONT DE MOLINS,31,28038,,20151838,2024-04-10T00:00:00Z,,MU24,MU-51,2026-01-10T00:00:00Z
9502961,Aparcabicicletas,135,PORTAZGO,13,PUENTE DE VALLECAS,OPERATIVO,445298.66,4471631.811,ETRS89,,,CALLE,PONT DE MOLINS,31,28038,,20151838,2024-04-10T00:00:00Z,,MU24,MU-51,2026-01-10T00:00:00Z
9503093,Aparcabicicletas,135,PORTAZGO,13,PUENTE DE VALLECAS,OPERATIVO,445297.084,4471632.758,ETRS89,,,CALLE,PONT DE MOLINS,31,28038,,20151838,2024-04-10T00:00:00Z,,MU24,MU-51,2026-01-10T00:00:00Z
9511106,Aparcabicicletas,159,COSTILLARES,15,CIUDAD LINEAL,OPERATIVO,443380.557,4480598.94,ETRS89,,,CALLE,ARTURO SORIA,288,28033,,11112641,2024-06-20T00:00:00Z,,MU24,MU-51,2026-01-10T00:00:00Z
9535278,Aparcabicicletas,102,PUERTA DEL ANGEL,10,LATINA,OPERATIVO,437800.992,4473011.835,ETRS89,,,CALLE,MARIA DEL CARMEN,68,28011,,11061334,2024-07-18T00:00:00Z,,MU24,MU-51,2026-01-10T00:00:00Z
9535280,Aparcabicicletas,102,PUERTA DEL ANGEL,10,LATINA,OPERATIVO,437800.066,4473010.38,ETRS89,,,CALLE,MARIA DEL CARMEN,68,28011,,11061334,2024-07-18T00:00:00Z,,MU24,MU-51,2026-01-10T00:00:00Z
9535291,Aparcabicicletas,102,PUERTA DEL ANGEL,10,LATINA,OPERATIVO,437801.257,4473012.1,ETRS89,,,CALLE,MARIA DEL CARMEN,68,28011,,11061334,2024-07-18T00:00:00Z,,MU24,MU-51,2026-01-10T00:00:00Z
9543178,Aparcabicicletas,153,QUINTANA,15,CIUDAD LINEAL,OPERATIVO,445817.047,4476579.015,ETRS89,,,CALLE,MISTERIOS,4,28027,,11108207,2024-08-08T00:00:00Z,,MU24,MU-51,2026-01-10T00:00:00Z
9543181,Aparcabicicletas,153,QUINTANA,15,CIUDAD LINEAL,OPERATIVO,445815.988,4476581.065,ETRS89,,,CALLE,MISTERIOS,4,28027,,11108207,2024-08-08T00:00:00Z,,MU24,MU-51,2026-01-10T00:00:00Z
9550713,Aparcabicicletas,35,LOS JERONIMOS,3,RETIRO,OPERATIVO,442176.315,4473258.314,ETRS89,,,CALLE,POETA ESTEBAN DE VILLEGAS,10B,28014,,11013090,2021-01-01T00:00:00Z,,MU24,MU-51,2026-01-10T00:00:00Z
9550715,Aparcabicicletas,35,LOS JERONIMOS,3,RETIRO,OPERATIVO,442180.056,4473259.173,ETRS89,,,CALLE,POETA ESTEBAN DE VILLEGAS,10B,28014,,11013090,2021-01-01T00:00:00Z,,MU24,MU-51,2026-01-10T00:00:00Z
9504672,Aparcabicicletas,91,CASA DE CAMPO,9,MONCLOA-ARAVACA,OPERATIVO,439230.46,4475150.834,ETRS89,,,CALLE,FERRAZ,1,28008,,31026743,2024-06-07T00:00:00Z,,MU24,MU-51,2026-01-10T00:00:00Z
9504678,Aparcabicicletas,91,CASA DE CAMPO,9,MONCLOA-ARAVACA,OPERATIVO,439048.498,4475227.798,ETRS89,,,CALLE,PROFESOR MARTIN ALMAGRO BASCH,1,28008,,31051040,2024-06-07T00:00:00Z,,MU24,MU-51,2026-01-10T00:00:00Z
9504681,Aparcabicicletas,91,CASA DE CAMPO,9,MONCLOA-ARAVACA,OPERATIVO,439052.07,4475227.798,ETRS89,,,CALLE,PROFESOR MARTIN ALMAGRO BASCH,1,28008,,31051040,2024-06-07T00:00:00Z,,MU24,MU-51,2026-01-10T00:00:00Z
9511103,Aparcabicicletas,159,COSTILLARES,15,CIUDAD LINEAL,OPERATIVO,443380.094,4480602.247,ETRS89,,,CALLE,ARTURO SORIA,288,28033,,11112641,2024-06-20T00:00:00Z,,MU24,MU-51,2026-01-10T00:00:00Z
9511105,Aparcabicicletas,159,COSTILLARES,15,CIUDAD LINEAL,OPERATIVO,443380.292,4480600.197,ETRS89,,,CALLE,ARTURO SORIA,288,28033,,11112641,2024-06-20T00:00:00Z,,MU24,MU-51,2026-01-10T00:00:00Z
9511241,Aparcabicicletas,153,QUINTANA,15,CIUDAD LINEAL,OPERATIVO,444736.902,4476283.41,ETRS89,,,CALLE,JOSE DEL HIERRO,1,28027,,20094442,2024-06-21T00:00:00Z,,MU24,MU-51,2026-01-10T00:00:00Z
9535279,Aparcabicicletas,102,PUERTA DEL ANGEL,10,LATINA,OPERATIVO,437799.669,4473009.057,ETRS89,,,CALLE,MARIA DEL CARMEN,68,28011,,11061334,2024-07-18T00:00:00Z,,MU24,MU-51,2026-01-10T00:00:00Z
9535281,Aparcabicicletas,102,PUERTA DEL ANGEL,10,LATINA,OPERATIVO,437800.794,4473011.306,ETRS89,,,CALLE,MARIA DEL CARMEN,68,28011,,11061334,2024-07-18T00:00:00Z,,MU24,MU-51,2026-01-10T00:00:00Z
9535676,Aparcabicicletas,163,CANILLAS,16,HORTALEZA,OPERATIVO,,,ETRS89,,,CALLE,LAS PEDROÑERAS,32,28043,,11116986,2024-07-19T00:00:00Z,,MU24,MU-51,2026-01-10T00:00:00Z
9550718,Aparcabicicletas,35,LOS JERONIMOS,3,RETIRO,OPERATIVO,442175.209,4473257.878,ETRS89,,,CALLE,POETA ESTEBAN DE VILLEGAS,10B,28014,,11013090,2021-01-01T00:00:00Z,,MU24,MU-51,2026-01-10T00:00:00Z
9550720,Aparcabicicletas,35,LOS JERONIMOS,3,RETIRO,OPERATIVO,442173.173,4473258.005,ETRS89,,,CALLE,POETA ESTEBAN DE VILLEGAS,10B,28014,,11013090,2021-01-01T00:00:00Z,,MU24,MU-51,2026-01-10T00:00:00Z
9550722,Aparcabicicletas,35,LOS JERONIMOS,3,RETIRO,OPERATIVO,442170.876,4473257.135,ETRS89,,,CALLE,POETA ESTEBAN DE VILLEGAS,10B,28014,,11013090,2021-01-01T00:00:00Z,,MU24,MU-51,2026-01-10T00:00:00Z
9550724,Aparcabicicletas,35,LOS JERONIMOS,3,RETIRO,OPERATIVO,442173.848,4473257.445,ETRS89,,,CALLE,POETA ESTEBAN DE VILLEGAS,10B,28014,,11013090,2021-01-01T00:00:00Z,,MU24,MU-51,2026-01-10T00:00:00Z
9550987,Aparcabicicletas,85,LA PAZ,8,FUENCARRAL-EL PARDO,OPERATIVO,440400.438,4481509.3,ETRS89,,,CALLE,PEDRO RICO,47,28029,,11046932,2024-08-19T00:00:00Z,,MU24,MU-51,2026-01-10T00:00:00Z
9550989,Aparcabicicletas,85,LA PAZ,8,FUENCARRAL-EL PARDO,OPERATIVO,440403.878,4481510.359,ETRS89,,,CALLE,PEDRO RICO,47,28029,,11046932,2024-08-19T00:00:00Z,,MU24,MU-51,2026-01-10T00:00:00Z
9550991,Aparcabicicletas,85,LA PAZ,8,FUENCARRAL-EL PARDO,OPERATIVO,440408.64,4481512.74,ETRS89,,,CALLE,PEDRO RICO,47,28029,,11046932,2024-08-19T00:00:00Z,,MU24,MU-51,2026-01-10T00:00:00Z
9551006,Aparcabicicletas,85,LA PAZ,8,FUENCARRAL-EL PARDO,OPERATIVO,440699.68,4481649.782,ETRS89,,,CALLE,PEDRO RICO,41,28029,,20097995,2024-08-19T00:00:00Z,,MU24,MU-51,2026-01-10T00:00:00Z
9551008,Aparcabicicletas,85,LA PAZ,8,FUENCARRAL-EL PARDO,OPERATIVO,440698.423,4481649.121,ETRS89,,,CALLE,PEDRO RICO,41,28029,,20097995,2024-08-19T00:00:00Z,,MU24,MU-51,2026-01-10T00:00:00Z
9551013,Aparcabicicletas,85,LA PAZ,8,FUENCARRAL-EL PARDO,OPERATIVO,440621.622,4481691.063,ETRS89,,,CALLE,SANTIAGO DE COMPOSTELA,28,28034,,11045904,2024-08-19T00:00:00Z,,MU24,MU-51,2026-01-10T00:00:00Z
9543176,Aparcabicicletas,153,QUINTANA,15,CIUDAD LINEAL,OPERATIVO,445818.039,4476577.427,ETRS89,,,CALLE,MISTERIOS,4,28027,,11108207,2024-08-08T00:00:00Z,,MU24,MU-51,2026-01-10T00:00:00Z
9543179,Aparcabicicletas,153,QUINTANA,15,CIUDAD LINEAL,OPERATIVO,445816.782,4476579.875,ETRS89,,,CALLE,MISTERIOS,4,28027,,11108207,2024-08-08T00:00:00Z,,MU24,MU-51,2026-01-10T00:00:00Z
9543182,Aparcabicicletas,153,QUINTANA,15,CIUDAD LINEAL,OPERATIVO,445817.906,4476577.361,ETRS89,,,CALLE,MISTERIOS,4,28027,,11108207,2024-08-08T00:00:00Z,,MU24,MU-51,2026-01-10T00:00:00Z
9550714,Aparcabicicletas,35,LOS JERONIMOS,3,RETIRO,OPERATIVO,442178.438,4473258.519,ETRS89,,,CALLE,POETA ESTEBAN DE VILLEGAS,10B,28014,,11013090,2021-01-01T00:00:00Z,,MU24,MU-51,2026-01-10T00:00:00Z
9550717,Aparcabicicletas,35,LOS JERONIMOS,3,RETIRO,OPERATIVO,442176.823,4473258.088,ETRS89,,,CALLE,POETA ESTEBAN DE VILLEGAS,10B,28014,,11013090,2021-01-01T00:00:00Z,,MU24,MU-51,2026-01-10T00:00:00Z
9550719,Aparcabicicletas,35,LOS JERONIMOS,3,RETIRO,OPERATIVO,442174.702,4473258.104,ETRS89,,,CALLE,POETA ESTEBAN DE VILLEGAS,10B,28014,,11013090,2021-01-01T00:00:00Z,,MU24,MU-51,2026-01-10T00:00:00Z
9550721,Aparcabicicletas,35,LOS JERONIMOS,3,RETIRO,OPERATIVO,442168.921,4473256.817,ETRS89,,,CALLE,POETA ESTEBAN DE VILLEGAS,10B,28014,,11013090,2021-01-01T00:00:00Z,,MU24,MU-51,2026-01-10T00:00:00Z
9550723,Aparcabicicletas,35,LOS JERONIMOS,3,RETIRO,OPERATIVO,442172.235,4473257.346,ETRS89,,,CALLE,POETA ESTEBAN DE VILLEGAS,10B,28014,,11013090,2021-01-01T00:00:00Z,,MU24,MU-51,2026-01-10T00:00:00Z
9550725,Aparcabicicletas,35,LOS JERONIMOS,3,RETIRO,OPERATIVO,442167.474,4473256.162,ETRS89,,,CALLE,POETA ESTEBAN DE VILLEGAS,10B,28014,,11013090,2021-01-01T00:00:00Z,,MU24,MU-51,2026-01-10T00:00:00Z
9550988,Aparcabicicletas,85,LA PAZ,8,FUENCARRAL-EL PARDO,OPERATIVO,440402.026,4481509.962,ETRS89,,,CALLE,PEDRO RICO,47,28029,,11046932,2024-08-19T00:00:00Z,,MU24,MU-51,2026-01-10T00:00:00Z
9550990,Aparcabicicletas,85,LA PAZ,8,FUENCARRAL-EL PARDO,OPERATIVO,440406.921,4481512.343,ETRS89,,,CALLE,PEDRO RICO,47,28029,,11046932,2024-08-19T00:00:00Z,,MU24,MU-51,2026-01-10T00:00:00Z
9551005,Aparcabicicletas,85,LA PAZ,8,FUENCARRAL-EL PARDO,OPERATIVO,440700.276,4481649.452,ETRS89,,,CALLE,PEDRO RICO,41,28029,,20097995,2024-08-19T00:00:00Z,,MU24,MU-51,2026-01-10T00:00:00Z
9551007,Aparcabicicletas,85,LA PAZ,8,FUENCARRAL-EL PARDO,OPERATIVO,440699.019,4481649.121,ETRS89,,,CALLE,PEDRO RICO,41,28029,,20097995,2024-08-19T00:00:00Z,,MU24,MU-51,2026-01-10T00:00:00Z
9551012,Aparcabicicletas,85,LA PAZ,8,FUENCARRAL-EL PARDO,OPERATIVO,440632.205,4481696.09,ETRS89,,,CALLE,SANTIAGO DE COMPOSTELA,28,28034,,11045904,2024-08-19T00:00:00Z,,MU24,MU-51,2026-01-10T00:00:00Z
9566448,Aparcabicicletas,15,UNIVERSIDAD,1,CENTRO,OPERATIVO,439859.052,4474906.339,ETRS89,,,CALLE,GARCIA MOLINAS,4,28015,,31049213,2024-08-13T00:00:00Z,,MU24,MU-51,2026-01-10T00:00:00Z
9566452,Aparcabicicletas,15,UNIVERSIDAD,1,CENTRO,OPERATIVO,440092.826,4475548.862,ETRS89,,,CALLE,SAN BERNARDO,85,28015,,11006217,2024-08-13T00:00:00Z,,MU24,MU-51,2026-01-10T00:00:00Z
9584973,Aparcabicicletas,22,ACACIAS,2,ARGANZUELA,OPERATIVO,439929.472,4472449.531,ETRS89,,,CALLE,ARGANDA,12B,28005,,31030009,2021-01-01T00:00:00Z,,MU24,MU-51,2026-01-10T00:00:00Z
9584975,Aparcabicicletas,22,ACACIAS,2,ARGANZUELA,OPERATIVO,439936.221,4472444.482,ETRS89,,,CALLE,ARGANDA,12B,28005,,31030009,2021-01-01T00:00:00Z,,MU24,MU-51,2026-01-10T00:00:00Z
9584977,Aparcabicicletas,22,ACACIAS,2,ARGANZUELA,OPERATIVO,439927.276,4472450.881,ETRS89,,,CALLE,ARGANDA,12B,28005,,31030009,2021-01-01T00:00:00Z,,MU24,MU-51,2026-01-10T00:00:00Z
9602758,Aparcabicicletas,201,SIMANCAS,20,SAN BLAS-CANILLEJAS,OPERATIVO,446641.446,4476451.698,ETRS89,,,CALLE,ALBASANZ,15,28037,,31001979,2024-10-02T00:00:00Z,,MU24,MU-51,2026-01-10T00:00:00Z
9602770,Aparcabicicletas,201,SIMANCAS,20,SAN BLAS-CANILLEJAS,OPERATIVO,446647.134,4476454.079,ETRS89,,,CALLE,ALBASANZ,15,28037,,31001979,2024-10-02T00:00:00Z,,MU24,MU-51,2026-01-10T00:00:00Z
9602776,Aparcabicicletas,201,SIMANCAS,20,SAN BLAS-CANILLEJAS,OPERATIVO,446649.648,4476455.336,ETRS89,,,CALLE,ALBASANZ,15,28037,,31001979,2024-10-02T00:00:00Z,,MU24,MU-51,2026-01-10T00:00:00Z
9616951,Aparcabicicletas,53,CIUDAD JARDIN,5,CHAMARTIN,OPERATIVO,443326.137,4477939.763,ETRS89,,,CALLE,PRADILLO,63,28002,,20009742,2024-10-07T00:00:00Z,,MU24,MU-51,2026-01-10T00:00:00Z
9566450,Aparcabicicletas,15,UNIVERSIDAD,1,CENTRO,OPERATIVO,439859.82,4474906.888,ETRS89,,,CALLE,GARCIA MOLINAS,4,28015,,31049213,2024-08-13T00:00:00Z,,MU24,MU-51,2026-01-10T00:00:00Z
9566453,Aparcabicicletas,15,UNIVERSIDAD,1,CENTRO,OPERATIVO,440093.005,4475550.081,ETRS89,,,CALLE,SAN BERNARDO,85,28015,,11006217,2024-08-13T00:00:00Z,,MU24,MU-51,2026-01-10T00:00:00Z
9584974,Aparcabicicletas,22,ACACIAS,2,ARGANZUELA,OPERATIVO,439931.159,4472448.297,ETRS89,,,CALLE,ARGANDA,12B,28005,,31030009,2021-01-01T00:00:00Z,,MU24,MU-51,2026-01-10T00:00:00Z
9584976,Aparcabicicletas,22,ACACIAS,2,ARGANZUELA,OPERATIVO,439933.186,4472447.059,ETRS89,,,CALLE,ARGANDA,12B,28005,,31030009,2021-01-01T00:00:00Z,,MU24,MU-51,2026-01-10T00:00:00Z
9616953,Aparcabicicletas,53,CIUDAD JARDIN,5,CHAMARTIN,OPERATIVO,443325.027,4477938.772,ETRS89,,,CALLE,PRADILLO,63,28002,,20009742,2024-10-07T00:00:00Z,,MU24,MU-51,2026-01-10T00:00:00Z
96306,Aparcabicicletas,202,HELLIN,20,SAN BLAS-CANILLEJAS,OPERATIVO,448147.05,4475537.61,ETRS89,,,CALLE,ARCOS DE JALON,59,28037,PORTAL,31032030,2021-10-01T00:00:00Z,1088957,MU24,MU-51,2026-01-10T00:00:00Z
96323,Aparcabicicletas,155,SAN PASCUAL,15,CIUDAD LINEAL,OPERATIVO,444296.39,4477333.0,ETRS89,,,CALLE,MARTINEZ VILLERGAS,50,28027,GARAJE,20183570,2021-10-20T00:00:00Z,1089064,MU24,MU-51,2026-01-10T00:00:00Z
96325,Aparcabicicletas,156,SAN JUAN BAUTISTA,15,CIUDAD LINEAL,OPERATIVO,444108.57,4477558.48,ETRS89,,,CALLE,RAMIREZ DE ARELLANO,35,28043,PORTAL,31039275,2021-10-13T00:00:00Z,1089066,MU24,MU-51,2026-01-10T00:00:00Z
96327,Aparcabicicletas,156,SAN JUAN BAUTISTA,15,CIUDAD LINEAL,OPERATIVO,444110.57,4477560.48,ETRS89,,,CALLE,RAMIREZ DE ARELLANO,35,28043,PORTAL,31039275,2021-10-20T00:00:00Z,1089068,MU24,MU-51,2026-01-10T00:00:00Z
96329,Aparcabicicletas,156,SAN JUAN BAUTISTA,15,CIUDAD LINEAL,OPERATIVO,444136.58,4478045.48,ETRS89,,,CALLE,SORZANO,1,28043,PORTAL,11111674,2021-10-20T00:00:00Z,1089070,MU24,MU-51,2026-01-10T00:00:00Z
9635836,Aparcabicicletas,123,SAN FERMIN,12,USERA,OPERATIVO,441311.257,4469915.183,ETRS89,,,CALLE,SAN MARIO,47,28041,,11081539,2024-10-17T00:00:00Z,,MU24,,2026-01-10T00:00:00Z
9635842,Aparcabicicletas,123,SAN FERMIN,12,USERA,OPERATIVO,441309.67,4469912.075,ETRS89,,,CALLE,SAN MARIO,47,28041,,11081539,2024-10-17T00:00:00Z,,MU24,,2026-01-10T00:00:00Z
9636554,Aparcabicicletas,73,TRAFALGAR,7,CHAMBERI,OPERATIVO,440713.644,4475713.543,ETRS89,,,CALLE,Manuel Silvela,11,28010,,11040699,2024-10-02T00:00:00Z,,MU24,,2026-01-10T00:00:00Z
9636556,Aparcabicicletas,73,TRAFALGAR,7,CHAMBERI,OPERATIVO,440713.31,4475714.212,ETRS89,,,CALLE,Manuel Silvela,11,28010,,11040699,2024-10-02T00:00:00Z,,MU24,,2026-01-10T00:00:00Z
9636558,Aparcabicicletas,73,TRAFALGAR,7,CHAMBERI,OPERATIVO,440711.146,4475719.557,ETRS89,,,CALLE,Manuel Silvela,11,28010,,11040699,2024-10-02T00:00:00Z,,MU24,,2026-01-10T00:00:00Z
9636560,Aparcabicicletas,73,TRAFALGAR,7,CHAMBERI,OPERATIVO,440710.223,4475720.785,ETRS89,,,CALLE,Manuel Silvela,17,28010,,31006735,2024-10-02T00:00:00Z,,MU24,,2026-01-10T00:00:00Z
9641322,Aparcabicicletas,166,VALDEFUENTES,16,HORTALEZA,OPERATIVO,447771.882,4482718.695,ETRS89,,,CALLE,LUIS MOYA BLANCO,7,,,,2024-10-24T00:00:00Z,,MU24,MU-51,2026-01-10T00:00:00Z
9643766,Aparcabicicletas,166,VALDEFUENTES,16,HORTALEZA,OPERATIVO,445694.402,4483498.628,ETRS89,,,CALLE,LUIS MARTINEZ FEDUCHI,40,,,,2024-10-25T00:00:00Z,,MU24,MU-51,2026-01-10T00:00:00Z
9643768,Aparcabicicletas,166,VALDEFUENTES,16,HORTALEZA,OPERATIVO,445690.037,4483496.644,ETRS89,,,CALLE,LUIS MARTINEZ FEDUCHI,40,,,,2024-10-25T00:00:00Z,,MU24,MU-51,2026-01-10T00:00:00Z
9643815,Aparcabicicletas,166,VALDEFUENTES,16,HORTALEZA,OPERATIVO,445476.22,4483452.392,ETRS89,,,CALLE,LUIS MARTINEZ FELUCHI,96,,,,2024-10-25T00:00:00Z,,MU24,MU-51,2026-01-10T00:00:00Z
9643817,Aparcabicicletas,166,VALDEFUENTES,16,HORTALEZA,OPERATIVO,444710.069,4481980.502,ETRS89,,,CALLE,PRINCIPE CARLOS,13,,,,2024-10-25T00:00:00Z,,MU24,MU-51,2026-01-10T00:00:00Z
9602763,Aparcabicicletas,201,SIMANCAS,20,SAN BLAS-CANILLEJAS,OPERATIVO,446643.033,4476452.293,ETRS89,,,CALLE,ALBASANZ,15,28037,,31001979,2024-10-02T00:00:00Z,,MU24,MU-51,2026-01-10T00:00:00Z
9602772,Aparcabicicletas,201,SIMANCAS,20,SAN BLAS-CANILLEJAS,OPERATIVO,446648.92,4476454.74,ETRS89,,,CALLE,ALBASANZ,15,28037,,31001979,2024-10-02T00:00:00Z,,MU24,MU-51,2026-01-10T00:00:00Z
96057,Aparcabicicletas,163,CANILLAS,16,HORTALEZA,OPERATIVO,444835.72,4479595.14,ETRS89,,,CALLE,MANZANAR,12,28043,FRENTE FACHADA,31037956,2021-09-15T00:00:00Z,1087156,MU24,MU-51,2026-01-10T00:00:00Z
9616952,Aparcabicicletas,53,CIUDAD JARDIN,5,CHAMARTIN,OPERATIVO,443327.16,4477940.532,ETRS89,,,CALLE,PRADILLO,63,28002,,20009742,2024-10-07T00:00:00Z,,MU24,MU-51,2026-01-10T00:00:00Z
9616954,Aparcabicicletas,53,CIUDAD JARDIN,5,CHAMARTIN,OPERATIVO,443328.099,4477941.302,ETRS89,,,CALLE,PRADILLO,63,28002,,20009742,2024-10-07T00:00:00Z,,MU24,MU-51,2026-01-10T00:00:00Z
96305,Aparcabicicletas,202,HELLIN,20,SAN BLAS-CANILLEJAS,OPERATIVO,448147.45,4475538.06,ETRS89,,,CALLE,ARCOS DE JALON,59,28037,PORTAL,31032030,2021-08-10T00:00:00Z,1088956,MU24,MU-51,2026-01-10T00:00:00Z
96322,Aparcabicicletas,155,SAN PASCUAL,15,CIUDAD LINEAL,OPERATIVO,444295.19,4477333.46,ETRS89,,,CALLE,MARTINEZ VILLERGAS,50,28027,GARAJE,20183570,2021-10-13T00:00:00Z,1089063,MU24,MU-51,2026-01-10T00:00:00Z
96324,Aparcabicicletas,156,SAN JUAN BAUTISTA,15,CIUDAD LINEAL,OPERATIVO,444106.84,4477556.99,ETRS89,,,CALLE,RAMIREZ DE ARELLANO,35,28043,PORTAL,31039275,2021-10-13T00:00:00Z,1089065,MU24,MU-51,2026-01-10T00:00:00Z
96326,Aparcabicicletas,156,SAN JUAN BAUTISTA,15,CIUDAD LINEAL,OPERATIVO,444109.57,4477559.48,ETRS89,,,CALLE,RAMIREZ DE ARELLANO,35,28043,PORTAL,31039275,2019-02-04T00:00:00Z,1089067,MU24,MU-51,2026-01-10T00:00:00Z
96328,Aparcabicicletas,156,SAN JUAN BAUTISTA,15,CIUDAD LINEAL,OPERATIVO,444111.2,4477560.4,ETRS89,,,CALLE,RAMIREZ DE ARELLANO,35,28043,PORTAL,31039275,2021-10-20T00:00:00Z,1089069,MU24,MU-51,2026-01-10T00:00:00Z
9635766,Aparcabicicletas,123,SAN FERMIN,12,USERA,OPERATIVO,441311.853,4469915.779,ETRS89,,,CALLE,SAN MARIO,47,28041,,11081539,2024-10-17T00:00:00Z,,MU24,,2026-01-10T00:00:00Z
9635839,Aparcabicicletas,123,SAN FERMIN,12,USERA,OPERATIVO,441310.629,4469913.761,ETRS89,,,CALLE,SAN MARIO,47,28041,,11081539,2024-10-17T00:00:00Z,,MU24,,2026-01-10T00:00:00Z
9636553,Aparcabicicletas,73,TRAFALGAR,7,CHAMBERI,OPERATIVO,440711.31,4475718.779,ETRS89,,,CALLE,Manuel Silvela,11,28010,,11040699,2024-10-02T00:00:00Z,,MU24,,2026-01-10T00:00:00Z
9636555,Aparcabicicletas,73,TRAFALGAR,7,CHAMBERI,OPERATIVO,440712.812,4475715.659,ETRS89,,,CALLE,Manuel Silvela,11,28010,,11040699,2024-10-02T00:00:00Z,,MU24,,2026-01-10T00:00:00Z
9636557,Aparcabicicletas,73,TRAFALGAR,7,CHAMBERI,OPERATIVO,440712.397,4475716.772,ETRS89,,,CALLE,Manuel Silvela,11,28010,,11040699,2024-10-02T00:00:00Z,,MU24,,2026-01-10T00:00:00Z
9636559,Aparcabicicletas,73,TRAFALGAR,7,CHAMBERI,OPERATIVO,440709.894,4475722.12,ETRS89,,,CALLE,Manuel Silvela,17,28010,,31006735,2024-10-02T00:00:00Z,,MU24,,2026-01-10T00:00:00Z
9641318,Aparcabicicletas,166,VALDEFUENTES,16,HORTALEZA,OPERATIVO,447772.695,4482717.088,ETRS89,,,CALLE,LUIS MOYA BLANCO,7,,,,2024-10-24T00:00:00Z,,MU24,MU-51,2026-01-10T00:00:00Z
9643161,Aparcabicicletas,82,FUENTELARREINA,8,FUENCARRAL-EL PARDO,OPERATIVO,437308.438,4481182.706,ETRS89,,,CALLE,FRESNEDILLAS,8 A,,,,2024-10-25T00:00:00Z,,MU24,ACB,2026-01-10T00:00:00Z
9643820,Aparcabicicletas,166,VALDEFUENTES,16,HORTALEZA,OPERATIVO,444708.878,4481978.65,ETRS89,,,CALLE,PRINCIPE CARLOS,13,,,,2024-10-25T00:00:00Z,,MU24,MU-51,2026-01-10T00:00:00Z
9643822,Aparcabicicletas,166,VALDEFUENTES,16,HORTALEZA,OPERATIVO,444707.82,4481976.931,ETRS89,,,CALLE,PRINCIPE CARLOS,13,,,,2024-10-25T00:00:00Z,,MU24,MU-51,2026-01-10T00:00:00Z
9656695,Aparcabicicletas,171,VILLAVERDE ALTO - CASCO HISTORICO DE VILLAVERDE,17,VILLAVERDE,OPERATIVO,439798.539,4466432.24,ETRS89,,,CALLE,FUENTE,1,28021,,11124111,2023-10-31T00:00:00Z,,MU24,MU-51,2026-01-10T00:00:00Z
9656701,Aparcabicicletas,171,VILLAVERDE ALTO - CASCO HISTORICO DE VILLAVERDE,17,VILLAVERDE,OPERATIVO,439848.942,4466429.66,ETRS89,,,CALLE,DOCTOR MARTIN AREVALO,4,28021,,11124076,2024-10-31T00:00:00Z,,MU24,MU-51,2026-01-10T00:00:00Z
9656704,Aparcabicicletas,171,VILLAVERDE ALTO - CASCO HISTORICO DE VILLAVERDE,17,VILLAVERDE,OPERATIVO,439850.993,4466430.917,ETRS89,,,CALLE,DOCTOR MARTIN AREVALO,4,28021,,11124076,2024-10-31T00:00:00Z,,MU24,MU-51,2026-01-10T00:00:00Z
9657006,Aparcabicicletas,183,ENSANCHE DE VALLECAS,18,VILLA DE VALLECAS,OPERATIVO,449033.216,4468567.468,ETRS89,,,CALLE,RAFAEL DE LEON,10,28051,,31029167,2024-11-05T00:00:00Z,,MU24,MU-51,2026-01-10T00:00:00Z
9657009,Aparcabicicletas,183,ENSANCHE DE VALLECAS,18,VILLA DE VALLECAS,OPERATIVO,449034.208,4468568.924,ETRS89,,,CALLE,RAFAEL DE LEON,10,28051,,31029167,2024-11-05T00:00:00Z,,MU24,MU-51,2026-01-10T00:00:00Z
9681446,Aparcabicicletas,56,CASTILLA,5,CHAMARTIN,OPERATIVO,442626.982,4480279.228,ETRS89,,,CALLE,Buganvilla,5G,28036,,31053796,2024-11-18T00:00:00Z,,MU24,MU-51,2026-01-10T00:00:00Z
9681449,Aparcabicicletas,56,CASTILLA,5,CHAMARTIN,OPERATIVO,442629.699,4480279.762,ETRS89,,,CALLE,Buganvilla,2B,28036,,20156103,2024-11-18T00:00:00Z,,MU24,MU-51,2026-01-10T00:00:00Z
96869,Aparcabicicletas,163,CANILLAS,16,HORTALEZA,OPERATIVO,444658.98,4479423.94,ETRS89,,,CALLE,RICARDO SAN JUAN,2,28043,PARCELA,31034365,2021-10-28T00:00:00Z,1087165,MU24,MU-51,2026-01-10T00:00:00Z
96871,Aparcabicicletas,163,CANILLAS,16,HORTALEZA,OPERATIVO,444661.57,4479420.57,ETRS89,,,CALLE,RICARDO SAN JUAN,2,28043,PARCELA,31034365,2021-10-06T00:00:00Z,1087024,MU24,MU-51,2026-01-10T00:00:00Z
9643767,Aparcabicicletas,166,VALDEFUENTES,16,HORTALEZA,OPERATIVO,445691.492,4483497.438,ETRS89,,,CALLE,LUIS MARTINEZ FEDUCHI,40,,,,2024-10-25T00:00:00Z,,MU24,MU-51,2026-01-10T00:00:00Z
9643814,Aparcabicicletas,166,VALDEFUENTES,16,HORTALEZA,OPERATIVO,445476.352,4483451.466,ETRS89,,,CALLE,LUIS MARTINEZ FEDUCHI,96,,,,2024-10-25T00:00:00Z,,MU24,MU-51,2026-01-10T00:00:00Z
9643816,Aparcabicicletas,166,VALDEFUENTES,16,HORTALEZA,OPERATIVO,445476.484,4483453.649,ETRS89,,,CALLE,LUIS MARTINEZ FELUCHI,96,,,,2024-10-25T00:00:00Z,,MU24,MU-51,2026-01-10T00:00:00Z
9643818,Aparcabicicletas,166,VALDEFUENTES,16,HORTALEZA,OPERATIVO,444710.333,4481981.958,ETRS89,,,CALLE,PRINCIPE CARLOS,13,,,,2024-10-25T00:00:00Z,,MU24,MU-51,2026-01-10T00:00:00Z
9643821,Aparcabicicletas,166,VALDEFUENTES,16,HORTALEZA,OPERATIVO,444708.746,4481978.121,ETRS89,,,CALLE,PRINCIPE CARLOS,13,,,,2024-10-25T00:00:00Z,,MU24,MU-51,2026-01-10T00:00:00Z
9656694,Aparcabicicletas,171,VILLAVERDE ALTO - CASCO HISTORICO DE VILLAVERDE,17,VILLAVERDE,OPERATIVO,439797.646,4466431.678,ETRS89,,,CALLE,FUENTE,1,28021,,11124111,2024-10-31T00:00:00Z,,MU24,MU-51,2026-01-10T00:00:00Z
9656696,Aparcabicicletas,171,VILLAVERDE ALTO - CASCO HISTORICO DE VILLAVERDE,17,VILLAVERDE,OPERATIVO,439799.565,4466432.736,ETRS89,,,CALLE,FUENTE,1,28021,,11124111,2024-10-31T00:00:00Z,,MU24,MU-51,2026-01-10T00:00:00Z
9656703,Aparcabicicletas,171,VILLAVERDE ALTO - CASCO HISTORICO DE VILLAVERDE,17,VILLAVERDE,OPERATIVO,439849.902,4466430.024,ETRS89,,,CALLE,DOCTOR MARTIN AREVALO,4,28021,,11124076,2024-10-31T00:00:00Z,,MU24,MU-51,2026-01-10T00:00:00Z
9657005,Aparcabicicletas,183,ENSANCHE DE VALLECAS,18,VILLA DE VALLECAS,OPERATIVO,449032.819,4468566.972,ETRS89,,,CALLE,RAFAEL DE LEON,10,28051,,31029167,2024-11-05T00:00:00Z,,MU24,MU-51,2026-01-10T00:00:00Z
9657008,Aparcabicicletas,183,ENSANCHE DE VALLECAS,18,VILLA DE VALLECAS,OPERATIVO,449033.612,4468568.097,ETRS89,,,CALLE,RAFAEL DE LEON,10,28051,,31029167,2024-11-05T00:00:00Z,,MU24,MU-51,2026-01-10T00:00:00Z
9681445,Aparcabicicletas,56,CASTILLA,5,CHAMARTIN,OPERATIVO,442628.001,4480279.442,ETRS89,,,CALLE,Buganvilla,5G,28036,,31053796,2024-11-18T00:00:00Z,,MU24,MU-51,2026-01-10T00:00:00Z
9681447,Aparcabicicletas,56,CASTILLA,5,CHAMARTIN,OPERATIVO,442625.624,4480279.016,ETRS89,,,CALLE,Buganvilla,5G,28036,,31053796,2024-11-18T00:00:00Z,,MU24,MU-51,2026-01-10T00:00:00Z
96868,Aparcabicicletas,163,CANILLAS,16,HORTALEZA,OPERATIVO,444658.71,4479425.77,ETRS89,,,CALLE,RICARDO SAN JUAN,2,28043,PARCELA,31034365,2021-10-06T00:00:00Z,1087164,MU24,MU-51,2026-01-10T00:00:00Z
96870,Aparcabicicletas,163,CANILLAS,16,HORTALEZA,OPERATIVO,444660.1,4479422.23,ETRS89,,,CALLE,RICARDO SAN JUAN,2,28043,PARCELA,31034365,2021-10-27T00:00:00Z,1087166,MU24,MU-51,2026-01-10T00:00:00Z
96872,Aparcabicicletas,163,CANILLAS,16,HORTALEZA,OPERATIVO,444256.3,4479396.47,ETRS89,,,CALLE,LOPEZ DE HOYOS,327,28043,PORTAL,11117795,2019-02-04T00:00:00Z,1087028,MU24,MU-51,2026-01-10T00:00:00Z
96876,Aparcabicicletas,163,CANILLAS,16,HORTALEZA,OPERATIVO,444523.59,4479113.48,ETRS89,,,CALLE,CARRIL DEL CONDE,57,28043,PORTAL,11115457,2020-09-23T00:00:00Z,1087034,MU24,MU-51,2026-01-10T00:00:00Z
9690588,Aparcabicicletas,56,CASTILLA,5,CHAMARTIN,OPERATIVO,442623.169,4480279.479,ETRS89,,,CALLE,Buganvilla,5G,28036,,31053796,2024-11-18T00:00:00Z,,MU24,,2026-01-10T00:00:00Z
9691594,Aparcabicicletas,101,LOS CARMENES,10,LATINA,OPERATIVO,437800.312,4472947.666,ETRS89,,,CALLE,LUISA MURIEL,2,28047,,11059611,2024-11-18T00:00:00Z,,MU24,MU-51,2026-01-10T00:00:00Z
9691596,Aparcabicicletas,101,LOS CARMENES,10,LATINA,OPERATIVO,437801.172,4472946.343,ETRS89,,,CALLE,LUISA MURIEL,2,28047,,11059611,2024-11-18T00:00:00Z,,MU24,MU-51,2026-01-10T00:00:00Z
9691598,Aparcabicicletas,101,LOS CARMENES,10,LATINA,OPERATIVO,437802.317,4472944.732,ETRS89,,,CALLE,LUISA MURIEL,2,28047,,11059611,2024-11-18T00:00:00Z,,MU24,MU-51,2026-01-10T00:00:00Z
9691602,Aparcabicicletas,101,LOS CARMENES,10,LATINA,OPERATIVO,437803.045,4472943.938,ETRS89,,,CALLE,LUISA MURIEL,2,28047,,11059611,2024-11-18T00:00:00Z,,MU24,MU-51,2026-01-10T00:00:00Z
96875,Aparcabicicletas,163,CANILLAS,16,HORTALEZA,OPERATIVO,444523.59,4479115.48,ETRS89,,,CALLE,CARRIL DEL CONDE,57,28043,PORTAL,11115457,2019-02-04T00:00:00Z,1087032,MU24,MU-51,2026-01-10T00:00:00Z
96877,Aparcabicicletas,163,CANILLAS,16,HORTALEZA,OPERATIVO,444524.59,4479118.48,ETRS89,,,CALLE,CARRIL DEL CONDE,57,28043,PORTAL,11115457,2021-10-27T00:00:00Z,1087169,MU24,MU-51,2026-01-10T00:00:00Z
96881,Aparcabicicletas,163,CANILLAS,16,HORTALEZA,OPERATIVO,446286.58,4479641.46,ETRS89,,,CALLE,ROSA DE CASTRO,17,28043,PORTAL,20157452,2021-10-05T00:00:00Z,1087173,MU24,MU-51,2026-01-10T00:00:00Z
9690589,Aparcabicicletas,56,CASTILLA,5,CHAMARTIN,OPERATIVO,442624.607,4480279.135,ETRS89,,,CALLE,Buganvilla,5G,28036,,31053796,2024-11-18T00:00:00Z,,MU24,,2026-01-10T00:00:00Z
9691593,Aparcabicicletas,101,LOS CARMENES,10,LATINA,OPERATIVO,437799.121,4472947.203,ETRS89,,,CALLE,LUISA MURIEL,2,28047,,11059611,2024-11-18T00:00:00Z,,MU24,MU-51,2026-01-10T00:00:00Z
9691595,Aparcabicicletas,101,LOS CARMENES,10,LATINA,OPERATIVO,437800.775,4472947.534,ETRS89,,,CALLE,LUISA MURIEL,2,28047,,11059611,2024-11-18T00:00:00Z,,MU24,MU-51,2026-01-10T00:00:00Z
9691597,Aparcabicicletas,101,LOS CARMENES,10,LATINA,OPERATIVO,437801.238,4472946.409,ETRS89,,,CALLE,LUISA MURIEL,2,28047,,11059611,2024-11-18T00:00:00Z,,MU24,MU-51,2026-01-10T00:00:00Z
9691600,Aparcabicicletas,101,LOS CARMENES,10,LATINA,OPERATIVO,437802.78,4472944.401,ETRS89,,,CALLE,LUISA MURIEL,2,28047,,11059611,2024-11-18T00:00:00Z,,MU24,MU-51,2026-01-10T00:00:00Z
9691734,Aparcabicicletas,101,LOS CARMENES,10,LATINA,OPERATIVO,437834.001,4472707.797,ETRS89,,,CALLE,LUISA MURIEL,12,28047,,11059616,2024-11-18T00:00:00Z,,MU24,MU-51,2026-01-10T00:00:00Z
9691771,Aparcabicicletas,101,LOS CARMENES,10,LATINA,OPERATIVO,437835.456,4472709.781,ETRS89,,,CALLE,LUISA MURIEL,12,28047,,11059616,2024-11-18T00:00:00Z,,MU24,MU-51,2026-01-10T00:00:00Z
9691773,Aparcabicicletas,101,LOS CARMENES,10,LATINA,OPERATIVO,437835.986,4472715.073,ETRS89,,,CALLE,LUISA MURIEL,12,28047,,11059616,2024-11-18T00:00:00Z,,MU24,MU-51,2026-01-10T00:00:00Z
9735881,Aparcabicicletas,104,ALUCHE,10,LATINA,OPERATIVO,435388.574,4471923.633,ETRS89,,,CALLE,TEMBLEQUE,60,28024,,11065854,2024-12-04T00:00:00Z,,MU24,MU-51,2026-01-10T00:00:00Z
9735883,Aparcabicicletas,104,ALUCHE,10,LATINA,OPERATIVO,435389.632,4471923.898,ETRS89,,,CALLE,TEMBLEQUE,60,28024,,11065854,2024-12-04T00:00:00Z,,MU24,MU-51,2026-01-10T00:00:00Z
9735886,Aparcabicicletas,104,ALUCHE,10,LATINA,OPERATIVO,435391.617,4471923.831,ETRS89,,,CALLE,TEMBLEQUE,60,28024,,11065854,2024-12-04T00:00:00Z,,MU24,MU-51,2026-01-10T00:00:00Z
97802,Aparcabicicletas,201,SIMANCAS,20,SAN BLAS-CANILLEJAS,OPERATIVO,446507.38,4475890.97,ETRS89,,,CALLE,ALBARRACIN,54,28037,FRENTE FACHADA,20042750,2021-09-02T00:00:00Z,1085671,MU24,MU-51,2026-01-10T00:00:00Z
97804,Aparcabicicletas,201,SIMANCAS,20,SAN BLAS-CANILLEJAS,OPERATIVO,446509.55,4475888.43,ETRS89,,,CALLE,ALBARRACIN,54,28037,FRENTE FACHADA,20042750,2021-10-20T00:00:00Z,1085673,MU24,MU-51,2026-01-10T00:00:00Z
97975,Aparcabicicletas,165,APOSTOL SANTIAGO,16,HORTALEZA,OPERATIVO,444408.94,4481050.59,ETRS89,,,CALLE,MONOVAR,19,28033,PORTAL,11122150,2021-09-08T00:00:00Z,1087115,MU24,MU-51,2026-01-10T00:00:00Z
98066,Aparcabicicletas,152,PUEBLO NUEVO,15,CIUDAD LINEAL,OPERATIVO,446086.13,4474906.24,ETRS89,,,CALLE,GANDHI,12,28017,PORTAL,31022091,2021-09-09T00:00:00Z,1100027,MU24,MU-51,2026-01-10T00:00:00Z
98068,Aparcabicicletas,152,PUEBLO NUEVO,15,CIUDAD LINEAL,OPERATIVO,446088.54,4474906.43,ETRS89,,,CALLE,GANDHI,12,28017,PORTAL,31022091,2021-09-15T00:00:00Z,1100029,MU24,MU-51,2026-01-10T00:00:00Z
98210,Aparcabicicletas,207,CANILLEJAS,20,SAN BLAS-CANILLEJAS,OPERATIVO,448092.77,4477467.02,ETRS89,,,CALLE,BOLTAÑA,68,28022,PORTAL,11138222,2019-01-28T00:00:00Z,1080234,MU24,MU-51,2026-01-10T00:00:00Z
98216,Aparcabicicletas,207,CANILLEJAS,20,SAN BLAS-CANILLEJAS,OPERATIVO,448336.93,4477774.05,ETRS89,,,CALLE,ALCALA,629,28022,GARAJE,20052950,2019-01-29T00:00:00Z,1080438,MU24,MU-51,2026-01-10T00:00:00Z
98218,Aparcabicicletas,207,CANILLEJAS,20,SAN BLAS-CANILLEJAS,OPERATIVO,448338.51,4477772.34,ETRS89,,,CALLE,ALCALA,629,28022,GARAJE,20052950,2019-01-29T00:00:00Z,1080442,MU24,MU-51,2026-01-10T00:00:00Z
98258,Aparcabicicletas,207,CANILLEJAS,20,SAN BLAS-CANILLEJAS,OPERATIVO,448335.64,4477775.81,ETRS89,,,CALLE,ALCALA,629,28022,GARAJE,20052950,2021-10-20T00:00:00Z,1080441,MU24,MU-51,2026-01-10T00:00:00Z
98301,Aparcabicicletas,213,CASCO HISTORICO DE BARAJAS,21,BARAJAS,OPERATIVO,451016.32,4480589.23,ETRS89,,,CALLE,ORION,3,28042,FRENTE FACHADA,11140690,2021-09-02T00:00:00Z,1084847,MU24,MU-51,2026-01-10T00:00:00Z
98362,Aparcabicicletas,164,PINAR DEL REY,16,HORTALEZA,OPERATIVO,445312.66,4480627.26,ETRS89,,,CALLE,MAR DE LAS ANTILLAS,6,28033,GARAJE,31006471,2021-10-18T00:00:00Z,1087236,MU24,MU-51,2026-01-10T00:00:00Z
98364,Aparcabicicletas,164,PINAR DEL REY,16,HORTALEZA,OPERATIVO,445311.6,4480628.48,ETRS89,,,CALLE,MAR DE LAS ANTILLAS,6,28033,GARAJE,31006471,2021-10-29T00:00:00Z,1087238,MU24,MU-51,2026-01-10T00:00:00Z
98366,Aparcabicicletas,164,PINAR DEL REY,16,HORTALEZA,OPERATIVO,444999.78,4479982.04,ETRS89,,,CALLE,AGUSTIN DE ITURBIDE,1,28043,JARDIN,31044660,2021-10-20T00:00:00Z,1087256,MU24,MU-51,2026-01-10T00:00:00Z
98368,Aparcabicicletas,164,PINAR DEL REY,16,HORTALEZA,OPERATIVO,444998.01,4479981.31,ETRS89,,,CALLE,AGUSTIN DE ITURBIDE,1,28043,JARDIN,31044660,2021-09-02T00:00:00Z,1087258,MU24,MU-51,2026-01-10T00:00:00Z
98370,Aparcabicicletas,164,PINAR DEL REY,16,HORTALEZA,OPERATIVO,444807.99,4480967.28,ETRS89,,,CALLE,ABIZANDA,68,28033,GARAJE,20089517,2021-10-25T00:00:00Z,1087260,MU24,MU-51,2026-01-10T00:00:00Z
98378,Aparcabicicletas,166,VALDEFUENTES,16,HORTALEZA,OPERATIVO,444677.61,4482477.5,ETRS89,,,CALLE,PRINCIPE CARLOS,36,28050,JARDIN,31017494,2021-09-27T00:00:00Z,1087272,MU24,MU-51,2026-01-10T00:00:00Z
98380,Aparcabicicletas,166,VALDEFUENTES,16,HORTALEZA,OPERATIVO,444672.06,4482348.87,ETRS89,,,CALLE,INFANTA CATALINA MICAELA,37,28050,PORTAL,31030434,2021-09-09T00:00:00Z,1087274,MU24,MU-51,2026-01-10T00:00:00Z
98382,Aparcabicicletas,166,VALDEFUENTES,16,HORTALEZA,OPERATIVO,444672.54,4482347.75,ETRS89,,,CALLE,INFANTA CATALINA MICAELA,37,28050,PORTAL,31030434,2021-09-10T00:00:00Z,1087276,MU24,MU-51,2026-01-10T00:00:00Z
98384,Aparcabicicletas,166,VALDEFUENTES,16,HORTALEZA,OPERATIVO,443990.02,4482066.75,ETRS89,,,CALLE,OÑA,183,28050,PORTAL,11122461,2021-09-02T00:00:00Z,1087278,MU24,MU-51,2026-01-10T00:00:00Z
98386,Aparcabicicletas,166,VALDEFUENTES,16,HORTALEZA,OPERATIVO,443989.36,4482066.47,ETRS89,,,CALLE,OÑA,183,28050,PORTAL,11122461,2021-09-15T00:00:00Z,1087280,MU24,MU-51,2026-01-10T00:00:00Z
98403,Aparcabicicletas,163,CANILLAS,16,HORTALEZA,OPERATIVO,444839.06,4479594.89,ETRS89,,,CALLE,MANZANAR,12,28043,FRENTE FACHADA,31037956,2021-09-03T00:00:00Z,1087158,MU24,MU-51,2026-01-10T00:00:00Z
98485,Aparcabicicletas,163,CANILLAS,16,HORTALEZA,OPERATIVO,445551.24,4479737.55,ETRS89,,,CALLE,JAVIER DEL QUINTO,12,28043,PORTAL,31008306,2021-09-16T00:00:00Z,1087177,MU24,MU-51,2026-01-10T00:00:00Z
98487,Aparcabicicletas,163,CANILLAS,16,HORTALEZA,OPERATIVO,445551.89,4479741.0,ETRS89,,,CALLE,JAVIER DEL QUINTO,12,28043,PORTAL,31008306,2021-09-09T00:00:00Z,1087179,MU24,MU-51,2026-01-10T00:00:00Z
98489,Aparcabicicletas,163,CANILLAS,16,HORTALEZA,OPERATIVO,445561.61,4480031.45,ETRS89,,,CALLE,AREQUIPA,1,28043,GARAJE,31049247,2021-09-09T00:00:00Z,1087181,MU24,MU-51,2026-01-10T00:00:00Z
98491,Aparcabicicletas,163,CANILLAS,16,HORTALEZA,OPERATIVO,445558.92,4480029.2,ETRS89,,,CALLE,AREQUIPA,1,28043,GARAJE,31049247,2021-09-22T00:00:00Z,1087183,MU24,MU-51,2026-01-10T00:00:00Z
98556,Aparcabicicletas,202,HELLIN,20,SAN BLAS-CANILLEJAS,OPERATIVO,448146.7,4475536.99,ETRS89,,,CALLE,ARCOS DE JALON,59,28037,PORTAL,31032030,2021-09-10T00:00:00Z,1088954,MU24,MU-51,2026-01-10T00:00:00Z
98562,Aparcabicicletas,206,REJAS,20,SAN BLAS-CANILLEJAS,OPERATIVO,450078.76,4477392.69,ETRS89,,,CALLE,PIRRA,14,28022,PARCELA,31043339,2021-09-09T00:00:00Z,1088980,MU24,MU-51,2026-01-10T00:00:00Z
9691759,Aparcabicicletas,101,LOS CARMENES,10,LATINA,OPERATIVO,437834.927,4472706.209,ETRS89,,,CALLE,LUISA MURIEL,12,28047,,11059616,2024-11-18T00:00:00Z,,MU24,MU-51,2026-01-10T00:00:00Z
9691772,Aparcabicicletas,101,LOS CARMENES,10,LATINA,OPERATIVO,437835.986,4472712.295,ETRS89,,,CALLE,LUISA MURIEL,12,28047,,11059616,2024-11-18T00:00:00Z,,MU24,MU-51,2026-01-10T00:00:00Z
9691774,Aparcabicicletas,101,LOS CARMENES,10,LATINA,OPERATIVO,437835.853,4472715.602,ETRS89,,,CALLE,LUISA MURIEL,12,28047,,11059616,2024-11-18T00:00:00Z,,MU24,MU-51,2026-01-10T00:00:00Z
9735882,Aparcabicicletas,104,ALUCHE,10,LATINA,OPERATIVO,435392.638,4471923.614,ETRS89,,,CALLE,TEMBLEQUE,60,28024,,11065854,2024-12-04T00:00:00Z,,MU24,MU-51,2026-01-10T00:00:00Z
9735885,Aparcabicicletas,104,ALUCHE,10,LATINA,OPERATIVO,435390.69,4471923.633,ETRS89,,,CALLE,TEMBLEQUE,60,28024,,11065854,2024-12-04T00:00:00Z,,MU24,MU-51,2026-01-10T00:00:00Z
97801,Aparcabicicletas,201,SIMANCAS,20,SAN BLAS-CANILLEJAS,OPERATIVO,446505.55,4475892.43,ETRS89,,,CALLE,ALBARRACIN,54,28037,FRENTE FACHADA,20042750,2021-10-04T00:00:00Z,1085670,MU24,MU-51,2026-01-10T00:00:00Z
97803,Aparcabicicletas,201,SIMANCAS,20,SAN BLAS-CANILLEJAS,OPERATIVO,446508.34,4475890.0,ETRS89,,,CALLE,ALBARRACIN,54,28037,FRENTE FACHADA,20042750,2021-09-13T00:00:00Z,1085672,MU24,MU-51,2026-01-10T00:00:00Z
97977,Aparcabicicletas,165,APOSTOL SANTIAGO,16,HORTALEZA,OPERATIVO,444021.82,4480985.78,ETRS89,,,CALLE,SOMONTIN,59,28033,PORTAL,20064870,2021-09-09T00:00:00Z,1087118,MU24,MU-51,2026-01-10T00:00:00Z
98067,Aparcabicicletas,152,PUEBLO NUEVO,15,CIUDAD LINEAL,OPERATIVO,446087.54,4474906.44,ETRS89,,,CALLE,GANDHI,12,28017,PORTAL,31022091,2021-10-21T00:00:00Z,1100028,MU24,MU-51,2026-01-10T00:00:00Z
98209,Aparcabicicletas,207,CANILLEJAS,20,SAN BLAS-CANILLEJAS,OPERATIVO,448095.9,4477467.57,ETRS89,,,CALLE,BOLTAÑA,68,28022,PORTAL,11138222,2021-10-11T00:00:00Z,1080233,MU24,MU-51,2026-01-10T00:00:00Z
98211,Aparcabicicletas,207,CANILLEJAS,20,SAN BLAS-CANILLEJAS,OPERATIVO,448094.93,4477466.95,ETRS89,,,CALLE,BOLTAÑA,68,28022,PORTAL,11138222,2019-01-29T00:00:00Z,1080235,MU24,MU-51,2026-01-10T00:00:00Z
98217,Aparcabicicletas,207,CANILLEJAS,20,SAN BLAS-CANILLEJAS,OPERATIVO,448337.78,4477773.25,ETRS89,,,CALLE,ALCALA,629,28022,GARAJE,20052950,2019-01-28T00:00:00Z,1080439,MU24,MU-51,2026-01-10T00:00:00Z
98242,Aparcabicicletas,207,CANILLEJAS,20,SAN BLAS-CANILLEJAS,OPERATIVO,447950.56,4477288.42,ETRS89,,,CALLE,BOLTAÑA,11,28022,FRENTE FACHADA,20151791,2021-10-20T00:00:00Z,1080240,MU24,MU-51,2026-01-10T00:00:00Z
98300,Aparcabicicletas,213,CASCO HISTORICO DE BARAJAS,21,BARAJAS,OPERATIVO,451015.93,4480590.25,ETRS89,,,CALLE,ORION,3,28042,PORTAL,11140690,2021-09-16T00:00:00Z,1084846,MU24,MU-51,2026-01-10T00:00:00Z
98363,Aparcabicicletas,164,PINAR DEL REY,16,HORTALEZA,OPERATIVO,445314.5,4480625.28,ETRS89,,,CALLE,MAR DE LAS ANTILLAS,6,28033,GARAJE,31006471,2021-10-19T00:00:00Z,1087237,MU24,MU-51,2026-01-10T00:00:00Z
98365,Aparcabicicletas,164,PINAR DEL REY,16,HORTALEZA,OPERATIVO,445310.6,4480629.48,ETRS89,,,CALLE,MAR DE LAS ANTILLAS,6,28033,GARAJE,31006471,2021-09-29T00:00:00Z,1087239,MU24,MU-51,2026-01-10T00:00:00Z
98367,Aparcabicicletas,164,PINAR DEL REY,16,HORTALEZA,OPERATIVO,444998.87,4479981.76,ETRS89,,,CALLE,AGUSTIN DE ITURBIDE,1,28043,JARDIN,31044660,2021-05-06T00:00:00Z,1087257,MU24,MU-51,2026-01-10T00:00:00Z
98369,Aparcabicicletas,164,PINAR DEL REY,16,HORTALEZA,OPERATIVO,444810.44,4480968.22,ETRS89,,,CALLE,ABIZANDA,68,28033,GARAJE,20089517,2021-05-06T00:00:00Z,1087259,MU24,MU-51,2026-01-10T00:00:00Z
98371,Aparcabicicletas,164,PINAR DEL REY,16,HORTALEZA,OPERATIVO,444806.86,4480966.84,ETRS89,,,CALLE,ABIZANDA,68,28033,GARAJE,20089517,2021-09-02T00:00:00Z,1087261,MU24,MU-51,2026-01-10T00:00:00Z
98379,Aparcabicicletas,166,VALDEFUENTES,16,HORTALEZA,OPERATIVO,444678.61,4482476.5,ETRS89,,,CALLE,PRINCIPE CARLOS,36,28050,JARDIN,31017494,2021-09-09T00:00:00Z,1087273,MU24,MU-51,2026-01-10T00:00:00Z
98381,Aparcabicicletas,166,VALDEFUENTES,16,HORTALEZA,OPERATIVO,444672.28,4482348.27,ETRS89,,,CALLE,INFANTA CATALINA MICAELA,37,28050,PORTAL,31030434,2021-09-10T00:00:00Z,1087275,MU24,MU-51,2026-01-10T00:00:00Z
98383,Aparcabicicletas,166,VALDEFUENTES,16,HORTALEZA,OPERATIVO,444672.8,4482347.16,ETRS89,,,CALLE,INFANTA CATALINA MICAELA,37,28050,PORTAL,31030434,2021-09-16T00:00:00Z,1087277,MU24,MU-51,2026-01-10T00:00:00Z
98385,Aparcabicicletas,166,VALDEFUENTES,16,HORTALEZA,OPERATIVO,443990.7,4482067.14,ETRS89,,,CALLE,OÑA,183,28050,PORTAL,11122461,2021-09-09T00:00:00Z,1087279,MU24,MU-51,2026-01-10T00:00:00Z
98387,Aparcabicicletas,166,VALDEFUENTES,16,HORTALEZA,OPERATIVO,443988.68,4482065.86,ETRS89,,,CALLE,OÑA,183,28050,PORTAL,11122461,2021-09-09T00:00:00Z,1087281,MU24,MU-51,2026-01-10T00:00:00Z
98484,Aparcabicicletas,163,CANILLAS,16,HORTALEZA,OPERATIVO,446284.58,4479641.46,ETRS89,,,CALLE,PEDRO ALONSO,7,28043,FRENTE FACHADA,31047035,2021-09-02T00:00:00Z,1087176,MU24,MU-51,2026-01-10T00:00:00Z
98486,Aparcabicicletas,163,CANILLAS,16,HORTALEZA,OPERATIVO,445551.54,4479739.42,ETRS89,,,CALLE,JAVIER DEL QUINTO,12,28043,PORTAL,31008306,2021-09-16T00:00:00Z,1087178,MU24,MU-51,2026-01-10T00:00:00Z
98488,Aparcabicicletas,163,CANILLAS,16,HORTALEZA,OPERATIVO,445552.13,4479742.81,ETRS89,,,CALLE,JAVIER DEL QUINTO,12,28043,PORTAL,31008306,2021-10-04T00:00:00Z,1087180,MU24,MU-51,2026-01-10T00:00:00Z
98490,Aparcabicicletas,163,CANILLAS,16,HORTALEZA,OPERATIVO,445560.35,4480030.55,ETRS89,,,CALLE,AREQUIPA,1,28043,GARAJE,31049247,2021-09-15T00:00:00Z,1087182,MU24,MU-51,2026-01-10T00:00:00Z
98492,Aparcabicicletas,163,CANILLAS,16,HORTALEZA,OPERATIVO,445563.73,4480034.04,ETRS89,,,CALLE,AREQUIPA,1,28043,GARAJE,31049247,2021-09-15T00:00:00Z,1087184,MU24,MU-51,2026-01-10T00:00:00Z
98564,Aparcabicicletas,206,REJAS,20,SAN BLAS-CANILLEJAS,OPERATIVO,450074.91,4477394.52,ETRS89,,,CALLE,PIRRA,14,28022,PARCELA,31043339,2020-09-23T00:00:00Z,1088982,MU24,MU-51,2026-01-10T00:00:00Z
98566,Aparcabicicletas,206,REJAS,20,SAN BLAS-CANILLEJAS,OPERATIVO,450075.7,4477394.12,ETRS89,,,CALLE,PIRRA,14,28022,PARCELA,31043339,2019-01-29T00:00:00Z,1088984,MU24,MU-51,2026-01-10T00:00:00Z
98568,Aparcabicicletas,206,REJAS,20,SAN BLAS-CANILLEJAS,OPERATIVO,450080.52,4477391.94,ETRS89,,,CALLE,PIRRA,14,28022,PARCELA,31043339,2021-09-02T00:00:00Z,1088988,MU24,MU-51,2026-01-10T00:00:00Z
98626,Aparcabicicletas,203,AMPOSTA,20,SAN BLAS-CANILLEJAS,OPERATIVO,447583.54,4475527.41,ETRS89,,,CALLE,ALBERIQUE,12,28037,JARDIN,31044559,2021-05-06T00:00:00Z,1089020,MU24,MU-51,2026-01-10T00:00:00Z
98628,Aparcabicicletas,203,AMPOSTA,20,SAN BLAS-CANILLEJAS,OPERATIVO,447586.54,4475528.41,ETRS89,,,CALLE,ALBERIQUE,12,28037,JARDIN,31044559,2021-09-17T00:00:00Z,1089022,MU24,MU-51,2026-01-10T00:00:00Z
98631,Aparcabicicletas,205,ROSAS,20,SAN BLAS-CANILLEJAS,OPERATIVO,448886.54,4475336.39,ETRS89,,,CALLE,BUDAPEST,11,28022,PORTAL,31025052,2021-09-07T00:00:00Z,1089034,MU24,MU-51,2026-01-10T00:00:00Z
98633,Aparcabicicletas,153,QUINTANA,15,CIUDAD LINEAL,OPERATIVO,444952.16,4476334.73,ETRS89,,,CALLE,VIRGEN DEL SAGRARIO,22,28027,PORTAL,11109109,2021-09-03T00:00:00Z,1089002,MU24,MU-51,2026-01-10T00:00:00Z
98636,Aparcabicicletas,208,EL SALVADOR,20,SAN BLAS-CANILLEJAS,OPERATIVO,445444.92,4477481.68,ETRS89,,,CALLE,GENERAL ARANAZ,66,28027,FRENTE FACHADA,11139194,2021-09-08T00:00:00Z,1089052,MU24,MU-51,2026-01-10T00:00:00Z
98638,Aparcabicicletas,154,LA CONCEPCIÓN,15,CIUDAD LINEAL,OPERATIVO,445734.47,4477014.75,ETRS89,,,CALLE,LOPEZ DE ARANDA,5,28027,PORTAL,11110428,2021-09-06T00:00:00Z,1089054,MU24,MU-51,2026-01-10T00:00:00Z
98640,Aparcabicicletas,154,LA CONCEPCIÓN,15,CIUDAD LINEAL,OPERATIVO,445730.93,4477012.73,ETRS89,,,CALLE,LOPEZ DE ARANDA,5,28027,PORTAL,11110428,2021-09-08T00:00:00Z,1089056,MU24,MU-51,2026-01-10T00:00:00Z
98642,Aparcabicicletas,155,SAN PASCUAL,15,CIUDAD LINEAL,OPERATIVO,444423.38,4476538.03,ETRS89,,,CALLE,DEMETRIO LOPEZ,6,28027,FRENTE FACHADA,20164578,2021-09-08T00:00:00Z,1089058,MU24,MU-51,2026-01-10T00:00:00Z
98644,Aparcabicicletas,155,SAN PASCUAL,15,CIUDAD LINEAL,OPERATIVO,444297.94,4477332.29,ETRS89,,,CALLE,MARTINEZ VILLERGAS,50,28027,GARAJE,20183570,2021-09-08T00:00:00Z,1089060,MU24,MU-51,2026-01-10T00:00:00Z
98646,Aparcabicicletas,155,SAN PASCUAL,15,CIUDAD LINEAL,OPERATIVO,444292.87,4477334.57,ETRS89,,,CALLE,MARTINEZ VILLERGAS,50,28027,GARAJE,20183570,2021-09-09T00:00:00Z,1089062,MU24,MU-51,2026-01-10T00:00:00Z
98648,Aparcabicicletas,156,SAN JUAN BAUTISTA,15,CIUDAD LINEAL,OPERATIVO,444132.58,4478043.48,ETRS89,,,CALLE,SORZANO,1,28043,PORTAL,11111674,2021-09-06T00:00:00Z,1089072,MU24,MU-51,2026-01-10T00:00:00Z
98650,Aparcabicicletas,156,SAN JUAN BAUTISTA,15,CIUDAD LINEAL,OPERATIVO,444136.58,4478046.48,ETRS89,,,CALLE,SORZANO,1,28043,PORTAL,11111674,2021-02-11T00:00:00Z,1089074,MU24,MU-51,2026-01-10T00:00:00Z
98652,Aparcabicicletas,159,COSTILLARES,15,CIUDAD LINEAL,OPERATIVO,443391.95,4480765.11,ETRS89,,,CALLE,ANEMONAS,2,28033,FRENTE FACHADA,11112581,2021-05-06T00:00:00Z,1089076,MU24,MU-51,2026-01-10T00:00:00Z
98654,Aparcabicicletas,159,COSTILLARES,15,CIUDAD LINEAL,OPERATIVO,443394.64,4480763.29,ETRS89,,,CALLE,ANEMONAS,2,28033,FRENTE FACHADA,11112581,2021-09-01T00:00:00Z,1089078,MU24,MU-51,2026-01-10T00:00:00Z
98656,Aparcabicicletas,159,COSTILLARES,15,CIUDAD LINEAL,OPERATIVO,443611.73,4481281.89,ETRS89,,,CALLE,JAZMIN,15,28033,FRENTE FACHADA,11112772,2021-09-02T00:00:00Z,1089080,MU24,MU-51,2026-01-10T00:00:00Z
98658,Aparcabicicletas,159,COSTILLARES,15,CIUDAD LINEAL,OPERATIVO,443613.3,4481283.8,ETRS89,,,CALLE,JAZMIN,15,28033,FRENTE FACHADA,11112772,2021-09-08T00:00:00Z,1089084,MU24,MU-51,2026-01-10T00:00:00Z
98660,Aparcabicicletas,151,VENTAS,15,CIUDAD LINEAL,OPERATIVO,444691.41,4474953.31,ETRS89,,,CALLE,NUESTRA SEÑORA DEL VILLAR,33,28017,PORTAL,11103695,2021-09-09T00:00:00Z,1089091,MU24,MU-51,2026-01-10T00:00:00Z
98662,Aparcabicicletas,151,VENTAS,15,CIUDAD LINEAL,OPERATIVO,444687.46,4474949.49,ETRS89,,,CALLE,NUESTRA SEÑORA DEL VILLAR,33,28017,PORTAL,11103695,2021-08-24T00:00:00Z,1089093,MU24,MU-51,2026-01-10T00:00:00Z
98664,Aparcabicicletas,151,VENTAS,15,CIUDAD LINEAL,OPERATIVO,444824.85,4475060.26,ETRS89,,,CALLE,SANTA FELICIDAD,39,28017,PORTAL,20167532,2021-08-02T00:00:00Z,1089095,MU24,MU-51,2026-01-10T00:00:00Z
98666,Aparcabicicletas,151,VENTAS,15,CIUDAD LINEAL,OPERATIVO,444826.88,4475059.34,ETRS89,,,CALLE,SANTA FELICIDAD,39,28017,PORTAL,20167532,2021-08-05T00:00:00Z,1089097,MU24,MU-51,2026-01-10T00:00:00Z
98669,Aparcabicicletas,151,VENTAS,15,CIUDAD LINEAL,OPERATIVO,444870.24,4475152.42,ETRS89,,,CALLE,SANTA FELICIDAD,11,28017,PORTAL,11103801,2021-09-07T00:00:00Z,1089100,MU24,MU-51,2026-01-10T00:00:00Z
98671,Aparcabicicletas,151,VENTAS,15,CIUDAD LINEAL,OPERATIVO,444867.55,4475155.45,ETRS89,,,CALLE,SANTA FELICIDAD,9,28017,PORTAL,11103802,2021-09-08T00:00:00Z,1089102,MU24,MU-51,2026-01-10T00:00:00Z
98673,Aparcabicicletas,151,VENTAS,15,CIUDAD LINEAL,OPERATIVO,444869.55,4475153.45,ETRS89,,,CALLE,SANTA FELICIDAD,9,28017,PORTAL,11103802,2021-08-10T00:00:00Z,1089104,MU24,MU-51,2026-01-10T00:00:00Z
98557,Aparcabicicletas,202,HELLIN,20,SAN BLAS-CANILLEJAS,OPERATIVO,448148.31,4475539.41,ETRS89,,,CALLE,ARCOS DE JALON,59,28037,PORTAL,31032030,2021-09-16T00:00:00Z,1088955,MU24,MU-51,2026-01-10T00:00:00Z
98561,Aparcabicicletas,206,REJAS,20,SAN BLAS-CANILLEJAS,OPERATIVO,450079.67,4477392.34,ETRS89,,,CALLE,PIRRA,14,28022,PARCELA,31043339,2021-09-01T00:00:00Z,1088979,MU24,MU-51,2026-01-10T00:00:00Z
98563,Aparcabicicletas,206,REJAS,20,SAN BLAS-CANILLEJAS,OPERATIVO,450077.23,4477393.43,ETRS89,,,CALLE,PIRRA,14,28022,PARCELA,31043339,2020-09-23T00:00:00Z,1088981,MU24,MU-51,2026-01-10T00:00:00Z
98565,Aparcabicicletas,206,REJAS,20,SAN BLAS-CANILLEJAS,OPERATIVO,450077.97,4477392.97,ETRS89,,,CALLE,PIRRA,14,28022,PARCELA,31043339,2021-09-16T00:00:00Z,1088983,MU24,MU-51,2026-01-10T00:00:00Z
98567,Aparcabicicletas,206,REJAS,20,SAN BLAS-CANILLEJAS,OPERATIVO,450076.49,4477393.83,ETRS89,,,CALLE,PIRRA,14,28022,PARCELA,31043339,2021-09-09T00:00:00Z,1088985,MU24,MU-51,2026-01-10T00:00:00Z
98625,Aparcabicicletas,203,AMPOSTA,20,SAN BLAS-CANILLEJAS,OPERATIVO,447581.54,4475527.41,ETRS89,,,CALLE,ALBERIQUE,12,28037,JARDIN,31044559,2021-09-09T00:00:00Z,1089019,MU24,MU-51,2026-01-10T00:00:00Z
98627,Aparcabicicletas,203,AMPOSTA,20,SAN BLAS-CANILLEJAS,OPERATIVO,447586.54,4475527.41,ETRS89,,,CALLE,ALBERIQUE,12,28037,JARDIN,31044559,2021-09-30T00:00:00Z,1089021,MU24,MU-51,2026-01-10T00:00:00Z
98630,Aparcabicicletas,205,ROSAS,20,SAN BLAS-CANILLEJAS,OPERATIVO,448885.54,4475336.39,ETRS89,,,CALLE,BUDAPEST,11,28022,PORTAL,31025052,2021-09-09T00:00:00Z,1089033,MU24,MU-51,2026-01-10T00:00:00Z
98632,Aparcabicicletas,153,QUINTANA,15,CIUDAD LINEAL,OPERATIVO,444952.84,4476333.7,ETRS89,,,CALLE,VIRGEN DEL SAGRARIO,22,28027,PORTAL,11109109,2021-09-03T00:00:00Z,1089001,MU24,MU-51,2026-01-10T00:00:00Z
98634,Aparcabicicletas,208,EL SALVADOR,20,SAN BLAS-CANILLEJAS,OPERATIVO,445868.56,4477177.45,ETRS89,,,CALLE,MARIA LOMBILLO,2,28027,PORTAL,20151243,2021-09-09T00:00:00Z,1089043,MU24,MU-51,2026-01-10T00:00:00Z
98637,Aparcabicicletas,154,LA CONCEPCIÓN,15,CIUDAD LINEAL,OPERATIVO,445733.39,4477014.36,ETRS89,,,CALLE,LOPEZ DE ARANDA,5,28027,PORTAL,11110428,2021-09-07T00:00:00Z,1089053,MU24,MU-51,2026-01-10T00:00:00Z
98639,Aparcabicicletas,154,LA CONCEPCIÓN,15,CIUDAD LINEAL,OPERATIVO,445732.36,4477013.91,ETRS89,,,CALLE,LOPEZ DE ARANDA,5,28027,PORTAL,11110428,2021-09-01T00:00:00Z,1089055,MU24,MU-51,2026-01-10T00:00:00Z
98641,Aparcabicicletas,154,LA CONCEPCIÓN,15,CIUDAD LINEAL,OPERATIVO,445731.79,4477013.29,ETRS89,,,CALLE,LOPEZ DE ARANDA,5,28027,PORTAL,11110428,2021-09-13T00:00:00Z,1089057,MU24,MU-51,2026-01-10T00:00:00Z
98643,Aparcabicicletas,155,SAN PASCUAL,15,CIUDAD LINEAL,OPERATIVO,444425.17,4476537.46,ETRS89,,,CALLE,DEMETRIO LOPEZ,6,28027,FRENTE FACHADA,20164578,2021-09-01T00:00:00Z,1089059,MU24,MU-51,2026-01-10T00:00:00Z
98645,Aparcabicicletas,155,SAN PASCUAL,15,CIUDAD LINEAL,OPERATIVO,444294.17,4477334.05,ETRS89,,,CALLE,MARTINEZ VILLERGAS,50,28027,GARAJE,20183570,2021-09-10T00:00:00Z,1089061,MU24,MU-51,2026-01-10T00:00:00Z
98647,Aparcabicicletas,156,SAN JUAN BAUTISTA,15,CIUDAD LINEAL,OPERATIVO,444134.58,4478043.48,ETRS89,,,CALLE,SORZANO,1,28043,PORTAL,11111674,2021-09-07T00:00:00Z,1089071,MU24,MU-51,2026-01-10T00:00:00Z
98649,Aparcabicicletas,156,SAN JUAN BAUTISTA,15,CIUDAD LINEAL,OPERATIVO,444134.58,4478045.48,ETRS89,,,CALLE,SORZANO,1,28043,PORTAL,11111674,2021-09-14T00:00:00Z,1089073,MU24,MU-51,2026-01-10T00:00:00Z
98651,Aparcabicicletas,159,COSTILLARES,15,CIUDAD LINEAL,OPERATIVO,443390.93,4480765.49,ETRS89,,,CALLE,ANEMONAS,2,28033,FRENTE FACHADA,11112581,2021-09-01T00:00:00Z,1089075,MU24,MU-51,2026-01-10T00:00:00Z
98653,Aparcabicicletas,159,COSTILLARES,15,CIUDAD LINEAL,OPERATIVO,443393.02,4480764.4,ETRS89,,,CALLE,ANEMONAS,2,28033,FRENTE FACHADA,11112581,2021-10-18T00:00:00Z,1089077,MU24,MU-51,2026-01-10T00:00:00Z
98655,Aparcabicicletas,159,COSTILLARES,15,CIUDAD LINEAL,OPERATIVO,443393.81,4480763.77,ETRS89,,,CALLE,ANEMONAS,2,28033,FRENTE FACHADA,11112581,2021-05-06T00:00:00Z,1089079,MU24,MU-51,2026-01-10T00:00:00Z
98657,Aparcabicicletas,159,COSTILLARES,15,CIUDAD LINEAL,OPERATIVO,443612.61,4481282.5,ETRS89,,,CALLE,JAZMIN,15,28033,FRENTE FACHADA,11112772,2021-02-11T00:00:00Z,1089083,MU24,MU-51,2026-01-10T00:00:00Z
98659,Aparcabicicletas,151,VENTAS,15,CIUDAD LINEAL,OPERATIVO,444689.27,4474951.29,ETRS89,,,CALLE,NUESTRA SEÑORA DEL VILLAR,33,28017,PORTAL,11103695,2021-02-11T00:00:00Z,1089090,MU24,MU-51,2026-01-10T00:00:00Z
98661,Aparcabicicletas,151,VENTAS,15,CIUDAD LINEAL,OPERATIVO,444688.19,4474950.28,ETRS89,,,CALLE,NUESTRA SEÑORA DEL VILLAR,33,28017,PORTAL,11103695,2021-10-22T00:00:00Z,1089092,MU24,MU-51,2026-01-10T00:00:00Z
98663,Aparcabicicletas,151,VENTAS,15,CIUDAD LINEAL,OPERATIVO,444690.47,4474952.3,ETRS89,,,CALLE,NUESTRA SEÑORA DEL VILLAR,33,28017,PORTAL,11103695,2021-08-03T00:00:00Z,1089094,MU24,MU-51,2026-01-10T00:00:00Z
98665,Aparcabicicletas,151,VENTAS,15,CIUDAD LINEAL,OPERATIVO,444825.73,4475059.86,ETRS89,,,CALLE,SANTA FELICIDAD,39,28017,PORTAL,20167532,2021-08-04T00:00:00Z,1089096,MU24,MU-51,2026-01-10T00:00:00Z
98670,Aparcabicicletas,151,VENTAS,15,CIUDAD LINEAL,OPERATIVO,444866.55,4475156.45,ETRS89,,,CALLE,SANTA FELICIDAD,9,28017,PORTAL,11103802,2021-05-06T00:00:00Z,1089101,MU24,MU-51,2026-01-10T00:00:00Z
98672,Aparcabicicletas,151,VENTAS,15,CIUDAD LINEAL,OPERATIVO,444868.55,4475154.45,ETRS89,,,CALLE,SANTA FELICIDAD,9,28017,PORTAL,11103802,2019-01-29T00:00:00Z,1089103,MU24,MU-51,2026-01-10T00:00:00Z
98679,Aparcabicicletas,207,CANILLEJAS,20,SAN BLAS-CANILLEJAS,OPERATIVO,448390.55,4476523.41,ETRS89,,,CALLE,MUSAS,11,28022,PORTAL,31036005,2021-09-08T00:00:00Z,1089110,MU24,MU-51,2026-01-10T00:00:00Z
98681,Aparcabicicletas,207,CANILLEJAS,20,SAN BLAS-CANILLEJAS,OPERATIVO,448392.55,4476524.41,ETRS89,,,CALLE,MUSAS,11,28022,PORTAL,31036005,2021-05-06T00:00:00Z,1089112,MU24,MU-51,2026-01-10T00:00:00Z
98683,Aparcabicicletas,207,CANILLEJAS,20,SAN BLAS-CANILLEJAS,OPERATIVO,448395.55,4476525.41,ETRS89,,,CALLE,MUSAS,11,28022,PORTAL,31036005,2020-09-23T00:00:00Z,1089114,MU24,MU-51,2026-01-10T00:00:00Z
98685,Aparcabicicletas,207,CANILLEJAS,20,SAN BLAS-CANILLEJAS,OPERATIVO,448448.55,4476561.7,ETRS89,,,CALLE,MUSAS,5,28022,PARCELA,31016740,2021-09-02T00:00:00Z,1089116,MU24,MU-51,2026-01-10T00:00:00Z
98687,Aparcabicicletas,207,CANILLEJAS,20,SAN BLAS-CANILLEJAS,OPERATIVO,448450.55,4476562.41,ETRS89,,,CALLE,MUSAS,5,28022,PARCELA,31016740,2019-02-04T00:00:00Z,1089118,MU24,MU-51,2026-01-10T00:00:00Z
98680,Aparcabicicletas,207,CANILLEJAS,20,SAN BLAS-CANILLEJAS,OPERATIVO,448391.55,4476524.41,ETRS89,,,CALLE,MUSAS,11,28022,PORTAL,31036005,2019-02-04T00:00:00Z,1089111,MU24,MU-51,2026-01-10T00:00:00Z
98682,Aparcabicicletas,207,CANILLEJAS,20,SAN BLAS-CANILLEJAS,OPERATIVO,448394.55,4476525.41,ETRS89,,,CALLE,MUSAS,11,28022,PORTAL,31036005,2021-09-07T00:00:00Z,1089113,MU24,MU-51,2026-01-10T00:00:00Z
98684,Aparcabicicletas,207,CANILLEJAS,20,SAN BLAS-CANILLEJAS,OPERATIVO,448447.55,4476561.41,ETRS89,,,CALLE,MUSAS,5,28022,PARCELA,31016740,2020-09-23T00:00:00Z,1089115,MU24,MU-51,2026-01-10T00:00:00Z
98686,Aparcabicicletas,207,CANILLEJAS,20,SAN BLAS-CANILLEJAS,OPERATIVO,448449.55,4476562.41,ETRS89,,,CALLE,MUSAS,5,28022,PARCELA,31016740,2021-05-06T00:00:00Z,1089117,MU24,MU-51,2026-01-10T00:00:00Z
98714,Aparcabicicletas,154,LA CONCEPCIÓN,15,CIUDAD LINEAL,OPERATIVO,445010.71,4476491.23,ETRS89,,,CALLE,JOSE DEL HIERRO,5,28027,PORTAL,20094448,2021-08-24T00:00:00Z,1089158,MU24,MU-51,2026-01-10T00:00:00Z
98713,Aparcabicicletas,154,LA CONCEPCIÓN,15,CIUDAD LINEAL,OPERATIVO,445010.2,4476490.9,ETRS89,,,CALLE,JOSE DEL HIERRO,5,28027,PORTAL,20094448,2021-08-24T00:00:00Z,1089157,MU24,MU-51,2026-01-10T00:00:00Z
98715,Aparcabicicletas,154,LA CONCEPCIÓN,15,CIUDAD LINEAL,OPERATIVO,445009.63,4476490.45,ETRS89,,,CALLE,JOSE DEL HIERRO,5,28027,PORTAL,20094448,2021-08-16T00:00:00Z,1089159,MU24,MU-51,2026-01-10T00:00:00Z
98717,Aparcabicicletas,153,QUINTANA,15,CIUDAD LINEAL,OPERATIVO,445183.56,4476601.46,ETRS89,,,CALLE,ZIGIA,2,28027,FRENTE FACHADA,11109007,2021-08-18T00:00:00Z,1089164,MU24,MU-51,2026-01-10T00:00:00Z
98719,Aparcabicicletas,153,QUINTANA,15,CIUDAD LINEAL,OPERATIVO,445185.16,4476599.13,ETRS89,,,CALLE,ZIGIA,2,28027,FRENTE FACHADA,11109007,2021-08-03T00:00:00Z,1089166,MU24,MU-51,2026-01-10T00:00:00Z
98722,Aparcabicicletas,155,SAN PASCUAL,15,CIUDAD LINEAL,OPERATIVO,445156.57,4477372.46,ETRS89,,,CALLE,ARTURO SORIA,71,28027,PORTAL,20039132,2021-05-06T00:00:00Z,1089172,MU24,MU-51,2026-01-10T00:00:00Z
98724,Aparcabicicletas,155,SAN PASCUAL,15,CIUDAD LINEAL,OPERATIVO,445157.57,4477371.46,ETRS89,,,CALLE,ARTURO SORIA,71,28027,PORTAL,20039132,2019-02-04T00:00:00Z,1089174,MU24,MU-51,2026-01-10T00:00:00Z
98728,Aparcabicicletas,155,SAN PASCUAL,15,CIUDAD LINEAL,OPERATIVO,445274.4,4477513.99,ETRS89,,,CALLE,MARQUES DE PORTUGALETE,13,28027,PORTAL,11111148,2021-08-05T00:00:00Z,1089190,MU24,MU-51,2026-01-10T00:00:00Z
98730,Aparcabicicletas,155,SAN PASCUAL,15,CIUDAD LINEAL,OPERATIVO,445274.92,4477514.75,ETRS89,,,CALLE,MARQUES DE PORTUGALETE,13,28027,PORTAL,11111148,2021-09-08T00:00:00Z,1089192,MU24,MU-51,2026-01-10T00:00:00Z
98733,Aparcabicicletas,154,LA CONCEPCIÓN,15,CIUDAD LINEAL,OPERATIVO,445138.26,4477278.19,ETRS89,,,CALLE,JUAN PEREZ ZUÑIGA,36,28027,PORTAL,11110427,2021-09-08T00:00:00Z,1089195,MU24,MU-51,2026-01-10T00:00:00Z
98735,Aparcabicicletas,154,LA CONCEPCIÓN,15,CIUDAD LINEAL,OPERATIVO,445139.41,4477280.33,ETRS89,,,CALLE,JUAN PEREZ ZUÑIGA,36,28027,PORTAL,11110427,2021-08-04T00:00:00Z,1089197,MU24,MU-51,2026-01-10T00:00:00Z
98737,Aparcabicicletas,155,SAN PASCUAL,15,CIUDAD LINEAL,OPERATIVO,444920.85,4477383.81,ETRS89,,,CALLE,AMARA,4,28027,PORTAL,11111214,2021-08-17T00:00:00Z,1089199,MU24,MU-51,2026-01-10T00:00:00Z
98716,Aparcabicicletas,154,LA CONCEPCIÓN,15,CIUDAD LINEAL,OPERATIVO,445009.28,4476490.11,ETRS89,,,CALLE,JOSE DEL HIERRO,5,28027,PORTAL,20094448,2021-08-24T00:00:00Z,1089160,MU24,MU-51,2026-01-10T00:00:00Z
98718,Aparcabicicletas,153,QUINTANA,15,CIUDAD LINEAL,OPERATIVO,445184.2,4476600.23,ETRS89,,,CALLE,ZIGIA,2,28027,FRENTE FACHADA,11109007,2021-08-04T00:00:00Z,1089165,MU24,MU-51,2026-01-10T00:00:00Z
98721,Aparcabicicletas,153,QUINTANA,15,CIUDAD LINEAL,OPERATIVO,445181.56,4476604.46,ETRS89,,,CALLE,ZIGIA,2,28027,FRENTE FACHADA,11109007,2021-08-10T00:00:00Z,1089168,MU24,MU-51,2026-01-10T00:00:00Z
98723,Aparcabicicletas,155,SAN PASCUAL,15,CIUDAD LINEAL,OPERATIVO,445155.57,4477372.46,ETRS89,,,CALLE,ARTURO SORIA,71,28027,PORTAL,20039132,2019-02-04T00:00:00Z,1089173,MU24,MU-51,2026-01-10T00:00:00Z
98727,Aparcabicicletas,155,SAN PASCUAL,15,CIUDAD LINEAL,OPERATIVO,445275.99,4477516.61,ETRS89,,,CALLE,MARQUES DE PORTUGALETE,13,28027,PORTAL,11111148,2020-09-23T00:00:00Z,1089189,MU24,MU-51,2026-01-10T00:00:00Z
98729,Aparcabicicletas,155,SAN PASCUAL,15,CIUDAD LINEAL,OPERATIVO,445273.91,4477512.94,ETRS89,,,CALLE,MARQUES DE PORTUGALETE,13,28027,PORTAL,11111148,2020-09-23T00:00:00Z,1089191,MU24,MU-51,2026-01-10T00:00:00Z
98732,Aparcabicicletas,154,LA CONCEPCIÓN,15,CIUDAD LINEAL,OPERATIVO,445137.45,4477276.61,ETRS89,,,CALLE,JUAN PEREZ ZUÑIGA,36,28027,PORTAL,11110427,2021-08-05T00:00:00Z,1089194,MU24,MU-51,2026-01-10T00:00:00Z
98734,Aparcabicicletas,154,LA CONCEPCIÓN,15,CIUDAD LINEAL,OPERATIVO,445138.83,4477279.15,ETRS89,,,CALLE,JUAN PEREZ ZUÑIGA,36,28027,PORTAL,11110427,2021-08-11T00:00:00Z,1089196,MU24,MU-51,2026-01-10T00:00:00Z
98736,Aparcabicicletas,155,SAN PASCUAL,15,CIUDAD LINEAL,OPERATIVO,444919.62,4477382.54,ETRS89,,,CALLE,AMARA,4,28027,PORTAL,11111214,2021-08-10T00:00:00Z,1089198,MU24,MU-51,2026-01-10T00:00:00Z
9882429,Aparcabicicletas,103,LUCERO,10,LATINA,OPERATIVO,435574.816,4472854.247,ETRS89,,,CALLE,SAN ROBERTO,7,28011,,11064172,2025-01-24T00:00:00Z,,MU24,MU-51,2026-01-10T00:00:00Z
9882431,Aparcabicicletas,103,LUCERO,10,LATINA,OPERATIVO,435576.403,4472854.115,ETRS89,,,CALLE,SAN ROBERTO,7,28011,,11064172,2025-01-24T00:00:00Z,,MU24,MU-51,2026-01-10T00:00:00Z
9882433,Aparcabicicletas,103,LUCERO,10,LATINA,OPERATIVO,435578.255,4472854.115,ETRS89,,,CALLE,SAN ROBERTO,7,28011,,11064172,2025-01-24T00:00:00Z,,MU24,MU-51,2026-01-10T00:00:00Z
9955002,Aparcabicicletas,125,MOSCARDO,12,USERA,OPERATIVO,440264.944,4471191.594,ETRS89,,,CALLE,MATILDE GAYO,10,28026,,20075613,,,MU24,MU-51,2026-01-10T00:00:00Z
9955004,Aparcabicicletas,125,MOSCARDO,12,USERA,OPERATIVO,440264.433,4471191.376,ETRS89,,,CALLE,MATILDE GAYO,10,28026,,20075613,,,MU24,MU-51,2026-01-10T00:00:00Z
9956795,Aparcabicicletas,55,NUEVA ESPAÑA,5,CHAMARTIN,OPERATIVO,443251.915,4479646.156,ETRS89,,,CALLE,ROSA JARDON,9,28016,,11026902,2025-03-28T00:00:00Z,,MU24,MU-51,2026-01-10T00:00:00Z
9994381,Aparcabicicletas,161,PALOMAS,16,HORTALEZA,OPERATIVO,447532.018,4478235.743,ETRS89,,,CALLE,PETUNIAS,35,28042,,20129974,2025-05-05T00:00:00Z,,MU24,,2026-01-10T00:00:00Z
9994383,Aparcabicicletas,161,PALOMAS,16,HORTALEZA,OPERATIVO,447530.298,4478238.521,ETRS89,,,CALLE,PETUNIAS,35,28042,,20129974,2025-05-05T00:00:00Z,,MU24,,2026-01-10T00:00:00Z
9882430,Aparcabicicletas,103,LUCERO,10,LATINA,OPERATIVO,435575.808,4472854.049,ETRS89,,,CALLE,SAN ROBERTO,7,28011,,11064172,2025-01-24T00:00:00Z,,MU24,MU-51,2026-01-10T00:00:00Z
9882432,Aparcabicicletas,103,LUCERO,10,LATINA,OPERATIVO,435576.866,4472854.115,ETRS89,,,CALLE,SAN ROBERTO,7,28011,,11064172,2025-01-24T00:00:00Z,,MU24,MU-51,2026-01-10T00:00:00Z
98995,Aparcabicicletas,156,SAN JUAN BAUTISTA,15,CIUDAD LINEAL,OPERATIVO,444176.58,4477725.48,ETRS89,,,CALLE,TREVIANA,1,28043,PORTAL,31037424,2021-09-14T00:00:00Z,1095091,MU24,MU-51,2026-01-10T00:00:00Z
9955003,Aparcabicicletas,125,MOSCARDO,12,USERA,OPERATIVO,440265.545,4471192.477,ETRS89,,,CALLE,MATILDE GAYO,10,28026,,20075613,,,MU24,MU-51,2026-01-10T00:00:00Z
9955005,Aparcabicicletas,125,MOSCARDO,12,USERA,OPERATIVO,440266.144,4471193.027,ETRS89,,,CALLE,MATILDE GAYO,10,28026,,20075613,,,MU24,MU-51,2026-01-10T00:00:00Z
9956796,Aparcabicicletas,55,NUEVA ESPAÑA,5,CHAMARTIN,OPERATIVO,443250.867,4479646.512,ETRS89,,,CALLE,ROSA JARDON,9,28016,,11026902,2025-03-28T00:00:00Z,,MU24,MU-51,2026-01-10T00:00:00Z
9994380,Aparcabicicletas,161,PALOMAS,16,HORTALEZA,OPERATIVO,447532.415,4478234.949,ETRS89,,,CALLE,PETUNIAS,35,28042,,20129974,2025-05-05T00:00:00Z,,MU24,,2026-01-10T00:00:00Z
9994382,Aparcabicicletas,161,PALOMAS,16,HORTALEZA,OPERATIVO,447531.158,4478237.33,ETRS89,,,CALLE,PETUNIAS,35,28042,,20129974,2025-05-05T00:00:00Z,,MU24,,2026-01-10T00:00:00Z
9994384,Aparcabicicletas,161,PALOMAS,16,HORTALEZA,OPERATIVO,447529.423,4478240.851,ETRS89,,,CALLE,PETUNIAS,35,28042,,20129974,2025-05-05T00:00:00Z,,MU24,,2026-01-10T00:00:00Z
