alojamiento_tipo,categoria,denominacion,via_tipo,via_nombre,numero,bloque,portal,escalera,planta,puerta,cdpostal,localidad,signatura
Hotel,3-hotel,Gran Legazpi,Paseo,De La Chopera,71,,,,,,28045,Madrid,HM-127
Hostal,2-hostal,Besaya,Calle,De San Bernardo,13,,,,8,,28015,Madrid,HM-139
Hostal,3-hostal,Astoria Ii,Carrera,De San Jerónimo,32,,,,4,D,28014,Madrid,HM-142
Hostal,3-hostal,Alhambra,Calle,De Espoz Y Mina,6,,,,2,2,28012,Madrid,HM-143
Casa Huespedes,Casa Huespedes,Woohoo Rooms Unique Madrid,Calle,De Concepción Arenal,6,,,,3,D,28004,Madrid,HM-146
Hostal,2-hostal,Condestable,Calle,De La Puebla,15,,,,2,,28004,Madrid,HM-147
Hostal,2-hostal,Hispano,Calle,De Hortaleza,38,,,,2,,28004,Madrid,HM-158
Hostal,2-hostal,Delfina,Calle,Gran Vía,12,,,,4,,28013,Madrid,HM-167
Pension,1-pension,Conchita Ii,Calle,De Campomanes,10,,,,4,EXT IZQ,28013,Madrid,HM-173
Hostal,2-hostal,Galaico,Calle,Gran Vía,15,,,,5,D,28013,Madrid,HM-175
Pension,2-pension,Splendid,Calle,Gran Vía,15,,,,5,A,28013,Madrid,HM-179
Pension,1-pension,Eureka,Calle,De La Montera,7,,,,3,,28013,Madrid,HM-181
Hostal,2-hostal,Riesco,Calle,Del Correo,2,,,,3-4,,28012,Madrid,HM-189
Hostal,2-hostal,Lamalonga,Calle,Gran Vía,56,,,,2,,28013,Madrid,HM-193
Pension,3-pension,Rincon De Gran Via,Calle,Gran Vía,67,,,,8,,28013,Madrid,HM-199
Hotel,3-hotel,Sancho,Paseo,De Las Delicias,56,,,,,,28045,Madrid,HM-205
Hostal,2-hostal,Marlasca,Calle,De La Cruz,14,,,,2-3,,28012,Madrid,HM-210
Pension,1-pension,Fenix,Calle,De Concepción Arenal,6,,,,1,,28004,Madrid,HM-213
Casa Huespedes,Casa Huespedes,Alsinda,Calle,De Carretas,31,,,,3,,28012,Madrid,HM-215
Hostal,2-hostal,San Martin,Calle,De Concepción Arenal,4,,,,4,DCHA,28004,Madrid,HM-217
Hostal,2-hostal,America,Calle,De Hortaleza,19,,,,4-5,,28004,Madrid,HM-218
Hostal,2-hostal,Gran Via 44,Calle,Gran Vía,44,,,,8,DCHA,28013,Madrid,HM-221
Hostal,2-hostal,Maria Luisa,Calle,De Hortaleza,19,,,,2,,28004,Madrid,HM-224
Hostal,2-hostal,Vazquez De Mella,Plaza,De Pedro Zerolo,1,,,,3,,28004,Madrid,HM-226
Hostal,3-hostal,Lisboa,Calle,De Ventura De La Vega,17,ENTERO,,,,,28014,Madrid,HM-230
Hostal,2-hostal,Andorra,Calle,Gran Vía,33,,,,7,,28013,Madrid,HM-236
Hostal,2-hostal,Lauria,Calle,Gran Vía,50,,,,4,,28013,Madrid,HM-237
Hostal,2-hostal,Sotileza,Calle,Del Arenal,15,,,,3,,28013,Madrid,HM-239
Hotel,3-hotel,Nh Alonso Martinez,Calle,De Santa Engracia,5,,,,,,28010,Madrid,HM-240
Pension,1-pension,Teran,Calle,De Esparteros,10,,,,3,,28012,Madrid,HM-241
Hostal,2-hostal,Hostal Charlotte,Calle,Gran Vía,44,,,,9,PTA. I,28013,Madrid,HM-243
Hostal,2-hostal,La Selecta,Calle,Gran Vía,15,,,,6,,28013,Madrid,HM-244
Hotel,3-hotel,Sterling,Calle,De San Bernardo,29,,,,,,28015,Madrid,HM-2
Hostal,2-hostal,Americano,Plaza,De La Puerta Del Sol,11,,,,3-4,,28013,Madrid,HM-5
Hotel,4-hotel,Atlantico,Calle,Gran Vía,38,,,,,,28013,Madrid,HM-10
Hotel,4-hotel,Vincci Capitol,Calle,Gran Vía,41,,,,,,28013,Madrid,HM-13
Hostal,1-hostal,Palacio Madrid,Calle,Del Príncipe,18,,,,3,IZQ,28012,Madrid,HM-15
Hotel,5-hotel,Intercontinental Madrid,Paseo,De La Castellana,49,,,,,,28046,Madrid,HM-16
Hotel,3-hotel,Petit Palace Callao,Calle,De La Chinchilla,6,,,,,,28013,Madrid,HM-18
Hotel,4-hotel,Carlton,Paseo,De Las Delicias,26,,,,,,28045,Madrid,HM-23
Hotel,3-hotel,Petit Palace Chueca,Calle,De Hortaleza,3,,,,,,28004,Madrid,HM-27
Hostal,2-hostal,Biarritz,Calle,De La Victoria,2,,,,2,,28012,Madrid,HM-33
Hostal,2-hostal,Sleep'n Atocha,Calle,Del Doctor Drumen,4,,,,2,,28012,Madrid,HM-35
Hotel,5-hotel,Hotel Barcelo Emperatriz,Calle,De López De Hoyos,4,,,,,,28006,Madrid,HM-36
Hotel,4-hotel,Emperador,Calle,Gran Vía,53,,,,,,28013,Madrid,HM-37
Hotel,3-hotel,Europa,Calle,Del Carmen,4,,,,,,28013,Madrid,HM-38
Hostal,2-hostal,Excelsior,Calle,Gran Vía,50,,,,2,,28013,Madrid,HM-39
Hotel,5-hotel,Gran Melia Fenix,Calle,De Hermosilla,2,,,,,,28001,Madrid,HM-40
Hostal,3-hostal,Galicia,Calle,De Valverde,1,,,,4,,28004,Madrid,HM-41
Hotel,4-hotel,Eurostars Casa De La Lirica,Calle,De La Aduana,19,,,,,,28013,Madrid,HM-42
Hotel,3-hotel,Petit Palace Triball,Calle,De Gonzalo Jiménez De Quesada,2,,,,,,28004,Madrid,HM-47
Hotel,3-hotel,Medium Cortezo,Calle,Del Doctor Cortezo,3,,,,,,28012,Madrid,HM-50
Hotel,3-hotel,Principe Pio,Cuesta,De San Vicente,14,,,,,,28008,Madrid,HM-51
Hotel,4-hotel,Ac Aitana,Paseo,De La Castellana,152,,,,,,28046,Madrid,HM-52
Hostal,3-hostal,Pereda,Calle,De Valverde,1,,,,2,,28004,Madrid,HM-56
Hotel,3-hotel,Regina,Calle,De Alcalá,19,,,,,,,Madrid,HM-57
Hotel,3-hotel,Regente,Calle,De Mesonero Romanos,9,,,,,,28013,Madrid,HM-59
Hotel,3-hotel,Moderno,Calle,Del Arenal,2,,,,,,28013,Madrid,HM-61
Hotel,4-hotel,Mayorazgo,Calle,De La Flor Baja,3,,,,,,28013,Madrid,HM-63
Hotel,2-hotel,Mediodia,Plaza,Del Emperador Carlos V,8,,,,,,28012,Madrid,HM-64
Hotel,3-hotel,Petit Palace Londres,Calle,De Galdo,2,,,,,,28013,Madrid,HM-67
Hotel,5-hotel,The Palace Hotel Madrid,Plaza,De Las Cortes,7,,,,,,28014,Madrid,HM-71
Hotel,2-hotel,Mexico,Calle,Del Gobernador,24,,,,,,28014,Madrid,HM-77
Hotel,3-hotel,Porcel Ganivet,Calle,De Toledo,111,,,,,,28005,Madrid,HM-78
Hostal,3-hostal,The Walt Madrid,Calle,Del Barco,3,ENTERO,,,,,28004,Madrid,HM-92
Hotel,3-hotel,T3 Tirol,Calle,Del Marqués De Urquijo,4,,,,,,28008,Madrid,HM-96
Hotel,5-hotel,Bless Hotel Madrid,Calle,De Velázquez,62,,,,,,28001,Madrid,HM-101
Hostal,2-hostal,Veracruz Ii,Calle,De La Victoria,1,,,,3-4,,28012,Madrid,HM-103
Hotel,5-hotel,Wellington,Calle,De Velázquez,8,,,,,,28001,Madrid,HM-106
Hotel,4-hotel,Nh Zurbano,Calle,De Zurbano,79,,,,,,28003,Madrid,HM-108
Hotel,4-hotel,Suecia,Calle,Del Marqués De Casa Riera,4,,,,,,28014,Madrid,HM-109
Hotel,3-hotel,Nh Sur,Paseo,De La Infanta Isabel,9,,,,,,28014,Madrid,HM-111
Hotel,2-hotel,Francisco I,Calle,Del Arenal,15,,,,,,28013,Madrid,HM-115
Hotel,5 Estrellas L,Ritz Madrid,Plaza,De La Lealtad,5,,,,,,28014,Madrid,HM-118
Hotel,2-hotel,Casual Madrid Del Teatro,Calle,De Echegaray,1,,,,,,28014,Madrid,HM-123
Hotel,4-hotel,Nh Sanvy,Calle,De Goya,3,,,,,,28001,Madrid,HM-124
Casa Huespedes,Casa Huespedes,Pallacios,Calle,De Atocha,28,,,,2,DCHA,28012,Madrid,HM-932
Hostal,1-hostal,Alegria,Calle,De Rafael De Riego,8,,,,5,,28045,Madrid,HM-934
Pension,1-pension,Rofer,Calle,De Toledo,94,,,,2,DCHA,28005,Madrid,HM-935
Hostal,2-hostal,Gonzalo,Calle,De Cervantes,34,,,,3,,28014,Madrid,HM-936
Casa Huespedes,Casa Huespedes,Dolce Vita,Calle,De San Bartolomé,4,,,,3,,28004,Madrid,HM-942
Hostal,2-hostal,Ivor,Calle,Del Arenal,24,,,,2,,28013,Madrid,HM-946
Hostal,2-hostal,Castilla Ii,Calle,Del Marqués Viudo De Pontejos,2,,,,1,,28012,Madrid,HM-952
Casa Huespedes,Casa Huespedes,Neri,Calle,De San Felipe Neri,4,,,,4,DCHA,28013,Madrid,HM-959
Pension,1-pension,Royal Cruz,Calle,De La Cruz,26,,,,3,DCHA,28012,Madrid,HM-967
Pension,1-pension,Meryori,Calle,Mayor,14,,,,2,DCHA,28013,Madrid,HM-968
Casa Huespedes,Casa Huespedes,Nandi,Calle,De San Bernardino,8,,,,,,28015,Madrid,HM-979
Casa Huespedes,Casa Huespedes,La Perla,Calle,De Leganitos,10,,,,4,IZQ,28013,Madrid,HM-993
Hostal,1-hostal,Portela,Calle,De Sagasta,23,,,,2,,28004,Madrid,HM-999
Hostal,2-hostal,Rober,Calle,Del Arenal,26,,,,5,D,28013,Madrid,HM-1000
Casa Huespedes,Casa Huespedes,La Serrana,Calle,Mayor,41,,,,2,IZQ,28013,Madrid,HM-1065
Hostal,1-hostal,Milabi,Calle,De Fernández De Los Ríos,5,,,,2,IZQ,28015,Madrid,HM-1072
Casa Huespedes,Casa Huespedes,Yolanda,Calle,De Luis Vélez De Guevara,8,,,,3,DCHA,28012,Madrid,HM-1086
Casa Huespedes,Casa Huespedes,Nuestra Señora Del Pilar,Calle,Del General Pardiñas,80,,,,4,,,Madrid,HM-1115
Casa Huespedes,Casa Huespedes,Molsan,Calle,Del Pez,40,,,,2-y-4,,28004,Madrid,HM-1133
Hostal,1-hostal,Falfes,Calle,De Juan De Olías,15,ENTERO,,,,,28020,Madrid,HM-1156
Hostal,1-hostal,Faustino,Calle,De La Cruz,33,,,,1-2,,28012,Madrid,HM-1159
Casa Huespedes,Casa Huespedes,Florinda,Calle,Del Barco,13,,,,3,,28004,Madrid,HM-1177
Pension,1-pension,Franco Madrileña,Calle,De Atocha,112,,,,3,IZQ,28012,Madrid,HM-1180
Pension,1-pension,Internacional,Calle,De Echegaray,5,,,,2,DCHA,28014,Madrid,HM-1183
Pension,1-pension,Delvi,Plaza,De Santa Ana,15,,,,,,28012,Madrid,HM-1185
Hostal,1-hostal,Orensana,Calle,De Atocha,81,,,,2,DCHA,28012,Madrid,HM-1191
Hostal,2-hostal,Oporto,Calle,De Zorrilla,9,,,,1,,28014,Madrid,HM-1192
Casa Huespedes,Casa Huespedes,Numancia,Calle,De Fernández De Los Ríos,5,,,,3,IZQ,28015,Madrid,HM-1198
Casa Huespedes,Casa Huespedes,Nueva Montaña,Calle,De La Luna,34,,,,2,D,28004,Madrid,HM-1199
Hostal,2-hostal,Santillan,Calle,Gran Vía,64,,,,8,DCHA,28013,Madrid,HM-1211
Hostal,3-hostal,Alhambra Suites,Calle,De Espoz Y Mina,8,,,,2,C,28012,Madrid,HM-1217
Hostal,2-hostal,Cruz Sol,Plaza,De Santa Cruz,6,,,,3,3,28012,Madrid,HM-1227
Casa Huespedes,Casa Huespedes,Membibre,Calle,De Fuencarral,41,,,,3,DCHA,,Madrid,HM-1236
Hostal,2-hostal,La Macarena,Calle,De La Cava De San Miguel,8,,,,2,,28005,Madrid,HM-1269
Hostal,1-hostal,Fernandez,Calle,De Sánchez Bustillo,3,,,,1,DCHA,28012,Madrid,HM-1286
Hostal,2-hostal,Villamañez,Calle,De San Agustín,2,,,,2,,28014,Madrid,HM-1309
Hostal,3-hostal,San Lorenzo,Calle,De Las Infantas,26,,,,2-3-4,,28004,Madrid,HM-1310
Pension,1-pension,Mundial,Paseo,De Santa María De La Cabeza,3,,,,1,,,Madrid,HM-1311
Casa Huespedes,Casa Huespedes,Bueno,Calle,De Fuencarral,10,,,,41,DCHA,,Madrid,HM-1322
Hostal,2-hostal,Persal,Plaza,Del Ángel,12,,,,Bj-a-4,,28012,Madrid,HM-1328
Hostal,2-hostal,Cantabrico,Calle,De La Cruz,5,,,,,,28012,Madrid,HM-1334
Hostal,1-hostal,Cuatro Postes,Calle,De Los Jardines,11,,,,2,DCHA,28013,Madrid,HM-1360
Hostal,3-hostal,Santo Domingo,Calle,De La Luna,6,,,,2-3,IZQ,28004,Madrid,HM-1369
Casa Huespedes,Casa Huespedes,San Jose,Calle,De San José,8,,,,2,,28014,Madrid,HM-1371
Casa Huespedes,Casa Huespedes,El Termino,Calle,De Bravo Murillo,253,,,,1-y-2,,,Madrid,HM-1380
Hostal,2-hostal,Greco,Calle,De Las Infantas,3,,,,2,,28004,Madrid,HM-247
Hostal,3-hostal,Gran Via 63 Rooms,Calle,Gran Vía,63,,,,5,,28013,Madrid,HM-254
Hostal,1-hostal,Madrid Sol,Calle,Del Príncipe,18,,,,4,IZQ,28012,Madrid,HM-258
Hostal,1-hostal,Narvaez,Calle,De O'donnell,27,,,,4,DCHA,28009,Madrid,HM-264
Pension,1-pension,Sud Americana,Paseo,Del Prado,12,,,,6,IZQ,28014,Madrid,HM-266
Pension,1-pension,Mirentxu,Calle,De Zorrilla,7,,,,3,,28014,Madrid,HM-269
Hostal,3-hostal,Madrid,Calle,De Esparteros,6,,,,2,B,28012,Madrid,HM-270
Pension,1-pension,Arco Iris,Calle,De O'donnell,27,,,,6,DCHA,,Madrid,HM-282
Hostal,1-hostal,Nuestra Señora De Las Mercedes,Calle,Mayor,9,,,,2,,28013,Madrid,HM-283
Hostal,3-hostal,Josefina,Calle,Gran Vía,44,,,,7,,28013,Madrid,HM-299
Hostal,3-hostal,Galiano,Calle,De Alcalá Galiano,6,,,,,,28010,Madrid,HM-301
Pension,1-pension,Tirso,Plaza,De Tirso De Molina,13,,,,2,D,28012,Madrid,HM-302
Hostal,2-hostal,Matheu,Calle,De La Victoria,6,,,,1,,28012,Madrid,HM-305
Hotel,3-hotel,Avenida Gran Via,Calle,De Mesonero Romanos,14,,,,,,28013,Madrid,HM-309
Pension,2-pension,Santillan Ii,Calle,Gran Vía,64,,,,5,IZQ,28013,Madrid,HM-310
Hostal,3-hostal,Triana,Calle,De La Salud,13,,,,1-2-3,,28013,Madrid,HM-318
Hotel,2-hotel,Mavi,Avenida,De La Cabrera,8,,,,,,28751,"Cabrera, La",HM-320
Hotel,3-hotel,Mercedes,Carretera,De Andalucía,15,,,,,,28300,Aranjuez,HM-324
Hostal,2-hostal,El Solitario,Avenida,De Rosario Manzaneque,1,ENTERO,,,,,28250,Torrelodones,HM-329
Hostal,2-hostal,Vasco,Plaza,Santiago,11,,,,,,28200,San Lorenzo De El Escorial,HM-348
Hotel,3-hotel,Miranda Suizo,Calle,Floridablanca,18,,,,,,28200,San Lorenzo De El Escorial,HM-350
Hotel,1-hotel,Pasadoiro,Carretera,M-601 Villalba-segovia,20,,,,,,28470,Cercedilla,HM-358
Hotel,4-hotel,Exe Victoria Palace,Calle,Juan De Toledo,4,,,,,,28200,San Lorenzo De El Escorial,HM-368
Hotel,4-hotel,Arcipreste De Hita,Carretera,Nacional 601,12,,,,,,28491,Navacerrada,HM-374
Hotel,4-hotel,Gran Hotel Los Angeles,Carretera,Andalucía,"14,200",,,,,,28906,Getafe,HM-381
Hostal,1-hostal,Chocolate,Calle,De Joaquín María López,29,,,,1,,28015,Madrid,HM-389
Pension,1-pension,Alcala,Calle,De Alcalá,157,,,,4,,,Madrid,HM-399
Hostal,2-hostal,Aliste,Calle,Del Caballero De Gracia,6,,,,3,,28013,Madrid,HM-403
Casa Huespedes,Casa Huespedes,Asturias,Paseo,De Las Delicias,78,,,,2,C,28045,Madrid,HM-408
Hostal,1-hostal,Alonso,Calle,De Espoz Y Mina,17,,,,3,,28012,Madrid,HM-410
Hostal,2-hostal,Hostal Cc Atocha,Paseo,De Santa María De La Cabeza,21,,,,1,,28045,Madrid,HM-412
Pension,2-pension,Marina,Calle,De Carretas,27,,,,2,IZQ,28012,Madrid,HM-415
Casa Huespedes,Casa Huespedes,El Leon De Oro,Calle,De La Cava Baja,12,ENTERO,,,,,28005,Madrid,HM-421
Hostal,1-hostal,Sara,Calle,De Atocha,55,,,,2,,28012,Madrid,HM-429
Hostal,2-hostal,La Perla Asturiana,Plaza,De Santa Cruz,3,,,,1-2-3,,28012,Madrid,HM-431
Hostal,1-hostal,Santa Isabel,Calle,De Santa Isabel,15,,,,4,,28012,Madrid,HM-434
Pension,1-pension,Arcos,Calle,De La Salud,13,,,,5,DCHA,28013,Madrid,HM-441
Hostal,1-hostal,Los Arcos,Calle,Del Marqués Viudo De Pontejos,3,,,,2,,28012,Madrid,HM-442
Pension,1-pension,Los Andes,Calle,De Gaztambide,11,,,,1,DCHA,,Madrid,HM-450
Pension,1-pension,Pelaez Perez,Calle,De La Luna,32,,,,3,,28004,Madrid,HM-471
Hostal,1-hostal,Luarca,Calle,De La Madera,3,,,,2,,28004,Madrid,HM-476
Pension,1-pension,San Jeronimo,Carrera,De San Jerónimo,32,,,,5,IZQ,28014,Madrid,HM-492
Hostal,1-hostal,San Antonio,Calle,Del León,13,,,,2,,28014,Madrid,HM-504
Casa Huespedes,Casa Huespedes,Guerrero,Calle,De Hernán Cortés,7,,,,3,IZQ,28004,Madrid,HM-507
Hostal,1-hostal,Dos Naciones,Calle,Del Conde De Romanones,8,,,,3,IZQ,28012,Madrid,HM-525
Casa Huespedes,Casa Huespedes,Mollo,Calle,De Atocha,104,,,,4,,28012,Madrid,HM-570
Casa Huespedes,Casa Huespedes,La Asturiana,Calle,De Ruiz,11,,,,1,DCHA,,Madrid,HM-578
Casa Huespedes,Casa Huespedes,Emerita,Calle,De Santa María,41,,,,3,IZQ,28014,Madrid,HM-591
Casa Huespedes,Casa Huespedes,Mary,Calle,De La Ilustración,12,,,,4,,28008,Madrid,HM-604
Pension,1-pension,Retiro,Calle,De San Pedro,1,,,,2,,28014,Madrid,HM-614
Casa Huespedes,Casa Huespedes,La Casera,Calle,De Grafal,14,,,,,,28005,Madrid,HM-622
Casa Huespedes,Casa Huespedes,Criado,Calle,De Hortaleza,7,,,,2,DCHA,28004,Madrid,HM-629
Hostal,2-hostal,Catalan,Calle,De Hortaleza,17,,,,2-3,,28004,Madrid,HM-679
Pension,2-pension,Vazquez De Mella Ii,Plaza,De Pedro Zerolo,1,,,,3,IZQ,28004,Madrid,HM-707
Casa Huespedes,Casa Huespedes,Adis,Calle,De La Puebla,14,,,,1,1,28004,Madrid,HM-709
Casa Huespedes,Casa Huespedes,Castellana,Calle,De La Luna,28,,,,3,,28004,Madrid,HM-714
Casa Huespedes,Casa Huespedes,Castellana,Calle,De Carretas,31,,,,2,,28012,Madrid,HM-715
Hostal,1-hostal,Mendoza,Calle,De La Chinchilla,4,,,,1,D,28013,Madrid,HM-717
Hostal,1-hostal,Comercial,Calle,De Esparteros,12,,,,2,,28012,Madrid,HM-743
Casa Huespedes,Casa Huespedes,La Concepcion,Calle,De Los Jardines,11,,,,3,,28013,Madrid,HM-744
Hostal,1-hostal,Conchita,Paseo,De Las Delicias,154,,,,"2,3-y4",,28045,Madrid,HM-746
Hostal,1-hostal,Conchita,Calle,De Preciados,33,,,,2,,28013,Madrid,HM-748
Pension,1-pension,Pan America,Calle,De Carretas,27,,,,3,IZQ,28012,Madrid,HM-766
Hostal,2-hostal,Jemasaca,Calle,De La Palma,61,,,,2,,28015,Madrid,HM-774
Hostal,2-hostal,Esmeralda,Calle,De La Victoria,1,,,,2,,28012,Madrid,HM-790
Casa Huespedes,Casa Huespedes,Gil Ramos,Calle,De La Luna,19,,,,2,,28004,Madrid,HM-793
Casa Huespedes,Casa Huespedes,Prieto,Calle,De La Cruz,14,,,,1,IZQ,28012,Madrid,HM-807
Hostal,2-hostal,Adria,Calle,De La Cruz,26,,,,4,IZQ,28012,Madrid,HM-826
Pension,1-pension,Del Mar,Calle,De La Luna,6,,,,2,DCHA,28004,Madrid,HM-849
Pension,1-pension,Iserte,Calle,De Fuencarral,16,,,,,,,Madrid,HM-881
Pension,1-pension,Nersan Ii,Calle,De La Flor Baja,5,,,,4,,28013,Madrid,HM-884
Pension,1-pension,Daniel Jv,Calle,Del Mesón De Paredes,13,,,,2,,28012,Madrid,HM-887
Hostal,1-hostal,Niza,Calle,Del Naranjo,2,,,,3,,28039,Madrid,HM-893
Pension,1-pension,Patria,Calle,Mayor,10,,,,4,IZQ,28013,Madrid,HM-897
Pension,1-pension,Paz,Calle,De La Flora,4,,,,1,,28013,Madrid,HM-899
Pension,2-pension,Madrid City Rooms,Calle,De La Cruz,6,,,,2,,28012,Madrid,HM-929
Hostal,1-hostal,Mh Fuencarral,Calle,De Fuencarral,10,,,,3,DCHA,28004,Madrid,HM-1381
Casa Huespedes,Casa Huespedes,Madridcito,Calle,De La Montera,20,,,,4,IZQ,28013,Madrid,HM-1382
Hostal,2-hostal,Guerra,Carrera,De San Jerónimo,3,,,,3,IZQ DCHA,28014,Madrid,HM-1383
Pension,1-pension,Higueras,Calle,De Toledo,46,,,,2,DCHA,28005,Madrid,HM-1390
Casa Huespedes,Casa Huespedes,Horizonte,Calle,De Atocha,28,,,,2,,28012,Madrid,HM-1392
Hostal,1-hostal,La Isla,Calle,Del Prado,12,,,,1,,28014,Madrid,HM-1410
Pension,1-pension,Jq,Calle,De La Cruz,33,,,,3,DCHA,28012,Madrid,HM-1421
Pension,1-pension,San Blas,Calle,De Atocha,117,,,,bajo,1,28012,Madrid,HM-1430
Hostal,1-hostal,Coruña,Paseo,Del Prado,12,,,,3,DCHA,28014,Madrid,HM-1435
Hostal,1-hostal,Cosmopolitan,Plaza,De La Puerta Del Sol,9,,,,3,,28013,Madrid,HM-1439
Casa Huespedes,Casa Huespedes,Diana,Calle,De Relatores,3,,,,2,DCHA,28012,Madrid,HM-1446
Casa Huespedes,Casa Huespedes,Logroñesa,Calle,De Pérez Galdós,4,,,,2,D,28004,Madrid,HM-1484
Hostal,2-hostal,Los Amigos,Calle,Del Arenal,26,,,,3-4,IZQ,28013,Madrid,HM-1487
Casa Huespedes,Casa Huespedes,Bilbao,Calle,De San Bartolomé,7,,,,3,DCHA,28004,Madrid,HM-1956
Hostal,2-hostal,Aeropuerto,Avenida,De Logroño,102,,,,BAJA,,28042,Madrid,HM-1975
Casa Huespedes,Casa Huespedes,Camon,Calle,De Andrés Mellado,31,,,,5,A Y B,,Madrid,HM-2010
Hostal,2-hostal,Samara,Calle,De San Bartolomé,9,,,,,,28004,Madrid,HM-2018
Casa Huespedes,Casa Huespedes,Alicia,Calle,Del Mesón De Paredes,5,,,,1,D,28012,Madrid,HM-2019
Hotel,3-hotel,Madfor,Paseo,De La Florida,13,,,,,,28008,Madrid,HM-2079
Hostal,1-hostal,El Retiro,Calle,Aulencia,17,ENTERO,,,,,28280,"Escorial, El",HM-2096
Casa Huespedes,Casa Huespedes,Altamir,Calle,De Altamirano,36,,,,2,,28008,Madrid,HM-2113
Hotel,4-hotel,Opera,Cuesta,De Santo Domingo,2,,,,,,28013,Madrid,HM-2127
Hotel,3-hotel,Cason Del Tormes,Calle,Del Río,7,,,,,,28013,Madrid,HM-2129
Pension,1-pension,Abril,Calle,De Fuencarral,39,,,,4,DCHA,,Madrid,HM-2135
Casa Huespedes,Casa Huespedes,El Zamorano,Calle,De Toledo,82,,,,3,,28005,Madrid,HM-2144
Casa Huespedes,Casa Huespedes,Antonio,Calle,De La Palma,62,,,,3,IZQ,,Madrid,HM-2153
Hostal,2-hostal,Acueducto,Calle,De San Bernardino,6,,,,1,,28015,Madrid,HM-2159
Hostal,1-hostal,Amaika,Calle,De Esparteros,11,,,,3,,28012,Madrid,HM-2160
Casa Huespedes,Casa Huespedes,Vara,Calle,De Alicante,2,,,,3,,28045,Madrid,HM-2163
Casa Huespedes,Casa Huespedes,Becerrea,Calle,De Arriaza,3,,,,1,DCHA,28008,Madrid,HM-2165
Hostal,1-hostal,Leones,Calle,De Núñez De Arce,14,,,,2-3,DCHA,28012,Madrid,HM-2176
Casa Huespedes,Casa Huespedes,Nuestra Señora De Lourdes,Calle,De José Ortega Y Gasset,11,,,,4,,28006,Madrid,HM-2177
Hostal,1-hostal,La Nava,Calle,De Alcalá,177,,,,"1,2-y3",,28009,Madrid,HM-2191
Casa Huespedes,Casa Huespedes,Teijeiro,Calle,De Ariza,3,,,,,,28047,Madrid,HM-2197
Casa Huespedes,Casa Huespedes,Rico,Calle,De Moratín,50,,,,2,,28014,Madrid,HM-2203
Casa Huespedes,Casa Huespedes,Six Rooms Plaza Mayor,Calle,De Atocha,32,,,,3,IZQ,28012,Madrid,HM-2205
Hostal,2-hostal,Fuentesol,Calle,De La Victoria,2,,,,3,IZQ,28012,Madrid,HM-2216
Pension,1-pension,Florida,Calle,Del Doctor Cortezo,15,,,,5,DCHA,28012,Madrid,HM-2244
Casa Huespedes,Casa Huespedes,Sanchez,Calle,De Alcalá,145,,,,4,C,,Madrid,HM-2246
Pension,1-pension,Xucar,Calle,De La Magdalena,28,,,,2,,28012,Madrid,HM-2253
Casa Huespedes,Casa Huespedes,Lourdes,Calle,De La Virgen De Los Peligros,10,,,,4,DCHA,28013,Madrid,HM-2260
Casa Huespedes,Casa Huespedes,Noviciado,Calle,De San Bernardo,55,,,,2,DCHA,,Madrid,HM-2271
Hostal,1-hostal,Flores,Calle,De Gonzalo Jiménez De Quesada,2,,,,8,,28004,Madrid,HM-2291
Casa Huespedes,Casa Huespedes,Chelo,Calle,De Hortaleza,17,,,,3,IZQ,28004,Madrid,HM-2301
Pension,1-pension,Carmen,Calle,De Carretas,33,,,,4,IZQ,28012,Madrid,HM-2304
Hostal,2-hostal,Genova,Calle,Del General Castaños,15,,,,2,IZQ,28004,Madrid,HM-2321
Hostal,1-hostal,El Tranco,Calle,Del Tranco,4,,,,,,28410,Manzanares El Real,HM-2330
Hotel,3-hotel,Nh Madrid Chamberí,Calle,De Bretón De Los Herreros,29,,,,,,28003,Madrid,HM-2336
Casa Huespedes,Casa Huespedes,Somiedo,Calle,De Méndez Álvaro,6,,,,2,,,Madrid,HM-2347
Casa Huespedes,Casa Huespedes,Suarez,Calle,Postas,11,,,,4,,28012,Madrid,HM-2361
Hostal,3-hostal,Hispano Argentino,Calle,Gran Vía,15,,,,6,,28013,Madrid,HM-2373
Hostal,1-hostal,The Citadel By Pillow,Calle,Del Espejo,2,,,,2,,28013,Madrid,HM-2379
Casa Huespedes,Casa Huespedes,Gualcala,Calle,De Arriaza,3,,,,3,IZQ,28008,Madrid,HM-2387
Casa Huespedes,Casa Huespedes,Barja,Calle,De La Puebla,14,,,,3,,28004,Madrid,HM-2388
Casa Huespedes,Casa Huespedes,Extremadura,Calle,De Piamonte,12,,,,3-y-4,,28004,Madrid,HM-2397
Pension,1-pension,Universal,Carrera,De San Jerónimo,32,,,,3,,28014,Madrid,HM-1493
Hostal,2-hostal,Sil,Calle,De Fuencarral,95,,,,3,DCHA,28010,Madrid,HM-1494
Pension,1-pension,La Zona,Calle,De Valverde,7,,,,1-y-2,,28004,Madrid,HM-1495
Hostal,2-hostal,Edreira,Calle,De Atocha,75,,,,2,,28012,Madrid,HM-1496
Hostal,1-hostal,Argentina,Calle,De Méndez Álvaro,14,,,,1,,28045,Madrid,HM-1500
Pension,1-pension,Leonesa,Calle,De La Montera,26,,,,4,,28013,Madrid,HM-1504
Casa Huespedes,Casa Huespedes,Leon,Calle,De Atocha,21,,,,3,,28012,Madrid,HM-1507
Hostal,2-hostal,Serranos,Calle,De Fuencarral,95,,,,2,,28004,Madrid,HM-1509
Hostal,2-hostal,El Pinar,Calle,De Isabel La Católica,19,,,,3,,28013,Madrid,HM-1525
Hostal,2-hostal,O''riveiro,Paseo,De La Florida,15,,,,2-3,,28008,Madrid,HM-1532
Hostal,1-hostal,Art Madrid,Calle,Del Conde De Romanones,9,,,,2,,28012,Madrid,HM-1536
Pension,1-pension,Berti,Calle,De Hortaleza,7,,,,2,IZQ,28004,Madrid,HM-1537
Hostal,1-hostal,Mediodia,Calle,De Tortosa,10,,,,1,,28045,Madrid,HM-1545
Pension,1-pension,Vetusta,Calle,De Las Huertas,3,,,,1,,,Madrid,HM-1561
Casa Huespedes,Casa Huespedes,Pez Azul,Calle,Del Pez,9,,,,1,DCHA,28004,Madrid,HM-1572
Pension,1-pension,Infanta Isabel,Calle,Gran Vía,33,,,,8,IZQ,28013,Madrid,HM-1576
Hostal,1-hostal,Los Perales,Calle,De La Palma,61,,,,1,IZQ,28015,Madrid,HM-1580
Casa Huespedes,Casa Huespedes,La Manchega,Calle,De Méndez Álvaro,6,,,,3,DCHA,,Madrid,HM-1593
Casa Huespedes,Casa Huespedes,Jaen,Calle,De Cervantes,5,,,,3,DCHA,28014,Madrid,HM-1598
Casa Huespedes,Casa Huespedes,Asturias,Calle,De Atocha,28,,,,3,,28012,Madrid,HM-1614
Casa Huespedes,Casa Huespedes,Cele,Calle,De La Aduana,23,,,,3,IZQ,28013,Madrid,HM-1628
Hostal,2-hostal,Zamora,Plaza,De Pedro Zerolo,1,,,,4,,28004,Madrid,HM-1636
Casa Huespedes,Casa Huespedes,San Jose,Plaza,Del Celenque,1,,,,4,,28013,Madrid,HM-1653
Casa Huespedes,Casa Huespedes,La Salmantina,Calle,De Las Minas,6,,,,2,IZQ,28004,Madrid,HM-1657
Casa Huespedes,Casa Huespedes,El Carmen,Calle,De La Cava Alta,5,,,,3,,28005,Madrid,HM-1663
Casa Huespedes,Casa Huespedes,Blanco,Calle,De Atocha,115,,,,1,DCHA,28012,Madrid,HM-1666
Hostal,1-hostal,Casa Tere,Autovia,A-6,54,ENTERO,,,,,28480,Guadarrama,HM-1675
Hostal,1-hostal,Los Angeles,Calle,De La Cruz,14,,,,4,,28012,Madrid,HM-1694
Casa Huespedes,Casa Huespedes,Luque,Calle,De Vital Aza,37,,,,,,28017,Madrid,HM-1697
Casa Huespedes,Casa Huespedes,Marichelo,Calle,De Fernando El Católico,9,,,,5,,28015,Madrid,HM-1720
Hostal,3-hostal,Las Murallas,Calle,De Fuencarral,23,,,,4,D,28004,Madrid,HM-1733
Casa Huespedes,Casa Huespedes,Ferraz,Calle,De Ferraz,34,,,,5,,28008,Madrid,HM-1741
Pension,1-pension,Diaz,Calle,De Atocha,51,,,,2,IZQ,28012,Madrid,HM-1757
Casa Huespedes,Casa Huespedes,Galaica,Calle,De Alcántara,16,,,,2-y-3,,28006,Madrid,HM-1768
Hostal,1-hostal,Las Torres,Calle,Del León,29,,,,2,,28014,Madrid,HM-1808
Pension,1-pension,Julia,Calle,De La Luna,30,,,,2,,28004,Madrid,HM-1813
Hostal,2-hostal,Maria Del Mar,Calle,Del Marqués Viudo De Pontejos,7,,,,3,,28012,Madrid,HM-1846
Pension,1-pension,Vallisoletana,Calle,De Zorrilla,9,,,,3,IZQ,28014,Madrid,HM-1852
Pension,1-pension,Ibias,Calle,De Atocha,90,,,,3,-,28012,Madrid,HM-5060
Pension,1-pension,Pio,Calle,De La Montera,21,,,,3,IZQ,28013,Madrid,HM-1867
Hostal,1-hostal,Don Pedro,Calle,De Guabairo,1,,,,Bajo,,28047,Madrid,HM-1873
Casa Huespedes,Casa Huespedes,Orense,Calle,De San Bernardino,10,,,,2,DCHA,,Madrid,HM-1906
Hostal,1-hostal,Casanova,Calle,De Lope De Vega,8,,,,1-2,,28014,Madrid,HM-1919
Pension,1-pension,Breogan,Calle,De Fuencarral,25,,,,2,IZQ,,Madrid,HM-3058
Hotel,2-hotel,Las Vegas,Carretera,Nacional-v (madrid-extremadura),"25,600",,,,,,28600,Navalcarnero,HM-3059
Hostal,1-hostal,Palma,Calle,De La Palma,17,,,,1,,28004,Madrid,HM-3068
Hostal,2-hostal,Ribadelago,Calle,De San Bernardino,10,,,,1,,28015,Madrid,HM-3134
Casa Huespedes,Casa Huespedes,Agape,Calle,De Veneras,2,,,,3,DCHA,28013,Madrid,HM-3137
Hostal,1-hostal,Rio,Calle,De La Cruz,26,,,,3,IZQ,28012,Madrid,HM-3140
Hostal,1-hostal,Diezmadrid,Calle,De La Cruz,26,,,,2,DCHA,28012,Madrid,HM-3161
Hostal,1-hostal,Palacios,Calle,De Fuencarral,25,,,,2,DCHA,28004,Madrid,HM-3172
Hotel,4-hotel,Melia Castilla,Calle,Del Poeta Joan Maragall,43,,,,,,28020,Madrid,HM-3175
Pension,2-pension,Room Pride,Calle,De San Bartolomé,2,,,,4,,28004,Madrid,HM-3195
Pension,1-pension,Marco Polo,Calle,De Juan Álvarez Mendizábal,44,,,,3,DCHA,28008,Madrid,HM-3198
Hostal,2-hostal,Rifer,Calle,Mayor,5,,,,4,,28013,Madrid,HM-3210
Hostal,2-hostal,Edelweys,Calle,De Donoso Cortés,55,,,,BAJO,,28015,Madrid,HM-3218
Hostal,1-hostal,Naranco,Calle,De La Puebla,6,,,,2,IZQ,28004,Madrid,HM-3220
Casa Huespedes,Casa Huespedes,La Canadiense,Calle,De La Madera,28,,,,2,DCHA,28004,Madrid,HM-3232
Pension,1-pension,Gibert,Calle,De La Victoria,6,,,,,,28012,Madrid,HM-3234
Casa Huespedes,Casa Huespedes,Chillon,Calle,De La Virgen De Aránzazu,1,,,,1,5 Y 6,28034,Madrid,HM-3237
Pension,2-pension,Carlos Xiii,Calle,De La Luna,12,,,,1-2,,28004,Madrid,HM-3240
Casa Huespedes,Casa Huespedes,Amigo,Plaza,De San Ildefonso,3,,,,1,,28004,Madrid,HM-3248
Hostal,3-hostal,Jc Room Santa Ana,Calle,De La Cruz,8,,,,1-2,IZQ,28012,Madrid,HM-3255
Casa Huespedes,Casa Huespedes,El Carmen,Calle,Del Manzanares,16,ENTERO,,,,,28100,Alcobendas,HM-3261
Hostal,2-hostal,Don Juan,Plaza,De Pedro Zerolo,1,,,,2,CENTRO,28004,Madrid,HM-3268
Hostal,2-hostal,Paloma,Plaza,De Poniente,2,ENTERO,,,,,28944,Fuenlabrada,HM-3271
Hostal,1-hostal,Paris,Calle,De La Montera,15,,,,2y-4,,28013,Madrid,HM-3278
Hostal,1-hostal,Retiro,Calle,De O'donnell,27,,,,5,IZQ,28009,Madrid,HM-3280
Casa Huespedes,Casa Huespedes,Vazquez,Calle,De La Virgen De Aránzazu,1,,,,2,,28034,Madrid,HM-3286
Hostal,1-hostal,Madrid Paris,Avenida,De Madrid,23,ENTERO,,,,,28730,Buitrago Del Lozoya,HM-3289
Hotel,5 Estrellas L,Villa Magna,Paseo,De La Castellana,22,,,,,,28046,Madrid,HM-3303
Hostal,2-hostal,Frankfurt,Carretera,M-501 (san Martín De Valdeiglesias),"25,00",ENTERO,,,,,28670,Villaviciosa De Odón,HM-3317
Pension,2-pension,Corbero,Calle,De Cervantes,34,,,,1,IZQ,28014,Madrid,HM-3321
Hotel,2-hotel,Abalu,Calle,Del Pez,19,,,,1,IZQ,28004,Madrid,HM-3328
Pension,1-pension,San Jose,Calle,De La Madera,7,,,,2,DCHA,28004,Madrid,HM-3332
Casa Huespedes,Casa Huespedes,Los Ancares,Calle,De Mejía Lequerica,3,,,,,,28004,Madrid,HM-3337
Hotel,4-hotel,City House Florida Norte By Faranda,Paseo,De La Florida,5,,,,,,28008,Madrid,HM-3351
Hostal,2-hostal,Don Juan Ii,Plaza,De Pedro Zerolo,1,,,,1,IZQ,28004,Madrid,HM-3353
Pension,1-pension,Macias,Calle,Real,30,,,,1-2,,28500,Arganda Del Rey,HM-3358
Casa Huespedes,Casa Huespedes,Good Stay Rooms,Calle,De Los Embajadores,1,,,,4,,,Madrid,HM-3360
Hostal,2-hostal,Trevinca,Calle,De Sagasta,23,,,,6,DCHA,28004,Madrid,HM-3364
Hostal,3-hostal,Alhambra De Luxe,Calle,De Espoz Y Mina,8,,,,3,DCHA,28012,Madrid,HM-3365
Casa Huespedes,Casa Huespedes,Miguelin,Avenida,De La Constitución,49,,,,1,B Y C,28931,Móstoles,HM-3368
Casa Huespedes,Casa Huespedes,Sateli,Calle,De La Puebla,14,,,,4,IZQ,28004,Madrid,HM-2455
Hostal,2-hostal,Miguel Angel,Calle,De San Mateo,21,,,,2,,28004,Madrid,HM-2464
Hostal,2-hostal,Maria Cristina,Calle,De Fuencarral,20,,,,1-2,,28004,Madrid,HM-2484
Pension,1-pension,Rios,Calle,De Juan Álvarez Mendizábal,44,,,,4,DCHA,28008,Madrid,HM-2486
Hostal,2-hostal,Medieval,Calle,De Fuencarral,46,,,,2,,28004,Madrid,HM-2499
Hotel,4-hotel,Gran Versalles,Calle,De Covarrubias,4,,,,,,28010,Madrid,HM-2502
Hotel,1-hotel,Jardin De Aranjuez,Calle,Del Príncipe,26,,,,,,28300,Aranjuez,HM-2506
Hostal,1-hostal,Bruselas,Calle,Pardo De Santallana,44,ENTERO,,,,,28400,Collado Villalba,HM-2512
Hotel,3-hotel,Eurostars Madrid Gran Vía,Calle,De Leganitos,13,,,,,,28013,Madrid,HM-2519
Pension,1-pension,Nersan,Calle,De Santa Engracia,41,,,,,,,Madrid,HM-2526
Hotel,2-hotel,Villa De Alcobendas,Bulevar,De Salvador Allende,10,,,,,,28108,Alcobendas,HM-2534
Casa Huespedes,Casa Huespedes,Toledo,Calle,Del Conde De Romanones,10,,,,3,IZQ,28012,Madrid,HM-2546
Casa Huespedes,Casa Huespedes,Linares,Plaza,Cervantes,28,ENTERO,,,,,28801,Alcalá De Henares,HM-2551
Hotel,3-hotel,Anaco,Calle,De Las Tres Cruces,3,,,,,,28013,Madrid,HM-2553
Casa Huespedes,Casa Huespedes,Papay,Calle,De Hernani,9,,,,4,,28020,Madrid,HM-2574
Pension,1-pension,Stadmadrid,Calle,Del Barco,10,,,,1,IZQ,28004,Madrid,HM-2579
Hotel,4-hotel,Liabeny,Calle,De La Salud,3,,,,,,28013,Madrid,HM-2584
Casa Huespedes,Casa Huespedes,El Castillo,Calle,De Las Tres Cruces,3,,,,,,28590,Villarejo De Salvanés,HM-2585
Hostal,1-hostal,Muñoz,Calle,De Andrés Borrego,14,,,,,,28004,Madrid,HM-2611
Hostal,2-hostal,Corazón De Madrid,Calle,De San Bartolomé,7,,,,1,,28004,Madrid,HM-2614
Casa Huespedes,Casa Huespedes,Cuenca,Plaza,De La Beata María Ana De Jesús,6,,,,1,,28045,Madrid,HM-2624
Casa Huespedes,Casa Huespedes,Abad-arija,Calle,Del Marqués De Santa Ana,23,,,,1-y-3,,28004,Madrid,HM-2642
Casa Huespedes,Casa Huespedes,Florez,Calle,De La Ballesta,12,,,,3,,28004,Madrid,HM-2643
Pension,1-pension,Central Palace Madrid,Plaza,De Oriente,2,,,,3,IZQ,28013,Madrid,HM-2644
Casa Huespedes,Casa Huespedes,La Glorieta,Calle,De Fuencarral,105,,,,5,,,Madrid,HM-2652
Casa Huespedes,Casa Huespedes,Loumar,Calle,Del Pez,7,,,,2,IZQ,28004,Madrid,HM-2663
Hostal,1-hostal,Met Madrid,Costanilla,De Santiago,2,,,,2,CENTRO,28013,Madrid,HM-2665
Hostal,3-hostal,Miravalle,Autovia,A-6,44,ENTERO,,,,,28440,Guadarrama,HM-2668
Hostal,1-hostal,Rusiñol,Calle,De San Antonio,76,,,,1,,28300,Aranjuez,HM-2673
Hostal,1-hostal,Las Sirenas,Calle,De Los Jardines,11,,,,1,DCHA,28013,Madrid,HM-2686
Hotel,4-hotel,Vincci Soma,Calle,De Goya,79,,,,,,28001,Madrid,HM-2690
Casa Huespedes,Casa Huespedes,Buenos Aires,Calle,Bilbao,23,,,,,,28701,San Sebastián De Los Reyes,HM-2697
Hostal,2-hostal,Alfaro,Calle,De Ventura De La Vega,16,,,,2-3,,28014,Madrid,HM-2711
Casa Huespedes,Casa Huespedes,Escude,Calle,De Barquillo,49,,,,1,CENTRO,28004,Madrid,HM-2717
Hotel,4-hotel,Hotel Claridge,Plaza,Del Conde De Casal,6,,,,,,28007,Madrid,HM-2719
Hotel,4-hotel,Ac Cuzco,Paseo,De La Castellana,133,,,,,,28046,Madrid,HM-2720
Hotel,5-hotel,Melia Madrid Princesa,Calle,De La Princesa,27,,,,,,28008,Madrid,HM-2741
Casa Huespedes,Casa Huespedes,Abel Victoriano,Calle,De San Bernardo,55,,,,1,DCHA,,Madrid,HM-2749
Casa Huespedes,Casa Huespedes,Muñoz Madroño,Calle,De Arriaza,3,,,,1-y-3,IZQDA,28008,Madrid,HM-2765
Pension,1-pension,Iberia,Calle,De La Libertad,6,,,,1,DCHA,28004,Madrid,HM-2773
Casa Huespedes,Casa Huespedes,El Fronton,Bulevar,De Salvador Allende,16,ENTERO,,,,,28108,Alcobendas,HM-2775
Hotel,3-hotel,Puerta De Toledo,Glorieta,De Puerta De Toledo,4,,,,,,28005,Madrid,HM-2796
Pension,1-pension,Piquio,Calle,De San Mateo,21,,,,3,,28004,Madrid,HM-2809
Hostal,1-hostal,Lopez,Calle,De Las Huertas,54,,,,1,,28014,Madrid,HM-2816
Pension,1-pension,Canal,Calle,De Las Huertas,4,,,,2,,,Madrid,HM-2824
Hostal,2-hostal,Universidad,Calle,De Andrés Mellado,51,,,,,,28015,Madrid,HM-2825
Pension,2-pension,Thc Latina Hostel,Calle,De Fray Ceferino González,1,,,,1,IZQ,28005,Madrid,HM-2835
Pension,1-pension,Berlin,Calle,De La Independencia,2,,,,1,DCHA,28013,Madrid,HM-2845
Hotel,4-hotel,Nh Eurobuilding,Calle,Del Padre Damián,23,,,,,,28036,Madrid,HM-2848
Hostal,1-hostal,Jacinto,Paseo,De La Estación,2,,,,1,D,28807,Alcalá De Henares,HM-2856
Hostal,1-hostal,La Montaña,Calle,De Juan Álvarez Mendizábal,44,,,,,,28008,Madrid,HM-2860
Hotel,3-hotel,Los Olivos-motel,Carretera,Andalucía,"12,700",,,,,,28906,Getafe,HM-2865
Casa Huespedes,Casa Huespedes,La Posada De El Chaflan,Avenida,De Pío Xii,34,,,,,,,Madrid,HM-2875
Casa Huespedes,Casa Huespedes,Encarnacion,Calle,De La Ballesta,26,,,,3,DCHA,28004,Madrid,HM-2877
Hotel,4-hotel,Eurostars Monte Real,Calle,De Arroyofresno,17,,,,,,28035,Madrid,HM-2878
Hotel,4-hotel,Mercure Madrid Plaza España,Calle,De Tutor,1,,,,,,28008,Madrid,HM-2901
Hostal,1-hostal,La Vera,Calle,De La Magdalena,21,,,,2,,28012,Madrid,HM-2913
Pension,1-pension,Fuencarral Rooms,Calle,De Fuencarral,39,,,,3,,,Madrid,HM-2919
Casa Huespedes,Casa Huespedes,Santa Gema,Calle,De Alcalá,131,,,,5,DHA,,Madrid,HM-2924
Pension,1-pension,Silvano,Calle,De Santa Teresa,10,,,,3,,28004,Madrid,HM-2926
Casa Huespedes,Casa Huespedes,Los Angeles,Calle,De Barbieri,10,,,,2,,28004,Madrid,HM-2931
Hostal,2-hostal,Rubio,Calle,Del Conde De Romanones,8,,,,5,,28012,Madrid,HM-2955
Hostal,2-hostal,Real Aranjuez,Calle,De Las Infantas,6,,,,1,,28300,Aranjuez,HM-2966
Casa Huespedes,Casa Huespedes,Tineo,Calle,De Redondilla,4,,,,1-Y-2,C,28005,Madrid,HM-2968
Pension,1-pension,Casa Chueca,Calle,De San Bartolomé,4,,,,2,IZQ,28004,Madrid,HM-2972
Casa Huespedes,Casa Huespedes,Casa Juanito,Avenida,Del Paular,29,,,,3,,28740,Rascafría,HM-2982
Hostal,1-hostal,San Martin,Plaza,De Anchuelas,5,,,,,,28680,San Martín De Valdeiglesias,HM-2988
Casa Huespedes,Casa Huespedes,Prada,Calle,De Juanelo,18,,,,1,IZQ,28012,Madrid,HM-3022
Hostal,1-hostal,Abami,Calle,De San Bernardo,55,,,,3,IZQ DCHA,28015,Madrid,HM-3025
Casa Huespedes,Casa Huespedes,Apolo Xi,Calle,De Espoz Y Mina,4 Y 6,,,,3,DCHA,28012,Madrid,HM-3031
Hotel,2-hotel,Hotel Madrid Rio,Calle,De Antonio López,168,,,,,,28026,Madrid,HM-3033
Hostal,3-hostal,Velazquez 45 By Pillow,Calle,De Velázquez,45,,,,5-6-7,,28001,Madrid,HM-3035
Hostal,1-hostal,Napoles,Calle,Nápoles,4,,,,1,,28912,Leganés,HM-3054
Hotel,4-hotel,Serrano,Calle,Del Marqués De Villamejor,8,,,,,,28006,Madrid,HM-3056
Hostal,2-hostal,Castilla Iii,Calle,Del Marqués Viudo De Pontejos,7,,,,4,,28012,Madrid,HM-3383
Hotel,3-hotel,El Bedel,Plaza,San Diego,8,,,,,,28801,Alcalá De Henares,HM-3386
Casa Huespedes,Casa Huespedes,Barcelo,Calle,De Barceló,1,,,,4,CENTRO,28004,Madrid,HM-3388
Casa Huespedes,Casa Huespedes,Moraleda,Calle,De Valverde,47,,,,2,IZQ DCHA,28004,Madrid,HM-3389
Hostal,2-hostal,Kryse,Calle,De Fuencarral,25,,,,1,IZQ,28004,Madrid,HM-3395
Casa Huespedes,Casa Huespedes,Los Mendozas,Paseo,De La Reina Cristina,8,,,,3,IZQ,28014,Madrid,HM-3396
Hotel,3-hotel,Ibis Styles Madrid Prado,Calle,Del Prado,11,,,,,,28014,Madrid,HM-3397
Casa Huespedes,Casa Huespedes,Sevilla Moreno,Calle,Mayor,68,,,,2,,28013,Madrid,HM-3399
Casa Huespedes,Casa Huespedes,Placer,Calle,De Dulcinea,61,,,,1,,28020,Madrid,HM-3403
Hostal,2-hostal,Santa Cruz,Plaza,De Santa Cruz,6,,,,2,,28012,Madrid,HM-3431
Casa Huespedes,Casa Huespedes,Preciados,Calle,De Preciados,42,,,,3,DCHA,28013,Madrid,HM-3436
Casa Huespedes,Casa Huespedes,Carmen,Calle,De La Ballesta,30,,,,3,,28004,Madrid,HM-3438
Hostal,3-hostal,Avenida,Calle,El Charco,4-6,ENTERO,,,,,28911,Leganés,HM-3446
Hostal,1-hostal,Rio Parana,Calle,De Espoz Y Mina,5,,,,3-4,IZQ,28012,Madrid,HM-3447
Pension,1-pension,Machin,Calle,De Valverde,9,,,,4,,28004,Madrid,HM-3455
Hostal,1-hostal,Prim,Calle,De Prim,15,,,,2,,28004,Madrid,HM-3464
Hostal,1-hostal,Prado,Calle,De Núñez De Arce,15,,,,2,,28012,Madrid,HM-3469
Hostal,1-hostal,Yusta,Avenida,De Pablo Iglesias,12,ENTERO,,,,,28270,Colmenarejo,HM-3748
Pension,1-pension,Graciela,Calle,De La Magdalena,8,,,,4,DCHA,28012,Madrid,HM-3751
Casa Huespedes,Casa Huespedes,Siete Monos,Calle,De Fuencarral,22,,,,2,DCHA,28004,Madrid,HM-3752
Hotel,4-hotel,Novotel Madrid Centro,Calle,De O'donnell,53,,,,,,,Madrid,HM-3757
Hostal,2-hostal,El Fronton,Bulevar,De Salvador Allende,16,ENTERO,,,,,28108,Alcobendas,HM-3765
Hostal,1-hostal,Alameda,Calle,Estación,4,,,,,,28296,Santa María De La Alameda,HM-3767
Hostal,1-hostal,Lido,Calle,De Echegaray,5,,,,2,IZQ,28014,Madrid,HM-3770
Hostal,2-hostal,Ginebra,Calle,De Fuencarral,17,,,,1,,28004,Madrid,HM-3774
Casa Huespedes,Casa Huespedes,Torrejon,Avenida,Constitución,78,,,,4,D,28850,Torrejón De Ardoz,HM-3777
Hostal,1-hostal,Bruña,Calle,De Moratín,50,,,,2,DCHA,28014,Madrid,HM-3779
Casa Huespedes,Casa Huespedes,Lyon,Calle,De Lope De Vega,13,,,,2D-3I,,28014,Madrid,HM-3787
Hostal,1-hostal,Los Alpes Ii,Calle,De Fuencarral,17,,,,4,,28004,Madrid,HM-3790
Casa Huespedes,Casa Huespedes,La Montañesa,Calle,De Arriaza,5,,,,1,IZQ,28008,Madrid,HM-3792
Casa Huespedes,Casa Huespedes,Gamarra,Calle,De Luis Gómez,3,,,,1,H,28025,Madrid,HM-3795
Hostal,1-hostal,Tudescos,Calle,De La Corredera Baja De San Pablo,1,,,,2,DCHA,28004,Madrid,HM-3801
Hostal,2-hostal,Antoxo,Calle,De Zorrilla,7,,,,2,IZQ,28014,Madrid,HM-3818
Casa Huespedes,Casa Huespedes,El Faro,Calle,De Manuel Jiménez,19,,,,,,28701,San Sebastián De Los Reyes,HM-3821
Casa Huespedes,Casa Huespedes,8 Rooms Madrid,Paseo,De La Reina Cristina,8,,,,2,DCHA,28014,Madrid,HM-3826
Hostal,1-hostal,Valladolid,Calle,Alfonso Senra,43,,,,1,,28440,Guadarrama,HM-3829
Hostal,2-hostal,Castilla,Calle,De Atocha,43,,,,2,D,28012,Madrid,HM-3842
Hostal,2-hostal,Cristina,Calle,Juan De Toledo,6,,,,,,28200,San Lorenzo De El Escorial,HM-3843
Hostal,2-hostal,Paracuellos,Calle,De Los Mártires De Paracuellos,36,,,,,,28860,Paracuellos De Jarama,HM-3847
Casa Huespedes,Casa Huespedes,Emilia,Avenida,Guadalajara,4,,,,2,IZQ,28805,Alcalá De Henares,HM-3852
Casa Huespedes,Casa Huespedes,Visa,Calle,De Pérez Galdós,7,,,,2,IZQ,28004,Madrid,HM-3854
Hostal,1-hostal,Canoa,Calle,De Silva,26,,,,1,,28004,Madrid,HM-3856
Hotel,4-hotel,Senator Barajas,Calle,Del Galeón,27,,,,,,28042,Madrid,HM-3859
Hostal,2-hostal,Viky,Calle,De Marte,2,,,,1-2,,28042,Madrid,HM-3864
Casa Huespedes,Casa Huespedes,Overnight Madrid,Calle,De La Princesa,45,,,,5,,28008,Madrid,HM-3871
Casa Huespedes,Casa Huespedes,Moncloa,Calle,Del Marqués De Urquijo,33,,,,3,,28008,Madrid,HM-3874
Hostal,2-hostal,Rivera,Calle,De Atocha,79,,,,1-2,,28012,Madrid,HM-3875
Hostal,1-hostal,Castilla,Calle,De Lima,1,,,,,,28944,Fuenlabrada,HM-3883
Pension,1-pension,El Hostal,Calle,De San Bernardo,55,,,,4,IZQ,,Madrid,HM-3898
Pension,1-pension,Main Street Madrid,Calle,Gran Vía,50,,,,5,DCHA,28013,Madrid,HM-3905
Casa Huespedes,Casa Huespedes,Easo,Calle,Gran Vía,64,,,,8,IZQ,28013,Madrid,HM-3908
Hostal,2-hostal,Ballesta,Calle,De La Ballesta,5,ENTERO,,,,,28004,Madrid,HM-3911
Hostal,2-hostal,Goyma,Calle,De Gonzalo De Córdoba,11,ENTERO,,,,,28830,San Fernando De Henares,HM-3912
Casa Huespedes,Casa Huespedes,Anna,Calle,De Preciados,36,,,,4,DCHA,28013,Madrid,HM-3915
Pension,1-pension,Galicia,Calle,La Arboleda,20,ENTERO,,,,,28921,Alcorcón,HM-3918
Hostal,2-hostal,El Aribel,Calle,De Emilio Serrano,71,ENTERO,,,,,28470,Cercedilla,HM-3919
Casa Huespedes,Casa Huespedes,Fleming,Plaza,De Ortega Y Gasset,2,,,,1,F,28821,Coslada,HM-3920
Hostal,2-hostal,Fuencarral Zamoran,Calle,De Fuencarral,18,,,,2,IZQ,28004,Madrid,HM-3930
Hostal,2-hostal,Mayor,Calle,Mayor,5,,,,3,,28013,Madrid,HM-3931
Hostal,2-hostal,Avenida,Calle,Gran Vía,15,,,,4,A,28013,Madrid,HM-3935
Casa Huespedes,Casa Huespedes,Emisa,Paseo,Del Arenero,1,,,,BAJO,,28840,Mejorada Del Campo,HM-3944
Hostal,2-hostal,Castilla,Carretera,De Andalucía,98,ENTERO,,,,,28300,Aranjuez,HM-3958
Casa Huespedes,Casa Huespedes,Bienvenido,Calle,De Cádiz,5,,,,,,28320,Pinto,HM-3473
Pension,1-pension,La Vega Infantas,Calle,De Las Infantas,30,,,,,,28004,Madrid,HM-3488
Pension,1-pension,Fresnedillas,Calle,Del Real,53,ENTERO,,,,,28214,Fresnedillas De La Oliva,HM-3503
Hostal,1-hostal,J.B.,Calle,De Blasco De Garay,36,,,,5,,28015,Madrid,HM-3506
Casa Huespedes,Casa Huespedes,Casillas,Calle,De Hortaleza,4,,,,4,DCHA,28004,Madrid,HM-3518
Hotel,4-hotel,Zenit Abeba,Calle,De Alcántara,63,,,,,,28006,Madrid,HM-3525
Hotel,4-hotel,Melia Madrid Serrano,Calle,De Claudio Coello,139,,,,,,28006,Madrid,HM-3527
Pension,1-pension,Zabala,Calle,De La Magdalena,21,,,,2,IZQ,28012,Madrid,HM-3530
Casa Huespedes,Casa Huespedes,Nevado,Calle,Del Duque De Liria,7,,,,2,DCHA,28015,Madrid,HM-3532
Pension,1-pension,La Estrella,Calle,De La Estrella,5,,,,2,DCHA,28004,Madrid,HM-3534
Hostal,1-hostal,La Hispalense,Calle,De Las Fuentes,12,,,,2,IZQ,28013,Madrid,HM-3536
Casa Huespedes,Casa Huespedes,Las Fuentes,Calle,De Las Fuentes,10,,,,1D-2I,,28013,Madrid,HM-3537
Casa Huespedes,Casa Huespedes,Gago,Calle,De Guzmán El Bueno,9,,,,2,DCHA,,Madrid,HM-3544
Pension,1-pension,Inn Madrid,Calle,De Mesonero Romanos,10,,,,4,IZQ,,Madrid,HM-3546
Hostal,1-hostal,Thc Tirso De Molina,Calle,Del Mesón De Paredes,9,ENTERO,,,,,28012,Madrid,HM-3548
Hostal,1-hostal,Palma 61,Calle,De La Palma,61,,,,1,,28015,Madrid,HM-3553
Hostal,1-hostal,Castilla,Calle,De Santa Teresa,9,,,,3,DCHA,28004,Madrid,HM-3557
Hostal,2-hostal,Don Alfonso,Plaza,Del Celenque,1,,,,2-3-4,,28013,Madrid,HM-3558
Casa Huespedes,Casa Huespedes,Adeco Ii,Calle,De Gaztambide,46,,,,4,IZQ,28015,Madrid,HM-3566
Hostal,1-hostal,Mayte,Avenida,De Madrid,5,,,,,,28491,Navacerrada,HM-3567
Casa Huespedes,Casa Huespedes,Luz,Calle,De Las Fuentes,10,,,,3,,28013,Madrid,HM-3576
Casa Huespedes,Casa Huespedes,Denver,Calle,De San Bernardino,8,,,,,,28015,Madrid,HM-3579
Pension,1-pension,Adeco,Calle,De Fuencarral,27,,,,2,,,Madrid,HM-3587
Pension,1-pension,El Bao,Calle,De La Espada,6,,,,3,DCHA,28012,Madrid,HM-3590
Casa Huespedes,Casa Huespedes,Nicolas,Calle,Del Álamo,4,,,,,,28660,Boadilla Del Monte,HM-3602
Hotel-apart.,4-hotel-apart.,Nh Eurobuilding (eurosuites),Calle,De Juan Ramón Jiménez,8,,,,,,28036,Madrid,HM-3606
Casa Huespedes,Casa Huespedes,Jose,Calle,De Fuencarral,31,,,,2,,,Madrid,HM-3607
Pension,1-pension,Yañez,Calle,De La Espada,6,,,,,,28012,Madrid,HM-3609
Pension,1-pension,Foster,Calle,De La Estrella,5,,,,2,IZQ,28004,Madrid,HM-3610
Hotel,3-hotel,Madrid Chamartín Affiliated By Meliá,Calle,De Mauricio Ravel,10,,,,,,28046,Madrid,HM-3613
Casa Huespedes,Casa Huespedes,Gonzalez,Calle,De San Bernardino,15,,,,2,IZQ,28015,Madrid,HM-3616
Casa Huespedes,Casa Huespedes,R. C.,Calle,De Loreto Y Chicote,5,,,,1,IZQ,28004,Madrid,HM-3617
Pension,1-pension,Romero,Calle,De La Estrella,5,,,,3,DCHA,28004,Madrid,HM-3632
Hostal,2-hostal,Olga,Calle,De Zorrilla,13,,,,1-BAJ,,28014,Madrid,HM-3635
Casa Huespedes,Casa Huespedes,Remi,Calle,De Los Jardines,11,,,,2,IZQ,28013,Madrid,HM-3641
Pension,1-pension,Vaquero,Calle,Del Postigo De San Martín,5,,,,3,,28013,Madrid,HM-3642
Pension,1-pension,Conde De Alba,Calle,De Juan Álvarez Mendizábal,44,,,,2,DCHA,28008,Madrid,HM-3644
Casa Huespedes,Casa Huespedes,La Palmera,Travesia,De San Mateo,6,,,,3,DRCHA,28004,Madrid,HM-3666
Hotel,2-hotel,Los Cerezo,Autovia,Nacional I (madrid-irún),"87,8",,,,,,28755,Horcajo De La Sierra-aoslos,HM-3681
Casa Huespedes,Casa Huespedes,Santa Barbara,Calle,De Santa Bárbara,1,,,,1,DCHA,28004,Madrid,HM-3684
Hotel,3-hotel,El Labrador Gran Hotel,Carretera,Nacional-v (madrid-extremadura),"36,800",,,,,,28600,Navalcarnero,HM-3710
Hostal,1-hostal,San Jose,Calle,Doctor Menéndez,2,ENTERO,,,,,28640,Cadalso De Los Vidrios,HM-3714
Pension,1-pension,Dominguez,Calle,De Santa Brígida,1,,,,1,DCHA,28004,Madrid,HM-3715
Hotel,5-hotel,Miguel Angel,Calle,De Miguel Ángel,29,,,,,,28010,Madrid,HM-3720
Hostal,1-hostal,Corona,Calle,De La Libertad,4,,,,1,,28004,Madrid,HM-3721
Casa Huespedes,Casa Huespedes,Anna,Calle,De La Espada,6,,,,2,DCHA,28012,Madrid,HM-3722
Hostal,1-hostal,Numancia,Calle,De La Magdalena,8,,,,5,IZQ,28012,Madrid,HM-3723
Hostal,2-hostal,Oriente Ii,Calle,Del Arenal,23,,,,2,IZQ,28013,Madrid,HM-3727
Hostal,1-hostal,Fernandez,Calle,Del León,10,,,,1,,28014,Madrid,HM-3730
Hostal,2-hostal,Atocha Almudena Martin,Calle,De Atocha,43,,,,3,IZQ,28012,Madrid,HM-3736
Hostal,2-hostal,El Extremeño,Avenida,De España,78,,,,,,28630,Villa Del Prado,HM-3738
Hotel,3-hotel,La Corredera,Calle,De La Corredera Alta,28,,,,,,28680,San Martín De Valdeiglesias,HM-4142
Hostal,3-hostal,El Chiscon,Calle,De Los Frailes,91,ENTERO,,,,,28770,Colmenar Viejo,HM-4145
Casa Huespedes,Casa Huespedes,Nancy,Calle,De Fuencarral,31,,,,3,IZQ,,Madrid,HM-4147
Pension,1-pension,Boston Ii,Calle,De La Libertad,14,,,,BAJO,,28840,Mejorada Del Campo,HM-4150
Hostal,1-hostal,Gala,Costanilla,De Los Ángeles,15,,,,2,,28013,Madrid,HM-4151
Pension,2-pension,Artico,Calle,De Gaztambide,57,,,,6,A,,Madrid,HM-4152
Hostal,2-hostal,Mirasierra,Calle,De San Sebastián,5,ENTERO,,,,,28720,Bustarviejo,HM-4153
Hostal,2-hostal,Plaza,Plaza,De La Constitución,2,,,,,,28341,Valdemoro,HM-4154
Hostal,3-hostal,Carlos Iii,Calle,Velasco,7,ENTERO,,,,,28901,Getafe,HM-4155
Hostal,2-hostal,Regio,Calle,De La Chinchilla,4,,,,3,DCHA,28013,Madrid,HM-4156
Hotel,1-hotel,Montejo,Calle,De Los Zarzales,S/N,,,,,,28190,Montejo De La Sierra,HM-4158
Hostal,3-hostal,4c Cuatro Caminos,Calle,De Los Artistas,7,ENTERO,,,,,28020,Madrid,HM-4159
Hotel,1-hotel,Hospederia El Arco,Calle,Del Arco,6,,,,,,28739,Villavieja Del Lozoya,HM-4161
Hostal,3-hostal,Sala,Carretera,Carretera De Los Molinos,1,ENTERO,,,,,28440,Guadarrama,HM-4162
Hotel,3-hotel,Partner Cisneros,Paseo,De Pastrana,32,,,,,,28803,Alcalá De Henares,HM-4164
Casa Huespedes,Casa Huespedes,Villanueva,Calle,Real,33,,,,,,28229,Villanueva Del Pardillo,HM-4165
Hostal,2-hostal,Buitrago Del Lozoya,Calle,De La Soledad,4,ENTERO,,,,,28730,Buitrago Del Lozoya,HM-4166
Hostal,1-hostal,Hermanos Sanchez,Plaza,Constitución,8,ENTERO,,,,,28210,Valdemorillo,HM-4167
Hotel,1-hotel,El Ancla,Calle,Camargo,7,,,,,,28691,Villanueva De La Cañada,HM-4168
Hostal,3-hostal,Oriente,Calle,Del Arenal,23,,,,1,IZQ,28013,Madrid,HM-4171
Hotel,3-hotel,Cazadora,Avenida,De La Hispanidad,12,,,,,,28042,Madrid,HM-4172
Hotel,4-hotel,Torre Hogar,Avenida,Constitución,96,,,,,,28850,Torrejón De Ardoz,HM-4173
Pension,1-pension,Paquita,Calle,De Lacoma,5,,,,,,28035,Madrid,HM-4175
Casa Huespedes,Casa Huespedes,Amanda,Calle,De Fuencarral,16,,,,1,,,Madrid,HM-4177
Pension,1-pension,Venecia,Calle,Del Hospital,26,,,,2-y-3,,28320,Pinto,HM-4180
Hostal,2-hostal,Studio 2002,Calle,De Sandro Pertini,5,,,,,,28695,Navas Del Rey,HM-4181
Hotel,1-hotel,Algete,Calle,San Roque,25,,,,,,28110,Algete,HM-4182
Hostal,2-hostal,Las Dos Erres,Avenida,De Marcial Llorente,23,,,,,,28696,Pelayos De La Presa,HM-4183
Casa Huespedes,Casa Huespedes,Santa Ana,Calle,De Francisco De Rojas,3,,,,3,IZQ,28010,Madrid,HM-4185
Hostal,3-hostal,Alcala,Calle,De Las Cambroneras,4,ENTERO,,,,,28750,San Agustín Del Guadalix,HM-4186
Hostal,2-hostal,Puerta Bonita,Calle,De Las Humanitarias,21,ENTERO,,,,,28025,Madrid,HM-4187
Pension,1-pension,Cuitusa,Calle,De Oñate,3,,,,1,,28020,Madrid,HM-4188
Pension,1-pension,La Isla,Calle,De Veneras,2,,,,,,28013,Madrid,HM-4190
Hotel,3-hotel,Prado Real,Colonia,Del Prado,8,,,,,,28791,Soto Del Real,HM-4191
Hostal,1-hostal,Eboli,Avenida,De Los Reyes Católicos,8,,,,BAJA,,28280,"Escorial, El",HM-4192
Hostal,2-hostal,Los Angeles,Calle,Del Miño,14,ENTERO,,,,,28100,Alcobendas,HM-4193
Hostal,3-hostal,La Posada,Paseo,De Los Álamos,6,ENTERO,,,,,28792,Miraflores De La Sierra,HM-4197
Hotel,4-hotel,Parquesur,Avenida,Gran Bretaña,S/N,,,,,,28916,Leganés,HM-4201
Hotel,2-hotel,Concordy,Avenida,Del Padre Huidobro,10,,,,,,28040,Madrid,HM-4203
Pension,1-pension,Ava Rooms,Calle,De Fuencarral,17,,,,3,IZQ,,Madrid,HM-4204
Pension,1-pension,Colorin,Calle,Curato,14,,,,1,,28460,"Molinos, Los",HM-4206
Hostal,2-hostal,Moncloa,Calle,De Hilarión Eslava,16,,,,,,28015,Madrid,HM-4207
Hotel,4-hotel,Sierra Real,Calle,De La Primavera,20,,,,,,28430,Alpedrete,HM-4209
Pension,1-pension,La Pared,Calle,Madrid,5,ENTERO,,,,,28813,Torres De La Alameda,HM-4210
Hotel,3-hotel,Jardin Tres Cantos,Avenida,De Los Encuartes,17,,,,,,28760,Tres Cantos,HM-4211
Pension,1-pension,Bianco Ii,Calle,De Atocha,81,,,,5,IZQ,28012,Madrid,HM-4212
Pension,1-pension,Castilla,Calle,Tenerías,2,,,,BAJO,,28342,Valdemoro,HM-4214
Hostal,2-hostal,El Rocio,Calle,De José Venancio Garvia Díaz,17,,,,,,28977,Casarrubuelos,HM-4216
Hostal,3-hostal,Acapulco,Calle,De La Salud,13,,,,4,IZQ,28013,Madrid,HM-4219
Hotel,2-hotel,Mirador Del Rio,Calle,De Los Ebanistas,9,,,,,,28891,Velilla De San Antonio,HM-4221
Hotel,1-hotel,Miraflores,Calle,De Miraflores,9,,,,,,28100,Alcobendas,HM-4225
Hostal,1-hostal,Formule 1,Carretera,Andalucía,"16,200",,,,,,28906,Getafe,HM-4226
Hotel,2-hotel,Ciudad De Alcala,Calle,Cánovas Del Castillo,4,,,,,,28807,Alcalá De Henares,HM-4227
Casa Huespedes,Casa Huespedes,Galan,Calle,De Preciados,36,,,,3,C,28013,Madrid,HM-4229
Casa Huespedes,Casa Huespedes,Roma,Plaza,De Santa Bárbara,8,,,,2,IZQ,28004,Madrid,HM-4230
Casa Huespedes,Casa Huespedes,Paracuellos,Calle,Real,36,ENTERO,,,,,28860,Paracuellos De Jarama,HM-4231
Hostal,1-hostal,La Union,Calle,De Los Metales,62,,,,1,,28970,Humanes De Madrid,HM-4233
Hotel,1-hotel,Don Luis,Calle,De La Maestra María Del Rosario,16,,,,,,28320,Pinto,HM-4235
Hostal,1-hostal,Ruben,Calle,Vistalegre,13,ENTERO,,,,,28270,Colmenarejo,HM-4236
Casa Huespedes,Casa Huespedes,Aranzazu Iii,Calle,De La Virgen De Aránzazu,17,,,,BAJO,,28034,Madrid,HM-4237
Hostal,3-hostal,Madrid Chipen,Calle,Primavera,37,,,,1,,28850,Torrejón De Ardoz,HM-4239
Hostal,2-hostal,Cervantes,Calle,De Cervantes,34,,,,2,,28014,Madrid,HM-3966
Hotel,4-hotel,Holiday Inn Madrid-bernabeu,Plaza,De Carlos Trias Bertrán,4,,,,,,28020,Madrid,HM-3972
Hostal,1-hostal,Cervantes,Calle,Luis Planelles,10,ENTERO,,,,,28341,Valdemoro,HM-3978
Hostal,1-hostal,Aresol,Calle,Del Arenal,6,,,,3,,28013,Madrid,HM-3982
Pension,1-pension,Rodriguez,Calle,Mayor,14,,,,4,DCHA,28013,Madrid,HM-3983
Hostal,3-hostal,Colorines,Calle,Real,110,ENTERO,,,,,28743,Canencia,HM-3985
Pension,2-pension,Ana Belen,Calle,De Espoz Y Mina,2,,,,4,,28012,Madrid,HM-3987
Hotel,3-hotel,Galaico,Avenida,Juan Carlos I,45,,,,,,28400,Collado Villalba,HM-3990
Hotel,4-hotel,Novotel Ibis Styles Madrid City Las Ventas,Calle,De Albacete,1,,,,,,28027,Madrid,HM-3991
Pension,1-pension,Loyola,Calle,De La Madera,1,,,,3,DCHA,28004,Madrid,HM-3992
Hostal,2-hostal,Arba,Calle,De Huesca,37,ENTERO,,,,,28100,Alcobendas,HM-3993
Hotel,3-hotel,Hotel Los Condes,Calle,De Los Libreros,7,,,,,,28004,Madrid,HM-3994
Casa Huespedes,Casa Huespedes,Aldearrubia,Calle,De La Madera,7,,,,1,DCHA,28004,Madrid,HM-3998
Casa Huespedes,Casa Huespedes,Barral,Calle,De La Constelación,5,,,,,,28042,Madrid,HM-4002
Pension,1-pension,Stadmadrid Ii,Calle,Del Barco,10,,,,3,DCHA,28004,Madrid,HM-4003
Hotel,4-hotel,Nh Principe De Vergara,Calle,Del Príncipe De Vergara,92,,,,,,28006,Madrid,HM-4009
Hotel,2-hotel,El Figon De Raul,Avenida,De Madrid,19,,,,,,28750,San Agustín Del Guadalix,HM-4010
Hostal,2-hostal,Piquio,Paseo,Molino Del Rey,1,ENTERO,,,,,28440,Guadarrama,HM-4011
Hostal,1-hostal,Boston,Avenida,De La Constitución,29,,,,BAJO,,28840,Mejorada Del Campo,HM-4012
Casa Huespedes,Casa Huespedes,Pilar,Paseo,De Las Delicias,154,,,,1,DCHA,28045,Madrid,HM-4014
Hotel,2-hotel,Los Calizos,Avenida,De Miraflores,30,,,,,,28740,Rascafría,HM-4018
Hostal,3-hostal,Tres Cantos,Avenida,De Viñuelas,39,ENTERO,,,,,28760,Tres Cantos,HM-4019
Hotel,5-hotel,Nh Madrid Balboa,Calle,De Núñez De Balboa,112,,,,,,28006,Madrid,HM-4020
Hostal,2-hostal,Sol,Calle,Mayor,7,,,,1-2,,28794,Guadalix De La Sierra,HM-4021
Hostal,1-hostal,Bellver,Calle,De Las Monjas,14,,,,,,28320,Pinto,HM-4023
Hotel,5-hotel,Villa Real,Plaza,De Las Cortes,10,,,,,,28014,Madrid,HM-4027
Casa Huespedes,Casa Huespedes,Victoria-sol,Calle,De La Victoria,2,,,,4,,28012,Madrid,HM-4029
Casa Huespedes,Casa Huespedes,Internacional Ii,Calle,De Magallanes,14,,,,3,,28015,Madrid,HM-4033
Hostal,3-hostal,Santa Barbara,Calle,Goya,1,ENTERO,,,,,28400,Collado Villalba,HM-4035
Hotel,3-hotel,Best Western Hotel Florida,Calle,Floridablanca,12,,,,,,28200,San Lorenzo De El Escorial,HM-4041
Hostal,3-hostal,Los Angeles,Calle,Del Manzanares,4,ENTERO,,,,,28100,Alcobendas,HM-4042
Hostal,2-hostal,Gaudi,Calle,De Hortaleza,17,,,,1,,28004,Madrid,HM-4043
Casa Huespedes,Casa Huespedes,Los Cazadores,Calle,Del Puerto De Alazores,32,,,,,,28031,Madrid,HM-4044
Pension,1-pension,Naranjo,Calle,Del Doctor Cortezo,15,,,,2,DCHA,28012,Madrid,HM-4047
Hostal,1-hostal,La Perla,Calle,Luna,12,ENTERO,,,,,28691,Villanueva De La Cañada,HM-4048
Hotel,4-hotel,Majadahonda,Carretera,Boadilla,"7,300",,,,,,28220,Majadahonda,HM-4051
Hotel,3-hotel,Las Estrellas,Calle,Estrellas,73,,,,,,28350,Ciempozuelos,HM-4052
Hotel,2-hotel,Parque Real,Calle,Del Padre Damián,4,,,,,,28410,Manzanares El Real,HM-4053
Pension,1-pension,Bianco,Calle,De Atocha,81,,,,,,28012,Madrid,HM-4054
Hotel,1-hotel,Tres Arcos,Calle,Juan De Toledo,42,,,,,,28200,San Lorenzo De El Escorial,HM-4057
Hotel,3-hotel,Best Western Hotel Villa De Barajas,Avenida,De Logroño,331,,,,,,28042,Madrid,HM-4059
Casa Huespedes,Casa Huespedes,Aranzazu,Calle,De La Virgen De Aránzazu,19,,,,1,,28034,Madrid,HM-4062
Hotel,5-hotel,Ac Santo Mauro,Calle,De Zurbano,36,,,,,,28010,Madrid,HM-4064
Casa Huespedes,Casa Huespedes,Cabrera,Calle,De La Colegiata,18,,,,2,IZQ,28012,Madrid,HM-4066
Hotel,3-hotel,Nuevo Chinchon,Calle,De Doña Francisca Y Don Francisco Fausto,45,,,,,,28370,Chinchón,HM-4068
Hotel,4-hotel,Zenit Conde De Orgaz,Calle,Del Moscatelar,24,,,,,,28043,Madrid,HM-4069
Hotel,4-hotel,Nh La Habana,Paseo,De La Habana,73,,,,,,28036,Madrid,HM-4070
Hostal,2-hostal,Chinchon,Calle,Grande,16,ENTERO,,,,,28370,Chinchón,HM-4071
Pension,2-pension,La Playa,Calle,De La Victoria,2,,,,4,IZQ,28012,Madrid,HM-4074
Pension,1-pension,Daganzo,Camino,Ancho,9,,,,,,28814,Daganzo De Arriba,HM-4075
Hostal,3-hostal,Azul,Avenida,De España,57,ENTERO,,,,,28710,"Molar, El",HM-4076
Hotel,4-hotel,La Casa Grande,Calle,Madrid,2,,,,,,28850,Torrejón De Ardoz,HM-4078
Hostal,1-hostal,El Peine,Calle,Soledad,12,,,,1-y-2,,28850,Torrejón De Ardoz,HM-4079
Hotel,5-hotel,Gran Melia Palacio De Los Duques,Cuesta,De Santo Domingo,5,,,,,,28013,Madrid,HM-4081
Hostal,2-hostal,Miguel De Cervantes,Calle,La Imagen,12,ENTERO,,,,,28801,Alcalá De Henares,HM-4082
Pension,1-pension,Almays,Calle,La Paz,21,,,,1,,28210,Valdemorillo,HM-4084
Casa Huespedes,Casa Huespedes,Amelia,Calle,De Moratín,39,,,,2,DCHA,28014,Madrid,HM-4085
Hotel,2-hotel,Praderon,Calle,De La Isla De La Palma,8,,,,,,28703,San Sebastián De Los Reyes,HM-4089
Hostal,2-hostal,Lady Ana Maria,Calle,Nicolasa Fernández,1,ENTERO,,,,,28400,Collado Villalba,HM-4091
Hotel,1-hotel,Los Hueros,Camino,De La Isabela,8,,,,,,28810,Villalbilla,HM-4092
Hotel,4-hotel,Diana Plus,Carretera,De Villaverde A Vallecas,"3,500",,,,,,28053,Madrid,HM-4093
Hotel,2-hotel,Erase Un Hotel,Calle,De Bravo Murillo,304,,,,,,28020,Madrid,HM-4094
Casa Huespedes,Casa Huespedes,"Cañada, 57",Avenida,De La Cañada,57,,,,Bj-1,,,Coslada,HM-4097
Pension,1-pension,Lago,Calle,De La Iglesia,S/N,ENTERO,,,,,28193,Cervera De Buitrago,HM-4099
Casa Huespedes,Casa Huespedes,Aranzazu,Calle,De La Virgen De Aránzazu,17,,,,1,D,28034,Madrid,HM-4100
Hostal,2-hostal,Colon,Calle,De Fernando Barrachina,24,ENTERO,,,,,28904,Getafe,HM-4101
Hostal,2-hostal,Astoria,Carrera,De San Jerónimo,30,,,,5,,28014,Madrid,HM-4103
Hostal,1-hostal,San Pedro,Calle,De San Pedro,10,ENTERO,,,,,28823,Coslada,HM-4109
Casa Huespedes,Casa Huespedes,K Aribia,Calle,De San Pedro,56,ENTERO,,,,,28823,Coslada,HM-4111
Pension,1-pension,San Pablo,Calle,Granados,27,,,,1,,28850,Torrejón De Ardoz,HM-4112
Hotel,4-hotel,Melia Avenida America,Calle,De Juan Ignacio Luca De Tena,36,,,,,,28027,Madrid,HM-4115
Hotel,3-hotel,Rafael Hoteles Piramides,Paseo,De Las Acacias,40,,,,,,28005,Madrid,HM-4116
Hotel,4-hotel,Nh Lagasca,Calle,De Lagasca,64,,,,,,28001,Madrid,HM-4117
Hotel,3-hotel,Leonardo Boutique Hotel Madrid,Calle,De Vallehermoso,65,,,,,,28015,Madrid,HM-4118
Hotel,4-hotel,Nh Ventas,Calle,De Biarritz,2,,,,,,28028,Madrid,HM-4120
Hotel,2-hotel,Madrid Torrejon Plaza,Avenida,Constitución,21,,,,,,28850,Torrejón De Ardoz,HM-4121
Hotel,2-hotel,Henares,Avenida,Constitución,128,,,,,,28850,Torrejón De Ardoz,HM-4122
Hotel,4-hotel,Novotel Madrid Feria & Airport Deluxe Hub,Calle,De Amsterdam,3,,,,,,28042,Madrid,HM-4123
Hotel,4-hotel,Pullman Madrid Airport & Feria,Avenida,De La Capital De España Madrid,10,,,,,,28042,Madrid,HM-4124
Hostal,2-hostal,Juanito,Calle,Del Pilar,21,ENTERO,,,,,28934,Móstoles,HM-4125
Hotel,3-hotel,La Cerca,Calle,De La Cerca,9,,,,,,28370,Chinchón,HM-4126
Hotel,4-hotel,Via Castellana,Paseo,De La Castellana,220,,,,,,28046,Madrid,HM-4129
Hostal,2-hostal,Don Juan I,Calle,Don Juan I,9,ENTERO,,,,,28807,Alcalá De Henares,HM-4130
Casa Huespedes,Casa Huespedes,Goyma Ii,Calle,De Gonzalo De Córdoba,21,,,,,,28830,San Fernando De Henares,HM-4131
Hotel,1-hotel,El Tiempo Perdido,Travesia,Del Ayuntamiento,5,,,,,,28189,Patones,HM-4133
Hotel,4-hotel,Inhala Hotel Garden,Calle,De San Bernardo,1,,,,,,28013,Madrid,HM-4135
Pension,3-pension,El Rocio,Calle,Del Mesón,20,,,,1-y-2,,28860,Paracuellos De Jarama,HM-4137
Hotel,3-hotel,Avenida De España,Avenida,España,18,,,,,,28941,Fuenlabrada,HM-4138
Hotel,2-hotel,Victoria,Calle,Ruiz De Alda,6,,,,,,28342,Valdemoro,HM-4140
Pension,3-pension,El Cenador De Salvador,Calle,De España,30,ENTERO,,,,,28411,Moralzarzal,HM-4240
Hostal,1-hostal,La Hipica,Calle,Real,32,,,,,,28500,Arganda Del Rey,HM-4241
Hotel,3-hotel,Leonardo Hotel Madrid City Center,Calle,De Alberto Aguilera,18,,,,,,28015,Madrid,HM-4242
Hotel,3-hotel,Duque,Avenida,De La Estación,65,,,,,,28293,Zarzalejo,HM-4243
Casa Huespedes,Casa Huespedes,Las Torres,Calle,De La Isla Graciosa,19,,,,8,A,28034,Madrid,HM-4249
Casa Huespedes,Casa Huespedes,Cardus,Cuesta,De San Vicente,8,,,,2,IZQ,,Madrid,HM-4250
Hostal,1-hostal,El Molino,Calle,Escofina,14,ENTERO,,,,,28400,Collado Villalba,HM-4251
Hostal,1-hostal,La Alameda,Avenida,República Argentina,7,,,,,,28950,Moraleja De Enmedio,HM-4252
Hotel,3-hotel,El Palacete De La Ochava,Calle,Alcalá,65,,,,,,28511,Valdilecha,HM-4253
Hotel,2-hotel,Nh Barajas,Calle,De Catamarán,1,,,,,,28042,Madrid,HM-4254
Hostal,3-hostal,El Rey De Oros,Carretera,M-114,7,ENTERO,,,,,28863,Cobeña,HM-4255
Hostal,1-hostal,Pepe's,Autovia,A-6,"52,5",,,,,,28440,Guadarrama,HM-4257
Hostal,1-hostal,Doña Isabel,Calle,Viento,15,,,,1-y-2,,28220,Majadahonda,HM-4258
Casa Huespedes,Casa Huespedes,El Pazo,Calle,De La Lonja,10,,,,2,A C D,28260,Galapagar,HM-4259
Hotel,2-hotel,Cadalso,Calle,Ronda De La Sangre,22,,,,,,28640,Cadalso De Los Vidrios,HM-4260
Pension,1-pension,Alaska,Calle,De Espoz Y Mina,7,,,,4,DCHA,28012,Madrid,HM-4261
Pension,1-pension,Colmenar,Calle,De Goya,14,ENTERO,,,,,28380,Colmenar De Oreja,HM-4263
Hostal,2-hostal,Adriano,Calle,De La Cruz,26,,,,4,DCHA,28012,Madrid,HM-4264
Pension,1-pension,Posada De Salamanca,Calle,Juan De Herrera,3,,,,,,28609,Sevilla La Nueva,HM-4265
Casa Huespedes,Casa Huespedes,La Imprenta,Avenida,Julián Sánchez,3,ENTERO,,,,,28140,Fuente El Saz De Jarama,HM-4266
Casa Huespedes,Casa Huespedes,Mayor,Calle,Mayor,7,ENTERO,,,,,28140,Fuente El Saz De Jarama,HM-4269
Hostal,2-hostal,Gran Duque,Calle,De Campomanes,6,,,,3,,28013,Madrid,HM-4270
Pension,2-pension,El Aprisco,Avenida,Del Villar,19,ENTERO,,,,,28754,Puentes Viejas,HM-4271
Hotel,3-hotel,Ibis Madrid Alcala La Garena,Calle,Antonio Suárez,8,,,,,,28802,Alcalá De Henares,HM-4272
Hotel,4-hotel,Amura Alcobendas,Avenida,De Valdelaparra,2,,,,,,28108,Alcobendas,HM-4360
Hotel,2-hotel,Infanta Mercedes,Calle,De Huesca,21,,,,,,28020,Madrid,HM-4362
Hotel,4-hotel,Preciados,Calle,De Preciados,37,,,,,,28013,Madrid,HM-4363
Hostal,3-hostal,Artico,Calle,De Donoso Cortés,69,,,,1,A,28015,Madrid,HM-4364
Hotel-apart.,4-hotel-apart.,Foxa M-30 Suites & Resort,Calle,De Serrano Galvache,14,,,,,,28033,Madrid,HM-4365
Hotel,5-hotel,Hesperia Madrid,Paseo,De La Castellana,57,,,,,,28046,Madrid,HM-4366
Pension,1-pension,Gema I,Avenida,Del Doctor Manuel Jarabo,47,,,,,,28330,San Martín De La Vega,HM-4367
Hotel,4-hotel,Exe Getafe,Calle,Chamberlain,1,,,,,,28907,Getafe,HM-4368
Hostal,3-hostal,Miau,Calle,Del Príncipe,26,ENTERO,,,,,28012,Madrid,HM-4369
Hotel,2-hotel,Los Canchos,Calle,De La Villa,14,,,,,,28730,Buitrago Del Lozoya,HM-4370
Pension,1-pension,Numancia Ii,Calle,De Fernández De Los Ríos,5,,,,4,IZQ,28015,Madrid,HM-4371
Hostal,3-hostal,Real Sitio De Aranjuez,Calle,De Las Infantas,15,,,,,,28300,Aranjuez,HM-4372
Pension,1-pension,Florida,Calle,Del Doctor Cortezo,15,,,,3,DCHA,28012,Madrid,HM-4374
Hotel,4-hotel,Lope De Vega,Calle,De Lope De Vega,49,,,,,,28014,Madrid,HM-4375
Casa Huespedes,Casa Huespedes,Ronda,Paseo,De Ronda,14,ENTERO,,,,,28690,Brunete,HM-4376
Hotel,4-hotel,Quatro Puerta Del Sol,Calle,De Arlabán,1,,,,,,28014,Madrid,HM-4378
Hotel,2-hotel,Ibis  Madrid Fuenlabrada,Carretera,M-506,"20,60",,,,,,28946,Fuenlabrada,HM-4379
Hotel,4-hotel,Elba Madrid Alcalá,Calle,De Alcalá,476,,,,,,28027,Madrid,HM-4380
Hotel,3-hotel,Don Luis,Avenida,General,12,,,,,,28042,Madrid,HM-4382
Hotel,2-hotel,Holiday Inn Express San Sebastian De Los Reyes,Avenida,De Los Pirineos,S/N,,,,,,28703,San Sebastián De Los Reyes,HM-4383
Hotel,1-hotel,Infantas,Calle,Infantas,4,,,,,,28341,Valdemoro,HM-4385
Hotel,4-hotel,Catalonia Puerta Del Sol,Calle,De Atocha,23,,,,,,28012,Madrid,HM-4387
Hotel,4-hotel,Ilunion Alcala Norte,Calle,De San Romualdo,30,,,,,,28037,Madrid,HM-4390
Casa Huespedes,Casa Huespedes,Luna,Calle,Torrelaguna,13,,,,,,28140,Fuente El Saz De Jarama,HM-4391
Hostal,1-hostal,El Puerto,Calle,Guazalate,24,ENTERO,,,,,28670,Villaviciosa De Odón,HM-4392
Hostal,3-hostal,Julian,Paseo,De Ronda,2,ENTERO,,,,,28690,Brunete,HM-4394
Hotel,3-hotel,Dos Castillas,Calle,De Abada,7,,,,,,28013,Madrid,HM-4395
Pension,2-pension,Posada El Campanario,Calle,De La Amargura,11,ENTERO,,,,,28740,Rascafría,HM-4396
Hotel,4-hotel,Exe Plaza,Paseo,De La Castellana,191,,,,,,28046,Madrid,HM-4397
Hotel,3-hotel,Ac Los Vascos,Calle,De Los Vascos,27,,,,,,28040,Madrid,HM-4398
Hotel,3-hotel,Th Boadilla,Calle,Labradores,2,,,,,,28660,Boadilla Del Monte,HM-4401
Casa Huespedes,Casa Huespedes,El Pozo,Calle,Real,17,,,,,,28729,Navalafuente,HM-4402
Hostal,1-hostal,Henares,Avenida,De La Coruña,6,,,,BAJO,,28830,San Fernando De Henares,HM-4403
Pension,1-pension,Banderas,Camino,Ancho,17,ENTERO,,,,,28814,Daganzo De Arriba,HM-4404
Pension,1-pension,Los Rosales Ii,Calle,De Algemesi,56,,,,BAJO,,28042,Madrid,HM-4405
Hotel,3-hotel,Express By Holiday Inn Madrid Rivas,Avenida,De La Técnica,8,,,,,,28522,Rivas-vaciamadrid,HM-4407
Pension,1-pension,Plaza Postillon,Calle,Sitio De Zaragoza,1,ENTERO,,,,,28931,Móstoles,HM-4409
Hotel,2-hotel,Paraiso,Calle,Del Paraíso,3,,,,,,28813,Pozuelo Del Rey,HM-4411
Hostal,3-hostal,Maria Ronda,Calle,De La Batalla De Torrijos,26,ENTERO,,,,,28025,Madrid,HM-4415
Hotel,3-hotel,Eco Via Lusitana,Calle,De Antonia Rodríguez Sacristán,14,,,,,,28044,Madrid,HM-4416
Pension,1-pension,Tres Hermanos,Calle,Ciempozuelos,12,,,,baja,,28901,Getafe,HM-4417
Hostal,2-hostal,La Balquina,Calle,De La Puerta Bonita,10,ENTERO,,,,,28370,Chinchón,HM-4419
Pension,1-pension,Prado Chico,Camino,Del Río,5,ENTERO,,,,,,Cercedilla,HM-4420
Pension,2-pension,Posada De Isar,Calle,Real,19,ENTERO,,,,,28749,Rascafría,HM-4424
Hotel,4-hotel,Vincci Centrum,Calle,De Cedaceros,4,,,,,,28014,Madrid,HM-4426
Hostal,3-hostal,Toledano,Calle,De Alvar Fáñez,8,ENTERO,,,,,28320,Pinto,HM-4427
Hotel,4-hotel,Exe Tres Cantos,Plaza,De La Estación,2,,,,,,28760,Tres Cantos,HM-4428
Hotel,1-hotel,Los Leones,Calle,Del Doctor Fleming,1,,,,,,28330,San Martín De La Vega,HM-4430
Hotel,3-hotel,Hotel Madrid Barajas Acis Y Galatea,Calle,De Galatea,6,,,,,,28042,Madrid,HM-4431
Pension,1-pension,De La Rosa,Calle,Cristo De La Salud,23,,,,BAJO,,28342,Valdemoro,HM-4432
Hotel,3-hotel,Sidorme Las Rozas,Calle,Perú,2,,,,,,28290,"Rozas De Madrid, Las",HM-4434
Casa Huespedes,Casa Huespedes,La Carcava,Calle,Del Arroyo,12,ENTERO,,,,,28737,"Serna Del Monte, La",HM-4273
Hotel,4-hotel,Confortel Suites Madrid,Calle,De López De Hoyos,143,,,,,,28002,Madrid,HM-4275
Hotel,2-hotel,Nh Barajas Ii,Calle,De Noray,2,,,,,,28042,Madrid,HM-4276
Hostal,3-hostal,Don Angel Ii,Calle,Benjamín Palencia,8,ENTERO,,,,,28691,Villanueva De La Cañada,HM-4277
Casa Huespedes,Casa Huespedes,Posada De Villavieja,Calle,Del Norte,30,,,,,,28739,Villavieja Del Lozoya,HM-4278
Hostal,2-hostal,Juan Xxiii,Calle,De Silvio Abad,12,ENTERO,,,,,28703,San Sebastián De Los Reyes,HM-4279
Hotel,4-hotel,Checkin Madrid Parla,Carretera,M-408 (parla-pinto),"0,15",,,,,,28983,Parla,HM-4280
Hotel,4-hotel,Nh Abascal,Calle,De José Abascal,47,,,,,,28003,Madrid,HM-4286
Hotel,3-hotel,Ciudad De Fuenlabrada,Carretera,M-506,"16,200",,,,,,28941,Fuenlabrada,HM-4287
Pension,1-pension,El Zumaque,Calle,Del Ebro,1,ENTERO,,,,,28596,Brea De Tajo,HM-4289
Casa Huespedes,Casa Huespedes,Santa Cruz,Calle,De La Colegiata,16,,,,3,DCHA,28012,Madrid,HM-4290
Hotel,2-hotel,Monte Rozas,Calle,Carretera De Las Rozas A El Escorial,"5,500",,,,,,28232,"Rozas De Madrid, Las",HM-4292
Hostal,1-hostal,Piquio,Calle,Cuerda Larga,1,,,,1-2,,28440,Guadarrama,HM-4294
Hostal,1-hostal,Goyma,Calle,De Antonio Machado,42,ENTERO,,,,,28830,San Fernando De Henares,HM-4295
Hotel,1-hotel,Sara De Ur,Calle,Del Corcho,28,,,,,,28751,"Cabrera, La",HM-4296
Hostal,1-hostal,Prim,Avenida,Constitución,139,,,,,,28850,Torrejón De Ardoz,HM-4298
Hostal,3-hostal,Los 5 Pinos,Calle,De Fuentelahiguera,4,ENTERO,,,,,28022,Madrid,HM-4299
Hotel,4-hotel,Intelier Palacio San Martin,Plaza,De San Martín,5,,,,,,28013,Madrid,HM-4300
Hostal,3-hostal,Moraleja,Avenida,De Arroyomolinos,1,ENTERO,,,,,28950,Moraleja De Enmedio,HM-4303
Hotel,4-hotel,Nh Nacional,Paseo,Del Prado,48,,,,,,28014,Madrid,HM-4307
Hotel,4-hotel,Quinta De Los Cedros,Calle,De Allendesalazar,4,,,,,,28043,Madrid,HM-4309
Hotel,3-hotel,Condesa De Chinchon,Calle,De Los Huertos,26,,,,,,28370,Chinchón,HM-4310
Hostal,3-hostal,La Parada Del Rey,Avenida,De Madrid,16,,,,,,28792,Miraflores De La Sierra,HM-4311
Hotel,2-hotel,Vivar,Calle,Mayor,15,,,,,,28971,Griñón,HM-4314
Hotel,2-hotel,Posadas De España,Calle,Sierra Nevada,3,,,,,,28320,Pinto,HM-4315
Hotel,2-hotel,Hotel Econonomique Madrid,Travesia,Móstoles,3,,,,,,28922,Alcorcón,HM-4316
Casa Huespedes,Casa Huespedes,El Caseron De Trastamara,Plaza,De Trastamara,11,ENTERO,,,,,28740,Rascafría,HM-4319
Casa Huespedes,Casa Huespedes,El Juncal,Calle,Palomares,2,ENTERO,,,,,28140,Fuente El Saz De Jarama,HM-4320
Pension,2-pension,Mayrit,Calle,Del Arenal,24,,,,3,IZQ,28013,Madrid,HM-4321
Hostal,3-hostal,San Lorenzo,Calle,Del Clavel,8,,,,1-2-3,,28004,Madrid,HM-4322
Hotel,4-hotel,Ac Alcala De Henares,Calle,Octavio Paz,25,,,,,,28806,Alcalá De Henares,HM-4324
Hotel,4-hotel,Don Pio,Avenida,De Pío Xii,25,,,,,,28016,Madrid,HM-4325
Hotel,4-hotel,Tryp Madrid Cibeles,Calle,De Mesonero Romanos,13,,,,,,28004,Madrid,HM-4326
Hotel,3-hotel,Ac Avenida De America,Calle,De Cartagena,83,,,,,,28028,Madrid,HM-4327
Hotel,4-hotel,Los Lanceros,Calle,Calvario,47,,,,,,28200,San Lorenzo De El Escorial,HM-4328
Pension,1-pension,Gonzalez,Calle,De Los Voluntarios,2,,,,1,,28440,Guadarrama,HM-4330
Hostal,3-hostal,El Val,Calle,Zaragoza,2,,,,BAJA,,28804,Alcalá De Henares,HM-4332
Hostal,2-hostal,El Parque,Calle,De José Azorín,18,,,,,,28330,San Martín De La Vega,HM-4333
Casa Huespedes,Casa Huespedes,Rayuela,Calle,De Fuencarral,41,,,,4,PTA. D,,Madrid,HM-4337
Hostal,1-hostal,El Castillo De Somosierra,Carretera,Nacional I,"81,400",ENTERO,,,,,28737,Piñuécar-gandullas,HM-4338
Hotel,2-hotel,Ibis Budget Madrid Alcala De Henares,Carretera,Nacional Ii (margen Derecho),33,,,,,,28805,Alcalá De Henares,HM-4339
Hotel,5-hotel,Orfila,Calle,De Orfila,6,,,,,,28010,Madrid,HM-4340
Hotel,4-hotel,Sercotel Alcala 611,Calle,De Alcalá,611,,,,,,28022,Madrid,HM-4342
Hotel,4-hotel,H10 Villa De La Reina,Calle,Gran Vía,22,,,,,,28013,Madrid,HM-4343
Hotel,4-hotel,Villamadrid,Calle,De Xaudaró,2,,,,,,28034,Madrid,HM-4344
Hotel,4-hotel,Ilunion Pio Xii,Avenida,De Pío Xii,77,,,,,,28016,Madrid,HM-4345
Casa Huespedes,Casa Huespedes,Manzanares,Calle,Del Manzanares,9,,,,1-2,,28100,Alcobendas,HM-4346
Hotel,4-hotel,Nh Collection Palacio De Aranjuez,Calle,De San Antonio,22,,,,,,28300,Aranjuez,HM-4347
Hotel,3-hotel,La Atalaya,Carretera,De Madrid-valencia,"62,500",,,,,,28597,Fuentidueña De Tajo,HM-4349
Hotel,4-hotel,Auditorium Madrid,Avenida,De Aragón,400,,,,,,28022,Madrid,HM-4350
Hostal,2-hostal,Inter Puerta Del Sol,Calle,De La Cruz,26,,,,2,EXT. I,28012,Madrid,HM-4351
Pension,1-pension,Bulevar,Calle,De Pico Mampodre,7,,,,baja,,28031,Madrid,HM-4352
Hotel,4-hotel,Tryp Madrid Atocha,Calle,De Atocha,83,,,,,,28012,Madrid,HM-4353
Hotel,4-hotel,Antiguo Convento De Boadilla Del Monte,Calle,De Las Monjas,S/N,,,,,,28660,Boadilla Del Monte,HM-4354
Hotel,3-hotel,Ateneo,Calle,De La Montera,22,,,,,,28013,Madrid,HM-4356
Hotel,3-hotel,B&b Hotel Fuenlabrada,Calle,De Valparaíso,12,,,,,,28944,Fuenlabrada,HM-4566
Hotel,4-hotel,Lcb Hotel Fuenlabrada,Calle,De Hungría,8,,,,,,28943,Fuenlabrada,HM-4567
Hotel,4-hotel,Hotel Fc Villalba,Carretera,De Navacerrada,"1,375",,,,,,28400,Collado Villalba,HM-4568
Hotel,2-hotel,El Mirador De La Puerta Del Sol,Calle,De La Montera,6,,,,,,28013,Madrid,HM-4570
Hotel,4-hotel,Ac Feria De Madrid,Calle,Vía De Los Poblados,3,,,,,,28033,Madrid,HM-4572
Hotel,4-hotel,Petit Palace Plaza De España,Calle,De San Bernardo,3,,,,,,28013,Madrid,HM-4573
Hotel,4-hotel,Catalonia Las Cortes,Calle,Del Prado,6,,,,,,28014,Madrid,HM-4574
Hostal,2-hostal,El Volante,Calle,De La Cruz Antigua,24,ENTERO,,,,,28350,Ciempozuelos,HM-4576
Hostal,3-hostal,Villa De Ajalvir,Calle,Paloma,33,ENTERO,,,,,28864,Ajalvir,HM-4577
Hotel-apart.,1-hotel-apart.,Collarubio,Calle,León,4,,,,,,28450,Collado Mediano,HM-4578
Hotel,1-hotel,Ibis Madrid Calle Alcala,Calle,De Valentín Beato,20,,,,,,28037,Madrid,HM-4579
Hostal,3-hostal,Villa Paracuellos,Calle,Real,17,,,,,,28860,Paracuellos De Jarama,HM-4581
Hotel,2-hotel,Ibis Madrid Aeropuerto,Avenida,General,49,,,,,,28042,Madrid,HM-4582
Hotel,4-hotel,Ciudad De Mostoles,Calle,Carretera De Móstoles A Villaciciosa,"0,200",,,,,,28931,Móstoles,HM-4583
Hotel,5-hotel,Hospes Madrid,Plaza,De La Independencia,3,,,,,,28001,Madrid,HM-4584
Hostal,2-hostal,Cuatro Caños,Calle,Divino Figueroa,10,ENTERO,,,,,28801,Alcalá De Henares,HM-4585
Hostal,2-hostal,Complutense,Calle,Encomienda,9,ENTERO,,,,,28805,Alcalá De Henares,HM-4586
Hostal,2-hostal,Goyma Iii,Calle,De Gonzalo De Córdoba,13,ENTERO,,,,,28830,San Fernando De Henares,HM-4587
Pension,1-pension,Pradillo,Calle,De Antonio Hernández,2,,,,1,DCHA,28931,Móstoles,HM-4588
Hotel,4-hotel,Ac Hotel Recoletos,Calle,De Recoletos,18,,,,,,28001,Madrid,HM-4589
Hostal,3-hostal,El Pasaje,Calle,Del Pozo,4,ENTERO,,,,,28012,Madrid,HM-4590
Casa Huespedes,Casa Huespedes,Ibis Budget Madrid Calle Alcala,Calle,De Rufino González,19,ENTERO,,,,,28037,Madrid,HM-4591
Hostal,2-hostal,Sierra,Avenida,De La Sierra,23,ENTERO,,,,,28701,San Sebastián De Los Reyes,HM-4592
Hotel,3-hotel,Alcala Plaza,Calle,Hita,4,,,,,,28805,Alcalá De Henares,HM-4594
Hotel,4-hotel,Vincci Via 66,Calle,Gran Vía,66,,,,,,28013,Madrid,HM-4596
Hostal,3-hostal,San Marcos,Calle,De José Azorín,1,,,,,,28330,San Martín De La Vega,HM-5101
Hostal,1-hostal,Welcome,Calle,De Casas De Miravete,28,ENTERO,,,,,28031,Madrid,HM-4598
Pension,2-pension,Plaza De España,Calle,Cristo,13,,,,,,28850,Torrejón De Ardoz,HM-4599
Pension,2-pension,Principe,Plaza,Mayor De Barajas,8,ENTERO,,,,,28042,Madrid,HM-4600
Hotel,1-hotel,Barajas Plaza,Calle,De Camarillas,5,,,,,,28042,Madrid,HM-4601
Hotel,2-hotel,Julia,Calle,De Julián Camarillo,9,,,,,,28037,Madrid,HM-4602
Hotel,4-hotel,Hilton Madrid Airport - Torre Sur,Avenida,De La Hispanidad,2,,,,,,28042,Madrid,HM-4603
Hotel-apart.,2-hotel-apart.,Don Juan I,Calle,Don Juan I,11,,,,,,28807,Alcalá De Henares,HM-4604
Hotel,3-hotel,Zleep Hotel Madrid Airport,Avenida,De Aragón,402,,,,,,28022,Madrid,HM-4605
Hotel,2-hotel,H2 Fuenlabrada,Carretera,M-506,"20,700",,,,,,28946,Fuenlabrada,HM-4606
Pension,3-pension,Adria Santa Ana,Calle,De Núñez De Arce,15,,,,3,EXT,28012,Madrid,HM-4607
Hostal,3-hostal,Los Coronales,Calle,De Briones,38,ENTERO,,,,,28042,Madrid,HM-4608
Hotel,4-hotel,Asset Torrejon,Avenida,Constitución,32,,,,,,28850,Torrejón De Ardoz,HM-4609
Pension,1-pension,Naranjo Iii,Calle,Del Doctor Cortezo,15,,,,1,DCHA,28012,Madrid,HM-4610
Hotel,4-hotel,Nh Las Tablas,Avenida,De Burgos,131,,,,,,28050,Madrid,HM-4611
Hotel-apart.,3-hotel-apart.,Suites 33,Calle,De Leganitos,33,,,,,,28013,Madrid,HM-4612
Pension,1-pension,Donanros,Calle,Mayor,49,ENTERO,,,,,28971,Griñón,HM-4613
Hostal,3-hostal,Avenidas,Calle,Alcalde Enrique Gálvez,10,ENTERO,,,,,28330,San Martín De La Vega,HM-4614
Hotel,2-hotel,4c Puerta Europa,Calle,De Bravo Murillo,364,,,,,,28020,Madrid,HM-4616
Hostal,3-hostal,Ipanema,Avenida,Juan Carlos I,17,ENTERO,,,,,28400,Collado Villalba,HM-4618
Hostal,1-hostal,Olimpo,Carretera,Loeches,63,,,,,,28850,Torrejón De Ardoz,HM-4619
Hotel,4-hotel,Hilton Madrid Airport - Torre Norte,Avenida,De La Hispanidad,2,,,,,,28042,Madrid,HM-4620
Hotel,1-hotel,Jardin Real De Mirasierra,Calle,De La Maso,83,,,,,,28034,Madrid,HM-4621
Hostal,3-hostal,Terminal 4,Calle,De Las Escombreras,2,ENTERO,,,,,28860,Paracuellos De Jarama,HM-4622
Pension,1-pension,La Posada De Montse,Calle,Del Príncipe Felipe,19,,,,1,,28814,Daganzo De Arriba,HM-4623
Casa Huespedes,Casa Huespedes,El Brezo,Calle,De La Princesa,45,,,,,,28008,Madrid,HM-4624
Hotel,3-hotel,Los Peñascales,Calle,Apeadero,44,,,,,,28290,"Rozas De Madrid, Las",HM-4626
Hostal,3-hostal,La Casona De Morata,Carretera,M-313 Arganda Del Rey,10,,,,,,28530,Morata De Tajuña,HM-4627
Hotel,5-hotel,Eurostars Madrid Tower,Paseo,De La Castellana,259,,,,,,28046,Madrid,HM-4629
Pension,1-pension,Andrea,Calle,De Hortaleza,31,,,,3,EXT,28004,Madrid,HM-4630
Hostal,3-hostal,Campo Real,Calle,Flor,4-5,ENTERO,,,,,28510,Campo Real,HM-4631
Pension,2-pension,Sant Jordi,Calle,De La Victoria,2,,,,,,28012,Madrid,HM-4632
Hotel,4-hotel,Petit Palace Mayor,Calle,Mayor,46,,,,,,28013,Madrid,HM-4635
Hostal,3-hostal,Sotohostel Algete,Calle,Del Nogal,2,ENTERO,,,,,28119,Algete,HM-4636
Hotel,4-hotel,Ilunion Atrium,Calle,De Emilio Vargas,3,,,,,,28043,Madrid,HM-4637
Hotel,4-hotel,Nuevo Boston,Avenida,De Aragón,332,,,,,,28022,Madrid,HM-4639
Hotel,2-hotel,Ibis Madrid Alcobendas,Calle,De Francisco Gervas,1,,,,,,28108,Alcobendas,HM-4640
Hotel-apart.,3-hotel-apart.,Encasa Vicalvaro,Carretera,De Vicálvaro A La Estación De O'donnell,18,,,,,,28032,Madrid,HM-4642
Casa Huespedes,Casa Huespedes,Mi Casuca,Calle,Madrid,76,ENTERO,,,,,28140,Fuente El Saz De Jarama,HM-4436
Hotel,4-hotel,Eurostars Gran Madrid,Avenida,De La Vega,22,,,,,,28108,Alcobendas,HM-4437
Pension,1-pension,Pan America Ii,Calle,De Carretas,29,,,,3,,28012,Madrid,HM-4440
Pension,2-pension,Tirso De Molina,Plaza,De Tirso De Molina,20,,,,"S,BJ,1",,28012,Madrid,HM-4443
Hotel,2-hotel,Hotel Labranza,Calle,Del Arco,3,,,,,,28680,San Martín De Valdeiglesias,HM-4444
Hotel,5-hotel,Eurostars Suites Mirasierra Hotel-spa,Calle,De Alfredo Marquerie,43,,,,,,28034,Madrid,HM-4445
Hotel,3-hotel,Petit Palace Opera,Calle,Del Arenal,16,,,,,,28013,Madrid,HM-4447
Pension,1-pension,Los Claveles,Calle,San Isidro,17,,,,BAJO,,28850,Torrejón De Ardoz,HM-4448
Hostal,2-hostal,Parrilla Galicia,Carretera,N-i (madrid-burgos),"68,000",ENTERO,,,,,28752,Lozoyuela-navas-sieteiglesias,HM-4450
Hotel,2-hotel,El Cocheron 1919,Calle,De Montesinos,22,,,,,,28300,Aranjuez,HM-4452
Hotel,5-hotel,Nh Collection Paseo Del Prado,Plaza,De Cánovas Del Castillo,4,,,,,,28014,Madrid,HM-4453
Hotel,3-hotel,Petit Palace Puerta Del Sol,Calle,Del Arenal,4,,,,,,28013,Madrid,HM-4456
Hotel,5 Estrellas L,Urban,Carrera,De San Jerónimo,34,,,,,,28014,Madrid,HM-4457
Hostal,2-hostal,Casa Julian,Calle,Del Pozo Del Concejo,59,ENTERO,,,,,28600,Navalcarnero,HM-4458
Hotel,2-hotel,Zouk,Calle,Isaac Newton,2,,,,,,28806,Alcalá De Henares,HM-4459
Hotel,5-hotel,Ac Palacio Del Retiro,Calle,De Alfonso Xii,14,,,,,,28014,Madrid,HM-4463
Hotel,4-hotel,Gran Hotel Almenar,Calle,Jaraiz,1,,,,,,28290,"Rozas De Madrid, Las",HM-4464
Hotel,3-hotel,Factory Air,Avenida,De Gumersindo Llorente,19,,,,,,28022,Madrid,HM-4465
Hostal,2-hostal,Cruz Verde,Calle,De La Cruz Verde,3,ENTERO,,,,,28600,Navalcarnero,HM-4466
Hostal,1-hostal,Fuente El Saz,Calle,Mayor,6,ENTERO,,,,,28140,Fuente El Saz De Jarama,HM-4469
Hotel,4-hotel,Ac Coslada,Calle,De Rejas,5,,,,,,28022,Madrid,HM-4471
Hotel,3-hotel,Eurostars Zarzuela Park,Calle,De Darío Aparicio,S/N,,,,,,28023,Madrid,HM-4472
Hotel,3-hotel,Miraflores,Calle,Del Río,S/N,,,,,,28792,Miraflores De La Sierra,HM-4473
Hotel,2-hotel,Los Prados,Calle,Sanglas,10,,,,,,28890,Loeches,HM-4475
Hostal,2-hostal,El Rincon De Higuerlop,Calle,De La Iglesia,25,ENTERO,,,,,28595,Estremera,HM-4476
Hotel,4-hotel,Nh Alcorcon,Avenida,Europa,2,,,,,,28922,Alcorcón,HM-4477
Hotel,3-hotel,Travelodge Torrelaguna,Calle,De Torrelaguna,69,,,,,,28027,Madrid,HM-4478
Hotel,4-hotel,Occidental  Aranjuez,Plaza,De La Unesco,2,,,,,,28300,Aranjuez,HM-4479
Hotel,1-hotel,La Torreta,Calle,De Santa María De La Cuesta,26,,,,,,28710,"Molar, El",HM-4480
Hotel,4-hotel,Ac San Sebastian De Los Reyes,Avenida,Del Cerro Del Águila,15,,,,,,28703,San Sebastián De Los Reyes,HM-4482
Hotel,4-hotel,Exe Madrid Norte,Calle,Martina Díaz,4,,,,,,28050,Madrid,HM-4483
Pension,2-pension,Posada De Bustarviejo,Carretera,De Miraflores,40,,,,,,28720,Bustarviejo,HM-4484
Hostal,2-hostal,El Arco,Calle,Del Arco,1,ENTERO,,,,,28840,Mejorada Del Campo,HM-4485
Hotel,4-hotel,Clement Barajas,Avenida,General,43,,,,,,28042,Madrid,HM-4486
Hotel,2-hotel,Rincon De Traspalacio Hospederia,Calle,Traspalacio,24,,,,,,28294,Robledo De Chavela,HM-4488
Hotel-apart.,4-hotel-apart.,Eurostars Madrid Foro,Ronda,De Europa,1,,,,,,28760,Tres Cantos,HM-4489
Hotel-apart.,1-hotel-apart.,La Ermita,Calle,Miguel De Cervantes,2,,,,,,28690,Brunete,HM-4490
Hotel,3-hotel,Express By Holiday Inn Alcorcon,Calle,Argentina,S/N,,,,,,28922,Alcorcón,HM-4493
Hotel,4-hotel,Petit Palace Embassy,Calle,De Serrano,46,,,,,,28001,Madrid,HM-4494
Hotel,4-hotel,Meninas,Calle,De Campomanes,7,,,,,,28013,Madrid,HM-4495
Hotel,3-hotel,Express By Holiday Inn Alcobendas,Calle,De La Metalurgia,1,,,,,,28108,Alcobendas,HM-4496
Hotel,3-hotel,Molino Cantarranas,Carretera,De Tielmes A Campo Real,"1,800",,,,,,28550,Tielmes,HM-4497
Hotel,5 Estrellas L,Silken Puerta America Madrid,Avenida,De América,41,,,,,,28028,Madrid,HM-4498
Hotel,3-hotel,Victoria 4,Calle,De La Victoria,4,,,,,,28012,Madrid,HM-4499
Pension,1-pension,Los Carreros,Carretera,,2400,,,,,,,"Acebeda, La",HM-4502
Hotel,1-hotel,Fabrik,Calle,De La Orquídea,13,,,,,,28970,Humanes De Madrid,HM-4503
Hotel,1-hotel,Caballero Errante,Calle,De Pinos Alta,14,,,,,,28029,Madrid,HM-4506
Hotel,2-hotel,La Pedriza,Calle,Del Urumea,8-10,,,,,,28410,Manzanares El Real,HM-4507
Hotel,4-hotel,Sieteislas,Calle,De Valverde,14,,,,,,28004,Madrid,HM-4509
Hotel,3-hotel,Pax Torrelodones,Calle,Sama De Langreo,S/N,,,,,,28250,Torrelodones,HM-4510
Hostal,3-hostal,Miralrio,Carretera,De Madrid-valencia,"62,500",ENTERO,,,,,28597,Fuentidueña De Tajo,HM-4511
Hostal,2-hostal,Brunete,Paseo,Boadilla Del Monte,25,ENTERO,,,,,28690,Brunete,HM-4512
Hotel,4-hotel,Eurostars I Hotel,Calle,Virgilio,4,,,,,,28223,Pozuelo De Alarcón,HM-4513
Hostal,2-hostal,Los Espinares,Avenida,De Cascajales,52-54,ENTERO,,,,,28740,Rascafría,HM-4514
Hostal,1-hostal,La Maya,Calle,De La Carrera Del Señor,2,ENTERO,,,,,28470,Cercedilla,HM-4515
Hotel,4-hotel,Petit Palace Posada Del Peine,Calle,Postas,17,,,,,,28012,Madrid,HM-4516
Pension,2-pension,Mucho Madrid,Calle,Gran Vía,59,,,,7,DCHA,28013,Madrid,HM-4517
Hotel,4-hotel,High Tech President,Calle,Del Marqués De Villamagna,4,,,,,,28001,Madrid,HM-4520
Hotel,2-hotel,Posada Don Jaime,Calle,San Antón,24,,,,,,28200,San Lorenzo De El Escorial,HM-4522
Hotel,4-hotel,Jardin Metropolitano,Avenida,De La Reina Victoria,12,,,,,,28003,Madrid,HM-4523
Pension,1-pension,Meyra,Calle,De Fuencarral,39,,,,4,IZQ,,Madrid,HM-4524
Hotel,2-hotel,Ciudad De Navalcarnero,Carretera,Nacional-v (madrid-extremadura),"28,2",,,,,,28600,Navalcarnero,HM-4525
Hostal,3-hostal,El Caño De Alpedrete,Calle,Del Caño,29,ENTERO,,,,,28430,Alpedrete,HM-4529
Pension,1-pension,Barbieri Internacional,Calle,De Barbieri,15,,,,,,28004,Madrid,HM-4533
Hostal,2-hostal,D - S,Calle,Jarama,26,ENTERO,,,,,28891,Velilla De San Antonio,HM-4534
Hotel,4-hotel,Ac La Finca,Paseo,Club Deportivo,1,,,,,,28223,Pozuelo De Alarcón,HM-4535
Hotel,4-hotel,Mercader,Calle,Calle 25 (mercamadrid),,,,,,,28053,Madrid,HM-4536
Hotel,4-hotel,Catalonia Goya,Calle,De Goya,49,,,,,,28001,Madrid,HM-4537
Hotel,3-hotel,Reston Valdemoro,Glorieta,Del Universo,12,,,,,,28341,Valdemoro,HM-4540
Hotel,3-hotel,La Cañada,Calle,Cañada,5,,,,,,28411,Moralzarzal,HM-4542
Hotel,3-hotel,Petit Palace Alcala,Calle,De La Virgen De Los Peligros,2,,,,,,28013,Madrid,HM-4544
Hostal,2-hostal,Villa Soledad,Calle,Soledad,22,ENTERO,,,,,28850,Torrejón De Ardoz,HM-4546
Hotel,3-hotel,Petit Palace Tres Cruces,Calle,De Las Tres Cruces,6,,,,,,28013,Madrid,HM-4547
Casa Huespedes,Casa Huespedes,La Posada De Huertas,Calle,De Las Huertas,21,,,,,,,Madrid,HM-4548
Hotel,4-hotel,Petit Palace Art Gallery,Calle,De Jorge Juan,17,,,,,,28001,Madrid,HM-4549
Pension,3-pension,Far Home,Calle,De La Chinchilla,1,,,,1,,28013,Madrid,HM-4550
Hotel,5-hotel,Palacio De Miraflores,Calle,Fuente Del Pino,6,,,,,,28792,Miraflores De La Sierra,HM-4551
Hotel,4-hotel,Isla De La Garena,Calle,Galileo Galilei,18,,,,,,28806,Alcalá De Henares,HM-4552
Hotel,4-hotel,Vincci Soho,Calle,Del Prado,18,,,,2,,28014,Madrid,HM-4553
Casa Huespedes,Casa Huespedes,El Convento,Calle,De Teresa Fuentes Camacho,6,ENTERO,,,,,28595,Estremera,HM-4554
Pension,2-pension,Plaza Del Pilar,Plaza,Del Pilar,1,ENTERO,,,,,28680,San Martín De Valdeiglesias,HM-4557
Hotel,2-hotel,4c Bravo Murillo,Calle,De Bravo Murillo,180,,,,,,28020,Madrid,HM-4558
Hotel,4-hotel,Eurostars Madrid Congress,Avenida,De La Transición Española,22,,,,,,28108,Alcobendas,HM-4560
Hotel,4-hotel,Petit Palace Plaza Del Carmen,Plaza,Del Carmen,4,,,,,,28013,Madrid,HM-4561
Hostal,3-hostal,San Martin,Calle,De Antonio Machado,14,ENTERO,,,,,28330,San Martín De La Vega,HM-4562
Hotel,3-hotel,Los 5 Pinos,Avenida,De Aragón,366,,,,,,28022,Madrid,HM-4563
Hostal,2-hostal,Los Batallones,Carretera,M-404 (navalcarnero-chinchón),31,ENTERO,,,,,28990,Torrejón De Velasco,HM-4564
Hostal,2-hostal,Granado,Calle,De El Espinar,6,ENTERO,,,,,28047,Madrid,HM-4646
Hotel,1-hotel,El Palacete,Calle,De Juan Bravo,43,,,,,,28006,Madrid,HM-4647
Hotel,4-hotel,Tach Madrid Airport,Calle,Del Timón,35,,,,,,28042,Madrid,HM-4649
Hostal,1-hostal,Cervantes,Calle,De La Constitución,58,ENTERO,,,,,28814,Daganzo De Arriba,HM-4650
Hotel,4-hotel,Eurostar Madrid Tower Club,Paseo,De La Castellana,259,,,,,,28046,Madrid,HM-4651
Hotel,1-hotel,Urban Sea Atocha 113,Calle,De Atocha,113,,,,,,28012,Madrid,HM-4653
Hotel,3-hotel,Holiday Inn Express Madrid Getafe,Calle,Río Guadalquivir,17,,,,,,28906,Getafe,HM-4654
Pension,2-pension,Vilches,Avenida,Juan Ferreras,20,,,,BAJA,,28816,Camarma De Esteruelas,HM-4655
Hotel,4-hotel,Axor Feria,Calle,De Campezo,4,,,,,,28022,Madrid,HM-4658
Hotel,4-hotel,Axor Barajas,Calle,De Campezo,4,,,,,,28022,Madrid,HM-4659
Hotel,3-hotel,Dinastia,Calle,Becquerel,6,,,,,,28907,Getafe,HM-4660
Hotel,5-hotel,The Principal Madrid Hotel,Calle,Del Marqués De Valdeiglesias,1,,,,,,28004,Madrid,HM-4661
Hotel,4-hotel,Radisson Blu Hotel Madrid Prado,Calle,De Moratín,52,,,,,,28014,Madrid,HM-4662
Hotel,4-hotel,Porcel Avant,Avenida,Estaciones,20,,,,,,28850,Torrejón De Ardoz,HM-4664
Hotel-apart.,2-hotel-apart.,Mirador De Chamartin,Calle,Del Arte,14,,,,,,28033,Madrid,HM-4665
Hotel,4-hotel,Juan De Austria,Calle,De Juan De Austria,5,,,,,,28010,Madrid,HM-4666
Hostal,3-hostal,Madrisol,Calle,De Núñez De Arce,1,ENTERO,,,,,28012,Madrid,HM-4668
Hostal,2-hostal,El Descanso,Calle,De Rogelio Muñoz,2,ENTERO,,,,,28033,Madrid,HM-4669
Hostal,3-hostal,Jc Rooms Santo Domingo,Cuesta,De Santo Domingo,16,ENTERO,,,,,28013,Madrid,HM-4766
Hostal,3-hostal,Vitium Urbam Suites,Calle,Gran Vía,61,,,,5,,28013,Madrid,HM-4768
Hostal,3-hostal,Alesis Madrid,Calle,Del Príncipe,18,,,,4,D,28012,Madrid,HM-4772
Casa Huespedes,Casa Huespedes,Camino De Soto Bed & Breakfast,Calle,Del Puente De La Reina,18,,,,,,28791,Soto Del Real,HM-4773
Hotel,5-hotel,Nh Collection Madrid Suecia,Calle,Del Marqués De Casa Riera,4,,,,,,28014,Madrid,HM-4774
Hotel,1-hotel,Urban Sea Atocha 113,Calle,De Atocha,113,,,,,,28012,Madrid,HM-4775
Hotel,4-hotel,Puerta America,Avenida,De América,41,,,,,,28002,Madrid,HM-4776
Hotel,4-hotel,One Shot 04 Recoletos,Calle,De Salustiano Olozaga,4,,,,,,28001,Madrid,HM-4777
Hotel,4-hotel,Indigo Madrid-gran Via,Calle,De Silva,6,,,,,,28013,Madrid,HM-4779
Hostal,3-hostal,Mediterranea,Autovia,M-50,64,ENTERO,,,,,28051,Madrid,HM-4780
Hostal,3-hostal,Neo Magna,Calle,De Don Ramón De La Cruz,94,ENTERO,,,,,28006,Madrid,HM-4781
Hotel,5 Estrellas L,Urso,Calle,De Mejía Lequerica,8,,,,,,28004,Madrid,HM-4783
Hotel,4-hotel,Aravaca Village,Camino,De La Zarzuela,23,,,,,,28023,Madrid,HM-4784
Hotel,4-hotel,Plaza Las Matas,Calle,Martín Iriarte,2,,,,,,28290,"Rozas De Madrid, Las",HM-4785
Pension,2-pension,Trebol,Avenida,De Madrid,147,,,,,,28500,Arganda Del Rey,HM-4786
Hotel,3-hotel,Asador De Enrique,Calle,De Las Navas De Buitrago,24,,,,,,28021,Madrid,HM-4787
Hostal,3-hostal,Atelier,Calle,Del Príncipe,18,,,,1,DCHA,28012,Madrid,HM-4788
Hostal,1-hostal,Madrid Star,Calle,Del Príncipe,18,,,,2,DCHA,28012,Madrid,HM-4789
Pension,2-pension,"Madrid City Rooms, Ii",Calle,De La Cruz,6,,,,2,,28012,Madrid,HM-4790
Hotel,1-hotel,Ibis Budget Madrid 30,Calle,De Lozano,3,,,,,,28053,Madrid,HM-4791
Pension,1-pension,Six Rooms Alba,Calle,Del Duque De Alba,3,,,,1,DCHA,28012,Madrid,HM-4792
Hostal,2-hostal,Otello Rooms 1,Calle,De Campomanes,6,,,,3,DCHA,28013,Madrid,HM-4793
Hotel,3-hotel,Hotel Byb Fuencarral,Calle,De Fuencarral,52,,,,,,28004,Madrid,HM-4794
Hostal,1-hostal,Sol Square,Calle,De Luis Vélez De Guevara,2,,,,4,,28012,Madrid,HM-4795
Hotel-apart.,3-hotel-apart.,Asador De Enrique,Calle,De Las Navas De Buitrago,24,,,,,,28021,Madrid,HM-4796
Hostal,1-hostal,Sungate One,Calle,Del Carmen,16,,,,2,2,28013,Madrid,HM-4797
Hotel,1-hotel,Loob,Avenida,Descubrimientos,38,,,,,,28850,Torrejón De Ardoz,HM-4799
Casa Huespedes,Casa Huespedes,Los Cazadores,Calle,De Sierra De Gredos,11,,,,BAJO,,28031,Madrid,HM-4800
Hotel,4-hotel,Eurostars Central,Calle,De Mejía Lequerica,10,,,,,,28004,Madrid,HM-4801
Pension,1-pension,Lemon Rooms,Calle,De La Espada,6,,,,1,B,28012,Madrid,HM-4802
Hostal,3-hostal,Landhaus,Avenida,De Madrid,68,ENTERO,,,,,28710,"Molar, El",HM-4804
Hotel,4-hotel,Dear Hotel,Calle,Gran Vía,80,,,,,,28013,Madrid,HM-4805
Hotel,4-hotel,Menoir Dorsett,Calle,Eduardo Torroja,7,,,,,,28914,Leganés,HM-4807
Casa Huespedes,Casa Huespedes,Abracadabra,Calle,De Bailén,39,,,,1,DCHA,,Madrid,HM-4810
Hostal,2-hostal,Arkanta,Calle,Del Pilar,9,,,,4,IZQ,28500,Arganda Del Rey,HM-4811
Pension,1-pension,Prada,Calle,De Hortaleza,19,,,,4,IZQ,28004,Madrid,HM-4812
Hostal,2-hostal,Prada,Calle,De Hortaleza,19,,,,3,DHCA,28004,Madrid,HM-4814
Hotel,4-hotel,Vincci The Mint,Calle,Gran Vía,10,,,,,,28013,Madrid,HM-4815
Hotel,4-hotel,H10 Tribeca,Calle,De Orense,38,,,,,,28020,Madrid,HM-4816
Hostal,1-hostal,Usera,Calle,De La Pilarica,26,ENTERO,,,,,28026,Madrid,HM-4817
Pension,2-pension,Inter Puerta Del Sol,Calle,De La Cruz,26,,,Ext.,1,D,28012,Madrid,HM-4819
Hotel,4-hotel,Doubletree By Hilton Madrid Prado,Calle,De San Agustín,3,,,,,,28014,Madrid,HM-4821
Hostal,3-hostal,Cc Malasaña,Calle,Del Espíritu Santo,18,,,,1,,28004,Madrid,HM-4824
Hostal,2-hostal,Golden 21,Calle,De Albasanz,45,ENTERO,,,,,28037,Madrid,HM-4829
Hostal,1-hostal,Madrid Rio,Calle,De La Grandeza Española,78,ENTERO,,,,,28011,Madrid,HM-4830
Hotel,5-hotel,Barcelo Torre De Madrid,Plaza,De España,18,,,,,,28008,Madrid,HM-4831
Hotel,1-hotel,V Hotel,Calle,La Venta,27,,,,,,28880,Meco,HM-4832
Pension,2-pension,Rincon De Sol,Calle,De Espoz Y Mina,7,,,,3,DCHA,28012,Madrid,HM-4833
Hostal,1-hostal,Carracedo,Calle,Del León,13,,,,3,,28014,Madrid,HM-4837
Hotel,4-hotel,Círculo Gran Vía,Calle,Gran Vía,24,,,,,,28013,Madrid,HM-4838
Hotel,2-hotel,San Lorenzo Suites,Calle,Duque De Alba,11,,,,,,28200,San Lorenzo De El Escorial,HM-4839
Casa Huespedes,Casa Huespedes,Alma,Calle,Del Olivar,15,,,,3,IZQ,28012,Madrid,HM-4841
Hotel,4-hotel,Parador De Chinchón,Calle,Del Convento,1,,,,,,28370,Chinchón,HM-4842
Hotel,4-hotel,Parador De Turismo De Alcalá De Henares,Calle,Colegios,8,,,,,,28801,Alcalá De Henares,HM-4843
Hotel,4-hotel,Suites Barrio De Salamanca,Calle,Del General Oraá,17,,,,,,28006,Madrid,HM-4674
Hotel,4-hotel,Suites Feria De Madrid,Calle,Del Moscatelar,31,,,,,,28043,Madrid,HM-4675
Hotel,2-hotel,Ruiseñor,Carretera,Andalucia,25,,,,,,28343,Valdemoro,HM-4677
Casa Huespedes,Casa Huespedes,Way Hostel Residence,Calle,De Relatores,17,,,,,,28012,Madrid,HM-4678
Hotel,3-hotel,Holiday Inn Express Madrid - Leganes,Avenida,De La Recomba,11,,,,,,28914,Leganés,HM-4679
Hostal,2-hostal,Lover,Calle,De Sandro Pertini,6,,,,,,28695,Navas Del Rey,HM-4682
Hotel,2-hotel,Valdemoro,Calle,General Martitegui,21,,,,,,28342,Valdemoro,HM-4684
Hotel-apart.,2-hotel-apart.,L. M. Tartesos,Calle,Pollensa,5,,,,,,28290,"Rozas De Madrid, Las",HM-4685
Pension,2-pension,Las Cortes,Calle,De Zorrilla,9,,,,2,DCHA,28014,Madrid,HM-4686
Hostal,3-hostal,Abadia,Calle,De Luis Vélez De Guevara,2,,,,2,,28012,Madrid,HM-4687
Hotel,4-hotel,Crowne Plaza Madrid Airport,Calle,De Lola Flores,1,,,,,,28022,Madrid,HM-4688
Hotel,5-hotel,Nh Palacio De Tepa,Calle,De San Sebastián,2,,,,,,28012,Madrid,HM-4689
Hostal,3-hostal,La Parada,Calle,Eratóstenes,15,,,,BJ-1,,28906,Getafe,HM-4692
Hotel,4-hotel,Nh Ribera Del Manzanares,Paseo,De La Virgen Del Puerto,57,,,,,,28005,Madrid,HM-4694
Hotel,4-hotel,Catalonia Atocha,Calle,De Atocha,81,,,,,,28012,Madrid,HM-4695
Hotel,4-hotel,Los Cinco Enebros,Calle,Almenara,33,,,,,,28294,Robledo De Chavela,HM-4696
Hotel,1-hotel,Ibis Budget Madrid Vallecas,Calle,De Casas De Miravete,17,,,,,,28031,Madrid,HM-4698
Hostal,1-hostal,La Posada Del Grillo,Plaza,De Nuestra Señora Del Carmen,3,,,,2,,28729,Valdemanco,HM-4699
Hotel,3-hotel,Posada Del Leon De Oro,Calle,De La Cava Baja,12,,,,,,28005,Madrid,HM-4700
Hotel,4-hotel,Dormirdcine,Calle,Del Príncipe De Vergara,87,,,,,,28006,Madrid,HM-4701
Hotel,4-hotel,Catalonia Plaza Mayor,Calle,De Atocha,36,,,,,,28012,Madrid,HM-4702
Hotel,1-hotel,Barbie,Calle,De Atenas,3,,,,,,28970,Humanes De Madrid,HM-4704
Hostal,1-hostal,Srv Valdemingomez,Autovia,M-50,35,,,,,,28051,Madrid,HM-4705
Hotel,1-hotel,Vhotel,Calle,De Fresadores,43,,,,,,28939,Arroyomolinos,HM-4707
Hotel,4-hotel,El Encin Golf,Carretera,Nacional Ii (margen Derecho),"35,600",,,,,,28805,Alcalá De Henares,HM-4708
Pension,2-pension,Luxtal,Calle,De Juan Ramón Jiménez,8,,,,Bj.-1,,28036,Madrid,HM-4710
Casa Huespedes,Casa Huespedes,Levante,Calle,Juan Guerra,5,,,,3,C,28803,Alcalá De Henares,HM-4711
Hotel,4-hotel,Petit Palace Santa Bárbara,Plaza,De Santa Bárbara,10,,,,,,28004,Madrid,HM-4713
Hotel,4-hotel,Petit Palace Savoy Alfonso Xii,Calle,De Alfonso Xii,18,,,,,,28014,Madrid,HM-4714
Hostal,3-hostal,Aravaca Garden,Calle,De Burgohondo,8,ENTERO,,,,,28023,Madrid,HM-4715
Hotel,4-hotel,Eurostars Arenas De Pinto,Calle,De Las Arenas,1,,,,,,28320,Pinto,HM-4716
Hostal,2-hostal,Carmelo,Calle,De La Encomienda,30,ENTERO,,,,,28590,Villarejo De Salvanés,HM-4717
Hostal,1-hostal,Cibeles,Calle,Del Barco,25,,,,1,,28004,Madrid,HM-4719
Pension,3-pension,El Rincon De Gran Via Ii,Calle,Gran Vía,67,,,,3568,,28013,Madrid,HM-4720
Hostal,2-hostal,La Mansion De Navalcarnero,Calle,De Jacinto González,20,ENTERO,,,,,28600,Navalcarnero,HM-4723
Hotel,1-hotel,Castellana Suite,Paseo,De La Castellana,151,,,,,,28046,Madrid,HM-4725
Hostal,1-hostal,Alcudia Sierra Norte,Calle,De La Carnicería,2,,,,,,28710,"Molar, El",HM-4726
Hotel,2-hotel,Ibis Madrid Centro Las Ventas,Calle,De Julio Camba,1,,,,,,28028,Madrid,HM-4727
Hostal,3-hostal,Vertice Room Space Madrid,Calle,De La Laguna Dalga,4,ENTERO,,,,,28021,Madrid,HM-4728
Hostal,2-hostal,La Carretera,Avenida,Constitución,139,ENTERO,,,,,28850,Torrejón De Ardoz,HM-4729
Pension,1-pension,El Molino,Calle,Afrodita,1,ENTERO,,,,,28880,Meco,HM-4733
Hotel,2-hotel,Artrip,Calle,De Valencia,11,,,,,,28012,Madrid,HM-4735
Pension,2-pension,Casa De Madri,Calle,De Valverde,3,,,,,,28004,Madrid,HM-4736
Hotel,2-hotel,De Martin,Calle,Gobernador,1,,,,,,28200,San Lorenzo De El Escorial,HM-4737
Hotel,4-hotel,Petit Palace Lealtad Plaza,Calle,De Antonio Maura,5,,,,,,28014,Madrid,HM-4739
Casa Huespedes,Casa Huespedes,Ferron Suittes,Calle,Del Sol,25,,,,,,28330,San Martín De La Vega,HM-4740
Hotel,4-hotel,Alcala Boutique,Calle,Cardenal Cisneros,22,,,,,,28802,Alcalá De Henares,HM-4741
Hostal,3-hostal,Rincon De Gran Via Iii,Calle,Gran Vía,67,,,,6,,28013,Madrid,HM-4743
Hostal,1-hostal,Betancourt,Calle,De Agustín De Betancourt,23,ENTERO,,,,,28003,Madrid,HM-4746
Pension,1-pension,Crismar Hospedaje,Calle,Goya,25,ENTERO,,,,,28400,Collado Villalba,HM-4747
Hotel,1-hotel,Ibis Budget Madrid Centro Las Ventas,Calle,De Siena,10,,,,,,28027,Madrid,HM-4748
Hotel,4-hotel,Sardinero Madrid,Plaza,De Alonso Martínez,3,,,,,,28004,Madrid,HM-4749
Hotel,1-hotel,Ibis Budget Madrid Getafe,Calle,Río Bembezar,16A,,,,,,28906,Getafe,HM-4751
Hotel,4-hotel,Innside Madrid Luchana,Calle,De Luchana,22,,,,,,28010,Madrid,HM-4753
Hotel,3-hotel,One Shot 23,Calle,Del Prado,23,,,,,,28014,Madrid,HM-4755
Hotel,4-hotel,Exe Moncloa,Calle,Del Arcipreste De Hita,10,,,,,,28015,Madrid,HM-4758
Hotel,1-hotel,Travelodge Madrid Alcala,Calle,De Santa Leonor,34,,,,,,28037,Madrid,HM-4759
Pension,1-pension,Veracruz,Avenida,De Valdemorillo,2,ENTERO,,,,,28213,Colmenar Del Arroyo,HM-4761
Hotel,4-hotel,Eurostars Plaza Mayor,Calle,Del Doctor Cortezo,10,,,,,,28012,Madrid,HM-4762
Casa Huespedes,Casa Huespedes,Casa El Encuentro,Calle,Nazarín,8,,,,,,28610,Villamanta,HM-4764
Apartamento Rural,Apartamento Rural,Saika Rural,Camino,De Las Eras (manjirón),4,,,,,,28754,Puentes Viejas,TR-83
Apartamento Rural,Apartamento Rural,Fresnedillas,Calle,Praderas Matías,14,,,,,,28214,Fresnedillas De La Oliva,TR-84
Apartamento Rural,Apartamento Rural,Los Gemelos,Calle,De Las Sieteiglesias (navas),4,,,,,,28754,Lozoyuela-navas-sieteiglesias,TR-85
Apartamento Rural,Apartamento Rural,Las Runas,Calle,Baja,38,,,,,,28195,Puentes Viejas,TR-86
Hotel Rural,1-hoja De Roble,La Calle 42,Camino,De Valdeyernos,22,,,,,,28696,Pelayos De La Presa,TR-87
Apartamento Rural,Apartamento Rural,La Columna,Calle,De Morata,2,,,,,,28370,Chinchón,TR-88
Apartamento Rural,Apartamento Rural,Hospederia Del Valle,Calle,De Las Eras,35,,,,,,28739,Gargantilla Del Lozoya Y Pinilla De Buitrago,TR-90
Hotel Rural,1-hoja De Roble,El Torreon De Navacerrada,Calle,Tejera,16,,,,,,28491,Navacerrada,TR-92
Hotel Rural,3-hoja De Roble,Casona De Navalmedio,Camino,,"1,5",,,,,,,Cercedilla,TR-94
Apartamento Rural,Apartamento Rural,El Infantado,Calle,Del Encerradero,12,,,,,,28755,"Acebeda, La",TR-96
Hotel Rural,1-hoja De Roble,La Posada De Los Vientos,Calle,Del Encerradero,2,,,,,,28755,"Acebeda, La",TR-97
Casa Rural,Casa Rural,Fuente Del Arca,Calle,Fuente Del Arca,26,,,,,,28190,Montejo De La Sierra,TR-98
Hotel Rural,1-hoja De Roble,Ducali's,Carretera,M-547 (m-546-sotillo De La Adrada),4.500,,,,,,28650,Cenicientos,TR-100
Apartamento Rural,Apartamento Rural,La Escuela,Calle,Puente Del Trueno,1,,,,,,28296,Santa María De La Alameda,TR-101
Apartamento Rural,Apartamento Rural,La Chorrera De San Mames,Calle,De Juan Antonio García Andrés (san Mamés),S/N,,,,,,28739,Navarredonda Y San Mamés,TR-103
Casa Rural,Casa Rural,Los Castaños,Calle,De Emilio Serrano,10,,,,,,28470,Cercedilla,TR-104
Hotel Rural,3-hoja De Roble,Posada Del Camino Real,Calle,De San Francisco,6,,,,,,28180,Torrelaguna,TR-106
Hotel Rural,2-hoja De Roble,Monte Del Tejo,Calle,Del Pozo,23,,,,,,28190,Montejo De La Sierra,TR-108
Apartamento Rural,Apartamento Rural,El Grial,Calle,Olivo,163,,,,,,28695,Navas Del Rey,TR-110
Hotel Rural,2-hoja De Roble,El Pontifical,Calle,Del Río Henares,3,,,,,,28817,"Santos De La Humosa, Los",TR-113
Casa Rural,Casa Rural,Juan,Travesia,Del Alamillo,5,,,,,,28749,Alameda Del Valle,TR-114
Hotel Rural,2-hoja De Roble,Capellania De Mendoza,Carretera,Del Berrueco,"9,200",,,,,,28754,Puentes Viejas,TR-115
Apartamento Rural,Apartamento Rural,Las Tinajas,Calle,De Los Extramuros,2,,,,,,28815,Ribatejada,TR-116
Casa Rural,Casa Rural,Casa Felipa,Calle,Grande,14,,,,,,28749,Alameda Del Valle,TR-117
Apartamento Rural,Apartamento Rural,El Bulin De Paredes,Calle,De La Luna (paredes De Buitrago),39,,,,,,28196,Puentes Viejas,TR-118
Hotel Rural,2-hoja De Roble,El Jardin,Carretera,Madrid,12,,,,,,28620,Aldea Del Fresno,TR-119
Casa Rural,Casa Rural,San Anton,Calle,De San Esteban Alta,10,,,,,,28370,Chinchón,TR-120
Hotel Rural,1-hoja De Roble,La Abuela,Calle,De La Rivera Del Artiñuelo,4,,,,,,28740,Rascafría,TR-125
Casa Rural,Casa Rural,Quinta De Linaje,Calle,Del Río Henares,12,,,,,,28817,"Santos De La Humosa, Los",TR-127
Apartamento Rural,Apartamento Rural,Casas Camino De Navahonda,Calle,Navahonda,S/N,,,,,,28294,Robledo De Chavela,TR-128
Hotel Rural,1-hoja De Roble,Casa Granero,Calle,Artiñuelo,4,,,,,,28740,Rascafría,TR-129
Apartamento Rural,Apartamento Rural,El Arapon,Calle,Del Torrontero,11,,,,,,28193,Cervera De Buitrago,TR-130
Apartamento Rural,Apartamento Rural,Las Casas Del Abu,Calle,De Camilo José Cela,262,,,,,,28294,Robledo De Chavela,TR-131
Apartamento Rural,Apartamento Rural,Las Eras,Calle,De Las Eras,27,,,,,,28189,"Atazar, El",TR-132
Apartamento Rural,Apartamento Rural,La Casa Del Cura,Calle,,10,,,,,,,"Atazar, El",TR-133
Casa Rural,Casa Rural,Casa Del Encargado Aguas De Carabaña,Carretera,De Perales-albares,"7,700",,,,,,28560,Carabaña,TR-134
Casa Rural,Casa Rural,Casa Del Guarda. Aguas De Carabaña,Carretera,De Tielmes-ambite,"7,800",,,,,,28560,Carabaña,TR-135
Casa Rural,Casa Rural,Entre Pintores,Calle,Pintor Zuloaga,10,,,,,,28440,Guadarrama,TR-136
Casa Rural,Casa Rural,El Pinar,Plaza,De La Iglesia,16,,,,,,28754,Puentes Viejas,TR-138
Hotel Rural,2-hoja De Roble,Casa Rural,Calle,De La Sociedad De Cosecheros,5,,,,,,28370,Chinchón,TR-139
Hotel Rural,1-hoja De Roble,La Beltraneja,Calle,Del Arco,10,,,,,,28730,Buitrago Del Lozoya,TR-140
Hotel Rural,3-hoja De Roble,Las Postas,Carretera,Nacional 601,"10,200",,,,,,28491,Navacerrada,TR-141
Hotel Rural,3-hoja De Roble,Balneario Aguas De Carabaña,Carretera,De Tielmes-ambite,"7,700",,,,,,28560,Carabaña,TR-144
Casa Rural,Casa Rural,Los Alisos,Carretera,Vieja Del Pantano,12,,,,,,28794,Guadalix De La Sierra,TR-146
Hotel Rural,2-hoja De Roble,Sierra De Oriente,Autovia,A-6,"51,500",,,,,,,Guadarrama,TR-147
Casa Rural,Casa Rural,El Pajar De Alameda,Travesia,De La Cochera,11,,,,,,28749,Alameda Del Valle,TR-149
Casa Rural,Casa Rural,El Regajal,Carretera,Antigua Carretera Nacional Iv,"50,500",,,,,,,Aranjuez,TR-152
Casa Rural,Casa Rural,Cascada,Camino,Del Jaralón,S/N,,,,,,28410,Manzanares El Real,TR-153
Apartamento Rural,Apartamento Rural,Los Cerrillos,Calle,Del Cerrillo,1-3-5,,,,,,28189,"Atazar, El",TR-156
Apartamento Rural,Apartamento Rural,Roqueo De Chavela,Calle,Almenara,1233,,,,,,28294,Robledo De Chavela,TR-157
Hotel Rural,2-hoja De Roble,El Yelmo,Avenida,De La Pedriza,67,,,,,,28410,Manzanares El Real,TR-159
Casa Rural,Casa Rural,La Casa De Las Abuelas,Calle,De San Esteban Baja,16,,,,,,28370,Chinchón,TR-160
Hotel Rural,1-hoja De Roble,La Fuente,Calle,Del Despeñadero,7,,,,,,28189,Patones,TR-161
Casa Rural,Casa Rural,Casa Tana,Calle,Del Calvario,17,,,,,,28391,Valdelaguna,TR-162
Casa Rural,Casa Rural,La Llave De Miraflores,Calle,De Fabián Lorente,16,,,,,,28792,Miraflores De La Sierra,TR-163
Hotel Rural,3-hoja De Roble,Las Rozuelas,Carretera,De Las Dehesas,45,,,,,,28479,Cercedilla,TR-164
Casa Rural,Casa Rural,Las Casas De La Estacion Casa Paloma,Calle,De Tirso De Molina,9,,,,,,28294,Robledo De Chavela,TR-165
Hotel Rural,3-hoja De Roble,Hacienda De Los Robles,Avenida,De Madrid,27,,,,,,28491,Navacerrada,TR-167
Hotel Rural,3-hoja De Roble,Nava Real,Calle,De Las Huertas,1,,,,,,28491,Navacerrada,TR-168
Casa Rural,Casa Rural,Los Rosales,Finca,Ministro (real Cortijo De San Isidro),S/N,,,,,,,Aranjuez,TR-169
Casa Rural,Casa Rural,La Abubilla,Avenida,De España,25,,,,,,28391,Valdelaguna,TR-170
Hotel Rural,2-hoja De Roble,Las Conchas,Calle,Ancha,7,,,,,,28680,San Martín De Valdeiglesias,TR-171
Casa Rural,Casa Rural,El Balcon De Don Jose Maria,Calle,De La Iglesia,14-16,,,,,,28370,Chinchón,TR-173
Casa Rural,Casa Rural,La Fragua,Plaza,De La Constitución (sieteiglesias),7,,,,,,28753,Lozoyuela-navas-sieteiglesias,TR-175
Apartamento Rural,Apartamento Rural,Casa Berna,Calle,De La Taberna,2,,,,,,28749,Alameda Del Valle,TR-176
Casa Rural,Casa Rural,El Llantar De La Sierra,Camino,Fuente Grande,3,,,,,,28794,Guadalix De La Sierra,TR-177
Hotel Rural,3-hoja De Roble,Casa Juaneca,Carretera,Nacional I,"30,500",,,,,,28707,Colmenar Viejo,TR-178
Hotel Rural,1-hoja De Roble,El Valle,Avenida,Del Valle,39,,,,,,28740,Rascafría,TR-179
Hotel Rural,1-hoja De Roble,Mataelpino,Calle,De Los Ganaderos,9,,,,,,28492,"Boalo, El",TR-182
Apartamento Rural,Apartamento Rural,Peñagorda,Calle,Del Pozo,4,,,,,,28755,Madarcos,TR-183
Hotel,4-hotel,Axel Hotel Madrid,Calle,De Atocha,49,,,,,,28012,Madrid,HM-4844
Pension,2-pension,Posada Peñaparda De Serrada,Calle,Real,4,ENTERO,,,,,28195,Puentes Viejas,HM-4847
Hostal,3-hostal,Roisa Hostal Boutique,Calle,De Serrano,236,,,,BJ-1-2,,28016,Madrid,HM-4849
Casa Huespedes,Casa Huespedes,Hospederia Las Encinas,Avenida,Príncipe De Asturias,127,,,,2,,28670,Villaviciosa De Odón,HM-4850
Hostal,3-hostal,Jc Rooms Chueca,Calle,De Las Infantas,5,,,,1234,,28004,Madrid,HM-4854
Casa Huespedes,Casa Huespedes,Lemus,Calle,De Hortaleza,7,,,,1,DCHA,28004,Madrid,HM-4855
Casa Huespedes,Casa Huespedes,A Y Z Juan De Mena,Calle,De Juan De Mena,19,,,,BAJO,,28014,Madrid,HM-4860
Hotel,5-hotel,Hyatt Centric Gran Via Madrid,Calle,Gran Vía,31,,,,,,28013,Madrid,HM-4861
Hostal,2-hostal,Hostal Carmen,Calle,Gran Vía,44,,,,4,PTA. D,28013,Madrid,HM-4863
Hotel,5-hotel,Hotel Vp Plaza España Design,Plaza,De España,5,,,,,,28008,Madrid,HM-4864
Hostal,1-hostal,Huerto De San Antonio,Calle,Subida Al Convento,S/N,ENTERO,,,,,28751,"Cabrera, La",HM-4865
Pension,3-pension,Rincón De Gran Vía Iv,Calle,Gran Vía,67,,,,5,,28013,Madrid,HM-4866
Hostal,1-hostal,Hostal Pax Torrelodones,Calle,Sama De Langreo,S/N,ENTERO,,,0,,28250,Torrelodones,HM-4867
Hotel,5-hotel,Gran Hotel Ingles,Calle,De Echegaray,8,,,,,,28014,Madrid,HM-4868
Hotel,5-hotel,Heritage,Calle,De Diego De León,43,,,,,,28006,Madrid,HM-4869
Casa Huespedes,Casa Huespedes,A & Z Cabrini,Calle,De Santa Francisca Javier Cabrini,4,ENTERO,,,,,28043,Madrid,HM-4870
Hotel,4-hotel,Nh Collection Gran Vía,Calle,Gran Vía,21,,,,,,28013,Madrid,HM-4872
Hotel,4-hotel,One Shot Fortuny 07,Calle,De Fortuny,7,,,,,,28010,Madrid,HM-4873
Casa Huespedes,Casa Huespedes,Posada De La Costurera De Aranjuez,Calle,De Abastos,27,,,,1,PTA. D,28300,Aranjuez,HM-4874
Hotel-apart.,2-hotel-apart.,Avenida De America Tijcal,Calle,De Béjar,29,,,,,,28028,Madrid,HM-4875
Casa Huespedes,Casa Huespedes,Proasol,Calle,Del Almirante,16,,,,BAJO,,28004,Madrid,HM-4876
Hostal,1-hostal,Ibis Budget Centro Lavapiés,Calle,De Valencia,8-10,ENTERO,,,,,28012,Madrid,HM-4878
Casa Huespedes,Casa Huespedes,"Hospederia Goroca. C/ Juan Miro, 6-1º A",Calle,De Juan Miró,6,,,,1,A,28770,Colmenar Viejo,HM-4881
Hostal,3-hostal,Golden Alcala,Calle,De Alcalá,288,ENTERO,,,,,28027,Madrid,HM-4882
Hotel,4-hotel,Cool Rooms,Calle,De Atocha,34,,,,,,28012,Madrid,HM-4883
Pension,2-pension,La Cabaña,Calle,Cáceres,1,ENTERO,,,,,28223,Pozuelo De Alarcón,HM-4884
Hostal,3-hostal,Jc Jardines,Calle,De Los Jardines,3,ENTERO,,,,,28013,Madrid,HM-4885
Hotel,2-hotel,Freedom,Calle,De Santa Isabel,4,,,,,,28012,Madrid,HM-4886
Casa Huespedes,Casa Huespedes,Rooms Madrid,Calle,De Martínez Izquierdo,75,,,,BAJO,,28028,Madrid,HM-4887
Hostal,1-hostal,"Galatea, 2",Calle,De Galatea,2,ENTERO,,,,,28042,Madrid,HM-4888
Hotel,4-hotel,Aloft Madrid Gran Via,Calle,De Jacometrezo,6,,,,,,28013,Madrid,HM-4889
Pension,1-pension,Sy Soho,Calle,De La Cruzada,1,,,,BAJO,,28013,Madrid,HM-4891
Hostal,1-hostal,Hotel Missisippi,Autovia,A-1,35,,,,,,28750,San Agustín Del Guadalix,HM-4893
Hotel,4-hotel,Pestana Plaza Mayor-madrid,Calle,Imperial,8,,,,,,28012,Madrid,HM-4898
Hotel,2-hotel,The First One Hotel,Calle,De Preciados,44,,,,,,28013,Madrid,HM-4899
Pension,1-pension,Nest,Plaza,De La Virgen De La Paloma,S/N,,,,,,28005,Madrid,HM-4901
Hostal,3-hostal,Rincon De Gran Via V,Calle,Gran Vía,67,,,,3,,28013,Madrid,HM-4902
Casa Huespedes,Casa Huespedes,Atocha 28,Calle,De Atocha,28,,,,"ESC.1,",PTA. 1,28012,Madrid,HM-4903
Pension,1-pension,Casa Boutique Palace,Calle,De Gravina,25,,,,1,IZQ,28004,Madrid,HM-4905
Hotel,4-hotel,Room Mate Alba,Calle,De Las Huertas,16,,,,,,28012,Madrid,HM-4906
Pension,1-pension,The Match Madrid,Calle,De Alonso Cano,60,,,,BAJO,A,,Madrid,HM-4907
Hostal,3-hostal,Mi Casa Inn,Calle,De Blasco De Garay,61,,,,0-1-23,,28015,Madrid,HM-4908
Casa Huespedes,Casa Huespedes,Hospedaje Gracia,Calle,Quintana,1,,,,BAJO,,28850,Torrejón De Ardoz,HM-4912
Pension,1-pension,Suites You Soho,Calle,De La Cruzada,1,,,,baja,LOC. 1,28013,Madrid,HM-4913
Hotel,1-hotel,Bestprice Madrid Alcala,Calle,De Miguel Yuste,10,,,,,,28037,Madrid,HM-4916
Hostal,1-hostal,Uma House Atocha,Calle,Del Doctor Mata,1,,,,3-4,,28012,Madrid,HM-4917
Casa Huespedes,Casa Huespedes,Murallas Ii,Calle,De Francisco Navacerrada,25,,,,BAJA,,28028,Madrid,HM-4918
Hotel Rural,1-hoja De Roble,Casa Cirilo,Carretera,De Las Dehesas,S/N,,,,,,28479,Cercedilla,TR-2
Casa Rural,Casa Rural,Casa Del Tio Luis,Calle,Del Arco,3,,,,,,28380,Colmenar De Oreja,TR-3
Casa Rural,Casa Rural,Creart,Calle,Del Manzanillar,15,,,,,,28293,Zarzalejo,TR-6
Apartamento Rural,Apartamento Rural,Valle Del Paular,Avenida,Del Paular,6,,,,,,28740,Rascafría,TR-7
Apartamento Rural,Apartamento Rural,Valle Del Paular,Avenida,De Cascajales,20,,,,,,28740,Rascafría,TR-9
Apartamento Rural,Apartamento Rural,El Encanto De Miraflores,Calle,Santa María,6,,,,,,28792,Miraflores De La Sierra,TR-10
Hotel Rural,1-hoja De Roble,Casa Lafora,Camino,De Majavilán,3,,,,,,28479,Cercedilla,TR-11
Casa Rural,Casa Rural,La Herren,Calle,Del Norte,7,,,,,,28792,Miraflores De La Sierra,TR-13
Hotel Rural,1-hoja De Roble,Barondillo,Calle,De La Cuesta Del Chorro,4,,,,,,28740,Rascafría,TR-14
Apartamento Rural,Apartamento Rural,Los Nogales,Avenida,De Madrid,63,,,,,,28752,Lozoyuela-navas-sieteiglesias,TR-16
Apartamento Rural,Apartamento Rural,La Huerta De Arriba,Paseo,De Los Álamos,14,,,,,,28294,Robledo De Chavela,TR-17
Apartamento Rural,Apartamento Rural,La Solana,Calle,De La Solana,7,,,,,,28680,San Martín De Valdeiglesias,TR-18
Apartamento Rural,Apartamento Rural,La Casona De Gascones,Calle,De Carlos Ruiz,8,,,,,,28737,Gascones,TR-21
Hotel Rural,2-hoja De Roble,Castillo De Maribel,Carretera,Del Berrueco,"9,200",,,,,,28754,Puentes Viejas,TR-22
Casa Rural,Casa Rural,La Quinta De Las Flores,Calle,Del Mercado,10,,,,,,28792,Miraflores De La Sierra,TR-23
Hotel Rural,1-hoja De Roble,Casona De La Dehesa,Avenida,De España,22,,,,,,28192,"Berrueco, El",TR-24
Casa Rural,Casa Rural,La Casona De Gascones,Calle,Los Melgares,12,,,,,,28737,Gascones,TR-25
Casa Rural,Casa Rural,Finca El Alto De Secadura,Paraje,Los Cohonares,67,,,,,,28370,Chinchón,TR-27
Apartamento Rural,Apartamento Rural,La Casa De Los Soportales,Plaza,Mayor,41,,,,,,28370,Chinchón,TR-29
Apartamento Rural,Apartamento Rural,La Casa Del Polvorista,Calle,De Cervantes,9,,,,,,28596,Brea De Tajo,TR-31
Casa Rural,Casa Rural,Casas De La Estacion,Calle,De Tirso De Molina,7,,,,,,28294,Robledo De Chavela,TR-32
Apartamento Rural,Apartamento Rural,Casa Del Abuelo,Calle,De Samuel Baltes,31,,,,,,28590,Villarejo De Salvanés,TR-33
Hotel Rural,3-hoja De Roble,El Corzo,Carretera,M-601 Villalba-segovia,"19,200",,,,,,28470,Cercedilla,TR-34
Apartamento Rural,Apartamento Rural,La Erilla,Calle,Del Pozo,5,,,,,,28737,Braojos,TR-35
Apartamento Rural,Apartamento Rural,La Iglesia,Calle,De La Iglesia,5,,,,,,28192,"Berrueco, El",TR-36
Apartamento Rural,Apartamento Rural,La Dehesa,Calle,Real,S/N,,,,,,28192,"Berrueco, El",TR-37
Apartamento Rural,Apartamento Rural,Las Asperillas,Calle,Peña La Horca,S/N,,,,,,28192,"Berrueco, El",TR-38
Apartamento Rural,Apartamento Rural,Antigua Casa De Telefonos,Calle,Real,47,,,,,,28192,"Berrueco, El",TR-39
Casa Rural,Casa Rural,La Graja,Calle,Del Paje,7,,,,,,28370,Chinchón,TR-43
Apartamento Rural,Apartamento Rural,El Jaral,Calle,Del Moral,6,,,,,,28189,"Atazar, El",TR-44
Casa Rural,Casa Rural,Manuel,Calle,De La Sierra,1,,,,,,28492,"Boalo, El",TR-45
Apartamento Rural,Apartamento Rural,Los Caños,Calle,De La Peña,7,,,,,,28650,Cenicientos,TR-46
Apartamento Rural,Apartamento Rural,El Egio,Calle,Del Pozo,30,,,,,,28193,Cervera De Buitrago,TR-48
Hotel Rural,2-hoja De Roble,Mirador La Maliciosa,Avenida,De La Pedriza,60,,,,,,28410,Manzanares El Real,TR-51
Apartamento Rural,Apartamento Rural,El Valle De El Paular,Avenida,De Miraflores,14,,,,,,28740,Rascafría,TR-52
Apartamento Rural,Apartamento Rural,La Garrocha,Calle,Prado De Los Pinos,4,,,,,,28213,Colmenar Del Arroyo,TR-53
Apartamento Rural,Apartamento Rural,El Refugio De La Sauca,Travesia,De Las Huertas,3,,,,,,28749,Alameda Del Valle,TR-54
Hotel Rural,1-hoja De Roble,Los Frutales,Carretera,De Las Dehesas,41,,,,,,28479,Cercedilla,TR-62
Apartamento Rural,Apartamento Rural,La Cueva Del Lobo,Calle,De Santa María De La Cuesta,16,,,,,,28710,"Molar, El",TR-63
Apartamento Rural,Apartamento Rural,La Corredera,Plaza,,8,,,,,,,Cenicientos,TR-65
Hotel Rural,3-hoja De Roble,La Casa Alta,Travesia,Barrio Alto,12,,,,,,28390,Belmonte De Tajo,TR-66
Casa Rural,Casa Rural,Peña Pintada,Calle,De Emilio Serrano,34,,,,,,28470,Cercedilla,TR-68
Apartamento Rural,Apartamento Rural,La Barataria,Calle,De Las Escuelas,10,,,,,,28359,Titulcia,TR-69
Hotel Rural,3-hoja De Roble,La Casona De Eboli,Calle,Del Embudo,6,,,,,,28818,Santorcaz,TR-70
Hotel Rural,3-hoja De Roble,Luces Del Poniente,Calle,Lina De Ávila,4,,,,,,28470,Cercedilla,TR-73
Apartamento Rural,Apartamento Rural,La Aldaba,Calle,La Cuesta,6,,,,,,28212,Navalagamella,TR-74
Casa Rural,Casa Rural,Lucia,Calle,De La Rosa,18,,,,,,28511,Valdilecha,TR-75
Apartamento Rural,Apartamento Rural,La Estancia De Robledillo,Calle,Del Balcón,4,,,,,,28194,Robledillo De La Jara,TR-76
Apartamento Rural,Apartamento Rural,Robledillo,Calle,De La Fuente,6,,,,,,28194,Robledillo De La Jara,TR-77
Hotel Rural,1-hoja De Roble,Casa De La Marquesa,Calle,De Morata,9,,,,,,28370,Chinchón,TR-80
Casa Rural,Casa Rural,Madre Terra,Calle,Del Pradillo,3,,,,,A,28190,Puebla De La Sierra,TR-81
Apartamento Rural,Apartamento Rural,La Era,Calle,Gato,3,,,,,,28755,Horcajo De La Sierra-aoslos,TR-187
Casa Rural,Casa Rural,La Casita De Rozas,Calle,Del Doctor Fleming,29,,,,,,28649,Rozas De Puerto Real,TR-198
Casa Rural,Casa Rural,El Refugio,Calle,De Las Escuelas,2,,,,,,28189,Patones,TR-200
Apartamento Rural,Apartamento Rural,La Jarosilla,Carretera,Del Escorial,"1,600",,,,,,28440,Guadarrama,TR-201
Casa Rural,Casa Rural,Roqueo De Chavela,Calle,Almenara,1232,,,,,,28294,Robledo De Chavela,TR-202
Hotel Rural,3-hoja De Roble,Hospederia De Antonia,Calle,San Blas,2,,,,,,28864,Ajalvir,TR-203
Apartamento Rural,Apartamento Rural,Botica Rural,Calle,Carlos Ruiz,5,,,,,,28751,"Cabrera, La",TR-211
Apartamento Rural,Apartamento Rural,Casa Del Maestro,Calle,De La Iglesia,1,,,,,,28515,Olmeda De Las Fuentes,TR-212
Apartamento Rural,Apartamento Rural,El Abuelo Quiko,Calle,De La Amargura,3,,,,,,28370,Chinchón,TR-213
Casa Rural,Casa Rural,Crn Rural,Avenida,,3,,,,,,,Guadarrama,TR-215
Apartamento Rural,Apartamento Rural,Rural Living Zone,Calle,Peral,6,,,,,,28194,Robledillo De La Jara,TR-307
Apartamento Rural,Apartamento Rural,Al Viento De Pradena Del Rincon,Calle,De La Luna,8,,,,,,28191,Prádena Del Rincón,TR-309
Casa Rural,Casa Rural,Villa Florita,Calle,Desaguador,6,,,,,,28391,Valdelaguna,TR-314
Apartamento Rural,Apartamento Rural,La Morada Del Fauno,Calle,Hurtada,40,,,,,,28240,Hoyo De Manzanares,TR-318
Casa Rural,Casa Rural,El Balcon Siete Picos,Calle,De La Alondra,3,,,,,,28470,Cercedilla,TR-319
Casa Rural,Casa Rural,El Bulin De Braojos,Calle,Don Florencio,31,,,,,,28737,Braojos,TR-320
Casa Rural,Casa Rural,La Casita I,Calle,De Antonio Machado,51,,,,,,28649,Rozas De Puerto Real,TR-321
Casa Rural,Casa Rural,La Fragua,Calle,Fragua,50,,,,,,28794,Guadalix De La Sierra,TR-324
Casa Rural,Casa Rural,Las Chorreras,Avenida,Las Chorreras,2,,,,,,28295,Valdemaqueda,TR-326
Casa Rural,Casa Rural,Arroyo Aguilón,Calle,Del Aguilón,2,,,,,,28740,Rascafría,TR-329
Casa Rural,Casa Rural,Los Mofletes,Calle,De Doña Francisca Y Don Francisco Fausto,40,,,,,,28370,Chinchón,TR-332
Casa Rural,Casa Rural,La Casa Del Tio Paco,Calle,De Saramago,15,,,,,,28214,Fresnedillas De La Oliva,TR-333
Apartamento Rural,Apartamento Rural,El Bulin De Prádena,Calle,Pizarro,7,,,,0,0,28191,Prádena Del Rincón,TR-334
Apartamento Rural,Apartamento Rural,La Casa De La Laguna I,Calle,Del Pozo Airón,23,,,,,,28694,Chapinería,TR-335
Apartamento Rural,Apartamento Rural,La Casa De La Laguna Ii,Calle,Del Pozo Airón,25,,,,,,28694,Chapinería,TR-336
Casa Rural,Casa Rural,Colla-rubio,Calle,De Los Arroyuelos,10,,,,,,28450,Collado Mediano,TR-337
Hotel Rural,2-hoja De Roble,Los Corrales De Soto,Avenida,De España,3,,,,,,28791,Soto Del Real,TR-338
Casa Rural,Casa Rural,Mirando A Gredos,Avenida,Prado Higuera,61,,,,,,28640,Cadalso De Los Vidrios,TR-339
Casa Rural,Casa Rural,Tu Playa En La Sierra,Camino,De Las Canteras,120,,,,,,28192,"Berrueco, El",TR-340
Casa Rural,Casa Rural,Melones,Avenida,De Madrid,109,,,,,,28189,Patones,TR-342
Casa Rural,Casa Rural,Ciclolodge El Nevero,Calle,De Las Cuatro Calles,4,,,,BAJO,LOCAL,28742,Lozoya,TR-343
Apartamento Rural,Apartamento Rural,Los Diezmos De Patones,Avenida,De La Cerrada,22,,,,,,28189,Torremocha De Jarama,TR-344
Casa Rural,Casa Rural,Casa Carina,Calle,Aguardienterías,3,,,,,,28460,"Molinos, Los",TR-346
Apartamento Rural,Apartamento Rural,La Casa Emboscada,Calle,Gato,8,,,,,,28755,Horcajo De La Sierra-aoslos,TR-347
Apartamento Rural,Apartamento Rural,Apartamentos Turísticos Vega De Tielmes,Calle,Del Cercado,5,,,,,,28550,Tielmes,TR-348
Casa Rural,Casa Rural,Casa Rural Vega De Tielmes,Calle,Del Cercado,5,,,,CASA,,28550,Tielmes,TR-349
Casa Rural,Casa Rural,El Huerto De León,Calle,Real,15,,,,,,28191,Prádena Del Rincón,TR-350
Casa Rural,Casa Rural,El Mirador Del Chorrillo,Calle,Del Chorrillo,6,,,,,,28515,Olmeda De Las Fuentes,TR-351
Casa Rural,Casa Rural,La Aldea,Travesia,Del Sauce,5,,,,,,28620,Aldea Del Fresno,TR-352
Apartamento Rural,Apartamento Rural,La Casa Del Molino,Calle,Aranjuez,4,,,,,,28359,Titulcia,TR-353
Hotel Rural,3-hoja De Roble,La Bodega De Quintin,Calle,Toril,2,,,,,,28590,Villarejo De Salvanés,TR-354
Casa Rural,Casa Rural,Posada De Lola,Calle,De Ramón Gabriel,28,,,,,,28710,"Molar, El",TR-355
Casa Rural,Casa Rural,La Insula,Calle,Iglesia,6,,,,,,28296,Santa María De La Alameda,TR-356
Apartamento Rural,Apartamento Rural,El Rincon De Anter C,Calle,De Ramón Y Cajal,20,,,,,,28650,Cenicientos,TR-357
Casa Rural,Casa Rural,Rascafria,Avenida,De Cascajales,7,,,,,,28740,Rascafría,TR-358
Casa Rural,Casa Rural,El Callejon,Calle,Príncipes De España,7,,,,,,28598,Villamanrique De Tajo,TR-359
Apartamento Rural,Apartamento Rural,La Parra,Calle,De Los Mártires,10,,,,,,28730,Buitrago Del Lozoya,TR-361
Casa Rural,Casa Rural,Las Cuatro Chimeneas,Calle,Goya,14,,,,,,28296,Santa María De La Alameda,TR-363
Apartamento Rural,Apartamento Rural,Apartamentos Rurales De Aldea,Carretera,Madrid,10,,,,,,28620,Aldea Del Fresno,TR-365
Apartamento Rural,Apartamento Rural,La Buganvilla,Calle,De La Cuesta De La Grilla,5,,,,,,28391,Valdelaguna,TR-367
Casa Rural,Casa Rural,Esencia De Maryvan,Calle,Hijalvo,4,,,,,,28722,"Vellón, El",TR-368
Casa Rural,Casa Rural,El Reencuentro,Calle,Chopo,7,,,,,,28640,Cadalso De Los Vidrios,TR-370
Apartamento Rural,Apartamento Rural,Nature Rural,Calle,Real,15,,,,,,28194,Berzosa Del Lozoya,TR-371
Casa Rural,Casa Rural,Casa Del Hortelano,Calle,De Morata,21,,,,,,28370,Chinchón,TR-373
Casa Rural,Casa Rural,Casa Rural Adela,Calle,De Goya,12,,,,,,28450,Collado Mediano,TR-374
Casa Rural,Casa Rural,La Posada Del Tiempo,Plaza,Encina,1,,,,,,28739,Villavieja Del Lozoya,TR-377
Apartamento Rural,Apartamento Rural,Puente Viejo De Buitrago,Plaza,Del Progreso,3,,,,,,28730,Buitrago Del Lozoya,TR-379
Apartamento Rural,Apartamento Rural,El Torreon De Rozas,Avenida,De La Constitución,21,,,,,,28649,Rozas De Puerto Real,TR-381
Hotel,4-hotel,Ayre Gran Hotel Colon,Calle,Del Pez Volador,1,,,,,,28007,Madrid,HM-2538
Apart-turistico,3-apart-turistico,Muralto,Calle,Del Buen Suceso,3,,,,,,28008,Madrid,AM-69
Apart-turistico,2-apart-turistico,Andromeda (bluesense Almagro),Calle,De Almagro,10,,,,,,28010,Madrid,AM-79
Apart-turistico,3-apart-turistico,Suite Foxa 32,Calle,De Agustín De Foxá,32,,,,,,28036,Madrid,AM-96
Apart-turistico,3-apart-turistico,Suite Foxa 25,Calle,De Agustín De Foxá,25,,,,,,28036,Madrid,AM-104
Apart-turistico,2-apart-turistico,Olano,Calle,De Ros De Olano,2,,,,,,28002,Madrid,AM-106
Apart-turistico,3-apart-turistico,Plaza De España,Plaza,De España,7,,,,,,28008,Madrid,AM-113
Apart-turistico,3-apart-turistico,Plaza Basilica,Calle,Del Aviador Zorita,27,,,,,,28020,Madrid,AM-114
Casa Rural,Casa Rural,Terrazas A La Plaza,Calle,De Emiliano Montero,6,,,,,,28370,Chinchón,TR-218
Hotel Rural,1-hoja De Roble,La Fuente Del Gato,Calle,De La Fragua,1,,,,,,28515,Olmeda De Las Fuentes,TR-219
Hotel Rural,2-hoja De Roble,Torreblanca,Calle,Doctor Gómez Ruiz,7,,,,,,28440,Guadarrama,TR-220
Hotel Rural,1-hoja De Roble,Hotel Rural Plaza Mayor Chinchon,Plaza,Mayor,38,,,,,,28370,Chinchón,TR-221
Casa Rural,Casa Rural,Mansion Longinos,Avenida,De La Constitución,82,,,,,,28460,"Molinos, Los",TR-222
Apartamento Rural,Apartamento Rural,Almenara,Calle,De Las Seguidillas,10,,,,,,28695,Navas Del Rey,TR-223
Apartamento Rural,Apartamento Rural,La Cabaña,Avenida,Del Paular,38,,,,,,28740,Rascafría,TR-224
Casa Rural,Casa Rural,Villa Carmen Del Rosal,Calle,Alto Del Rubio,24,,,,,,28792,Miraflores De La Sierra,TR-225
Hotel Rural,1-hoja De Roble,Los Manzanos,Avenida,Del Valle,50,,,,,,28740,Rascafría,TR-226
Casa Rural,Casa Rural,La Senda Del Viento,Calle,Mayor,33,,,,,,28720,Bustarviejo,TR-229
Apartamento Rural,Apartamento Rural,La Fragua,Calle,La Fragua (piñuécar),2,,,,,,28737,Piñuécar-gandullas,TR-233
Apartamento Rural,Apartamento Rural,Casas De Piñuecar,Calle,De Las Cantarranas,14,,,,,,28737,Piñuécar-gandullas,TR-234
Apartamento Rural,Apartamento Rural,Albus Albi,Plaza,De España,1,,,,,,28213,Colmenar Del Arroyo,TR-238
Hotel Rural,1-hoja De Roble,Albus Albi,Plaza,De España,1,,,,,,28213,Colmenar Del Arroyo,TR-239
Casa Rural,Casa Rural,Finca El Olivo De Fresnedillas,Camino,De La Granja,1,,,,,,28214,Fresnedillas De La Oliva,TR-240
Hotel Rural,1-hoja De Roble,El Rincon De Rascafria,Plaza,Del Dos De Mayo,4,,,,,,28740,Rascafría,TR-242
Casa Rural,Casa Rural,Finca Valdecantos,Carretera,,"1,000",,,,,,,Navalcarnero,TR-243
Apartamento Rural,Apartamento Rural,Hacienda La Coracera,Calle,Del Pilar,11,,,,,,28680,San Martín De Valdeiglesias,TR-246
Hotel Rural,1-hoja De Roble,La Mansion,Calle,De Jacinto González,20,,,,,,28600,Navalcarnero,TR-247
Casa Rural,Casa Rural,Finca El Cerro,Calle,,SN,,,,,,28610,Villamanta,TR-250
Apartamento Rural,Apartamento Rural,Casa Zarzal,Avenida,Vía Pecuaria,6,,,,,,28293,Zarzalejo,TR-251
Apartamento Rural,Apartamento Rural,Valle Del Aceite,Calle,Mayor,35,,,,,,28594,Valdaracete,TR-255
Hotel Rural,3-hoja De Roble,La Torre,Paseo,De Los Rosales,48,,,,,,28450,Collado Mediano,TR-256
Apartamento Rural,Apartamento Rural,El Capriolo,Calle,Mayor,9,,,,,,28743,Garganta De Los Montes,TR-257
Casa Rural,Casa Rural,Via Verde Del Tajuña,Camino,De Valdeperales,3,,,,,,28540,Perales De Tajuña,TR-258
Casa Rural,Casa Rural,La Casa Del Comandante,Calle,De La Iglesia,15,,,,,,28515,Olmeda De Las Fuentes,TR-259
Casa Rural,Casa Rural,Casa 110,Avenida,Cañada Segoviana,110,,,,,,28620,Aldea Del Fresno,TR-261
Casa Rural,Casa Rural,Deo Gratias,Calle,Del Arroyo,79,,,,,,28294,Robledo De Chavela,TR-263
Apartamento Rural,Apartamento Rural,El Pajar,Calle,Gato,6,,,,,,28755,Horcajo De La Sierra-aoslos,TR-266
Apartamento Rural,Apartamento Rural,La Trilla,Calle,Mayor,24,,,,,,28755,Horcajo De La Sierra-aoslos,TR-267
Apartamento Rural,Apartamento Rural,El Bulin De Robregordo,Plaza,De La Constitución,2,,,,,,28755,Robregordo,TR-270
Apartamento Rural,Apartamento Rural,Casa Del Gato,Calle,Gato,4,,,,,,28755,Horcajo De La Sierra-aoslos,TR-272
Apartamento Rural,Apartamento Rural,Pradera Del Toro I Y Ii,Calle,De Cantarranas,46,,,,,1 Y 2,28737,Braojos,TR-275
Apartamento Rural,Apartamento Rural,Las Casitas De La Poza,Calle,De La Poza Arriba,14,,,,,,28739,Gargantilla Del Lozoya Y Pinilla De Buitrago,TR-279
Apartamento Rural,Apartamento Rural,Las Casitas De La Poza,Calle,De La Poza Arriba,18,,,,,,28739,Gargantilla Del Lozoya Y Pinilla De Buitrago,TR-281
Apartamento Rural,Apartamento Rural,Almenaralove,Calle,Almenara,31-23,,,,C,,28294,Robledo De Chavela,TR-283
Hotel Rural,3-hoja De Roble,Quercus Tierra,Plaza,De San Pedro,11,,,,,,28743,Garganta De Los Montes,TR-285
Casa Rural,Casa Rural,Los Cerros De Santa Maria,Calle,Fontivieja,5,,,,,,28296,Santa María De La Alameda,TR-286
Casa Rural,Casa Rural,Rural Valle De La Laguna,Avenida,De España,6,,,,,,28391,Valdelaguna,TR-292
Apartamento Rural,Apartamento Rural,Nature Rural,Calle,Reguera,22,,,,,,28194,Berzosa Del Lozoya,TR-293
Casa Rural,Casa Rural,El Granero,Calle,De Los Postes,2,,,,,,28391,Valdelaguna,TR-294
Apartamento Rural,Apartamento Rural,Alojamiento Fuente Del Arca,Calle,Pizarro,3,,,,,,28191,Prádena Del Rincón,TR-295
Casa Rural,Casa Rural,Finca Triana,Calle,Madroño,12,,,,,,28816,Valdeavero,TR-296
Apartamento Rural,Apartamento Rural,Al Viento,Calle,Pozas,39,,,,,,28191,Horcajuelo De La Sierra,TR-297
Hotel Rural,1-hoja De Roble,Marcos,Avenida,Del Paular,34,,,,,,28740,Rascafría,TR-299
Casa Rural,Casa Rural,Peña Aguda,Glorieta,De Campoamor,6,,,,,,28470,Cercedilla,TR-300
Hotel Rural,2-hoja De Roble,Luna Llena,Plaza,De Tercia,1,,,,,,28189,Torremocha De Jarama,TR-301
Casa Rural,Casa Rural,Rosa De Los Vientos,Calleja,Niños,1,,,,,,28737,Braojos,TR-302
Apartamento Rural,Apartamento Rural,Centro De Recursos Don Alvaro De Luna,Calle,Del General Martínez Benito,42,,,,,,28680,San Martín De Valdeiglesias,TR-304
Casa Rural,Casa Rural,La Casa De Enmedio,Calle,Real,21,,,,,,28515,Olmeda De Las Fuentes,TR-305
Apart-turistico,2-apart-turistico,Melchor De Liñan,Calle,Melchor De Liñán,21,,,,,,28180,Torrelaguna,AM-249
Apart-turistico,1-apart-turistico,San Martin,Pasaje,Perales,5,,,,,,28330,San Martín De La Vega,AM-250
Apart-turistico,3-apart-turistico,Be Smart Madrid Albufera,Carretera,De Villaverde A Vallecas,295,,,,,,28031,Madrid,AM-251
Apart-turistico,3-apart-turistico,Blanca De Castilla 5,Calle,De Blanca De Castilla,5,,,,,,28023,Madrid,AM-252
Apart-turistico,1-apart-turistico,Rodriguez Ibeas,Calle,De Aguilón,17,,,,,,28045,Madrid,AM-253
Apart-turistico,4-apart-turistico,Eco Alcala Suites,Calle,De Santa Leonor,24,,,,,,28037,Madrid,AM-254
Apart-turistico,4-apart-turistico,Amador De Los Rios,Calle,De Amador De Los Ríos,3,,,,,,28010,Madrid,AM-255
Apart-turistico,1-apart-turistico,Jardines,Calle,De Agosto,21-23,,,,,,28022,Madrid,AM-256
Apart-turistico,1-apart-turistico,Fin De Semana,Calle,De Noviembre,58,,,,,,28022,Madrid,AM-257
Apart-turistico,2-apart-turistico,La Florida,Calle,Rosa De Lima,2,,,,,,28290,"Rozas De Madrid, Las",AM-258
Apart-turistico,1-apart-turistico,La Isla,Calle,Ancha,19,,,,,,28914,Leganés,AM-260
Apart-turistico,3-apart-turistico,Compostela Suites,Calle,De Zambrana,4,,,,,,28022,Madrid,AM-261
Apart-turistico,1-apart-turistico,Suites Florida,Calle,De Campezo,2,,,,,,28022,Madrid,AM-262
Apart-turistico,1-apart-turistico,H2 Tirso De Molina,Calle,De Abades,3,,,,,,28012,Madrid,AM-264
Apart-turistico,1-apart-turistico,Madrid,Calle,De Atocha,19,,,,,,28012,Madrid,AM-268
Apart-turistico,1-apart-turistico,Eric Vokel Madrid Suites,Calle,De San Bernardo,61,,,,,,28015,Madrid,AM-270
Apart-turistico,Sin Categoria,Madrid 4 Rentals,Calle,De Santa María,36,,,,,,28014,Madrid,AM-271
Apart-turistico,2-apart-turistico,Gavirental,Calle,Del Conde De Romanones,14,,,,,,28012,Madrid,AM-272
Apart-turistico,3-apart-turistico,Puerta De Toledo,Glorieta,De Puerta De Toledo,3,,,,,,28005,Madrid,AM-276
Apart-turistico,3-apart-turistico,Raniante,Calle,De Aranjuez,19,,,,,,28039,Madrid,AM-282
Apart-turistico,4-apart-turistico,Abalu Madrid Suites,Calle,Del Pez,32,,,,,,28004,Madrid,AM-286
Apart-turistico,2-apart-turistico,Madrid Airport Suites,Calle,De Lola Flores,16,,,,,,28022,Madrid,AM-287
Apart-turistico,3-apart-turistico,Edificio Fernando Vi,Calle,De Fernando Vi,6,,,,,,28004,Madrid,AM-289
Apart-turistico,2-apart-turistico,Blume Cruz,Calle,De La Cruz,35,,,,,,28012,Madrid,AM-290
Apart-turistico,1-apart-turistico,Apartosuites Jardines De Sabatini,Cuesta,De San Vicente,16,,,,,,28008,Madrid,AM-291
Apart-turistico,1-apart-turistico,El Rincon De La Fuente,Plaza,Del Marqués De Lozoya,12,,,,,,28742,Lozoya,AM-292
Apart-turistico,1-apart-turistico,Eric Vokel Atocha Suites,Calle,De Vizcaya,9,,,,,,28045,Madrid,AM-293
Apart-turistico,3-apart-turistico,Apartosuite Jardines De Sabatini,Cuesta,De San Vicente,16,,,,,,28008,Madrid,AM-297
Apart-turistico,2-apart-turistico,Arenal Suites,Calle,Del Arenal,8,,,,,,28013,Madrid,AM-299
Apart-turistico,1-apart-turistico,El Capricho De Madrid,Calle,De Fuendetodos,25,,,,,,28047,Madrid,AM-303
Apart-turistico,1-apart-turistico,Madrid Central Suite,Calle,De Apodaca,5,,,,,,28004,Madrid,AM-304
Apart-turistico,1-apart-turistico,Alcala,Calle,De Albarracín,4,,,,,,28037,Madrid,AM-306
Apart-turistico,1-apart-turistico,Apartamentos Felipe Vi,Callejon,De Preciados,4,,,,,,28013,Madrid,AM-313
Apart-turistico,1-apart-turistico,Suites You Zinc,Calle,Del Arenal,10,,,,,,28013,Madrid,AM-314
Apart-turistico,1-apart-turistico,Ar Apartamentos Soto Del Real,Avenida,De España,1,,,,,,28791,Soto Del Real,AM-319
Apart-turistico,1-apart-turistico,El Volante,Calle,Palomero,84,,,,,,28350,Ciempozuelos,AM-325
Apart-turistico,3-apart-turistico,B Y B Fuencarral 46,Calle,De Fuencarral,46,,,,,,28004,Madrid,AM-328
Apart-turistico,2-apart-turistico,Criteriahome,Calle,De La Laguna Del Marquesado,11,,,,BJO,A,28021,Madrid,AM-329
Apart-turistico,1-apart-turistico,L&h La Latina,Calle,De Calatrava,17,,,,,,28005,Madrid,AM-330
Apart-turistico,1-apart-turistico,60 Balconie Urban Stay - Recoletos,Calle,Del Almirante,17,,,,,,28004,Madrid,AM-333
Apart-turistico,1-apart-turistico,60 Balconies Urban Stay - Atocha,Plaza,Del Emperador Carlos V,11,,,,,,28012,Madrid,AM-334
Apart-turistico,2-apart-turistico,Home Rentals Madrid,Calle,De Ministriles,21,,,,,,28012,Madrid,AM-336
Apart-turistico,2-apart-turistico,Pradena,Calle,Pizarro,7,,,,,,28191,Prádena Del Rincón,AM-1317
Apart-turistico,2-apart-turistico,La Fragua,Carretera,De Prádena,1,,,,,,28190,Puebla De La Sierra,AM-1323
Apart-turistico,1-apart-turistico,Aspasios,Calle,Del Marqués De Toca,10,,,,,,28012,Madrid,AM-1328
Apart-turistico,3-apart-turistico,Togumar,Calle,De Canillas,59,,,,,,28002,Madrid,AM-116
Apart-turistico,3-apart-turistico,Togumar Ii,Calle,De Luis Cabrera,74,,,,,,28002,Madrid,AM-117
Apart-turistico,3-apart-turistico,Th Aravaca,Calle,De Alsasua,5,,,,,,28023,Madrid,AM-121
Apart-turistico,3-apart-turistico,G3 Galeon,Calle,De Francisco Medrano,4,,,,,,28020,Madrid,AM-122
Apart-turistico,3-apart-turistico,Th Las Rozas,Camino,Viejo De Madrid,38,,,,,,28231,"Rozas De Madrid, Las",AM-123
Apart-turistico,3-apart-turistico,Rosales,Calle,Del Marqués De Urquijo,35,,,,,,28008,Madrid,AM-124
Apart-turistico,2-apart-turistico,Recoletos,Calle,De Villanueva,2,,,,,,28001,Madrid,AM-126
Apart-turistico,1-apart-turistico,Azata-avenida,Carretera,De Las Dos Castillas,9,,,,,,28223,Pozuelo De Alarcón,AM-128
Apart-turistico,4-apart-turistico,Suite Prado,Calle,De Manuel Fernández Y González,10,,,,,,28014,Madrid,AM-129
Apart-turistico,3-apart-turistico,Gran Via,Calle,Gran Vía,65,,,,,,28013,Madrid,AM-130
Apart-turistico,3-apart-turistico,Nh La Florida,Calle,De Proción,12,,,,,,28023,Madrid,AM-132
Apart-turistico,3-apart-turistico,El Madroño,Calle,Del General Díaz Porlier,101,,,,,,28015,Madrid,AM-135
Apart-turistico,2-apart-turistico,El Castañar,Calle,De La Moraleja,S/N,,,,,,28649,Rozas De Puerto Real,AM-139
Apart-turistico,2-apart-turistico,El Bulin De Horcajuelo,Calle,Blanco,36,,,,,,28191,Horcajuelo De La Sierra,AM-141
Apart-turistico,2-apart-turistico,La Fragua,Calle,De Los Tendales,8,,,,,,28739,Gargantilla Del Lozoya Y Pinilla De Buitrago,AM-143
Apart-turistico,2-apart-turistico,El Pozo Del Caño,Calle,Del Pozo,7,,,,,,28192,"Berrueco, El",AM-149
Apart-turistico,1-apart-turistico,La Cuesta,Calle,Cuesta,1,,,,,,28189,"Atazar, El",AM-159
Apart-turistico,2-apart-turistico,El Potro,Calle,De Los Prados,17,,,,,,28192,"Berrueco, El",AM-171
Apart-turistico,1-apart-turistico,El Zaguan De La Villa,Plaza,Mayor,8,,,,,,28180,Torrelaguna,AM-173
Apart-turistico,2-apart-turistico,Fuentevieja,Calle,De La Fuente De Abajo,30,,,,,,28190,Puebla De La Sierra,AM-175
Apart-turistico,2-apart-turistico,Condado De Mendoça,Calle,Real,38,,,,,,28190,Montejo De La Sierra,AM-176
Apart-turistico,4-apart-turistico,Jardin De Recoletos,Calle,De Gil De Santivañes,6,,,,,,28001,Madrid,AM-183
Apart-turistico,1-apart-turistico,La Cañada,Calle,De La Antigua Cañada Real,S/N,,,,,,28739,Navarredonda Y San Mamés,AM-190
Apart-turistico,1-apart-turistico,La Yesada,Calle,De La Taberna,7,,,,,,28739,Gargantilla Del Lozoya Y Pinilla De Buitrago,AM-191
Apart-turistico,1-apart-turistico,Palacio,Calle,Del Álamo,S/N,,,,,,28630,Villa Del Prado,AM-192
Apart-turistico,1-apart-turistico,El Castañar Ii,Calle,Capellanía,1,,,,,,28649,Rozas De Puerto Real,AM-194
Apart-turistico,2-apart-turistico,La Posada Del Arco,Calle,De Morata,5,,,,,,28370,Chinchón,AM-197
Apart-turistico,1-apart-turistico,La Cañada Ii,Calle,De La Antigua Cañada Real,5,,,,,,28739,Navarredonda Y San Mamés,AM-206
Apart-turistico,1-apart-turistico,El Quemao Del Roble,Calle,Duque De Alba,73,,,,,,28297,Santa María De La Alameda,AM-210
Apart-turistico,1-apart-turistico,Pradera Del Toro,Calle,Del Viento,S/N,,,,,,28737,Braojos,AM-211
Apart-turistico,2-apart-turistico,Pradoelegido,Calle,Pizarro,12,,,,,,28191,Prádena Del Rincón,AM-217
Apart-turistico,2-apart-turistico,El Mirador Real,Calle,De Viñas De El Pardo,2 - 4,,,,,,28023,Madrid,AM-218
Apart-turistico,2-apart-turistico,Las Encarnas,Calle,Del Buen Suceso,16,,,,,,28737,Braojos,AM-220
Apart-turistico,2-apart-turistico,El Encanto Del Valle Del Lozoya,Avenida,De La Estación,44,,,,,,28739,Gargantilla Del Lozoya Y Pinilla De Buitrago,AM-223
Apart-turistico,2-apart-turistico,El Bosque,Calle,Grande,3,,,,,,28749,Alameda Del Valle,AM-228
Apart-turistico,2-apart-turistico,Estrella Rural,Travesia,Don Florencio,2 - 4,,,,,,28737,Braojos,AM-231
Apart-turistico,2-apart-turistico,Braojos,Calle,Del Viento,29,,,,,,28737,Braojos,AM-232
Apart-turistico,1-apart-turistico,Casa Del Medico,Calle,Del Pintor Álvaro Delgado,4,,,,,,28515,Olmeda De Las Fuentes,AM-235
Apart-turistico,2-apart-turistico,El Pajar De Aoslos,Calle,De La Plazuela,2,,,,,,28755,Horcajo De La Sierra-aoslos,AM-241
Apart-turistico,1-apart-turistico,Dos De Mayo,Calle,Del Dos De Mayo,15-17,,,,,,28100,Alcobendas,AM-244
Apart-turistico,2-apart-turistico,Casa Aldaba,Calle,Pilón,51,,,,,,28191,"Hiruela, La",AM-246
Apart-turistico,3-apart-turistico,Suites Viena,Calle,De Juan Álvarez Mendizábal,17,,,,,,28008,Madrid,AM-247
Apart-turistico,1-apart-turistico,Aspasios Calle Mayor,Calle,Mayor,30,,,,,,28013,Madrid,AM-1360
Apart-turistico,1-apart-turistico,Apartamentos Plaza De Santiago,Plaza,De Santiago,1,,,,,,28320,Pinto,AM-1361
Apart-turistico,1-apart-turistico,Apartamentos Urgel,Calle,De Peñafiel,40,,,,,,28019,Madrid,AM-1362
Apart-turistico,3-apart-turistico,New Point Madrid Opera,Calle,De Las Hileras,8,,,,,,28013,Madrid,AM-1363
Apart-turistico,1-apart-turistico,Plaza De Italia,Plaza,Italia,4,,,,,,28224,Pozuelo De Alarcón,AM-1364
Apart-turistico,1-apart-turistico,Limehome,Calle,De La Madera,25,,,,,,28004,Madrid,AM-1366
Apart-turistico,2-apart-turistico,Acero Y Piedra,Calle,Del Prado Serrano,1,,,,,D,28412,"Boalo, El",AM-1367
Hosterias,Sin Categoria,Mad4you Hostel,Costanilla,De San Vicente,4,,,,,,28004,Madrid,HH-1
Hosterias,Sin Categoria,Era Xxi,Calle,De Serrano Anguita,11,,,,,,28004,Madrid,HH-2
Hosterias,Sin Categoria,The Hat,Calle,Imperial,9,,,,,,28012,Madrid,HH-3
Hosterias,Sin Categoria,Room Oo7 Ventura,Calle,De Ventura De La Vega,5,,,,,,28014,Madrid,HH-4
Hosterias,Sin Categoria,Room 007 Chueca,Calle,De Hortaleza,74,,,,,,28004,Madrid,HH-5
Hosterias,Sin Categoria,Far Home Atocha,Calle,De Atocha,45,,,,,,28012,Madrid,HH-12
Hosterias,Sin Categoria,Madvibes,Calle,De Mesonero Romanos,7,,,,,,28013,Madrid,HH-13
Hosterias,Sin Categoria,Motion Chueca,Plaza,De Pedro Zerolo,3,,,,,,28004,Madrid,HH-19
Hosterias,Sin Categoria,Room007 Select Sol,Calle,De Las Fuentes,13,,,,,,28013,Madrid,HH-20
Viviendas De Uso Turistico,Sin Categoria,"Dalias, Nº 11",Calle,Dalias,11,,,,,,28690,Brunete,VT-1
Viviendas De Uso Turistico,Sin Categoria,"Los Pinos, Nº 5",Avenida,De Los Pinos,5,,,,,,28695,Navas Del Rey,VT-6
Viviendas De Uso Turistico,Sin Categoria,Canencia Rural,Calle,De La Ermita Del Santo Cristo,8,,,,,,28743,Canencia,VT-21
Viviendas De Uso Turistico,Sin Categoria,Chalet Con Piscina,Calle,Etamín,6,,,,,,28794,Guadalix De La Sierra,VT-25
Viviendas De Uso Turistico,Sin Categoria,"Carabela 2,",Calle,Carabela,2,,,,,,28680,San Martín De Valdeiglesias,VT-74
Hosterias,Sin Categoria,La Nave,Calle,De Cadarso,19,,,,,PTA. 1,28008,Madrid,HH-27
Hosterias,Sin Categoria,Far Home Bernabeu,Calle,De Las Mercedes,13,,,,,,28020,Madrid,HH-28
Hosterias,Sin Categoria,Open Hostel,Calle,De Las Infantas,44,,,,,,28004,Madrid,HH-29
Hosterias,Sin Categoria,2060 The Newton Hostel Y Market,Calle,De La Cabeza,11,,,,,,28012,Madrid,HH-31
Hosterias,Sin Categoria,A Y B Hostel Principe Pio,Paseo,Del Rey,8,,,,,,28008,Madrid,HH-33
Hosterias,Sin Categoria,Bastardo Hostel,Calle,De San Mateo,3,,,,,,28004,Madrid,HH-34
Hosterias,Sin Categoria,La Pedriza,Calle,Real,12,,,,,,28410,Manzanares El Real,HH-35
Hosterias,Sin Categoria,Generator Hostels Madrid,Calle,De San Bernardo,2,,,,,,28013,Madrid,HH-37
Hosterias,Sin Categoria,Hostel One Madrid,Calle,Del Montserrat,9,,,,,,28015,Madrid,HH-38
Hosterias,Sin Categoria,Bluesock Hostels,Calle,Gran Vía,6,,,,1,,28013,Madrid,HH-41
Hosterias,Sin Categoria,Cat's Hostel,Calle,De Cañizares,6,,,,,,28012,Madrid,HH-44
Hosterias,Sin Categoria,Petit Hostel,Ronda,De Segovia,14,,,,BAJO,1,28005,Madrid,HH-45
Camping,4-camping,Internacional Aranjuez,Calle,Antigua N-iv Autovía Del Sur,"46,800",,,,,,28300,Aranjuez,CM-2
Camping,3-camping,Arganda,Carretera,De Campo Real,"3,600",,,,,,28500,Arganda Del Rey,CM-5
Camping,3-camping,D´oremor,Carretera,Cabanillas A Bustaviejo M-631,"0,700",,,,,,28721,Cabanillas De La Sierra,CM-10
Camping,3-camping,Alpha,Calle,De La Calidad,1,,,,,,28906,Getafe,CM-12
Camping,3-camping,El Ortigal,Calle,De Los Montañeros,19,,,,,,28410,Manzanares El Real,CM-13
Camping,3-camping,San Juan,Carretera,Escorial-brunete (m-600),"22,2",,,,,,28210,Valdemorillo,CM-15
Camping,3-camping,Lagos Coto Cisneros,Carretera,De Chinchón,"2,500",,,,,,28500,Arganda Del Rey,CM-16
Camping,3-camping,Piscis,Carretera,De Guadalix M-625,18,,,,,,28729,Navalafuente,CM-17
Camping,4-camping,Pico De La Miel,Calle,Del Camping,S/N,,,,,,28751,"Cabrera, La",CM-18
Camping,4-camping,Caravaning El Escorial,Carretera,Guadarrama A El Escorial M-600,"3,500",,,,,,28280,"Escorial, El",CM-21
Camping,3-camping,El Valle,Carretera,Bustaviejo A Miraflores M-610,"15,500",,,,,,28720,Bustarviejo,CM-22
Camping,3-camping,La Fresneda,Carretera,M-608,"19,500",,,,,,28791,Soto Del Real,CM-23
Camping,3-camping,Arco Iris,Carretera,M-501 (villaviciosa-boadilla),"7,100",,,,,,28670,Villaviciosa De Odón,CM-26
Camping,4-camping,El Canto La Gallina,Travesia,Dos De Mayo,1,,,,,,28295,Valdemaqueda,CM-27
Camping,3-camping,Camping Monasterio De Pelayos,Camino,De La Enfermería,1,,,,,,28696,Pelayos De La Presa,CM-29
Camping,3-camping,Cervera De Buitrago,Calle,De La Iglesia,S/N,,,,,,28193,Cervera De Buitrago,CM-30
Camping,3-camping,El Picachuelo,Carretera,El Berrueco A Cervera M-127,5,,,,,,28192,"Berrueco, El",CM-31
Camping,3-camping,La Ardilla Roja,Paseo,Del Pantano,1,,,,,,28680,San Martín De Valdeiglesias,CM-32
Apart-turistico,1-apart-turistico,Madrid Smart Rentals Delicias,Calle,Del Divino Vallés,23,,,,,,28045,Madrid,AM-1330
Apart-turistico,1-apart-turistico,"Apartamentos Gonzalo De Córdoba, 15",Calle,De Gonzalo De Córdoba,15,,,,,,28010,Madrid,AM-1331
Apart-turistico,2-apart-turistico,Slow Suites Bellas Artes,Calle,De Los Madrazo,20,,,,,,28014,Madrid,AM-1332
Apart-turistico,2-apart-turistico,Slow Suites Gran Via,Calle,De Víctor Hugo,4,,,,,,28004,Madrid,AM-1333
Apart-turistico,1-apart-turistico,La Arbolada,Calle,Del Cuartel,4,,,,-,-,28491,Navacerrada,AM-1334
Apart-turistico,1-apart-turistico,Plaza Mayor Suites Y Apartments,Calle,De El Salvador,4,,,,,,28012,Madrid,AM-1341
Apart-turistico,2-apart-turistico,Slow Suites Luchana,Calle,De Luchana,13,,,,,,28010,Madrid,AM-1342
Apart-turistico,1-apart-turistico,La Buena Mañana,Calle,De Las Azucenas,14,,,,,,28751,"Cabrera, La",AM-1345
Apart-turistico,2-apart-turistico,Mh Apartments Central Madrid,Plaza,De Tirso De Molina,15,,,,,,28012,Madrid,AM-1346
Apart-turistico,3-apart-turistico,Plaza España Sky Line,Calle,De Cadarso,18,,,,,,28008,Madrid,AM-1348
Apart-turistico,1-apart-turistico,Gran Central Suites,Calle,De Las Minas,12,,,,,,28004,Madrid,AM-1350
Apart-turistico,1-apart-turistico,Horoko,Calle,Del Miosotis,2,,,,,,28039,Madrid,AM-1351
Apart-turistico,2-apart-turistico,Apartamentos Lg 45,Calle,De Leganitos,45,,,,,,28013,Madrid,AM-1353
Viviendas De Uso Turistico,Sin Categoria,Nuñez Arce 14 2º A,Calle,De Núñez De Arce,14,,,,2,A,28012,Madrid,VT-310
Viviendas De Uso Turistico,Sin Categoria,Nuñez Arce 14 3º A,Calle,De Núñez De Arce,14,,,,3,A,28012,Madrid,VT-312
Viviendas De Uso Turistico,Sin Categoria,"Arenal 26, 2º Dcha D",Calle,Del Arenal,26,,,,2,D,28013,Madrid,VT-207
Viviendas De Uso Turistico,Sin Categoria,Casa De Cuento,Calle,De Rodrigo De Triana,9,,,,,,28680,San Martín De Valdeiglesias,VT-248
Viviendas De Uso Turistico,Sin Categoria,"C/ Barcelona 7, 4º,b",Calle,De Barcelona,7,,,,4,B,28012,Madrid,VT-383
Viviendas De Uso Turistico,Sin Categoria,Cadiz 4,Calle,De Cádiz,4,,,,2,INT,28012,Madrid,VT-650
Viviendas De Uso Turistico,Sin Categoria,Los Prados,Calle,Prados,4,,,,,,28752,Lozoyuela-navas-sieteiglesias,VT-699
Viviendas De Uso Turistico,Sin Categoria,Casa Balcon Mirador,Calle,Urbanizacion Cuestas Viejas,165,,,,,,,Navas Del Rey,VT-732
Hotel,4-hotel,Only You Boutique Hotel Madrid,Calle,De Barquillo,19-21,,,,,,28014,Madrid,HM-4763
Viviendas De Uso Turistico,Sin Categoria,Rosales 4,Calle,De Los Rosales,4,,,,,,28729,Venturada,VT-768
Viviendas De Uso Turistico,Sin Categoria,Guadalcampo 96,Urbanizacion,Guadalcampo,96,,,,,,28794,Guadalix De La Sierra,VT-591
Viviendas De Uso Turistico,Sin Categoria,Avda. De La Ermita 2,Avenida,De La Ermita,2,,,,1,F,28108,Alcobendas,VT-2717
Viviendas De Uso Turistico,Sin Categoria,"Europa, 5",Paseo,Europa,5,,,,4,4,28703,San Sebastián De Los Reyes,VT-3075
Viviendas De Uso Turistico,Sin Categoria,Gravina 10,Calle,De Gravina,10,,,,2,C,28004,Madrid,VT-2745
Viviendas De Uso Turistico,Sin Categoria,Estudios,Calle,De Los Estudios,2,,,,5,B,28012,Madrid,VT-2747
Viviendas De Uso Turistico,Sin Categoria,Velarde 3,Calle,De Velarde,3,,,INT,3,DCHA,28004,Madrid,VT-2748
Viviendas De Uso Turistico,Sin Categoria,"Campezo 14 1,5º 9",Calle,De Campezo,14,,1,,5,9,28022,Madrid,VT-3092
Viviendas De Uso Turistico,Sin Categoria,"Campezo 14 1,5º 8",Calle,De Campezo,14,,1,,5,8,28022,Madrid,VT-3093
Viviendas De Uso Turistico,Sin Categoria,"Campezo 14 2,1º 20",Calle,De Campezo,14,,2,,1,20,28022,Madrid,VT-3095
Viviendas De Uso Turistico,Sin Categoria,Deyanira 59 A-2 13,Calle,De Deyanira,59,,A,,2,13,28022,Madrid,VT-3099
Viviendas De Uso Turistico,Sin Categoria,Pirra 44 A-2 13,Calle,De Pirra,44,,A,,2,13,28022,Madrid,VT-3102
Viviendas De Uso Turistico,Sin Categoria,Pirra 44 A-5 23,Calle,De Pirra,44,,A,,5,23,28022,Madrid,VT-3103
Viviendas De Uso Turistico,Sin Categoria,Pirra 44 D-1 2 22,Calle,De Pirra,44,,D,2º,1,22,28022,Madrid,VT-3104
Viviendas De Uso Turistico,Sin Categoria,Pirra 44 D-3 19,Calle,De Pirra,44,,D,,3,19,28022,Madrid,VT-3105
Viviendas De Uso Turistico,Sin Categoria,Pirra 44 D-3 22,Calle,De Pirra,44,,D,,3,22,28022,Madrid,VT-3106
Viviendas De Uso Turistico,Sin Categoria,Villanueva 30,Calle,De Villanueva,30,,,,6,3,28001,Madrid,VT-2410
Viviendas De Uso Turistico,Sin Categoria,"Campezo 14 4 3º Esc 2, 7",Calle,De Campezo,14,,4,2,3,7,28022,Madrid,VT-2419
Viviendas De Uso Turistico,Sin Categoria,San Roque 40,Calle,San Roque,40,,,,,,28110,Algete,VT-2420
Viviendas De Uso Turistico,Sin Categoria,Casa Turistica Higueras,Calle,Higueras,3,,,,,,28296,Santa María De La Alameda,VT-2424
Viviendas De Uso Turistico,Sin Categoria,Jesus Y Maria 34,Calle,De Jesús Y María,34,,,,BJO,DCHA,28012,Madrid,VT-2749
Viviendas De Uso Turistico,Sin Categoria,"Samaniego, 12, Ptal 2, 1º Esc. 1, P19",Calle,De Samaniego,12,,2,1,1,19,28022,Madrid,VT-2753
Viviendas De Uso Turistico,Sin Categoria,Santa Isabel 25,Calle,De Santa Isabel,25,,,,2,IZQ,28012,Madrid,VT-2754
Viviendas De Uso Turistico,Sin Categoria,La Venturada,Calle,De Las Eras,7,,,,,,28293,Zarzalejo,VT-2761
Viviendas De Uso Turistico,Sin Categoria,Piedra La Zorra,Calle,De La Campanera,7,,,,,,28594,Valdaracete,VT-3127
Viviendas De Uso Turistico,Sin Categoria,Carril Del Atajo 14,Calle,Carril Del Atajo,14,,,,,,28609,Sevilla La Nueva,VT-2781
Viviendas De Uso Turistico,Sin Categoria,"Almendro 25, 1º A",Calle,Del Almendro,25,,,,1,A,28005,Madrid,VT-2790
Viviendas De Uso Turistico,Sin Categoria,"Huertas 67, 1º",Calle,De Las Huertas,67,,,,1,1,,Madrid,VT-3154
Viviendas De Uso Turistico,Sin Categoria,"Santa Ana, 16",Calle,De Santa Ana,16,,,,3,B,28005,Madrid,VT-3571
Viviendas De Uso Turistico,Sin Categoria,"Huertas, 50",Calle,De Las Huertas,50,,,,BAJO,IZQ A,,Madrid,VT-2471
Viviendas De Uso Turistico,Sin Categoria,Maison Latina Xii,Calle,Del Mesón De Paredes,69,,,,ATI,A,28012,Madrid,VT-2795
Viviendas De Uso Turistico,Sin Categoria,Jose Barbastre 1,Calle,De José Barbastre,1,,,,1,B,28017,Madrid,VT-2805
Viviendas De Uso Turistico,Sin Categoria,Maison Latina I,Calle,Del Mesón De Paredes,69,,,,1,A,28012,Madrid,VT-2812
Viviendas De Uso Turistico,Sin Categoria,Maison Latina Ii,Calle,Del Mesón De Paredes,69,,,,1,B,28012,Madrid,VT-2813
Viviendas De Uso Turistico,Sin Categoria,"Meson De Paredes 69, 1º D",Calle,Del Mesón De Paredes,69,,,,1,D,28012,Madrid,VT-2814
Viviendas De Uso Turistico,Sin Categoria,Maison Latina Iv,Calle,Del Mesón De Paredes,69,,,,2,A,28012,Madrid,VT-2815
Viviendas De Uso Turistico,Sin Categoria,Maison Latina V,Calle,Del Mesón De Paredes,69,,,,2,B,28012,Madrid,VT-2816
Viviendas De Uso Turistico,Sin Categoria,Maison Latina Vi,Calle,Del Mesón De Paredes,69,,,,2,C,28012,Madrid,VT-2817
Viviendas De Uso Turistico,Sin Categoria,Maison Latina Vii,Calle,Del Mesón De Paredes,69,,,,2,D,28012,Madrid,VT-2818
Viviendas De Uso Turistico,Sin Categoria,Maison Latina Viii,Calle,Del Mesón De Paredes,69,,,,3,A,28012,Madrid,VT-2819
Viviendas De Uso Turistico,Sin Categoria,Maison Latina Ix,Calle,Del Mesón De Paredes,69,,,,3,B,28012,Madrid,VT-2820
Viviendas De Uso Turistico,Sin Categoria,Maison Latina X,Calle,Del Mesón De Paredes,69,,,,3,C,28012,Madrid,VT-2821
Viviendas De Uso Turistico,Sin Categoria,Maison Latina Xi,Calle,Del Mesón De Paredes,69,,,,3,D,28012,Madrid,VT-2823
Viviendas De Uso Turistico,Sin Categoria,Casa Aranjuez,Calle,Del Greco,6,,,,,,28300,Aranjuez,VT-2852
Viviendas De Uso Turistico,Sin Categoria,"Campezo 14,1, 1º, 4",Calle,De Campezo,14,,,1,1,4,28022,Madrid,VT-2519
Viviendas De Uso Turistico,Sin Categoria,"Campezo 14, 1º, 18",Calle,De Campezo,14,,,,1,18,28022,Madrid,VT-2520
Viviendas De Uso Turistico,Sin Categoria,"Campezo 14, 1º, 21",Calle,De Campezo,14,,,,1,21,28022,Madrid,VT-2521
Viviendas De Uso Turistico,Sin Categoria,"Campezo 14, 1º, 11",Calle,De Campezo,14,,,,1,11,28022,Madrid,VT-2522
Viviendas De Uso Turistico,Sin Categoria,"Campezo 14, 2º, 19",Calle,De Campezo,14,,,,2,19,28022,Madrid,VT-2523
Viviendas De Uso Turistico,Sin Categoria,"Campezo 14, 5º, 20",Calle,De Campezo,14,,,,5,20,28022,Madrid,VT-2524
Viviendas De Uso Turistico,Sin Categoria,"Deyanira 59, 5º, 3",Calle,De Deyanira,59,,C,2,5,3,28022,Madrid,VT-2526
Viviendas De Uso Turistico,Sin Categoria,"Pirra, 44, Ptal -, 2, Esc. -, Pta. 20",Calle,De Pirra,44,,,,2,20,28022,Madrid,VT-2527
Viviendas De Uso Turistico,Sin Categoria,"Pirra, 44, Ptal -, 1, Esc. -, Pta. 13",Calle,De Pirra,44,,,,1,13,28022,Madrid,VT-2529
Viviendas De Uso Turistico,Sin Categoria,"Pirra, 44, Ptal -, 3, Esc. -, Pta. 14",Calle,De Pirra,44,,,,3,14,28022,Madrid,VT-2531
Viviendas De Uso Turistico,Sin Categoria,"Pirra, 44, Ptal -, 3, Esc. -, Pta. 13",Calle,De Pirra,44,,,,3,13,28022,Madrid,VT-2532
Viviendas De Uso Turistico,Sin Categoria,"Pirra, 44, Ptal -, 3, Esc. -, Pta. 8",Calle,De Pirra,44,,,,3,8,28022,Madrid,VT-2533
Viviendas De Uso Turistico,Sin Categoria,"Pirra, 44, Ptal -, 3, Esc. -, Pta. 7",Calle,De Pirra,44,,,,3,7,28022,Madrid,VT-2534
Viviendas De Uso Turistico,Sin Categoria,"Pirra, 44, Ptal -, 1, Esc. -, Pta. 24",Calle,De Pirra,44,,,,1,24,28022,Madrid,VT-2535
Viviendas De Uso Turistico,Sin Categoria,"Pirra, 44, Ptal -, 4, Esc. -, Pta. 20",Calle,De Pirra,44,,,,4,20,28022,Madrid,VT-2536
Viviendas De Uso Turistico,Sin Categoria,"Pirra, 44, Ptal A, 3, Esc. 1, Pta. 18",Calle,De Pirra,44,,A,1,3,18,28022,Madrid,VT-2876
Viviendas De Uso Turistico,Sin Categoria,"Campezo 14, 2º , 14",Calle,De Campezo,14,,,,2,14,28022,Madrid,VT-2877
Viviendas De Uso Turistico,Sin Categoria,"Pirra, 44, Ptal D, 5, Esc. 2, Pta. 24",Calle,De Pirra,44,,D,2,5,24,28022,Madrid,VT-2878
Viviendas De Uso Turistico,Sin Categoria,"Deyanira, 59 - A, 1-21",Calle,De Deyanira,59,,A,,1,21,28022,Madrid,VT-2879
Viviendas De Uso Turistico,Sin Categoria,"Campezo 14, 4, 4º, 6",Calle,De Campezo,14,,4,,4,6,28022,Madrid,VT-2881
Viviendas De Uso Turistico,Sin Categoria,"La Palma, 22",Calle,De La Palma,22,,,INT,3,1,,Madrid,VT-2882
Viviendas De Uso Turistico,Sin Categoria,"Lagasca, 67 Esc B, 209",Calle,De Lagasca,67,,,B,,209,,Madrid,VT-3225
Viviendas De Uso Turistico,Sin Categoria,"Lagasca, 67 Esc A, 114",Calle,De Lagasca,67,,,A,,114,,Madrid,VT-3226
Viviendas De Uso Turistico,Sin Categoria,"San Bernardino, 5",Calle,De San Bernardino,5,,,,3,B,28015,Madrid,VT-3229
Pension,2-pension,Olala Vallecas Mini Hotel,Avenida,De La Albufera,135,,,,B,,28038,Madrid,HM-5001
Viviendas De Uso Turistico,Sin Categoria,Rural Las Eras,Travesia,Carretera Belmonte,3,,,,,,28391,Valdelaguna,VT-2543
Viviendas De Uso Turistico,Sin Categoria,Palacete Con Encanto,Calle,De La Encomienda,12,,,,,,28590,Villarejo De Salvanés,VT-2548
Viviendas De Uso Turistico,Sin Categoria,Casa Del Ratonero,Calle,De La Oliva,7,,,,2,2,,Cercedilla,VT-2891
Viviendas De Uso Turistico,Sin Categoria,"Deyanira, 59, Portal D, 3º, 21",Calle,De Deyanira,59,,D,,3,21,28022,Madrid,VT-2898
Viviendas De Uso Turistico,Sin Categoria,"Deyanira, 59, D, 5º, 20",Calle,De Deyanira,59,,,,5,PTA. 2,28022,Madrid,VT-2899
Viviendas De Uso Turistico,Sin Categoria,"Deyanira, 59, D, 5º, 23",Calle,De Deyanira,59,,,,5,PTA. 2,28022,Madrid,VT-2901
Viviendas De Uso Turistico,Sin Categoria,"Deyanira, 59, Portal I, 5, Esc. 2, Pta.5",Calle,De Deyanira,59,,1,2,5,5,28022,Madrid,VT-2902
Viviendas De Uso Turistico,Sin Categoria,"Deyanira, 59, Portal B, 1º, Pta. 1",Calle,De Deyanira,59,,B,,1,1,28022,Madrid,VT-2903
Viviendas De Uso Turistico,Sin Categoria,"Deyanira, 59, Portal D, 2º, Pta. 25",Calle,De Deyanira,59,,,,2,PTA. 2,28022,Madrid,VT-2905
Viviendas De Uso Turistico,Sin Categoria,Dossau,Plaza,De La Villa,24,,,,1,,28740,Rascafría,VT-3262
Viviendas De Uso Turistico,Sin Categoria,Crestas,Plaza,De La Villa,24,,,,2,,28740,Rascafría,VT-3263
Viviendas De Uso Turistico,Sin Categoria,"Mayor 44, 1º A",Calle,Mayor,44,,,,1,A,28013,Madrid,VT-3270
Viviendas De Uso Turistico,Sin Categoria,Corral De Concejo,Camino,Blanca,19,,,,,,28191,Horcajuelo De La Sierra,VT-2564
Viviendas De Uso Turistico,Sin Categoria,"Deyanira, 59, Portal D, 2º, Pta. 22",Calle,De Deyanira,59,,,,2,PTA. 2,28022,Madrid,VT-2907
Viviendas De Uso Turistico,Sin Categoria,"Moreras, 2",Calle,De Las Moreras,2,,,,3,C,28038,Madrid,VT-2920
Viviendas De Uso Turistico,Sin Categoria,"Valle De San Pedro, 12",Calle,Del Valle De San Pedro,12,,,,,,28590,Villarejo De Salvanés,VT-2921
Viviendas De Uso Turistico,Sin Categoria,Zaguan,Plaza,De La Villa,25,,,,1,,28740,Rascafría,VT-3271
Viviendas De Uso Turistico,Sin Categoria,Casita De Brezal,Calle,De Los Reyes,33,,,,B,1,28740,Rascafría,VT-3274
Viviendas De Uso Turistico,Sin Categoria,Arcalis,Plaza,De La Villa,25,,1,1,2,B,28740,Rascafría,VT-3276
Viviendas De Uso Turistico,Sin Categoria,Perales 2c,Calle,Perales,2,,,,BAJO,C,28902,Getafe,VT-3290
Viviendas De Uso Turistico,Sin Categoria,Perales 2d,Calle,Perales,2,,,,BAJO,D,28902,Getafe,VT-3293
Viviendas De Uso Turistico,Sin Categoria,Saint Bernard,Calle,El Robledal,1,,,,,,28294,Robledo De Chavela,VT-2939
Viviendas De Uso Turistico,Sin Categoria,"Almadén, 14 2º B Int",Calle,De Almadén,14,,,INT,2,B,28014,Madrid,VT-3305
Viviendas De Uso Turistico,Sin Categoria,"Samaniego, 12, Ptal 2, 1 K",Calle,De Samaniego,12,,2,,1,K,28022,Madrid,VT-2972
Viviendas De Uso Turistico,Sin Categoria,"Pirra, 44, Ptal C, 2, Esc. -, Pta. 2",Calle,De Pirra,44,,C,,2,2,28022,Madrid,VT-2974
Viviendas De Uso Turistico,Sin Categoria,Casa El Olivo,Calle,Puerto De Navacerrada,27,,,,,,28260,Galapagar,VT-2319
Viviendas De Uso Turistico,Sin Categoria,"Argumosa 9, 2º A",Calle,De Argumosa,9,,,,2,A,28012,Madrid,VT-2322
Viviendas De Uso Turistico,Sin Categoria,,Calle,De Fuencarral,24,,,,ÁTICO,B,,Madrid,VT-7335
Viviendas De Uso Turistico,Sin Categoria,Casa Del Petirrojo,Calle,Petirrojos,13,,,,,,28971,Griñón,VT-2631
Viviendas De Uso Turistico,Sin Categoria,Bolillero 41 1º E,Calle,Del Bolillero,41,,,,1,E,28760,Tres Cantos,VT-2639
Viviendas De Uso Turistico,Sin Categoria,San Roque 3,Calle,De San Roque,3,,,,2,A,28004,Madrid,VT-2640
Viviendas De Uso Turistico,Sin Categoria,"Pirra, 44, Ptal C, 4, Esc. -, Pta. 6",Calle,De Pirra,44,,C,,4,6,28022,Madrid,VT-2975
Viviendas De Uso Turistico,Sin Categoria,"Pirra, 44, Ptal C, 5, Esc. -, Pta. 12",Calle,De Pirra,44,,C,,5,12,28022,Madrid,VT-2976
Viviendas De Uso Turistico,Sin Categoria,"Pirra, 44, Ptal C, 5, Esc. -, Pta. 9",Calle,De Pirra,44,,C,,5,9,28022,Madrid,VT-2977
Viviendas De Uso Turistico,Sin Categoria,Quinta Da Botica,Calle,Jacinto Benavente,12,,,,,,28609,Sevilla La Nueva,VT-2329
Viviendas De Uso Turistico,Sin Categoria,Vinuesa,Avenida,Kiel,29,,,,,,28514,Nuevo Baztán,VT-2342
Viviendas De Uso Turistico,Sin Categoria,,Calle,De Abapiés,1,,,,0,2,28370,Chinchón,VT-13746
Viviendas De Uso Turistico,Sin Categoria,Pirra 44 A5-1-16,Calle,De Pirra,44,,A,1,5,16,28022,Madrid,VT-2997
Viviendas De Uso Turistico,Sin Categoria,Pirra 44 B-2 1-11,Calle,De Pirra,44,,B,1,2,11,28022,Madrid,VT-2998
Viviendas De Uso Turistico,Sin Categoria,Deyanira 59 B-4 1,Calle,De Deyanira,59,,B,,4,1,28022,Madrid,VT-3001
Viviendas De Uso Turistico,Sin Categoria,Deyanira 59 B-3 3,Calle,De Deyanira,59,,B,,3,3,28022,Madrid,VT-3002
Viviendas De Uso Turistico,Sin Categoria,Deyanira 59 B-1 4,Calle,De Deyanira,59,,B,,1,4,28022,Madrid,VT-3003
Viviendas De Uso Turistico,Sin Categoria,Deyanira 59 C-4 4,Calle,De Deyanira,59,,C,,4,4,28022,Madrid,VT-3005
Viviendas De Uso Turistico,Sin Categoria,Deyanira 59 B-1 1-1,Calle,De Deyanira,59,,B,1,1,1,28022,Madrid,VT-3007
Viviendas De Uso Turistico,Sin Categoria,Pirra 44 B-3 8,Calle,De Pirra,44,,B,,3,8,28022,Madrid,VT-3008
Viviendas De Uso Turistico,Sin Categoria,Pirra 44 A-4 18,Calle,De Pirra,44,,A,,4,18,28022,Madrid,VT-3009
Viviendas De Uso Turistico,Sin Categoria,Pirra 44 A-1 22,Calle,De Pirra,44,,A,,1,22,28022,Madrid,VT-3010
Viviendas De Uso Turistico,Sin Categoria,Pirra 44 C-2 1,Calle,De Pirra,44,,C,,2,1,28022,Madrid,VT-3011
Viviendas De Uso Turistico,Sin Categoria,Pirra 44 C-1 10,Calle,De Pirra,44,,C,,1,10,28022,Madrid,VT-3012
Viviendas De Uso Turistico,Sin Categoria,Pirra 44 B-2 9,Calle,De Pirra,44,,B,,2,9,28022,Madrid,VT-3013
Viviendas De Uso Turistico,Sin Categoria,"Divino Pastor, 13, 1º Centro Dcha.",Calle,Del Divino Pastor,13,,,,1,DCHA,28004,Madrid,VT-3384
Viviendas De Uso Turistico,Sin Categoria,Cerceda,Calle,Camino De Cerceda,28,,,,,,28492,Manzanares El Real,VT-3385
Viviendas De Uso Turistico,Sin Categoria,"Catedráticos, 71",Avenida,De Los Catedráticos,71,,,,,,28439,Alpedrete,VT-3386
Viviendas De Uso Turistico,Sin Categoria,"Pirra, 44, Ptal B, 3, Esc 1, Pta. 11",Calle,De Pirra,44,,B,1,3,11,28022,Madrid,VT-2347
Viviendas De Uso Turistico,Sin Categoria,"Pirra, 44, Ptal C, 1, Esc. 3, Pta. 9",Calle,De Pirra,44,,C,3,1,9,28022,Madrid,VT-2349
Viviendas De Uso Turistico,Sin Categoria,"Pirra, 44, Ptal -, 4, Esc. 1, Pta. 9",Calle,De Pirra,44,,B,1,4,9,28022,Madrid,VT-2358
Viviendas De Uso Turistico,Sin Categoria,"Pirra, 44, Ptal -, 5, Esc. 2, Pta. 2",Calle,De Pirra,44,,C,2,5,2,28022,Madrid,VT-2359
Viviendas De Uso Turistico,Sin Categoria,"Deyanira 59, 1º, 6",Calle,De Deyanira,59,,B,,1,6,28022,Madrid,VT-2362
Viviendas De Uso Turistico,Sin Categoria,"Deyanira 59, 3º,1,20",Calle,De Deyanira,59,,A,1,3,20,28022,Madrid,VT-2363
Viviendas De Uso Turistico,Sin Categoria,"Deyanira 59, 3º, 1,22",Calle,De Deyanira,59,,A,1,3,22,28022,Madrid,VT-2364
Viviendas De Uso Turistico,Sin Categoria,"Deyanira 59, 3º, 1,19",Calle,De Deyanira,59,,A,1,3,19,28022,Madrid,VT-2365
Viviendas De Uso Turistico,Sin Categoria,"Deyanira 59, 2º, 1,22",Calle,De Deyanira,59,,B,1,2,22,28022,Madrid,VT-2366
Viviendas De Uso Turistico,Sin Categoria,"Deyanira 59. 3º, 21",Calle,De Deyanira,59,,A,,3,21,28022,Madrid,VT-2367
Viviendas De Uso Turistico,Sin Categoria,"Patriarca Eijo Y Garay, 2",Plaza,Del Patriarca Eijo Y Garay,2,,,,1,IZQ,28011,Madrid,VT-2685
Viviendas De Uso Turistico,Sin Categoria,Deyanira 59 5-c 5,Calle,De Deyanira,59,,5,,c,5,28022,Madrid,VT-3024
Viviendas De Uso Turistico,Sin Categoria,Deyanira 59 C-2 6,Calle,De Deyanira,59,,C,,2,6,28022,Madrid,VT-3025
Viviendas De Uso Turistico,Sin Categoria,"Plaza De Cronos, 5, P4, 3º, Esc2, Pta.11",Plaza,De Cronos,5,,4,2,3,11,28037,Madrid,VT-3027
Viviendas De Uso Turistico,Sin Categoria,"Acuerdo, 37, 6º E",Calle,Del Acuerdo,37,,,,6,E,28015,Madrid,VT-3028
Viviendas De Uso Turistico,Sin Categoria,"Samaniego, 12, Ptal 1, 5c",Calle,De Samaniego,12,,1,,5,C,28022,Madrid,VT-3030
Viviendas De Uso Turistico,Sin Categoria,"San Bernabé, 20",Calle,De San Bernabé,20,,,,B,A,28280,"Escorial, El",VT-3041
Viviendas De Uso Turistico,Sin Categoria,"Deyanira 59, 4º, 2,12",Calle,De Deyanira,59,,,2,4,12,28022,Madrid,VT-2369
Viviendas De Uso Turistico,Sin Categoria,"Campezo 14, 1,5º,2",Calle,De Campezo,14,,1,1,5,2,28022,Madrid,VT-2376
Viviendas De Uso Turistico,Sin Categoria,"Campezo 14, 1,5º,1",Calle,De Campezo,14,,1,1,5,1,28022,Madrid,VT-2377
Viviendas De Uso Turistico,Sin Categoria,"Campezo 14, 1,1º,11",Calle,De Campezo,14,,4,1,1,11,28022,Madrid,VT-2378
Viviendas De Uso Turistico,Sin Categoria,"Campezo 14, 1, 1º,12",Calle,De Campezo,14,,3,1,1,12,28022,Madrid,VT-2379
Viviendas De Uso Turistico,Sin Categoria,"Campezo 14, 1º, 22",Calle,De Campezo,14,,2,,1,22,28022,Madrid,VT-2380
Viviendas De Uso Turistico,Sin Categoria,"Coloreros 2, 5º Ático",Calle,De Coloreros,2,,,,5,ATICO,28013,Madrid,VT-2689
Viviendas De Uso Turistico,Sin Categoria,"Martires, 9",Calle,De Los Mártires,9,,,,,,28690,Brunete,VT-2701
Viviendas De Uso Turistico,Sin Categoria,,Calle,De Abades,4,,,,BAJO,DCHA,28012,Madrid,VT-5263
Viviendas De Uso Turistico,Sin Categoria,,Calle,De Santísima Trinidad,33,,,,Bajo,4,28010,Madrid,VT-14083
Viviendas De Uso Turistico,Sin Categoria,,Calle,De Santísima Trinidad,33,,,,Bajo,3,28010,Madrid,VT-14082
Viviendas De Uso Turistico,Sin Categoria,,Calle,De Santísima Trinidad,33,,,,Bajo,1,28010,Madrid,VT-14081
Viviendas De Uso Turistico,Sin Categoria,"Samaniego, 12, Ptal 3, 3º Esc. 1, Pa",Calle,De Samaniego,12,,3,1,3,A,28022,Madrid,VT-3042
Viviendas De Uso Turistico,Sin Categoria,"Samaniego, 12, Ptal 2, 1, Esc. 1, Pc",Calle,De Samaniego,12,,2,1,1,C,28022,Madrid,VT-3043
Viviendas De Uso Turistico,Sin Categoria,"Campezo, 14, P2, 3, Pta. 14",Calle,De Campezo,14,,2,,3,14,28022,Madrid,VT-3044
Viviendas De Uso Turistico,Sin Categoria,"Pirra, 44, Ptal A, 2, Esc. 1, Pta. 23",Calle,De Pirra,44,,A,1,2,23,28022,Madrid,VT-3046
Viviendas De Uso Turistico,Sin Categoria,"Marquesa Viuda De Aldama, 48, 2ºgº",Calle,De La Marquesa Viuda De Aldama,48,,,,2,G,28100,Alcobendas,VT-3052
Viviendas De Uso Turistico,Sin Categoria,"Mirasierra, 14",Calle,De Mirasierra,14,,,,1,DCHA,28026,Madrid,VT-3058
Viviendas De Uso Turistico,Sin Categoria,"Marquesa Viuda De Aldama, 48, 2º E",Calle,De La Marquesa Viuda De Aldama,48,,,,2,E,28100,Alcobendas,VT-3059
Viviendas De Uso Turistico,Sin Categoria,"Mirasierra 16, 1 Dcha.",Calle,De Mirasierra,16,,,,1,DCHA,28026,Madrid,VT-3060
Viviendas De Uso Turistico,Sin Categoria,Arroyo De Tropas 3,Avenida,Arroyo De Trofas,3,,,,,,28250,Torrelodones,VT-2103
Viviendas De Uso Turistico,Sin Categoria,La Peña,Calle,De La Atalaya,26,,,,,,28410,Manzanares El Real,VT-1447
Viviendas De Uso Turistico,Sin Categoria,"Barco 27, 1º Int Dcha",Calle,Del Barco,27,,,Int.,1,D,28004,Madrid,VT-1450
Viviendas De Uso Turistico,Sin Categoria,Camino Nuevo 11,Calle,Del Camino Nuevo,11,,,,1,C,28109,Alcobendas,VT-1460
Viviendas De Uso Turistico,Sin Categoria,Los Balcones De Galaz Uno,Plaza,De Galaz,7,,,,2,,28370,Chinchón,VT-1465
Viviendas De Uso Turistico,Sin Categoria,Los Balcones De Galaz Dos,Plaza,Mayor,27,,,,,,28370,Chinchón,VT-1466
Viviendas De Uso Turistico,Sin Categoria,Los Balcones De Galaz Tres,Plaza,De Galaz,7,,,,1,,28370,Chinchón,VT-1467
Viviendas De Uso Turistico,Sin Categoria,Castilla La Vieja 4,Calle,Castilla La Vieja,4,,,,1,B,28350,Ciempozuelos,VT-1156
Viviendas De Uso Turistico,Sin Categoria,Malteros 1,Calle,Malteros,1,,,,B,A,28350,Ciempozuelos,VT-1157
Viviendas De Uso Turistico,Sin Categoria,Madrid 1,Avenida,De Madrid,1,,,,1,C,28350,Ciempozuelos,VT-1158
Viviendas De Uso Turistico,Sin Categoria,,Avenida,Prado Higuera,47,,,,,,28640,Cadalso De Los Vidrios,VT-13670
Viviendas De Uso Turistico,Sin Categoria,Finca Los Llanos,Camino,De Valdeyernos,28,,,,,B,28696,Pelayos De La Presa,VT-1171
Viviendas De Uso Turistico,Sin Categoria,Casa El Berrueco,Calle,Las Jaras,14,,,,,,28192,"Berrueco, El",VT-1495
Viviendas De Uso Turistico,Sin Categoria,Camino Nuevo 11 1º D,Calle,Del Camino Nuevo,11,,,,1,D,28109,Alcobendas,VT-1806
Viviendas De Uso Turistico,Sin Categoria,,Calle,Del Marqués Viudo De Pontejos,2,,,,2,6,28012,Madrid,VT-4794
Viviendas De Uso Turistico,Sin Categoria,,Calle,Mayor,30,,,,1,A,28801,Alcalá De Henares,VT-13666
Viviendas De Uso Turistico,Sin Categoria,Calle Begonia 32a,Calle,De Begonia,32,,,,BJ,A,28109,Alcobendas,VT-2179
Viviendas De Uso Turistico,Sin Categoria,Villa De La Pedriza,Calle,,3,,,,,,28492,"Boalo, El",VT-2188
Viviendas De Uso Turistico,Sin Categoria,Casa De Pajaros,Calle,De La Oliva,7,,,,,,,Cercedilla,VT-2197
Apartamento Rural,Apartamento Rural,Airen Suites Y Wine Tourism,Callejon,De Don Ramón,s/n,,,,,,28370,Chinchón,TR-438
Viviendas De Uso Turistico,Sin Categoria,Espacio En La Sierra,Calle,Real,37,,,,BJO,A,28400,Collado Villalba,VT-1189
Viviendas De Uso Turistico,Sin Categoria,La Casita Del Valle,Carretera,A Rascafría,41,,,,,,28792,Miraflores De La Sierra,VT-1201
Viviendas De Uso Turistico,Sin Categoria,Cortijo De Puente Nuevo,Carretera,De Torrelodones,56,,,,,,28260,Galapagar,VT-1834
Viviendas De Uso Turistico,Sin Categoria,,Calle,Del General Zabala,19,,,,Bajo,B,28002,Madrid,VT-13888
Viviendas De Uso Turistico,Sin Categoria,,Calle,Gloria Fuertes,29,,,,,,28792,Miraflores De La Sierra,VT-13671
Viviendas De Uso Turistico,Sin Categoria,Martinez Izquierdo 76,Calle,De Martínez Izquierdo,76,,,,3,B,28028,Madrid,VT-2216
Viviendas De Uso Turistico,Sin Categoria,"Jose Marañon, Nº 10, 3º Dcha.",Calle,De José Marañón,10,,,,3,DCHA,28010,Madrid,VT-1853
Viviendas De Uso Turistico,Sin Categoria,,Calle,De Genista,7,,,2A,BAJO,VT-1,28011,Madrid,VT-13642
Viviendas De Uso Turistico,Sin Categoria,,Calle,Nueva,5,,,,2,A,28801,Alcalá De Henares,VT-13683
Viviendas De Uso Turistico,Sin Categoria,Roda,Paseo,De La Ermita,32,,,,,,28490,Becerril De La Sierra,VT-2163
Viviendas De Uso Turistico,Sin Categoria,,Calle,Del Ferrocarril,29,,,,1,F,28045,Madrid,VT-6730
Viviendas De Uso Turistico,Sin Categoria,El Alamo,Avenida,De La Virgen Del Carmen,2,,,,,,28492,Manzanares El Real,VT-822
Viviendas De Uso Turistico,Sin Categoria,Cañada Nueva 40,Calle,Cañada Nueva,40,,,,,,28200,San Lorenzo De El Escorial,VT-828
Viviendas De Uso Turistico,Sin Categoria,Casa Las Herreras I,Calle,Maravillas,S/N,,,,,,28296,Santa María De La Alameda,VT-837
Viviendas De Uso Turistico,Sin Categoria,"Gran Via 48, 10, B",Calle,Gran Vía,48,,,,10,B,28013,Madrid,VT-1269
Viviendas De Uso Turistico,Sin Categoria,Casa Valle Del Tajuña,Calle,De Zuloaga,6,,,,,,28595,Estremera,VT-1928
Viviendas De Uso Turistico,Sin Categoria,,Calle,,18,,,ext,bajo,IZQ,28005,Madrid,VT-1911
Viviendas De Uso Turistico,Sin Categoria,Calle Manuel De Falla 5,Calle,Manuel De Falla,5,,,,BAJO,A,28224,Pozuelo De Alarcón,VT-1305
Casa Rural,Casa Rural,Finca El Cerrillo,Calle,Camino De La Cerca,1,,,,,,28729,Navalafuente,TR-437
Viviendas De Uso Turistico,Sin Categoria,"Lagasca 67, 6º A",Calle,De Lagasca,67,,,A,6,4,28001,Madrid,VT-1353
Viviendas De Uso Turistico,Sin Categoria,,Calle,De La Paloma,7,,,,1,B,28005,Madrid,VT-6452
Viviendas De Uso Turistico,Sin Categoria,,Calle,Del Marqués Viudo De Pontejos,2,,,,5,7,28012,Madrid,VT-6458
Viviendas De Uso Turistico,Sin Categoria,,Calle,De Pérez Galdós,7,,,,1,D,28004,Madrid,VT-1698
Viviendas De Uso Turistico,Sin Categoria,,Calle,De Pérez Galdós,7,,1,1,1,E,28004,Madrid,VT-1699
Viviendas De Uso Turistico,Sin Categoria,,Calle,De Carlos Dabán,22,,,,1,A,28014,Madrid,VT-13892
Viviendas De Uso Turistico,Sin Categoria,,Carretera,De Madrid,4,,,,,,28792,Miraflores De La Sierra,VT-13686
Viviendas De Uso Turistico,Sin Categoria,Los Grifos,Urbanizacion,De Los Grifos,14,,,,,,28740,Rascafría,VT-1369
Viviendas De Uso Turistico,Sin Categoria,Casa De Campo,Carretera,De Boadilla Del Monte,17,,,,1,B,28024,Madrid,VT-1374
Viviendas De Uso Turistico,Sin Categoria,,Calle,De Atocha,84,,,,1,A,28012,Madrid,VT-6574
Viviendas De Uso Turistico,Sin Categoria,,Calle,De Carlos Arniches,24,,,,bajo,DCHA,28005,Madrid,VT-13687
Viviendas De Uso Turistico,Sin Categoria,Samburiel  Becerril,Calle,Del Real,43,,,,,,28490,Becerril De La Sierra,VT-1390
Viviendas De Uso Turistico,Sin Categoria,Casa La Chimenea,Calle,Ronda Del Mediodía,9,,,,BAJA,,28370,Chinchón,VT-1717
Viviendas De Uso Turistico,Sin Categoria,Apartamento Centro Madrid,Calle,Del Almendro,9,,,,2,A,28005,Madrid,VT-2049
Viviendas De Uso Turistico,Sin Categoria,,Calle,De La Corredera Baja De San Pablo,33,,,,2,B,28004,Madrid,VT-2122
Viviendas De Uso Turistico,Sin Categoria,,Calle,De Sarriá,24,,,,Bajo,IZQ,28029,Madrid,VT-13838
Viviendas De Uso Turistico,Sin Categoria,Casa Las Jaras,Calle,Las Jaras,13,,,,,,28192,"Berrueco, El",VT-1733
Viviendas De Uso Turistico,Sin Categoria,Apartamento En Atocha Para 8,Calle,De Delicias,7,,,,5,C,28045,Madrid,VT-1735
Viviendas De Uso Turistico,Sin Categoria,,Plaza,De Don Santiago,8,,,,-,,28530,Morata De Tajuña,VT-13693
Viviendas De Uso Turistico,Sin Categoria,Edificio Excent,Avenida,De La Industria,16,,405,,,,28760,Tres Cantos,VT-2054
Viviendas De Uso Turistico,Sin Categoria,Lucanus Cervus,Calle,Artiñuelo,1,,,,1,,28740,Rascafría,VT-1119
Viviendas De Uso Turistico,Sin Categoria,Casa Vargas,Calle,Nogal,4,,,,,,28723,Pedrezuela,VT-1756
Viviendas De Uso Turistico,Sin Categoria,,Calle,Mayor,19,,,,5,3,28013,Madrid,VT-5601
Viviendas De Uso Turistico,Sin Categoria,La Casa De Brunete,Camino,De Las Caudalosas,15,,,,,,28690,Brunete,VT-2077
Casa Huespedes,Casa Huespedes,Woohoo Rooms Boutique Sol,Calle,De Carretas,7,,,,3-4,,28012,Madrid,HM-3837
Viviendas De Uso Turistico,Sin Categoria,"Sacramento, 10 1º Pta. Dcha.",Calle,Del Sacramento,10,,,,1,DCHA,28005,Madrid,VT-5980
Viviendas De Uso Turistico,Sin Categoria,"Pelayo, 30 Sotano Int. Dcha.",Calle,De Pelayo,30,,,INT,SOTANO,DCHA,28004,Madrid,VT-5990
Viviendas De Uso Turistico,Sin Categoria,"Juncos, 28",Calle,De Los Juncos,28,,,,,,28770,Colmenar Viejo,VT-6513
Viviendas De Uso Turistico,Sin Categoria,"Doctor Velasco, 14-2º",Calle,Del Doctor Velasco,14,,,,2,,28014,Madrid,VT-6514
Viviendas De Uso Turistico,Sin Categoria,"Plaza De Castilla, 3",Plaza,De Castilla,3,,,,9,A,28046,Madrid,VT-6527
Viviendas De Uso Turistico,Sin Categoria,"Plaza De La Villa, 1. 1 Izq.",Plaza,De La Villa,1,,,,1,IZQ,28005,Madrid,VT-6537
Viviendas De Uso Turistico,Sin Categoria,"Plaza De La Villa, 1. 4 Ctro",Plaza,De La Villa,1,,,,4,CENTRO,28005,Madrid,VT-6539
Viviendas De Uso Turistico,Sin Categoria,"Plaza De La Villa, 1. 4 Izq.",Plaza,De La Villa,1,,,,4,IZQ,28005,Madrid,VT-6540
Viviendas De Uso Turistico,Sin Categoria,"Mira El Río Baja, 8. 2 Pta 3",Calle,De Mira El Río Baja,8,,,,2,3,28005,Madrid,VT-6542
Viviendas De Uso Turistico,Sin Categoria,"Adolfo Suárez, 9",Plaza,De Adolfo Suárez,9,,,,2,1,28410,Manzanares El Real,VT-6544
Viviendas De Uso Turistico,Sin Categoria,"San Antón, 82, 2c",Calle,San Antón,82,,,,2,C,28982,Parla,VT-7059
Viviendas De Uso Turistico,Sin Categoria,"Camilo José Cela, 13",Calle,Camilo José Cela,13,,9,,2,1,28232,"Rozas De Madrid, Las",VT-7060
Viviendas De Uso Turistico,Sin Categoria,"Leganitos, 14",Calle,De Leganitos,14,,,,1,,28013,Madrid,VT-7062
Viviendas De Uso Turistico,Sin Categoria,"Santa María, 18",Calle,De Santa María,18,,,,4,A,28014,Madrid,VT-7063
Viviendas De Uso Turistico,Sin Categoria,"La Palma, 51",Calle,De La Palma,51,,,,1,A,,Madrid,VT-7064
Viviendas De Uso Turistico,Sin Categoria,"Velarde, 20",Calle,De Velarde,20,,,,1,2,28004,Madrid,VT-7065
Viviendas De Uso Turistico,Sin Categoria,"Ayala, 44, 3b",Calle,De Ayala,44,,,,3,B,28001,Madrid,VT-7066
Viviendas De Uso Turistico,Sin Categoria,"Conde De Miranda, 1, 5-2",Calle,Del Conde De Miranda,1,,,,5,2,28005,Madrid,VT-7068
Viviendas De Uso Turistico,Sin Categoria,"Carretas, 3, 5 Dcha.",Calle,De Carretas,3,,,,5,DCHA,28012,Madrid,VT-7069
Viviendas De Uso Turistico,Sin Categoria,"Gran Vía, 16, 6 Izq.",Calle,Gran Vía,16,,,,6,IZQ,28013,Madrid,VT-7071
Viviendas De Uso Turistico,Sin Categoria,"Doctor Castelo, 24, 5 E",Calle,Del Doctor Castelo,24,,,,5,E,28009,Madrid,VT-7072
Viviendas De Uso Turistico,Sin Categoria,"Echegaray, 5, 4-1",Calle,De Echegaray,5,,,,4,1,28014,Madrid,VT-7073
Viviendas De Uso Turistico,Sin Categoria,"Sierra Del Valle, 8, 4 Dcha.",Calle,De Sierra Del Valle,8,,,,4,DCHA,28018,Madrid,VT-7075
Viviendas De Uso Turistico,Sin Categoria,"Doctor Piga, 17, 1 C",Calle,Del Doctor Piga,17,,,,1,C,28012,Madrid,VT-7077
Viviendas De Uso Turistico,Sin Categoria,"Infantas, 16, 1-4",Calle,De Las Infantas,16,,,,1,4,28004,Madrid,VT-7078
Viviendas De Uso Turistico,Sin Categoria,"Manuela Malasaña, 27",Calle,De Manuela Malasaña,27,,,,3,C,28004,Madrid,VT-7080
Viviendas De Uso Turistico,Sin Categoria,"Barbieri, 8",Calle,De Barbieri,8,,,,2,7,28004,Madrid,VT-7081
Viviendas De Uso Turistico,Sin Categoria,"Ilustración, 16",Calle,De La Ilustración,16,,,,Sótano,IZQ,28008,Madrid,VT-7082
Viviendas De Uso Turistico,Sin Categoria,"Mesón De Paredes, 84, Bajo D",Calle,Del Mesón De Paredes,84,,,,BAJO,D,28012,Madrid,VT-7083
Viviendas De Uso Turistico,Sin Categoria,"Mesón De Paredes, 84, 2b",Calle,Del Mesón De Paredes,84,,,,2,B,28012,Madrid,VT-7084
Viviendas De Uso Turistico,Sin Categoria,"Mesón De Paredes, 84, 2c",Calle,Del Mesón De Paredes,84,,,,2,C,28012,Madrid,VT-7085
Viviendas De Uso Turistico,Sin Categoria,"Mesón De Paredes, 84, 3c",Calle,Del Mesón De Paredes,84,,,,3,C,28012,Madrid,VT-7086
Viviendas De Uso Turistico,Sin Categoria,"Mesón De Paredes, 84, 3d",Calle,Del Mesón De Paredes,84,,,,3,D,28012,Madrid,VT-7087
Viviendas De Uso Turistico,Sin Categoria,"Mesón De Paredes, 84, 4b",Calle,Del Mesón De Paredes,84,,,,4,B,28012,Madrid,VT-7088
Viviendas De Uso Turistico,Sin Categoria,"Mesón De Paredes, 84, 4c",Calle,Del Mesón De Paredes,84,,,,4,C,28012,Madrid,VT-7089
Viviendas De Uso Turistico,Sin Categoria,"Mesón De Paredes, 84, 5a",Calle,Del Mesón De Paredes,84,,,,5,A,28012,Madrid,VT-7090
Viviendas De Uso Turistico,Sin Categoria,"Santa Ana, 10, 1 Izq.",Plaza,De Santa Ana,10,,,,1,IZQ,28012,Madrid,VT-7092
Viviendas De Uso Turistico,Sin Categoria,"Domingo Malagón, 10",Calle,Domingo Malagón,10,,,,6,B,28982,Parla,VT-7093
Viviendas De Uso Turistico,Sin Categoria,"Avda. Barcelona, 37, 1a",Avenida,De La Ciudad De Barcelona,37,,,,1,C A,28007,Madrid,VT-7094
Viviendas De Uso Turistico,Sin Categoria,"Capitan Haya, 47, 9-11",Calle,Del Poeta Joan Maragall,47,,,,9,11,28020,Madrid,VT-7095
Viviendas De Uso Turistico,Sin Categoria,"Orense, 12",Calle,De Orense,12,,,,4,5,28020,Madrid,VT-7097
Viviendas De Uso Turistico,Sin Categoria,"Deyanira, 59, A, 4, 19",Calle,De Deyanira,59,,A,,4,19,28022,Madrid,VT-5467
Viviendas De Uso Turistico,Sin Categoria,"Deyanira, 59, A, 4, 22",Calle,De Deyanira,59,,A,,4,22,28022,Madrid,VT-5468
Viviendas De Uso Turistico,Sin Categoria,"Deyanira, 59, B, 4, 6",Calle,De Deyanira,59,,B,,4,6,28022,Madrid,VT-5470
Viviendas De Uso Turistico,Sin Categoria,"Paseo Sta Maria De La Cabeza, 124, 1, 7",Paseo,De Santa María De La Cabeza,124,,,,1,7,28019,Madrid,VT-6012
Viviendas De Uso Turistico,Sin Categoria,"Paseo Sta Maria De De La Cabeza, 97, B, Izq.",Paseo,De Santa María De La Cabeza,97,,,,BAJO,IZQ,,Madrid,VT-6013
Viviendas De Uso Turistico,Sin Categoria,"San Carlos, 12",Calle,De San Carlos,12,,,,3,IZQ,28012,Madrid,VT-6022
Viviendas De Uso Turistico,Sin Categoria,"Ronda Valdecarrizo, 11",Ronda,De Valdecarrizo,11,,NORTE,,BAJO,2,28760,Tres Cantos,VT-6024
Viviendas De Uso Turistico,Sin Categoria,"Industria, 16",Avenida,De La Industria,16,,,,4,406,28760,Tres Cantos,VT-6025
Viviendas De Uso Turistico,Sin Categoria,"Sombrerería, 10. 1 Pta 3",Calle,De Sombrerería,10,,,,1,3,28012,Madrid,VT-6551
Viviendas De Uso Turistico,Sin Categoria,"Bordadores, 7 1º F",Calle,De Los Bordadores,7,,,,1,F,28013,Madrid,VT-6560
Viviendas De Uso Turistico,Sin Categoria,"Hospital, 4",Calle,Del Hospital,4,,,,BAJO,,28280,"Escorial, El",VT-6562
Viviendas De Uso Turistico,Sin Categoria,"Esgrima, 3",Calle,De La Esgrima,3,,,,4,,28012,Madrid,VT-7100
Viviendas De Uso Turistico,Sin Categoria,"Amparo, 100, Bajo, Int. A",Calle,Del Amparo,100,,,,BAJO,INT A,28012,Madrid,VT-7102
Viviendas De Uso Turistico,Sin Categoria,"Ruiz De Alarcón, 21, 2 Izq.",Calle,De Ruiz De Alarcón,21,,,,2,IZQ,28014,Madrid,VT-7105
Viviendas De Uso Turistico,Sin Categoria,"Ruiz Alarcón, 21, 2 Izq.",Calle,De Ruiz De Alarcón,21,,,,2,DCHA,28014,Madrid,VT-7106
Viviendas De Uso Turistico,Sin Categoria,"San Vicente Ferrer, 69, 4 Int. Pta. 2",Calle,De San Vicente Ferrer,69,,,Int.,4,2,28015,Madrid,VT-7107
Viviendas De Uso Turistico,Sin Categoria,"Fuentes, 9, 3 Izq.",Calle,De Las Fuentes,9,,,,3,IZQ,28013,Madrid,VT-7108
Viviendas De Uso Turistico,Sin Categoria,"Ciudad De Barcelona, 97",Avenida,De La Ciudad De Barcelona,97,,,Ext.,4,IZQ,28007,Madrid,VT-7109
Viviendas De Uso Turistico,Sin Categoria,"Desengaño, 8, 1a",Calle,Del Desengaño,8,,,,1,A,28004,Madrid,VT-7110
Viviendas De Uso Turistico,Sin Categoria,"Molino De Viento, 18, 4d",Calle,Del Molino De Viento,18,,,,4,D,28004,Madrid,VT-7111
Viviendas De Uso Turistico,Sin Categoria,"Toledo, 90, 5i",Calle,De Toledo,90,,,,5,I,28005,Madrid,VT-7112
Viviendas De Uso Turistico,Sin Categoria,"Lavapiés, 43, 1º Dcha.",Calle,De Lavapiés,43,,,,1,DCHA,28012,Madrid,VT-7113
Viviendas De Uso Turistico,Sin Categoria,"Cava Baja, 21",Calle,De La Cava Baja,21,,,,3,DCHA,28005,Madrid,VT-7114
Viviendas De Uso Turistico,Sin Categoria,"Castelló, 31",Calle,De Castelló,31,,,,2,D,,Madrid,VT-7115
Viviendas De Uso Turistico,Sin Categoria,"Apodaca, 12, 4º Centro",Calle,De Apodaca,12,,,,4,C,28004,Madrid,VT-7116
Viviendas De Uso Turistico,Sin Categoria,"Amparo, 47",Calle,Del Amparo,47,,,,BAJO,CENTRO,28012,Madrid,VT-7117
Viviendas De Uso Turistico,Sin Categoria,"Fuencarral, 68-1º B",Calle,De Fuencarral,68,,,,1,B,28004,Madrid,VT-7119
Viviendas De Uso Turistico,Sin Categoria,"San Bernardo, 4. 3º Izq.",Calle,De San Bernardo,4,,,,3,IZQ,28013,Madrid,VT-7120
Viviendas De Uso Turistico,Sin Categoria,"Silva, 20 1º Esc. Int. Pta. A",Calle,De Silva,20,,,Int.,1,A,28004,Madrid,VT-7121
Viviendas De Uso Turistico,Sin Categoria,"Castellana, 166",Paseo,De La Castellana,166,,,2,8,D,28046,Madrid,VT-7122
Viviendas De Uso Turistico,Sin Categoria,"Ayala, 11",Calle,De Ayala,11,,,2,3,G,28001,Madrid,VT-7123
Viviendas De Uso Turistico,Sin Categoria,"Provincia, 3 6 Izq",Plaza,De La Provincia,3,,,,6,IZQ,28012,Madrid,VT-7124
Viviendas De Uso Turistico,Sin Categoria,"Barcelona, 2 3º Izda.",Calle,De Barcelona,2,,,,3,IZQ,28012,Madrid,VT-7125
Viviendas De Uso Turistico,Sin Categoria,"Mundillo, 5",Calle,Del Mundillo,5,,,,BAJO,INT,28029,Madrid,VT-7126
Viviendas De Uso Turistico,Sin Categoria,"Zamora, 6",Calle,De Zamora,6,,,,1,C,28039,Madrid,VT-7128
Viviendas De Uso Turistico,Sin Categoria,"Donostiarra, 9",Avenida,De Donostiarra,9,,,,LOCAL,2,28027,Madrid,VT-7130
Viviendas De Uso Turistico,Sin Categoria,"Imperial, 12, 4º 4",Calle,Imperial,12,,,,4,4,28012,Madrid,VT-7132
Viviendas De Uso Turistico,Sin Categoria,"Duque De Osuna, 8",Calle,Del Duque De Osuna,8,,,Ext.,2,IZQ,28015,Madrid,VT-7134
Viviendas De Uso Turistico,Sin Categoria,"Pintor Zuloaga, 1",Calle,Pintor Zuloaga,1,,,,,,28440,Guadarrama,VT-5494
Viviendas De Uso Turistico,Sin Categoria,"Cruz, 11. 3 Izq.",Calle,De La Cruz,11,,,,3,IZQ,28012,Madrid,VT-6583
Viviendas De Uso Turistico,Sin Categoria,"Cruz, 11. 4 Izq.",Calle,De La Cruz,11,,,,4,IZQ,28012,Madrid,VT-6584
Viviendas De Uso Turistico,Sin Categoria,"Caridad, 3. 1º",Calle,De La Caridad,3,,,,1,,28007,Madrid,VT-6589
Viviendas De Uso Turistico,Sin Categoria,"Caridad, 3. 2º",Calle,De La Caridad,3,,,,2,,28007,Madrid,VT-6590
Viviendas De Uso Turistico,Sin Categoria,"Caridad, 3. 3º",Calle,De La Caridad,3,,,,3,,28007,Madrid,VT-6591
Viviendas De Uso Turistico,Sin Categoria,"Bastero, 8",Calle,De Bastero,8,,,Izda.,3,1 A,28005,Madrid,VT-6598
Viviendas De Uso Turistico,Sin Categoria,"Dos Amigos, 3, 4, E",Calle,De Los Dos Amigos,3,,,,4,E,28015,Madrid,VT-6604
Viviendas De Uso Turistico,Sin Categoria,"Espíritu Santo, 11. 2 Izq.",Calle,Del Espíritu Santo,11,,,,2,IZQ,28004,Madrid,VT-6606
Viviendas De Uso Turistico,Sin Categoria,"Espíritu Santo, 39. 1 Izq.",Calle,Del Espíritu Santo,39,,,,1,IZQ,28004,Madrid,VT-6607
Viviendas De Uso Turistico,Sin Categoria,"Alcalá, 257. 2 E",Calle,De Alcalá,257,,,,2,E,28027,Madrid,VT-6609
Viviendas De Uso Turistico,Sin Categoria,"Almirante, 8  1º Esc. Izq. Pta. Izq.",Calle,Del Almirante,8,,,Izda.,1,IZQ,28004,Madrid,VT-7245
Viviendas De Uso Turistico,Sin Categoria,"San Pedro, 7-2º B",Calle,De San Pedro,7,,,,2,B,28014,Madrid,VT-7247
Viviendas De Uso Turistico,Sin Categoria,"Luisa Fernanda, 11 Bajo Esc. Ctro. Pta. Izq",Calle,De Luisa Fernanda,11,,,Ctro.,Bajo,IZQ,28008,Madrid,VT-7251
Viviendas De Uso Turistico,Sin Categoria,"Avda. Oporto, 106 1º Pta. 4",Avenida,De Oporto,106,,,,1,4,28019,Madrid,VT-7253
Viviendas De Uso Turistico,Sin Categoria,"Postigo De San Martin, 9 2º C",Calle,Del Postigo De San Martín,9,,,,2,C,28013,Madrid,VT-7255
Viviendas De Uso Turistico,Sin Categoria,"Naranjo De Bulnes, 71",Paseo,Del Naranjo De Bulnes,71,,,,,,28707,San Sebastián De Los Reyes,VT-7257
Viviendas De Uso Turistico,Sin Categoria,"Planeta Marte, 9-2º D",Calle,Planeta Marte,9,,,,2,D,28983,Parla,VT-7259
Viviendas De Uso Turistico,Sin Categoria,"Matute, 7. Bajo Pta 3",Plaza,De Matute,7,,,,BAJO,3,28012,Madrid,VT-7261
Viviendas De Uso Turistico,Sin Categoria,"Núñez De Balboa, 30. 2º C",Calle,De Núñez De Balboa,30,,,,2,C,,Madrid,VT-7262
Viviendas De Uso Turistico,Sin Categoria,"Luis De Góngora, 2. 2º Izq.",Calle,De Luis De Góngora,2,,,,2,IZQ,28004,Madrid,VT-7263
Viviendas De Uso Turistico,Sin Categoria,"Fuencarral, 126. Esc Dcha., 2º A",Calle,De Fuencarral,126,,,Dcha.,2,A,28010,Madrid,VT-7264
Viviendas De Uso Turistico,Sin Categoria,"Tarragona, 28. 2º C",Calle,De Tarragona,28,,,,2,C,28045,Madrid,VT-7265
Viviendas De Uso Turistico,Sin Categoria,"Deyanira, 59 3º Pta. 5",Calle,De Deyanira,59,,B,,3,5,28022,Madrid,VT-7266
Viviendas De Uso Turistico,Sin Categoria,"Deyanira, 59-4º Pta. 5",Calle,De Deyanira,59,,B,,4,5,28022,Madrid,VT-7267
Viviendas De Uso Turistico,Sin Categoria,"Reina Cristina, 1 Bajo Esc. B Pta. A",Paseo,De La Reina Cristina,1,,,B,Bajo,A,28014,Madrid,VT-7269
Viviendas De Uso Turistico,Sin Categoria,"Vascos, 18 Bajo",Calle,Vascos,18,,,,BAJO,,28670,Villaviciosa De Odón,VT-7270
Viviendas De Uso Turistico,Sin Categoria,"Barcelona, 4-3º Pta. 5",Calle,De Barcelona,4,,,,3,5,28012,Madrid,VT-7271
Viviendas De Uso Turistico,Sin Categoria,"Barcelona, 4 3º Pta. 7",Calle,De Barcelona,4,,,,3,7,28012,Madrid,VT-7272
Viviendas De Uso Turistico,Sin Categoria,"Barcelona, 4 2º Pta. 0",Calle,De Barcelona,4,,,,2,0,28012,Madrid,VT-7273
Viviendas De Uso Turistico,Sin Categoria,"Barcelona, 4 2º Pta. 1",Calle,De Barcelona,4,,,,2,1,28012,Madrid,VT-7274
Viviendas De Uso Turistico,Sin Categoria,"Barcelona, 4-2º Pta. 3",Calle,De Barcelona,4,,,,2,3,28012,Madrid,VT-7275
Viviendas De Uso Turistico,Sin Categoria,"Barcelona, 4-3º Pta. 0",Calle,De Barcelona,4,,,,3,0,28012,Madrid,VT-7276
Viviendas De Uso Turistico,Sin Categoria,"Barcelona, 4-4º Pta. 0",Calle,De Barcelona,4,,,,4,0,28012,Madrid,VT-7277
Viviendas De Uso Turistico,Sin Categoria,"Los Madrazo, 20. 1º A",Calle,De Los Madrazo,20,,,,1,A,28014,Madrid,VT-7278
Viviendas De Uso Turistico,Sin Categoria,"Oso, 9 A, 4º B",Calle,Del Oso,9,,A,,4,B,28012,Madrid,VT-6612
Viviendas De Uso Turistico,Sin Categoria,"Hermanos Álvarez Quintero, 4",Calle,De Los Hermanos Álvarez Quintero,4,,,,2,D,28004,Madrid,VT-6613
Viviendas De Uso Turistico,Sin Categoria,"Cristo, 3 1º C.I. Izq",Calle,Del Cristo,3,,,,1,CI IZ,28015,Madrid,VT-6623
Viviendas De Uso Turistico,Sin Categoria,"Grafal, 7",Calle,De Grafal,7,,,,1,B,28005,Madrid,VT-6625
Viviendas De Uso Turistico,Sin Categoria,"Plaza De España, 18 25º 2",Plaza,De España,18,,,,25,2,28008,Madrid,VT-6627
Viviendas De Uso Turistico,Sin Categoria,"Mesonero Romanos, 4",Calle,De Mesonero Romanos,4,,,,4,DCHA,28013,Madrid,VT-6630
Viviendas De Uso Turistico,Sin Categoria,"Trujillos, 2 3º B",Travesia,De Trujillos,2,,,,3,B,28013,Madrid,VT-6632
Viviendas De Uso Turistico,Sin Categoria,"Pelayo, 7. 1º Pta 1",Calle,De Pelayo,7,,,,1,1,28004,Madrid,VT-6633
Viviendas De Uso Turistico,Sin Categoria,"Ventosa, 23 Sotano Pta. 1",Calle,De La Ventosa,23,,,,SOTANO,1,28005,Madrid,VT-6637
Viviendas De Uso Turistico,Sin Categoria,"Los Madrazo, 20. 1º B",Calle,De Los Madrazo,20,,,,1,B,28014,Madrid,VT-7279
Viviendas De Uso Turistico,Sin Categoria,"Los Madrazo, 20. 2º A",Calle,De Los Madrazo,20,,,,2,A,28014,Madrid,VT-7280
Viviendas De Uso Turistico,Sin Categoria,"Los Madrazo, 20. 2º B",Calle,De Los Madrazo,20,,,,2,B,28014,Madrid,VT-7281
Viviendas De Uso Turistico,Sin Categoria,"Los Madrazo, 20. 3º A",Calle,De Los Madrazo,20,,,,3,A,28014,Madrid,VT-7282
Viviendas De Uso Turistico,Sin Categoria,"Los Madrazo, 20. 3º B",Calle,De Los Madrazo,20,,,,3,B,28014,Madrid,VT-7283
Viviendas De Uso Turistico,Sin Categoria,"Los Madrazo, 20. 4º A",Calle,De Los Madrazo,20,,,,4,A,28014,Madrid,VT-7284
Viviendas De Uso Turistico,Sin Categoria,"Los Madrazo, 20. 4º B",Calle,De Los Madrazo,20,,,,4,B,28014,Madrid,VT-7285
Viviendas De Uso Turistico,Sin Categoria,"León, 39. 1º Pta 1",Calle,Del León,39,,,,1,1,28014,Madrid,VT-7286
Viviendas De Uso Turistico,Sin Categoria,"León, 39. 2º Pta 1",Calle,Del León,39,,,,2,1,28014,Madrid,VT-7287
Viviendas De Uso Turistico,Sin Categoria,"León, 39. 3º Pta 1",Calle,Del León,39,,,,3,1,28014,Madrid,VT-7288
Viviendas De Uso Turistico,Sin Categoria,"León, 39. 4º Pta 1",Calle,Del León,39,,,,4,1,28014,Madrid,VT-7289
Viviendas De Uso Turistico,Sin Categoria,"León, 39. 5º Pta 1",Calle,Del León,39,,,,5,1,28014,Madrid,VT-7290
Viviendas De Uso Turistico,Sin Categoria,"Gran Vía, 16. 1º Pta 4",Calle,Gran Vía,16,,,,1,4,28013,Madrid,VT-7291
Viviendas De Uso Turistico,Sin Categoria,"Gran Vía, 16. 2º Pta Dcha.",Calle,Gran Vía,16,,,,2,DCHA,28013,Madrid,VT-7292
Viviendas De Uso Turistico,Sin Categoria,"Caños Del Peral, 1. 2º",Calle,De Los Caños Del Peral,1,,,,2,,28013,Madrid,VT-7293
Viviendas De Uso Turistico,Sin Categoria,"Espoz Y Mina, 3. 2º B",Calle,De Espoz Y Mina,3,,,,2,B,28012,Madrid,VT-7296
Viviendas De Uso Turistico,Sin Categoria,"Augusto Figueroa, 25. 3º A",Calle,De Augusto Figueroa,25,,,,3,A,28004,Madrid,VT-7297
Viviendas De Uso Turistico,Sin Categoria,"Fuencarral, 58. 3º Dcha.",Calle,De Fuencarral,58,,,,3,DCHA,,Madrid,VT-7299
Viviendas De Uso Turistico,Sin Categoria,"Manuel Cortina, 6. 2º Izq.",Calle,De Manuel Cortina,6,,,,2,IZQ,28010,Madrid,VT-7300
Viviendas De Uso Turistico,Sin Categoria,"Arenal, 26. 2º Pta 4",Calle,Del Arenal,26,,,,2,4,28013,Madrid,VT-7301
Viviendas De Uso Turistico,Sin Categoria,"Monteleón, 7. Bajo Pta 2",Calle,De Monteleón,7,,,,BAJO,2,28004,Madrid,VT-7303
Viviendas De Uso Turistico,Sin Categoria,"Otero, 4. 3º Dcha.",Calle,Del Otero,4,,,,3,DCHA,28028,Madrid,VT-7306
Viviendas De Uso Turistico,Sin Categoria,"Eugenio, 15. 1º A",Calle,De Eugenio,15,,,,1,A,28029,Madrid,VT-7307
Viviendas De Uso Turistico,Sin Categoria,"Rodas, 7. 1º Ed",Calle,De Rodas,7,,,,1,ED,28005,Madrid,VT-7308
Viviendas De Uso Turistico,Sin Categoria,"Salitre, 48. 1º Ei",Calle,De Salitre,48,,,,1,EI,28012,Madrid,VT-7310
Viviendas De Uso Turistico,Sin Categoria,"Divino Pastor, 7. 4º Cd",Calle,Del Divino Pastor,7,,,,4,C-D,28004,Madrid,VT-7312
Viviendas De Uso Turistico,Sin Categoria,"Áncora, 6. 4º Pta 5",Pasaje,De Áncora,6,,,,4,5,28045,Madrid,VT-7313
Viviendas De Uso Turistico,Sin Categoria,"Argumosa, 3. 4º Pta Yn",Calle,De Argumosa,3,,,,4,YN,28012,Madrid,VT-7315
Viviendas De Uso Turistico,Sin Categoria,"Núñez De Balboa, 11. 1º B",Calle,De Núñez De Balboa,11,,,,1,B,,Madrid,VT-7317
Viviendas De Uso Turistico,Sin Categoria,"José Abascal, 49 Dup",Calle,De José Abascal,49,DUPLIC,,,7,A,28003,Madrid,VT-6647
Viviendas De Uso Turistico,Sin Categoria,"Fernando Vi, 13",Calle,De Fernando Vi,13,,,CTR,BAJO,DCHA,28004,Madrid,VT-6648
Viviendas De Uso Turistico,Sin Categoria,"General Martínez Campos, 51",Paseo,Del General Martínez Campos,51,,,,4,IZQ,28010,Madrid,VT-6649
Viviendas De Uso Turistico,Sin Categoria,"Luisa Fernanda, 6",Calle,De Luisa Fernanda,6,,,,3,I,28008,Madrid,VT-6650
Viviendas De Uso Turistico,Sin Categoria,"Almendro, 5. 1º E",Travesia,Del Almendro,5,,,,1,E,28005,Madrid,VT-6654
Viviendas De Uso Turistico,Sin Categoria,"Caballero De Gracia, 20",Calle,Del Caballero De Gracia,20,,,,3,IZQ,28013,Madrid,VT-6655
Viviendas De Uso Turistico,Sin Categoria,"Doce De Octubre, 6",Calle,Del Doce De Octubre,6,,,Int.,6,IZQ,28009,Madrid,VT-6656
Viviendas De Uso Turistico,Sin Categoria,"Puerta De Toledo, 3",Glorieta,De Puerta De Toledo,3,,,,1,4,28005,Madrid,VT-6661
Viviendas De Uso Turistico,Sin Categoria,"Embajadores, 21",Calle,De Los Embajadores,21,,,,3,B,,Madrid,VT-6673
Viviendas De Uso Turistico,Sin Categoria,"Embajadores, 31",Calle,De Los Embajadores,31,,,,1,7,28012,Madrid,VT-6674
Viviendas De Uso Turistico,Sin Categoria,"Luchana, 13. 1º A",Calle,De Luchana,13,,,,1,A,28010,Madrid,VT-6675
Viviendas De Uso Turistico,Sin Categoria,"Luchana, 13. 1º B",Calle,De Luchana,13,,,,1,B,28010,Madrid,VT-6676
Viviendas De Uso Turistico,Sin Categoria,"Luchana, 13. 1º C",Calle,De Luchana,13,,,,1,C,28010,Madrid,VT-6677
Viviendas De Uso Turistico,Sin Categoria,"Luchana, 13. 1º D",Calle,De Luchana,13,,,,1,D,28010,Madrid,VT-6678
Viviendas De Uso Turistico,Sin Categoria,"Luchana, 13. 2º A",Calle,De Luchana,13,,,,2,A,28010,Madrid,VT-6679
Viviendas De Uso Turistico,Sin Categoria,"Luchana, 13. 2º B",Calle,De Luchana,13,,,,2,B,28010,Madrid,VT-6680
Viviendas De Uso Turistico,Sin Categoria,"Moneda, 4",Calle,De La Moneda,4,,,,1,10,28007,Madrid,VT-7135
Viviendas De Uso Turistico,Sin Categoria,"Juan Martín El Empecinado, 7",Calle,De Juan Martín El Empecinado,7,,,,5,B,28045,Madrid,VT-7136
Viviendas De Uso Turistico,Sin Categoria,"Tesoro, 6",Calle,Del Tesoro,6,,,,4,C,28004,Madrid,VT-7137
Viviendas De Uso Turistico,Sin Categoria,"General Arrando, 1. 7º Dcha.",Calle,Del General Arrando,1,,,,7,DCHA,28010,Madrid,VT-7139
Viviendas De Uso Turistico,Sin Categoria,"Abada, 4. 1º Dcha.",Calle,De Abada,4,,,,1,DCHA,28013,Madrid,VT-7142
Viviendas De Uso Turistico,Sin Categoria,"Abada, 4. 1º Izq.",Calle,De Abada,4,,,,1,IZQ,28013,Madrid,VT-7143
Viviendas De Uso Turistico,Sin Categoria,"Abada, 4. 2º Dcha.",Calle,De Abada,4,,,,2,DCHA,28013,Madrid,VT-7144
Viviendas De Uso Turistico,Sin Categoria,"Abada, 4. 2º Izq.",Calle,De Abada,4,,,,2,IZQ,28013,Madrid,VT-7145
Viviendas De Uso Turistico,Sin Categoria,"Abada, 4. 3º Dcha.",Calle,De Abada,4,,,,3,DCHA,28013,Madrid,VT-7146
Viviendas De Uso Turistico,Sin Categoria,"Abada, 4. 3º Izq.",Calle,De Abada,4,,,,3,IZQ,28013,Madrid,VT-7147
Viviendas De Uso Turistico,Sin Categoria,"Abada, 4. 4º Dcha.",Calle,De Abada,4,,,,4,DCHA,28013,Madrid,VT-7148
Viviendas De Uso Turistico,Sin Categoria,"Abada, 4. 4º Izq.",Calle,De Abada,4,,,,4,IZQ,28013,Madrid,VT-7149
Viviendas De Uso Turistico,Sin Categoria,"Abada, 4. 5º Pta 1",Calle,De Abada,4,,,,5,1,28013,Madrid,VT-7150
Viviendas De Uso Turistico,Sin Categoria,"Arenal, 22. 1º Izq.",Calle,Del Arenal,22,,,,1,IZQ,28013,Madrid,VT-7153
Viviendas De Uso Turistico,Sin Categoria,"Manuela Malasaña, 28. Esc Int, 2º D",Calle,De Manuela Malasaña,28,,,Int.,2,D,28004,Madrid,VT-7155
Viviendas De Uso Turistico,Sin Categoria,"Espoz Y Mina, 8 4º 6",Calle,De Espoz Y Mina,8,,,,4,6,28012,Madrid,VT-7156
Viviendas De Uso Turistico,Sin Categoria,"De Los Cañizares, 14. 2º D",Calle,De Cañizares,14,,,,2,D,28012,Madrid,VT-7157
Viviendas De Uso Turistico,Sin Categoria,"General Vara De Rey, 8. 3º D",Plaza,Del General Vara De Rey,8,,,,3,D,28005,Madrid,VT-7159
Viviendas De Uso Turistico,Sin Categoria,"Fitero, 36",Calle,De Fitero,36,,,,,,28041,Madrid,VT-7160
Viviendas De Uso Turistico,Sin Categoria,"Salitre, 44. 3º Pta 2",Calle,De Salitre,44,,,,3,2,28012,Madrid,VT-7161
Viviendas De Uso Turistico,Sin Categoria,"Amazonas, 4. Bajo C",Calle,De Las Amazonas,4,,,,BAJO,C,28005,Madrid,VT-7162
Viviendas De Uso Turistico,Sin Categoria,"Huerta Del Bayo, 5",Calle,De La Huerta Del Bayo,5,,,,SS,42,28005,Madrid,VT-7163
Viviendas De Uso Turistico,Sin Categoria,"Deyanira, 59, Portal A, 1, Pta. 21",Calle,De Deyanira,59,,A,,1,21,28022,Madrid,VT-7164
Viviendas De Uso Turistico,Sin Categoria,"Campezo, 14, Portal 3, 1 Pta. 3",Calle,De Campezo,14,,3,,1,3,28022,Madrid,VT-7165
Viviendas De Uso Turistico,Sin Categoria,"Pirra, 44, Ptal. C, 3, Pta. 2",Calle,De Pirra,44,,C,,3,2,28022,Madrid,VT-7166
Viviendas De Uso Turistico,Sin Categoria,"Barranco Bajo, 12",Calle,Del Barranco Bajo,12,,,,,,28370,Chinchón,VT-5591
Viviendas De Uso Turistico,Sin Categoria,"Cabeza, 33 5º",Calle,De La Cabeza,33,,,,5,,28012,Madrid,VT-6156
Viviendas De Uso Turistico,Sin Categoria,"Olivar, 26 3º Pta. 2",Calle,Del Olivar,26,,,,3,2,28012,Madrid,VT-6157
Viviendas De Uso Turistico,Sin Categoria,"Murcia, 24 Esc. 1 Bajo Dcha.",Calle,De Murcia,24,,,1,BAJO,DCHA,28045,Madrid,VT-6180
Viviendas De Uso Turistico,Sin Categoria,"Luchana, 13. 2º C",Calle,De Luchana,13,,,,2,C,28010,Madrid,VT-6681
Viviendas De Uso Turistico,Sin Categoria,"Luchana, 13. 3º A",Calle,De Luchana,13,,,,3,A,28010,Madrid,VT-6683
Viviendas De Uso Turistico,Sin Categoria,"Luchana, 13. 3º B",Calle,De Luchana,13,,,,3,B,28010,Madrid,VT-6684
Viviendas De Uso Turistico,Sin Categoria,"Luchana, 13. 3º C",Calle,De Luchana,13,,,,3,C,28010,Madrid,VT-6685
Viviendas De Uso Turistico,Sin Categoria,"Luchana, 13. 3º D",Calle,De Luchana,13,,,,3,D,28010,Madrid,VT-6686
Viviendas De Uso Turistico,Sin Categoria,"Luchana, 13. 4º B",Calle,De Luchana,13,,,,4,B,28010,Madrid,VT-6687
Viviendas De Uso Turistico,Sin Categoria,"Luchana, 13. 4º C",Calle,De Luchana,13,,,,4,C,28010,Madrid,VT-6688
Viviendas De Uso Turistico,Sin Categoria,"Luchana, 13. 4º D",Calle,De Luchana,13,,,,4,D,28010,Madrid,VT-6689
Viviendas De Uso Turistico,Sin Categoria,"Luchana, 13. 5º A",Calle,De Luchana,13,,,,5,A,28010,Madrid,VT-6690
Viviendas De Uso Turistico,Sin Categoria,"Luchana, 13. 5º B",Calle,De Luchana,13,,,,5,B,28010,Madrid,VT-6691
Viviendas De Uso Turistico,Sin Categoria,"Luchana, 13. 5º C",Calle,De Luchana,13,,,,5,C,28010,Madrid,VT-6692
Viviendas De Uso Turistico,Sin Categoria,"Luchana, 13. 5º D",Calle,De Luchana,13,,,,5,D,28010,Madrid,VT-6693
Viviendas De Uso Turistico,Sin Categoria,"Montera, 45, 3c",Calle,De La Montera,45,,,,3,C,28013,Madrid,VT-6694
Viviendas De Uso Turistico,Sin Categoria,"Huertas, 67, 4 Dcha.",Calle,De Las Huertas,67,,,,4,DCHA,28014,Madrid,VT-6695
Viviendas De Uso Turistico,Sin Categoria,"Avda. América, 1",Avenida,De América,1,,,,2,DCHA,28002,Madrid,VT-6696
Viviendas De Uso Turistico,Sin Categoria,"Caballero De Gracia, 2, 3 Izq.",Calle,Del Caballero De Gracia,2,,,,3,IZQ,28013,Madrid,VT-6697
Viviendas De Uso Turistico,Sin Categoria,"Flor Baja, 7",Calle,De La Flor Baja,7,,,,2,A,28013,Madrid,VT-6698
Viviendas De Uso Turistico,Sin Categoria,"San Leonardo, 5",Calle,De San Leonardo,5,,,,1,A,28015,Madrid,VT-6699
Viviendas De Uso Turistico,Sin Categoria,"Lérido, 9",Calle,De Lérida,9,,,,1,D,28020,Madrid,VT-6700
Viviendas De Uso Turistico,Sin Categoria,"Corredera Alta De San Pablo, 12",Calle,De La Corredera Alta De San Pablo,12,,,,4,4,28004,Madrid,VT-6701
Viviendas De Uso Turistico,Sin Categoria,"La Palma, 64",Calle,De La Palma,64,,,,2,A,28015,Madrid,VT-6702
Viviendas De Uso Turistico,Sin Categoria,"Almadén, 8",Calle,De Almadén,8,,,,2,7,28014,Madrid,VT-6706
Viviendas De Uso Turistico,Sin Categoria,"Madera, 46",Calle,De La Madera,46,,,,4,DCHA,28004,Madrid,VT-6707
Viviendas De Uso Turistico,Sin Categoria,"Almendro, 20",Calle,Del Almendro,20,,,,2,DCHA,28005,Madrid,VT-6708
Viviendas De Uso Turistico,Sin Categoria,"Lagasca, 121, 6d",Calle,De Lagasca,121,,,,6,D,,Madrid,VT-7169
Viviendas De Uso Turistico,Sin Categoria,"San Vicente Ferrer, 3, 4-2",Calle,De San Vicente Ferrer,3,,,,4,2,,Madrid,VT-7170
Viviendas De Uso Turistico,Sin Categoria,"Conde De Serrallo, 1 6º Pta 2",Calle,Del Conde Del Serrallo,1,,B,2,6,2,28029,Madrid,VT-7172
Viviendas De Uso Turistico,Sin Categoria,"Cecilio Perucha, 14",Calle,De Cecilio Perucha,14,,,,BAJO,A,28038,Madrid,VT-7173
Viviendas De Uso Turistico,Sin Categoria,"Atocha, 25, 2-1",Calle,De Atocha,25,,,,2,1,28012,Madrid,VT-7176
Viviendas De Uso Turistico,Sin Categoria,"Mesón De Paredes, 19, 1-1",Calle,Del Mesón De Paredes,19,,,,1,1,28012,Madrid,VT-7177
Viviendas De Uso Turistico,Sin Categoria,"Fomento, 12, 1 Int.C",Calle,Del Fomento,12,,,INT,1,C,28013,Madrid,VT-7180
Viviendas De Uso Turistico,Sin Categoria,"Marqués De La Ensenada, 16, Pta. 806",Calle,Del Marqués De La Ensenada,16,,,,,806,28004,Madrid,VT-7182
Viviendas De Uso Turistico,Sin Categoria,"Meléndez Valdés, 42",Calle,De Meléndez Valdés,42,,,,2,DCHA,28015,Madrid,VT-7183
Viviendas De Uso Turistico,Sin Categoria,"Humilladero, 4",Calle,Del Humilladero,4,,,Int.Dc,1,,28005,Madrid,VT-7184
Viviendas De Uso Turistico,Sin Categoria,"Princesa, 3 Dup. 14, Esc.4, Pta. 1402",Calle,De La Princesa,3,,DUPDO,4,14,1402,28008,Madrid,VT-7185
Viviendas De Uso Turistico,Sin Categoria,"Salitre, 44. 1º Pta 2",Calle,De Salitre,44,,,,1,2,28012,Madrid,VT-7187
Viviendas De Uso Turistico,Sin Categoria,"Arenal, 23. 3º Ctro.",Calle,Del Arenal,23,,,,3,CENTRO,28013,Madrid,VT-7188
Viviendas De Uso Turistico,Sin Categoria,"Menéndez Pelayo, 79. Esc D, 5º A",Avenida,De Menéndez Pelayo,79,,,D,5,A,28007,Madrid,VT-7189
Viviendas De Uso Turistico,Sin Categoria,"Víctor Hugo, 4. Esc Izq., 1º A",Calle,De Víctor Hugo,4,,,Izda.,1,A,28004,Madrid,VT-7190
Viviendas De Uso Turistico,Sin Categoria,"Víctor Hugo, 4. Esc Izq., 1º B",Calle,De Víctor Hugo,4,,,Izda.,1,B,28004,Madrid,VT-7191
Viviendas De Uso Turistico,Sin Categoria,"Víctor Hugo, 4. Esc Izq., 2º A",Calle,De Víctor Hugo,4,,,Izda.,2,A,28004,Madrid,VT-7192
Viviendas De Uso Turistico,Sin Categoria,"Víctor Hugo, 4. Esc Izq., 2º B",Calle,De Víctor Hugo,4,,,Izda.,2,B,28004,Madrid,VT-7193
Viviendas De Uso Turistico,Sin Categoria,"Víctor Hugo, 4. Esc Izq., 3º A",Calle,De Víctor Hugo,4,,,Izda.,3,A,28004,Madrid,VT-7194
Viviendas De Uso Turistico,Sin Categoria,"Víctor Hugo, 4. Esc Izq., 3º B",Calle,De Víctor Hugo,4,,,Izda.,3,B,28004,Madrid,VT-7195
Viviendas De Uso Turistico,Sin Categoria,"Víctor Hugo, 4. Esc Izq., 4º A",Calle,De Víctor Hugo,4,,,Izda.,4,A,28004,Madrid,VT-7196
Viviendas De Uso Turistico,Sin Categoria,"Víctor Hugo, 4. Esc Izq., 4º B",Calle,De Víctor Hugo,4,,,Izda.,4,B,28004,Madrid,VT-7197
Viviendas De Uso Turistico,Sin Categoria,"Marqués De Zafra, 2. Esc 1, 3º A",Paseo,Del Marqués De Zafra,2,,,1,3,A,28028,Madrid,VT-7198
Viviendas De Uso Turistico,Sin Categoria,"Eugenio Sellés, 1. 1º D",Calle,De Eugenio Selles,1,,,,1,D,28045,Madrid,VT-7199
Viviendas De Uso Turistico,Sin Categoria,"Peña Del Hierro, 21",Calle,De La Peña Del Hierro,21,,,,,,28729,Valdemanco,VT-5635
Viviendas De Uso Turistico,Sin Categoria,"Mayor, 36, Bajo",Plaza,Mayor,36,,,,BAJO,,28370,Chinchón,VT-5652
Viviendas De Uso Turistico,Sin Categoria,"Infanta Isabel, 19, 4-4",Paseo,De La Infanta Isabel,19,,,,4,4,28014,Madrid,VT-6210
Viviendas De Uso Turistico,Sin Categoria,"Jardines, 14 1º Esc. Ext. D",Calle,De Los Jardines,14,,,EXT,1,D,28013,Madrid,VT-6217
Viviendas De Uso Turistico,Sin Categoria,"Augusto Figueroa, 29-2º Esc. Int. Pta. Izq.",Calle,De Augusto Figueroa,29,,,INT,2,IZQ,28004,Madrid,VT-6219
Viviendas De Uso Turistico,Sin Categoria,"Amparo, 67, 1, 13",Calle,Del Amparo,67,,,,1,13,28012,Madrid,VT-6710
Viviendas De Uso Turistico,Sin Categoria,"Fuencarral, 42, 3 Int. Izq.",Calle,De Fuencarral,42,,,Int.,3,IZQ,28004,Madrid,VT-6712
Viviendas De Uso Turistico,Sin Categoria,"Maiquez, 58",Calle,De Maiquez,58,,,Ext.,5,IZQ,28009,Madrid,VT-6714
Viviendas De Uso Turistico,Sin Categoria,"San Buenaventura, 7 3º Ext Izda",Calle,De San Buenaventura,7,,,Ext.,3,IZQ,28005,Madrid,VT-6715
Viviendas De Uso Turistico,Sin Categoria,"Montera, 21",Calle,De La Montera,21,,,,1,IZQ,28013,Madrid,VT-6719
Viviendas De Uso Turistico,Sin Categoria,"Doctor Fourquet, 34, 1a",Calle,Del Doctor Fourquet,34,,,,1,A,28012,Madrid,VT-6720
Viviendas De Uso Turistico,Sin Categoria,"Magdalena, 2, 2 Pta. 4",Calle,De La Magdalena,2,,,,2,4,28012,Madrid,VT-6721
Viviendas De Uso Turistico,Sin Categoria,"Trafalgar, 25",Calle,De Trafalgar,25,,,,4,DCHA,28010,Madrid,VT-6722
Viviendas De Uso Turistico,Sin Categoria,"Granada, 10. 1º E",Calle,De Granada,10,,,,1,E,28007,Madrid,VT-6723
Viviendas De Uso Turistico,Sin Categoria,"Sagasta, 3",Calle,De Sagasta,3,,,,BAJO,IZQ,28004,Madrid,VT-6725
Viviendas De Uso Turistico,Sin Categoria,"Ave María, 22 2º Pta. 1",Calle,De Ave María,22,,,,2,1,28012,Madrid,VT-6726
Viviendas De Uso Turistico,Sin Categoria,"Santa Inés, 8",Calle,De Santa Inés,8,,,,4,DCHA,28012,Madrid,VT-6727
Viviendas De Uso Turistico,Sin Categoria,"Cava Baja, 11, 3 Izq.",Calle,De La Cava Baja,11,,,,3,IZQ,28005,Madrid,VT-6733
Viviendas De Uso Turistico,Sin Categoria,"Luchana, 13 4 A",Calle,De Luchana,13,,,,4,A,28010,Madrid,VT-6734
Viviendas De Uso Turistico,Sin Categoria,"San Pedro Mártir, 6 2º",Calle,De San Pedro Mártir,6,,,,2,,28012,Madrid,VT-6736
Viviendas De Uso Turistico,Sin Categoria,"Mayor, 40, 2",Calle,Mayor,40,,,,2,,28013,Madrid,VT-6740
Viviendas De Uso Turistico,Sin Categoria,"San Bernardino, 6. 4º Dcha.",Calle,De San Bernardino,6,,,,4,DCHA,28015,Madrid,VT-7208
Viviendas De Uso Turistico,Sin Categoria,"Doctor Fourquet, 20. 2º C",Calle,Del Doctor Fourquet,20,,,,2,C,28012,Madrid,VT-7211
Viviendas De Uso Turistico,Sin Categoria,"Monforte De Lemos, 131. Esc 5, 1º",Avenida,De Monforte De Lemos,131,,,5,1,,28029,Madrid,VT-7212
Viviendas De Uso Turistico,Sin Categoria,"Príncipe, 4. 4º A-b",Calle,Del Príncipe,4,,,,4,A-B,28012,Madrid,VT-7213
Viviendas De Uso Turistico,Sin Categoria,"Echegaray, 13. 2º A",Calle,De Echegaray,13,,,,2,A,28014,Madrid,VT-7215
Viviendas De Uso Turistico,Sin Categoria,"Relatores, 22. 1º A",Calle,De Relatores,22,,,,1,A,28012,Madrid,VT-7216
Viviendas De Uso Turistico,Sin Categoria,"Estudios, 5. 3º A",Calle,De Los Estudios,5,,,,3,A,28012,Madrid,VT-7217
Viviendas De Uso Turistico,Sin Categoria,"Magdalena, 2. 3º Pta 6",Calle,De La Magdalena,2,,,,3,6,28012,Madrid,VT-7218
Viviendas De Uso Turistico,Sin Categoria,"Tribulete, 9. 2º B",Calle,De Tribulete,9,,,,2,B,28012,Madrid,VT-7219
Viviendas De Uso Turistico,Sin Categoria,"Tribulete, 9. 3º A",Calle,De Tribulete,9,,,,3,A,28012,Madrid,VT-7220
Viviendas De Uso Turistico,Sin Categoria,"Mayor, 24. 4º Izq. A",Calle,Mayor,24,,,,4,IZQ A,28013,Madrid,VT-7222
Viviendas De Uso Turistico,Sin Categoria,"Espoz Y Mina, 13. 4º Izq.",Calle,De Espoz Y Mina,13,,,,4,IZQ,28012,Madrid,VT-7227
Viviendas De Uso Turistico,Sin Categoria,"San Bernardo, 28. 4º Dcha.",Calle,De San Bernardo,28,,,,4,DCHA,28015,Madrid,VT-7228
Viviendas De Uso Turistico,Sin Categoria,"Mellizo, 2. 1º Dcha.",Callejon,Del Mellizo,2,,,,1,DCHA,28005,Madrid,VT-7229
Viviendas De Uso Turistico,Sin Categoria,"Núñez De Balboa, 35. 8º A",Calle,De Núñez De Balboa,35,,,,8,A,28001,Madrid,VT-7231
Viviendas De Uso Turistico,Sin Categoria,"Augusto Figueroa, 4. 5º Int.",Calle,De Augusto Figueroa,4,,,,5,INT,28004,Madrid,VT-7232
Viviendas De Uso Turistico,Sin Categoria,"Almirante, 15. 3º Dcha.",Calle,Del Almirante,15,,,,3,DCHA,28004,Madrid,VT-7234
Viviendas De Uso Turistico,Sin Categoria,"Ríos Rosas, 4. 5º D",Calle,De Ríos Rosas,4,,,,5,D,28003,Madrid,VT-7236
Viviendas De Uso Turistico,Sin Categoria,"Monte Esquinza, 7. Esc Int., 4º Izq.",Calle,Del Monte Esquinza,7,,,Int.,4,IZQ,28010,Madrid,VT-7238
Viviendas De Uso Turistico,Sin Categoria,"Paz, 4. 2º Izq.",Calle,De La Paz,4,,,,2,IZQ,28012,Madrid,VT-7239
Viviendas De Uso Turistico,Sin Categoria,"Monte Igueldo, 20 1º Pta. 4",Avenida,Del Monte Igueldo,20,,,,1,4,28053,Madrid,VT-7240
Viviendas De Uso Turistico,Sin Categoria,"Guatemala, 14 1º D",Calle,De Guatemala,14,,,,1,D,28016,Madrid,VT-7241
Viviendas De Uso Turistico,Sin Categoria,"Arenal, 22 5º Pta. Dcha.",Calle,Del Arenal,22,,,,5,DCHA,28013,Madrid,VT-7242
Viviendas De Uso Turistico,Sin Categoria,"Atocha, 33 3º Pta. Izq. A",Calle,De Atocha,33,,,,3,IZDA.A,28012,Madrid,VT-6221
Viviendas De Uso Turistico,Sin Categoria,"Limon, 20 B Esc. Int. Pta. Ctro",Calle,Del Limón,20,,,INT,BAJO,CENTRO,28015,Madrid,VT-6230
Viviendas De Uso Turistico,Sin Categoria,"Monteleon, 37 3º C",Calle,De Monteleón,37,,,,3,C,,Madrid,VT-6231
Viviendas De Uso Turistico,Sin Categoria,"Aduana, 17 1º Esc. Int. Pta. D",Calle,De La Aduana,17,,,Int.,1,D,28013,Madrid,VT-6234
Viviendas De Uso Turistico,Sin Categoria,"Los Madrazo, 26-4º Pta. Centro",Calle,De Los Madrazo,26,,,,4,CENTRO,28014,Madrid,VT-6235
Viviendas De Uso Turistico,Sin Categoria,"Prado, 40-4º Esc. Ext. Pta. Dcha.",Calle,Del Prado,40,,,EXT,4,DCHA,28014,Madrid,VT-6236
Viviendas De Uso Turistico,Sin Categoria,"Juan De Urbieta, 49",Calle,De Juan De Urbieta,49,,,,1,DCHA,28007,Madrid,VT-6243
Viviendas De Uso Turistico,Sin Categoria,"Huertas, 36",Calle,De Las Huertas,36,,,,2,A,,Madrid,VT-6251
Viviendas De Uso Turistico,Sin Categoria,"Augusto Figueroa, 47. 1º A",Calle,De Augusto Figueroa,47,,,,1,A,28004,Madrid,VT-6743
Viviendas De Uso Turistico,Sin Categoria,"Augusto Figueroa, 47. 1º B",Calle,De Augusto Figueroa,47,,,,1,B,28004,Madrid,VT-6744
Viviendas De Uso Turistico,Sin Categoria,"Augusto Figueroa, 47. 1º C",Calle,De Augusto Figueroa,47,,,,1,C,28004,Madrid,VT-6745
Viviendas De Uso Turistico,Sin Categoria,"Augusto Figueroa, 47. 2º B",Calle,De Augusto Figueroa,47,,,,2,B,28004,Madrid,VT-6747
Viviendas De Uso Turistico,Sin Categoria,"Augusto Figueroa, 47. 2º C",Calle,De Augusto Figueroa,47,,,,2,C,28004,Madrid,VT-6748
Viviendas De Uso Turistico,Sin Categoria,"Augusto Figueroa, 47. 3º A",Calle,De Augusto Figueroa,47,,,,3,A,28004,Madrid,VT-6749
Viviendas De Uso Turistico,Sin Categoria,"Augusto Figueroa, 47. 3º B",Calle,De Augusto Figueroa,47,,,,3,B,28004,Madrid,VT-6750
Viviendas De Uso Turistico,Sin Categoria,"Augusto Figueroa, 47. 3º C",Calle,De Augusto Figueroa,47,,,,3,C,28004,Madrid,VT-6751
Viviendas De Uso Turistico,Sin Categoria,"Augusto Figueroa, 47. 4º C",Calle,De Augusto Figueroa,47,,,,4,C,28004,Madrid,VT-6753
Viviendas De Uso Turistico,Sin Categoria,"Francisco Muñoz, 18-1 Pta. B",Calle,Francisco Muñoz,18,,,,-1,B,28200,San Lorenzo De El Escorial,VT-6767
Viviendas De Uso Turistico,Sin Categoria,"Puerto De Balbaran, 15-5º C",Calle,Del Puerto De Balbarán,15,,,,5,C,,Madrid,VT-6770
Viviendas De Uso Turistico,Sin Categoria,"Pretil De Los Consejos, 11-3º Esc. I Pta C",Calle,Del Pretil De Los Consejos,11,,,I,3,C,28005,Madrid,VT-6771
Viviendas De Uso Turistico,Sin Categoria,"San Roque, 12-2º Pta. Izq.",Calle,De San Roque,12,,,,2,IZQ,28004,Madrid,VT-6772
Viviendas De Uso Turistico,Sin Categoria,"San Bartolomé, 9",Calle,De San Bartolomé,9,,,Izda.,1,A,28004,Madrid,VT-6774
Viviendas De Uso Turistico,Sin Categoria,"Duque De Alba, 7",Calle,Duque De Alba,7,,,IZDA,2,3,28200,San Lorenzo De El Escorial,VT-5181
Viviendas De Uso Turistico,Sin Categoria,"Valverde, 6 2º E",Calle,De Valverde,6,,,,2,E,28004,Madrid,VT-6284
Viviendas De Uso Turistico,Sin Categoria,"Horno De La Mata, 7-9, 4b",Travesia,Del Horno De La Mata,7,,,,4,B,28004,Madrid,VT-6290
Viviendas De Uso Turistico,Sin Categoria,"Paseo De Las Delicias, 36. 4º G",Paseo,De Las Delicias,36,,,,4,G,28045,Madrid,VT-6775
Viviendas De Uso Turistico,Sin Categoria,"Federico Moreno Torroba, 11",Calle,De Federico Moreno Torroba,11,,,Centro,2,B,28007,Madrid,VT-6777
Viviendas De Uso Turistico,Sin Categoria,"Campillo Del Mundo Nuevo, 1",Plaza,Del Campillo Del Mundo Nuevo,1,,,,2,3,28005,Madrid,VT-6778
Viviendas De Uso Turistico,Sin Categoria,Núñez De Balboa,Calle,De Núñez De Balboa,56,,,,4,A,,Madrid,VT-6780
Viviendas De Uso Turistico,Sin Categoria,"Virgen Del Puerto, 37",Paseo,De La Virgen Del Puerto,37,,,,1,B,28005,Madrid,VT-6781
Viviendas De Uso Turistico,Sin Categoria,"Valverde, 10",Calle,De Valverde,10,,,,ENTREP,1,28004,Madrid,VT-6782
Viviendas De Uso Turistico,Sin Categoria,"Marqués De Leganés, 14",Calle,Del Marqués De Leganés,14,,,,1,A,28004,Madrid,VT-6783
Viviendas De Uso Turistico,Sin Categoria,"Libreros, 16. 1º Pta. 1",Calle,De Los Libreros,16,,,,1,1,28004,Madrid,VT-6785
Viviendas De Uso Turistico,Sin Categoria,"Libreros, 16. 2º Pta. 1",Calle,De Los Libreros,16,,,,2,1,28004,Madrid,VT-6786
Viviendas De Uso Turistico,Sin Categoria,"Libreros, 16. 3º Pta. 1",Calle,De Los Libreros,16,,,,3,1,28004,Madrid,VT-6787
Viviendas De Uso Turistico,Sin Categoria,"Tetuán, 19. 4º Dcha.",Calle,De Tetuán,19,,,,4,DCHA,28013,Madrid,VT-6788
Viviendas De Uso Turistico,Sin Categoria,"Tetuán, 19. 4º Ctro. Izq.",Calle,De Tetuán,19,,,,4,,28013,Madrid,VT-6789
Viviendas De Uso Turistico,Sin Categoria,"Tetuán, 19. 4º Ctro. Dcha.",Calle,De Tetuán,19,,,,4,,28013,Madrid,VT-6790
Viviendas De Uso Turistico,Sin Categoria,"Víctor Hugo, 4. Esc Dcha., 1º G",Calle,De Víctor Hugo,4,,,Dcha.,1,G,28004,Madrid,VT-6793
Viviendas De Uso Turistico,Sin Categoria,"Víctor Hugo, 4. Esc Dcha., 2º G",Calle,De Víctor Hugo,4,,,Dcha.,2,G,28004,Madrid,VT-6795
Viviendas De Uso Turistico,Sin Categoria,"Del Prado, 10. 4º C",Calle,Del Prado,10,,,,4,C,28014,Madrid,VT-6797
Viviendas De Uso Turistico,Sin Categoria,"Del Prado, 10. 4º E",Calle,Del Prado,10,,,,4,E,28014,Madrid,VT-6798
Viviendas De Uso Turistico,Sin Categoria,"Infantas, 19",Calle,De Las Infantas,19,,,Dcha.,4,A,28004,Madrid,VT-6799
Viviendas De Uso Turistico,Sin Categoria,"Infantas, 18. 4º Izq.",Calle,De Las Infantas,18,,,,4,IZQ,28004,Madrid,VT-6800
Viviendas De Uso Turistico,Sin Categoria,"Segovia, 53",Calle,De Segovia,53,,,,2,DCHA,28005,Madrid,VT-6801
Viviendas De Uso Turistico,Sin Categoria,"Marqués De La Ensenada, 6",Calle,Del Marqués De La Ensenada,6,,,,3,DCHA,28004,Madrid,VT-6802
Viviendas De Uso Turistico,Sin Categoria,"Pedro Zerolo, 7 4º, 3",Plaza,De Pedro Zerolo,7,,,,4,3,28004,Madrid,VT-6803
Viviendas De Uso Turistico,Sin Categoria,"Casino, 12",Calle,Del Casino,12,,,,2,C,28005,Madrid,VT-6804
Viviendas De Uso Turistico,Sin Categoria,"Avenida De Madrid, 37. Bajo Izq.",Avenida,De Madrid,37,,,,BAJO,IZQ,28190,Montejo De La Sierra,VT-6807
Viviendas De Uso Turistico,Sin Categoria,"Avenida De Madrid, 37. Bajo Dcha.",Avenida,De Madrid,37,,,,BAJO,DCHA,28190,Montejo De La Sierra,VT-6808
Viviendas De Uso Turistico,Sin Categoria,"Avenida De Madrid, 37. 1º Izq.",Avenida,De Madrid,37,,,,1,IZQ,28190,Montejo De La Sierra,VT-6809
Viviendas De Uso Turistico,Sin Categoria,"Avenida De Madrid, 37. 1º Dcha.",Avenida,De Madrid,37,,,,1,DCHA,28190,Montejo De La Sierra,VT-6810
Viviendas De Uso Turistico,Sin Categoria,"Nicaragua, 18",Calle,Nicaragua,18,,,,BAJO,18,28907,Getafe,VT-5241
Viviendas De Uso Turistico,Sin Categoria,"Mesón De Paredes, 50, 3 Izq.",Calle,Del Mesón De Paredes,50,,,,3,IZQ,28012,Madrid,VT-5731
Viviendas De Uso Turistico,Sin Categoria,"Cerrillo Altillo, 10",Calle,Del Cerrillo Altillo,10,,,,,,28492,"Boalo, El",VT-5740
Viviendas De Uso Turistico,Sin Categoria,"Marqués De La Ensenada, 16, 2-211",Calle,Del Marqués De La Ensenada,16,,,,2,211,28004,Madrid,VT-5754
Viviendas De Uso Turistico,Sin Categoria,"Avda América, 35",Avenida,De América,35,,,,9,2,28002,Madrid,VT-5761
Viviendas De Uso Turistico,Sin Categoria,"Núñez De Arce, 13",Calle,De Núñez De Arce,13,,,,2,A,28012,Madrid,VT-6292
Viviendas De Uso Turistico,Sin Categoria,"Núñez De Arce, 13, 2b",Calle,De Núñez De Arce,13,,,,2,B,28012,Madrid,VT-6293
Viviendas De Uso Turistico,Sin Categoria,"Jorge Juan, 84",Calle,De Jorge Juan,84,,,,BAJO,D,28009,Madrid,VT-6298
Viviendas De Uso Turistico,Sin Categoria,"Villar Del Río, 61",Calle,Villar Del Río,61,,,,BAJO,,28794,Guadalix De La Sierra,VT-6300
Hotel,4-hotel,Ikonik Gran Via,Calle,Gran Vía,56,,,,,,28013,Madrid,HM-5010
Viviendas De Uso Turistico,Sin Categoria,"Doctor Fourquet, 28",Calle,Del Doctor Fourquet,28,,,,4,B,28012,Madrid,VT-5796
Viviendas De Uso Turistico,Sin Categoria,"Fuente Baja, 22",Calle,Fuente,22,,,,BAJO,,28191,Horcajuelo De La Sierra,VT-6336
Viviendas De Uso Turistico,Sin Categoria,"Gran Vía, 54, Ático 4",Calle,Gran Vía,54,,,,ÁTICO,4,28013,Madrid,VT-6853
Viviendas De Uso Turistico,Sin Categoria,"Gran Vía, 54, Ático 5",Calle,Gran Vía,54,,,,ÁTICO,5,28013,Madrid,VT-6854
Viviendas De Uso Turistico,Sin Categoria,"San Marcos, 8, 1a",Calle,De San Marcos,8,,,,1,A,28004,Madrid,VT-6855
Viviendas De Uso Turistico,Sin Categoria,"San Marcos, 8, 1b",Calle,De San Marcos,8,,,,1,B,28004,Madrid,VT-6856
Viviendas De Uso Turistico,Sin Categoria,"San Marcos, 8, 1c",Calle,De San Marcos,8,,,,1,C,28004,Madrid,VT-6857
Viviendas De Uso Turistico,Sin Categoria,"San Marcos, 8,1d",Calle,De San Marcos,8,,,,1,D,28004,Madrid,VT-6858
Viviendas De Uso Turistico,Sin Categoria,"San Marcos, 8, 2a",Calle,De San Marcos,8,,,,2,A,28004,Madrid,VT-6859
Viviendas De Uso Turistico,Sin Categoria,"San Marcos, 8, 2b",Calle,De San Marcos,8,,,,2,B,28004,Madrid,VT-6860
Viviendas De Uso Turistico,Sin Categoria,"San Marcos, 8, 2c",Calle,De San Marcos,8,,,,2,C,28004,Madrid,VT-6861
Viviendas De Uso Turistico,Sin Categoria,"San Marcos, 8, 2d",Calle,De San Marcos,8,,,,2,D,28004,Madrid,VT-6862
Viviendas De Uso Turistico,Sin Categoria,"San Marcos, 8, 3a",Calle,De San Marcos,8,,,,3,A,28004,Madrid,VT-6863
Viviendas De Uso Turistico,Sin Categoria,"San Marcos, 8, 3b",Calle,De San Marcos,8,,,,3,B,28004,Madrid,VT-6864
Viviendas De Uso Turistico,Sin Categoria,"San Marcos, 8, 3c",Calle,De San Marcos,8,,,,3,C,28004,Madrid,VT-6865
Viviendas De Uso Turistico,Sin Categoria,"San Marcos, 8, 3d",Calle,De San Marcos,8,,,,3,D,28004,Madrid,VT-6866
Viviendas De Uso Turistico,Sin Categoria,"San Marcos, 8, 4a",Calle,De San Marcos,8,,,,4,A,28004,Madrid,VT-6867
Viviendas De Uso Turistico,Sin Categoria,"San Marcos, 8, 4b",Calle,De San Marcos,8,,,,4,B,28004,Madrid,VT-6868
Viviendas De Uso Turistico,Sin Categoria,"San Marcos, 8, 4d",Calle,De San Marcos,8,,,,4,D,28004,Madrid,VT-6870
Viviendas De Uso Turistico,Sin Categoria,"San Marcos, 8, 4e",Calle,De San Marcos,8,,,,4,E,28004,Madrid,VT-6871
Viviendas De Uso Turistico,Sin Categoria,"San Marcos, 8, 4f",Calle,De San Marcos,8,,,,4,F,28004,Madrid,VT-6872
Viviendas De Uso Turistico,Sin Categoria,"Echegaray, 17 2º C",Calle,De Echegaray,17,,,,2,C,28014,Madrid,VT-5282
Viviendas De Uso Turistico,Sin Categoria,"Río Miño, 8",Calle,Del Río Miño,8,,,3,1,4,28701,San Sebastián De Los Reyes,VT-5296
Viviendas De Uso Turistico,Sin Categoria,"Ctra. De Pozuelo, 41 3º Esc. C",Carretera,De Pozuelo De Alarcón,41,,,,3,C,28220,Majadahonda,VT-6880
Viviendas De Uso Turistico,Sin Categoria,"Montera, 26 1º Pta. Dcha.",Calle,De La Montera,26,,,,1,DCHA,28013,Madrid,VT-6882
Viviendas De Uso Turistico,Sin Categoria,"Montera, 33 1º Esc. 1 Pta. 15",Calle,De La Montera,33,,,1,1,15,28013,Madrid,VT-6883
Viviendas De Uso Turistico,Sin Categoria,"Montera, 33  1º Esc. 1 Pta. 16",Calle,De La Montera,33,,,1,1,16,28013,Madrid,VT-6884
Viviendas De Uso Turistico,Sin Categoria,"Marcelo Usera, 9. 1º A",Calle,De Marcelo Usera,9,,,,1,A,28026,Madrid,VT-6888
Viviendas De Uso Turistico,Sin Categoria,"Marcelo Usera, 9. 1º B",Calle,De Marcelo Usera,9,,,,1,B,28026,Madrid,VT-6889
Viviendas De Uso Turistico,Sin Categoria,"Marcelo Usera, 9. 2º A",Calle,De Marcelo Usera,9,,,,2,A,28026,Madrid,VT-6890
Viviendas De Uso Turistico,Sin Categoria,"Marcelo Usera, 9. 2º B",Calle,De Marcelo Usera,9,,,,2,B,28026,Madrid,VT-6891
Viviendas De Uso Turistico,Sin Categoria,"Marcelo Usera, 9. 3º A",Calle,De Marcelo Usera,9,,,,3,A,28026,Madrid,VT-6892
Viviendas De Uso Turistico,Sin Categoria,"Marcelo Usera, 9. 3º B",Calle,De Marcelo Usera,9,,,,3,B,28026,Madrid,VT-6893
Viviendas De Uso Turistico,Sin Categoria,"Chinchilla, 1. 4º Pta 405",Calle,De La Chinchilla,1,,,,4,405,28013,Madrid,VT-6894
Viviendas De Uso Turistico,Sin Categoria,"Hortaleza, 90. Esc B, 3º B",Calle,De Hortaleza,90,,,b,3,B,28004,Madrid,VT-6895
Viviendas De Uso Turistico,Sin Categoria,"Pérez Galdós, 4 1b",Calle,De Pérez Galdós,4,,,,1,B,28004,Madrid,VT-6906
Viviendas De Uso Turistico,Sin Categoria,"Pérez Galdós, 4, 1c",Calle,De Pérez Galdós,4,,,,1,C,28004,Madrid,VT-6907
Viviendas De Uso Turistico,Sin Categoria,"Pérez Galdós, 4, 1d",Calle,De Pérez Galdós,4,,,,1,D,28004,Madrid,VT-6908
Viviendas De Uso Turistico,Sin Categoria,"Pérez Galdós, 4, 1e",Calle,De Pérez Galdós,4,,,,1,E,28004,Madrid,VT-6909
Viviendas De Uso Turistico,Sin Categoria,"Pérez Galdós, 4, 1f",Calle,De Pérez Galdós,4,,,,1,F,28004,Madrid,VT-6910
Viviendas De Uso Turistico,Sin Categoria,"Pérez Galdós, 4, 2b",Calle,De Pérez Galdós,4,,,,2,B,28004,Madrid,VT-6912
Viviendas De Uso Turistico,Sin Categoria,"Mayor, 29, 2b",Calle,Mayor,29,,,,2,B,28013,Madrid,VT-5317
Viviendas De Uso Turistico,Sin Categoria,"Ana De Austria, 107 4º Esc. 4 Pta.  B",Calle,De Ana De Austria,107,,,4,4,B,28050,Madrid,VT-5860
Viviendas De Uso Turistico,Sin Categoria,"Marsil, 110",Avenida,Marsil,110,,,,,,28290,"Rozas De Madrid, Las",VT-5868
Viviendas De Uso Turistico,Sin Categoria,"Pérez Galdós, 4, 2c",Calle,De Pérez Galdós,4,,,,2,C,28004,Madrid,VT-6913
Viviendas De Uso Turistico,Sin Categoria,"Pérez Galdós, 4, 2d",Calle,De Pérez Galdós,4,,,,2,D,28004,Madrid,VT-6914
Viviendas De Uso Turistico,Sin Categoria,"Pérez Galdós, 4, 2e",Calle,De Pérez Galdós,4,,,,2,E,28004,Madrid,VT-6915
Viviendas De Uso Turistico,Sin Categoria,"Pérez Galdós, 4, 2f",Calle,De Pérez Galdós,4,,,,2,F,28004,Madrid,VT-6916
Viviendas De Uso Turistico,Sin Categoria,"Pérez Galdós, 4, 3a",Calle,De Pérez Galdós,4,,,,3,A,28004,Madrid,VT-6917
Viviendas De Uso Turistico,Sin Categoria,"Pérez Galdós, 4, 3b",Calle,De Pérez Galdós,4,,,,3,B,28004,Madrid,VT-6918
Viviendas De Uso Turistico,Sin Categoria,"Pérez Galdós, 4, 3c",Calle,De Pérez Galdós,4,,,,3,C,28004,Madrid,VT-6919
Viviendas De Uso Turistico,Sin Categoria,"Pérez Galdós, 4, 3d",Calle,De Pérez Galdós,4,,,,3,D,28004,Madrid,VT-6920
Viviendas De Uso Turistico,Sin Categoria,"Pérez Galdós, 4, 3e",Calle,De Pérez Galdós,4,,,,3,E,28004,Madrid,VT-6921
Viviendas De Uso Turistico,Sin Categoria,"Pérez Galdós, 4, 4a",Calle,De Pérez Galdós,4,,,,4,A,28004,Madrid,VT-6922
Viviendas De Uso Turistico,Sin Categoria,"Pérez Galdós, 4, 4b",Calle,De Pérez Galdós,4,,,,4,B,28004,Madrid,VT-6923
Viviendas De Uso Turistico,Sin Categoria,"Pérez Galdós, 4, 4c",Calle,De Pérez Galdós,4,,,,4,C,28004,Madrid,VT-6924
Viviendas De Uso Turistico,Sin Categoria,"Pérez Galdós, 4, 4d",Calle,De Pérez Galdós,4,,,,4,D,28004,Madrid,VT-6925
Viviendas De Uso Turistico,Sin Categoria,"Cristóbal Bordiú, 50",Calle,De Cristóbal Bordiú,50,,,1,5,D,28003,Madrid,VT-6926
Viviendas De Uso Turistico,Sin Categoria,"Alcántara, 49",Calle,De Alcántara,49,,,,6,A,28006,Madrid,VT-6927
Viviendas De Uso Turistico,Sin Categoria,"Don Ramón De La Cruz, 113",Calle,De Don Ramón De La Cruz,113,,,,4,DCHA,28006,Madrid,VT-6928
Viviendas De Uso Turistico,Sin Categoria,"Ronda Atocha, 15",Ronda,De Atocha,15,,,A,1,1,28012,Madrid,VT-6929
Viviendas De Uso Turistico,Sin Categoria,"Capitán Haya, 51, 19j",Calle,Del Poeta Joan Maragall,51,,,,19,J,28020,Madrid,VT-6930
Viviendas De Uso Turistico,Sin Categoria,"Esperanza, 13",Calle,De La Esperanza,13,,,,BAJO,DCHA,28012,Madrid,VT-6931
Viviendas De Uso Turistico,Sin Categoria,"Carrera De San Jerónimo, 14, 5g",Carrera,De San Jerónimo,14,,,,5,G,28014,Madrid,VT-6932
Viviendas De Uso Turistico,Sin Categoria,"Plaza De Los Carros, 3",Plaza,De Los Carros,3,,,,3,1,28005,Madrid,VT-6934
Viviendas De Uso Turistico,Sin Categoria,"San Marcos, 7, 2-4",Calle,De San Marcos,7,,,,2,4,28004,Madrid,VT-6935
Viviendas De Uso Turistico,Sin Categoria,"Primavera, 8",Calle,De La Primavera,8,,,,1,CENTRO,28012,Madrid,VT-6936
Viviendas De Uso Turistico,Sin Categoria,"Libertad, 3, Bajo Int D",Calle,De La Libertad,3,,,Int.,BAJO,D,28004,Madrid,VT-6937
Viviendas De Uso Turistico,Sin Categoria,"Esgrima, 5",Calle,De La Esgrima,5,,,,2,DCHA,28012,Madrid,VT-6938
Viviendas De Uso Turistico,Sin Categoria,"Narváez, 37",Calle,De Narváez,37,,,,7,B,28009,Madrid,VT-6939
Viviendas De Uso Turistico,Sin Categoria,"Bausa, 8",Calle,De Bausa,8,,2,,1,L,28033,Madrid,VT-6940
Viviendas De Uso Turistico,Sin Categoria,"Alberto Aguilera, 11",Calle,De Alberto Aguilera,11,,,,7,B,28015,Madrid,VT-6941
Viviendas De Uso Turistico,Sin Categoria,"Avda. Portugal, 69",Avenida,De Portugal,69,,,,3,B,28011,Madrid,VT-6943
Viviendas De Uso Turistico,Sin Categoria,"Capitán Haya, 47",Calle,Del Poeta Joan Maragall,47,,,,8,2,28020,Madrid,VT-6944
Viviendas De Uso Turistico,Sin Categoria,"La Paloma, 6. Bajo A",Calle,De La Paloma,6,,,,BAJO,A,28005,Madrid,VT-6946
Viviendas De Uso Turistico,Sin Categoria,"Mediodía Chica, 3. 3º B",Calle,Del Mediodía Chica,3,,,,3,B,28005,Madrid,VT-6947
Viviendas De Uso Turistico,Sin Categoria,"Mayor, 30. 5º B",Calle,Mayor,30,,,,5,B,28013,Madrid,VT-6949
Viviendas De Uso Turistico,Sin Categoria,"Pérez Galdós, 3",Calle,De Pérez Galdós,3,,,,1,ED,28004,Madrid,VT-6950
Viviendas De Uso Turistico,Sin Categoria,"Vergara, 1",Calle,De Vergara,1,,,,1,IZQ,28013,Madrid,VT-5873
Viviendas De Uso Turistico,Sin Categoria,"Olivar, 45",Calle,Del Olivar,45,,,,ENTR.,A,28012,Madrid,VT-5876
Viviendas De Uso Turistico,Sin Categoria,"Arregui Y Aruej, 7 Pta. Izq.",Calle,De Arregui Y Aruej,7,,,,BAJO,IZQ,28007,Madrid,VT-5884
Viviendas De Uso Turistico,Sin Categoria,"Gran Vía, 61",Calle,Gran Vía,61,,,,7,5,28013,Madrid,VT-5886
Viviendas De Uso Turistico,Sin Categoria,"San Lorenzo, 18 Bajo Pta. 2",Calle,De San Lorenzo,18,,,,BAJO,2,28004,Madrid,VT-6411
Viviendas De Uso Turistico,Sin Categoria,"Argumosa, 9, 4c",Calle,De Argumosa,9,,,,4,C,28012,Madrid,VT-6432
Viviendas De Uso Turistico,Sin Categoria,"Cañizares, 1, 4f",Calle,De Cañizares,1,,,,4,F,28012,Madrid,VT-6435
Viviendas De Uso Turistico,Sin Categoria,"Provisiones, 11 3º D",Calle,De Provisiones,11,,,,3,D,28012,Madrid,VT-6969
Viviendas De Uso Turistico,Sin Categoria,"Marqués De Cubas, 12, 5b",Calle,Del Marqués De Cubas,12,,,,5,B,28014,Madrid,VT-6970
Viviendas De Uso Turistico,Sin Categoria,"Marqués De Cubas, 12, 5b Bis",Calle,Del Marqués De Cubas,12,,,,5,B BIS,28014,Madrid,VT-6971
Viviendas De Uso Turistico,Sin Categoria,"Marqués De Cubas, 12, 1b",Calle,Del Marqués De Cubas,12,,,,1,B,28014,Madrid,VT-6972
Viviendas De Uso Turistico,Sin Categoria,"Molino De Viento, 6, 6a",Calle,Del Molino De Viento,6,,,,6,A,28004,Madrid,VT-6973
Viviendas De Uso Turistico,Sin Categoria,"Alameda, 10",Calle,De La Alameda,10,,,,3,IZQ,28014,Madrid,VT-6974
Viviendas De Uso Turistico,Sin Categoria,"Marqués De Cubas, 12",Calle,Del Marqués De Cubas,12,,,,4,A,28014,Madrid,VT-6975
Viviendas De Uso Turistico,Sin Categoria,"San Marcos, 28, 4a",Calle,De San Marcos,28,,,,4,A,28004,Madrid,VT-6976
Viviendas De Uso Turistico,Sin Categoria,"Embajadores, 102, 2-6",Calle,De Los Embajadores,102,,,Izda.,2,6,,Madrid,VT-6977
Viviendas De Uso Turistico,Sin Categoria,"Monteleón, 19 4º Centro",Calle,De Monteleón,19,,,,4,CENTRO,,Madrid,VT-6979
Viviendas De Uso Turistico,Sin Categoria,"Arriaza, 4 7º C",Calle,De Arriaza,4,,,,7,C,28008,Madrid,VT-6980
Viviendas De Uso Turistico,Sin Categoria,"Santa Brígida, 17",Calle,De Santa Brígida,17,,,,2,E,28004,Madrid,VT-6981
Viviendas De Uso Turistico,Sin Categoria,,Calle,De La Flor Alta,6,,,,4,D,28004,Madrid,VT-6965
Viviendas De Uso Turistico,Sin Categoria,"Provincias, 200",Calle,De Las Provincias,200,,,,,,28630,Villa Del Prado,VT-5379
Viviendas De Uso Turistico,Sin Categoria,"Alerce, 29 Bajo A",Calle,Del Alerce,29,,,,BAJO,A,28041,Madrid,VT-5916
Viviendas De Uso Turistico,Sin Categoria,"Factor, 6",Calle,Del Factor,6,,,,2,1,28013,Madrid,VT-5923
Viviendas De Uso Turistico,Sin Categoria,"Zurbarán, 2",Calle,De Zurbarán,2,,,,7,5,28010,Madrid,VT-5927
Viviendas De Uso Turistico,Sin Categoria,"Ermita, 5",Calle,Ermita,5,,,,,,28191,Horcajuelo De La Sierra,VT-5928
Viviendas De Uso Turistico,Sin Categoria,"Recoletos, 21",Paseo,De Recoletos,21,,,,7,7,,Madrid,VT-5929
Viviendas De Uso Turistico,Sin Categoria,"Calle Mayor, 26, 5 Izq.",Calle,Mayor,26,,,,5,IZQ,28013,Madrid,VT-6444
Viviendas De Uso Turistico,Sin Categoria,"Provisiones, 11 Bajo A",Calle,De Provisiones,11,,,,BAJO,A,28012,Madrid,VT-6451
Viviendas De Uso Turistico,Sin Categoria,"Plaza De La Villa, 1-2º Pta 4",Plaza,De La Villa,1,,,,2,4,28005,Madrid,VT-6467
Viviendas De Uso Turistico,Sin Categoria,"Almendro, 10, Bajo B",Calle,Del Almendro,10,,,,BAJO,B,28005,Madrid,VT-6982
Viviendas De Uso Turistico,Sin Categoria,"Jorge Juan, 141",Calle,De Jorge Juan,141,,,,3,J,28028,Madrid,VT-6985
Viviendas De Uso Turistico,Sin Categoria,"General Perón, 25",Avenida,Del General Perón,25,,,,4,E,28020,Madrid,VT-6986
Viviendas De Uso Turistico,Sin Categoria,"Mesoneros Romanos, 10",Calle,De Mesonero Romanos,10,,,,1,IZQ,28013,Madrid,VT-6990
Viviendas De Uso Turistico,Sin Categoria,"Bernardo López García, 8, 3a",Calle,De Bernardo López García,8,,,,3,A,28015,Madrid,VT-6991
Viviendas De Uso Turistico,Sin Categoria,"Ballesta, 13",Calle,De La Ballesta,13,,,,1,,28004,Madrid,VT-6992
Viviendas De Uso Turistico,Sin Categoria,"Espada, 10 4º Izda",Calle,De La Espada,10,,,,4,I,28012,Madrid,VT-6993
Viviendas De Uso Turistico,Sin Categoria,"Fuentes, 9",Calle,De Las Fuentes,9,,,,2,IZQ,28013,Madrid,VT-6995
Viviendas De Uso Turistico,Sin Categoria,"Escorial, 18 2º B",Calle,De El Escorial,18,,,,2,B,28004,Madrid,VT-6996
Viviendas De Uso Turistico,Sin Categoria,"Argensola, 26",Calle,De Argensola,26,,,,3,I,28004,Madrid,VT-6997
Viviendas De Uso Turistico,Sin Categoria,"Covarrubias, 29",Calle,De Covarrubias,29,,,,BAJO,D,28010,Madrid,VT-6998
Viviendas De Uso Turistico,Sin Categoria,"General Perón, 32",Avenida,Del General Perón,32,,,,11,O,28020,Madrid,VT-6999
Viviendas De Uso Turistico,Sin Categoria,"Carrera De San Francisco, 13",Carrera,De San Francisco,13,,,,4,407,28005,Madrid,VT-7000
Viviendas De Uso Turistico,Sin Categoria,"Plaza Del Angel, 2 1º Pta. 1ª",Plaza,Del Ángel,2,,,,1,1,28012,Madrid,VT-7005
Viviendas De Uso Turistico,Sin Categoria,"Plaza Del Angel, 2 1º Pta. 3ª",Plaza,Del Ángel,2,,,,1,3,28012,Madrid,VT-7006
Viviendas De Uso Turistico,Sin Categoria,"Plaza Del Angel, 2-2º Pta. 1ª",Plaza,Del Ángel,2,,,,2,1,28012,Madrid,VT-7007
Viviendas De Uso Turistico,Sin Categoria,"Plaza Del Angel, 2 1º Pta. 2ª",Plaza,Del Ángel,2,,,,1,2,28012,Madrid,VT-7008
Viviendas De Uso Turistico,Sin Categoria,"Plaza Del Angel, 2 2º Pta. 2ª",Plaza,Del Ángel,2,,,,2,2,28012,Madrid,VT-7009
Viviendas De Uso Turistico,Sin Categoria,"Plaza Del Angel, 2-2º Pta. 3ª",Plaza,Del Ángel,2,,,,2,3,28012,Madrid,VT-7010
Viviendas De Uso Turistico,Sin Categoria,"Plaza Del Angel, 2 3º Pta. 1ª",Plaza,Del Ángel,2,,,,3,1,28012,Madrid,VT-7011
Viviendas De Uso Turistico,Sin Categoria,"Plaza Del Angel, 2-3º Pta. 2ª",Plaza,Del Ángel,2,,,,3,2,28012,Madrid,VT-7012
Viviendas De Uso Turistico,Sin Categoria,"Plaza Del Angel, 2 3º Pta. 3ª",Plaza,Del Ángel,2,,,,3,3,28012,Madrid,VT-7013
Viviendas De Uso Turistico,Sin Categoria,"Plaza Del Angel, 2 4º Pta. 1ª",Plaza,Del Ángel,2,,,,4,1,28012,Madrid,VT-7014
Viviendas De Uso Turistico,Sin Categoria,"Conde De Romanones, 16, 2",Calle,Del Conde De Romanones,16,,,,2,,28012,Madrid,VT-7015
Viviendas De Uso Turistico,Sin Categoria,"Conde De Romanones, 16, 1",Calle,Del Conde De Romanones,16,,,,1,,28012,Madrid,VT-7016
Viviendas De Uso Turistico,Sin Categoria,"Espoz Y Mina, 28, 1",Calle,De Espoz Y Mina,28,,,,1,,28012,Madrid,VT-7017
Viviendas De Uso Turistico,Sin Categoria,"Espoz Y Mina, 28, 2",Calle,De Espoz Y Mina,28,,,,2,,28012,Madrid,VT-7018
Viviendas De Uso Turistico,Sin Categoria,"Espoz Y Mina, 28, 3",Calle,De Espoz Y Mina,28,,,,3,,28012,Madrid,VT-7019
Viviendas De Uso Turistico,Sin Categoria,"Jorge Juan, 57, 2 Dcha.",Calle,De Jorge Juan,57,,,,2,DCHA,28001,Madrid,VT-7020
Viviendas De Uso Turistico,Sin Categoria,"Coloreros, 4",Calle,De Coloreros,4,,,,4,D,28013,Madrid,VT-5947
Viviendas De Uso Turistico,Sin Categoria,"Coloreros, 4",Calle,De Coloreros,4,,,,3,,28013,Madrid,VT-5948
Viviendas De Uso Turistico,Sin Categoria,"Coloreros, 4",Calle,De Coloreros,4,,,,2,,28013,Madrid,VT-5950
Viviendas De Uso Turistico,Sin Categoria,"America, 27 1-2",Calle,América,27,,,,1-2,,28863,Cobeña,VT-5959
Viviendas De Uso Turistico,Sin Categoria,"Vallequilla, 9",Calle,De Las Vallequillas,9,,,,,,28330,San Martín De La Vega,VT-6485
Viviendas De Uso Turistico,Sin Categoria,"Cartagena, 46 5º A",Calle,De Cartagena,46,,,,5,A,28028,Madrid,VT-7022
Viviendas De Uso Turistico,Sin Categoria,"Factor, 3 2º D",Calle,Del Factor,3,,,,2,D,28013,Madrid,VT-7023
Viviendas De Uso Turistico,Sin Categoria,"Princesa, 3 Dup, 16, 1632",Calle,De La Princesa,3,,,,16,1632,28008,Madrid,VT-7024
Viviendas De Uso Turistico,Sin Categoria,"Hileras, 12",Calle,De Las Hileras,12,,,,5,A,28013,Madrid,VT-7025
Viviendas De Uso Turistico,Sin Categoria,"Ventosa, 25",Calle,De La Ventosa,25,,,,2,1,28005,Madrid,VT-7026
Viviendas De Uso Turistico,Sin Categoria,"Antonio Pérez, 10",Calle,De Antonio Pérez,10,,,,1,A,28002,Madrid,VT-7027
Viviendas De Uso Turistico,Sin Categoria,"Guillermo Rolland, 5",Calle,De Guillermo Rolland,5,,,Int.,2,IZQ,28013,Madrid,VT-7028
Viviendas De Uso Turistico,Sin Categoria,"Paseo De La Castellana, 205, 9-1a",Paseo,De La Castellana,205,,,1,9,A,28046,Madrid,VT-7029
Viviendas De Uso Turistico,Sin Categoria,"Ruda, 11, 3, Esc. E, Izq.",Calle,De La Ruda,11,,,E,3,IZQ,28005,Madrid,VT-7031
Viviendas De Uso Turistico,Sin Categoria,"Cervantes, 9, 3d",Calle,De Cervantes,9,,,,3,D,28014,Madrid,VT-7032
Viviendas De Uso Turistico,Sin Categoria,"Palos De La Frontera, 10, 1d",Calle,De Palos De La Frontera,10,,,,1,D,28012,Madrid,VT-7033
Viviendas De Uso Turistico,Sin Categoria,"Virgen De Los Peligros, 7, 5a",Calle,De La Virgen De Los Peligros,7,,,,5,A,28013,Madrid,VT-7034
Viviendas De Uso Turistico,Sin Categoria,"Ángel, 10, 1c",Calle,Del Ángel,10,,,,1,C,28005,Madrid,VT-7035
Viviendas De Uso Turistico,Sin Categoria,"Ave María, 24, 5 Int. Int.",Calle,De Ave María,24,,,Int.,5,INT,28012,Madrid,VT-7036
Viviendas De Uso Turistico,Sin Categoria,"Sombrerería, 3, 2c",Calle,De Sombrerería,3,,,,2,C,28012,Madrid,VT-7037
Viviendas De Uso Turistico,Sin Categoria,"Pretil De Los Consejos, 9",Calle,Del Pretil De Los Consejos,9,,,,6,B,28005,Madrid,VT-7039
Viviendas De Uso Turistico,Sin Categoria,"Pérez Galdós, 7, 2a",Calle,De Pérez Galdós,7,,,,2,A,28004,Madrid,VT-7040
Viviendas De Uso Turistico,Sin Categoria,"Alcalá, 55, 4 Izq-2",Calle,De Alcalá,55,,,,4,IZQ 2,28014,Madrid,VT-7041
Viviendas De Uso Turistico,Sin Categoria,"Toledo, 138, 2e",Calle,De Toledo,138,,,,2,E,28005,Madrid,VT-7044
Viviendas De Uso Turistico,Sin Categoria,"Almadén, 4, 4d",Calle,De Almadén,4,,,,4,D,28014,Madrid,VT-7046
Viviendas De Uso Turistico,Sin Categoria,"Monteleón, 30, 1",Calle,De Monteleón,30,,,,1,,,Madrid,VT-7047
Viviendas De Uso Turistico,Sin Categoria,"Avda. Reina Victoria, 46",Avenida,De La Reina Victoria,46,,,,1,B,28003,Madrid,VT-7056
Viviendas De Uso Turistico,Sin Categoria,"Doctor Fourquet, 21, 1d",Calle,Del Doctor Fourquet,21,,,,1,D,28012,Madrid,VT-7058
Viviendas De Uso Turistico,Sin Categoria,"Calle 2, 19",Calle,Dos,19,,,,,,28280,"Escorial, El",VT-5015
Viviendas De Uso Turistico,Sin Categoria,"Iglesia, 34",Calle,De La Iglesia,34,,,,,,28470,Cercedilla,VT-3820
Viviendas De Uso Turistico,Sin Categoria,"Ds Vega Chinchón, 1",Calle,Diseminado Vega De Chinchon,1,,,,,2,28370,Chinchón,VT-4140
Viviendas De Uso Turistico,Sin Categoria,"Ponzano, 23",Calle,De Ponzano,23,,,,4,3,28003,Madrid,VT-4147
Viviendas De Uso Turistico,Sin Categoria,Matalascabras 14,Calle,Matalascabras,14,,,,,,28470,Cercedilla,VT-4148
Viviendas De Uso Turistico,Sin Categoria,"Santa Engracia, 98",Calle,De Santa Engracia,98,,,,3,2,,Madrid,VT-4149
Viviendas De Uso Turistico,Sin Categoria,"Canarias, 38",Calle,De Las Canarias,38,,,,4,5,28045,Madrid,VT-4150
Viviendas De Uso Turistico,Sin Categoria,Cebollita 6,Calle,De La Cebollita,6,,,,,,28470,Cercedilla,VT-4155
Viviendas De Uso Turistico,Sin Categoria,"Camino De Los Pinos, 27",Camino,De Los Pinos,27,,,,,,28560,Carabaña,VT-4158
Viviendas De Uso Turistico,Sin Categoria,"Olivo, 69",Calle,Olivo,69,,,,,,28695,Navas Del Rey,VT-5043
Viviendas De Uso Turistico,Sin Categoria,"Ávila, 98",Calle,Ávila,98,,,,,,28648,Cadalso De Los Vidrios,VT-5046
Viviendas De Uso Turistico,Sin Categoria,"San Miguel, 7",Plaza,De San Miguel,7,,,EXT,5,D,28005,Madrid,VT-4167
Viviendas De Uso Turistico,Sin Categoria,"Águila, 7",Calle,Del Águila,7,,,,5,IZQ,28005,Madrid,VT-4174
Viviendas De Uso Turistico,Sin Categoria,"Ciudad De Barcelona 89,4,d",Avenida,De La Ciudad De Barcelona,89,,,,4,D,28007,Madrid,VT-4516
Viviendas De Uso Turistico,Sin Categoria,"Ciudad De Barcelona, 89,1º A",Avenida,De La Ciudad De Barcelona,89,,,,1,A,28007,Madrid,VT-4526
Viviendas De Uso Turistico,Sin Categoria,"Ciudad De Barcelona, 89,1º C",Avenida,De La Ciudad De Barcelona,89,,,,1,C,28007,Madrid,VT-4527
Viviendas De Uso Turistico,Sin Categoria,"Avda. Ciudad De Barcelona, 89,1º D",Avenida,De La Ciudad De Barcelona,89,,,,1,D,28007,Madrid,VT-4528
Viviendas De Uso Turistico,Sin Categoria,"Avda. Ciudad De Barcelona, 89,2ºa",Avenida,De La Ciudad De Barcelona,89,,,,2,A,28007,Madrid,VT-4529
Viviendas De Uso Turistico,Sin Categoria,"Avda. Ciudad De Barcelona, 89,2º B",Avenida,De La Ciudad De Barcelona,89,,,,2,B,28007,Madrid,VT-4530
Viviendas De Uso Turistico,Sin Categoria,"Avda. Ciudad De Barcelona, 89, 2º  D",Avenida,De La Ciudad De Barcelona,89,,,,2,D,28007,Madrid,VT-4531
Viviendas De Uso Turistico,Sin Categoria,"Avda. Ciudad De Barcelona, 89, 3º B",Avenida,De La Ciudad De Barcelona,89,,,,3,B,28007,Madrid,VT-4532
Viviendas De Uso Turistico,Sin Categoria,"Avda. Ciudad De Barcelona, 89, 3º D",Avenida,De La Ciudad De Barcelona,89,,,,3,D,28007,Madrid,VT-4533
Viviendas De Uso Turistico,Sin Categoria,"Avda. Ciudad De Barcelona, 89, 4º A",Avenida,De La Ciudad De Barcelona,89,,,,4,A,28007,Madrid,VT-4534
Viviendas De Uso Turistico,Sin Categoria,"Avda. Ciudad De Barcelona, 89,4ºb",Avenida,De La Ciudad De Barcelona,89,,,,4,B,28007,Madrid,VT-4535
Viviendas De Uso Turistico,Sin Categoria,"Avenida Ciudad De Barcelona, 89,4º C",Avenida,De La Ciudad De Barcelona,89,,,,4,C,28007,Madrid,VT-4536
Viviendas De Uso Turistico,Sin Categoria,"Avda. Ciudad De Barcelona, 89,5º A",Avenida,De La Ciudad De Barcelona,89,,,,5,A,28007,Madrid,VT-4537
Viviendas De Uso Turistico,Sin Categoria,"Castrillo De Aza, 7",Calle,De Castrillo De Aza,7,,,IZDA,BAJO,B,28031,Madrid,VT-5057
Viviendas De Uso Turistico,Sin Categoria,"Grande, 16",Calle,Grande,16,,,,,,28749,Alameda Del Valle,VT-5061
Viviendas De Uso Turistico,Sin Categoria,"Colonia, 5",Colonia,San Antonio,5,,,,BAJO,,28470,Cercedilla,VT-5072
Viviendas De Uso Turistico,Sin Categoria,"Sarasate, 43",Calle,Sarasate,43,,,,1,H,28222,Majadahonda,VT-5077
Viviendas De Uso Turistico,Sin Categoria,"Fernando El Católico, 20",Calle,De Fernando El Católico,20,,,INT,1,C,28015,Madrid,VT-4183
Viviendas De Uso Turistico,Sin Categoria,"Ulises, 30",Calle,De Ulises,30,,,,1,,28043,Madrid,VT-4186
Viviendas De Uso Turistico,Sin Categoria,"Celio Villalba, 2",Avenida,De Celio Villalba,2,,,,3,DCHA,28033,Madrid,VT-4187
Viviendas De Uso Turistico,Sin Categoria,"Santa Prisca, 2",Calle,De Santa Prisca,2,,,,3,3,28017,Madrid,VT-4188
Viviendas De Uso Turistico,Sin Categoria,"Deyanira, 59, Portal D, 2º, Esc 2, Pta. 21",Calle,De Deyanira,59,,D,2,2,21,28022,Madrid,VT-4197
Viviendas De Uso Turistico,Sin Categoria,"Campezo, 14, Portal 1, 2º, Pta 10",Calle,De Campezo,14,,1,,2,10,28022,Madrid,VT-4198
Viviendas De Uso Turistico,Sin Categoria,"Avda. Ciudad De Barcelona, 89,5º B",Avenida,De La Ciudad De Barcelona,89,,,,5,B,28007,Madrid,VT-4538
Viviendas De Uso Turistico,Sin Categoria,"Avda. Ciudad De Barcelona, 89,5º C",Avenida,De La Ciudad De Barcelona,89,,,,5,C,28007,Madrid,VT-4539
Viviendas De Uso Turistico,Sin Categoria,"Avda. Ciudad De Barcelona, 89,5º D",Avenida,De La Ciudad De Barcelona,89,,,,5,D,28007,Madrid,VT-4540
Viviendas De Uso Turistico,Sin Categoria,"Avda. Ciudad De Barcelona, 89, 6º A",Avenida,De La Ciudad De Barcelona,89,,,,6,A,28007,Madrid,VT-4541
Viviendas De Uso Turistico,Sin Categoria,"Avda. Ciudad De Barcelona, 89, 6º C",Avenida,De La Ciudad De Barcelona,89,,,,6,C,28007,Madrid,VT-4542
Viviendas De Uso Turistico,Sin Categoria,"Avda. Ciudad De Barcelona, 89, 6º F",Avenida,De La Ciudad De Barcelona,89,,,,6,F,28007,Madrid,VT-4543
Viviendas De Uso Turistico,Sin Categoria,"Avda. Ciudad De Barcelona, 89,7º C",Avenida,De La Ciudad De Barcelona,89,,,,7,C,28007,Madrid,VT-4544
Viviendas De Uso Turistico,Sin Categoria,"Almadén, 15, 3º Pta. 6",Calle,De Almadén,15,,,,3,6,28014,Madrid,VT-4552
Viviendas De Uso Turistico,Sin Categoria,"Avda. Ciudad De Barcelona, 89,2º C",Avenida,De La Ciudad De Barcelona,89,,,,2,C,28007,Madrid,VT-4556
Viviendas De Uso Turistico,Sin Categoria,"Avda. Ciudad De Barcelona, 89,1º B",Avenida,De La Ciudad De Barcelona,89,,,,1,B,28007,Madrid,VT-4557
Viviendas De Uso Turistico,Sin Categoria,"Avda. Ciudad De Barcelona, 89,6º D",Avenida,De La Ciudad De Barcelona,89,,,,6,D,28007,Madrid,VT-4558
Viviendas De Uso Turistico,Sin Categoria,"Avda. Ciudad De Barcelona, 89-3º A",Avenida,De La Ciudad De Barcelona,89,,,,3,A,28007,Madrid,VT-4559
Viviendas De Uso Turistico,Sin Categoria,"Cuchilleros, 3, 2º Izq.",Calle,De Los Cuchilleros,3,,,,2,IZQ,28005,Madrid,VT-4215
Viviendas De Uso Turistico,Sin Categoria,"Deyanira, 59, Portal C, 5º -4",Calle,De Deyanira,59,,C,,5,4,28022,Madrid,VT-4216
Viviendas De Uso Turistico,Sin Categoria,"Pirra, 44, Portal B, 3º-2",Calle,De Pirra,44,,B,,3,2,28022,Madrid,VT-4217
Viviendas De Uso Turistico,Sin Categoria,"Campezo, 14, Portal 3, 3º-13",Calle,De Campezo,14,,3,,3,13,28022,Madrid,VT-4219
Viviendas De Uso Turistico,Sin Categoria,"Campezo, 14, Portal 4, 1º-3",Calle,De Campezo,14,,4,,1,3,28022,Madrid,VT-4220
Viviendas De Uso Turistico,Sin Categoria,"Campezo, 14, Portal 2, 2º-16",Calle,De Campezo,14,,2,,2,16,28022,Madrid,VT-4222
Viviendas De Uso Turistico,Sin Categoria,"Samaniego, 12, Portal 2, 1º-r",Calle,De Samaniego,12,,2,,1,R,28022,Madrid,VT-4223
Viviendas De Uso Turistico,Sin Categoria,"Avda. Ciudad De Barcelona, 89, 3º C",Avenida,De La Ciudad De Barcelona,89,,,,3,C,28007,Madrid,VT-4560
Viviendas De Uso Turistico,Sin Categoria,"Begonia, 32",Calle,De Begonia,32,,,,BAJO,3,28109,Alcobendas,VT-5175
Viviendas De Uso Turistico,Sin Categoria,"O'donnell, 6",Calle,De O'donnell,6,,A,,4,6,28009,Madrid,VT-4237
Viviendas De Uso Turistico,Sin Categoria,"Principe, 73 1º D",Calle,Del Príncipe,73,,,,1,D,28300,Aranjuez,VT-4582
Viviendas De Uso Turistico,Sin Categoria,"Pensamiento,  27, 8º Esc. Dcha Pta. 4",Calle,Del Pensamiento,27,,,Dcha,8,4,28020,Madrid,VT-4588
Viviendas De Uso Turistico,Sin Categoria,C/ Jacinto Benavente Nº 3 - Casa La Bila,Calle,Jacinto Benavente,3,,,,,,28440,Guadarrama,VT-3904
Viviendas De Uso Turistico,Sin Categoria,"Palomeros, 94",Calle,Palomero,94,,,,,,28350,Ciempozuelos,VT-3913
Viviendas De Uso Turistico,Sin Categoria,"Barberan Y Collar, 34",Calle,Barberán Y Collar,34,,,,ÁTICO,,28805,Alcalá De Henares,VT-3917
Viviendas De Uso Turistico,Sin Categoria,"Cinco Urbanización Monteacevedo, 18",Calle,Cinco,18,,,,,,28514,Nuevo Baztán,VT-3920
Viviendas De Uso Turistico,Sin Categoria,"Cadiz 6, 2º",Calle,De Cádiz,6,,,,2,,28012,Madrid,VT-4249
Viviendas De Uso Turistico,Sin Categoria,"Mayor, 70 Bajo Izda.",Calle,Mayor,70,,,,BAJO,IZQ,28013,Madrid,VT-4604
Viviendas De Uso Turistico,Sin Categoria,"Siena, 37",Calle,De Siena,37,,,,3,K,28027,Madrid,VT-4612
Viviendas De Uso Turistico,Sin Categoria,"Ponzano, 49 5 Ext Izq",Calle,De Ponzano,49,,,EXT,5,IZQ,,Madrid,VT-4617
Viviendas De Uso Turistico,Sin Categoria,"Lugano, 103",Calle,Lugano,103,,,,BAJO,,28294,Robledo De Chavela,VT-3939
Viviendas De Uso Turistico,Sin Categoria,"San José, 11",Calle,San José,11,,,,,,28492,"Boalo, El",VT-4640
Viviendas De Uso Turistico,Sin Categoria,"Samaniego, 12, Portal 3, 3ºa",Calle,De Samaniego,12,,3,,3,A,28022,Madrid,VT-4302
Viviendas De Uso Turistico,Sin Categoria,"Isla Graciosa, 2, 8º Esc. 4 Pta. 3",Calle,De La Isla Graciosa,2,,,4,8,3,28703,San Sebastián De Los Reyes,VT-4679
Viviendas De Uso Turistico,Sin Categoria,"Cerca Chica, 19",Calle,De Cerca Chica,19,,,,,,28490,Becerril De La Sierra,VT-4691
Viviendas De Uso Turistico,Sin Categoria,"Real, 17",Calle,Real,17,,,,2,C,28550,Tielmes,VT-4699
Viviendas De Uso Turistico,Sin Categoria,Suerte Del Palomar 122 Bajo 9 66,Calle,Suerte Del Palomar,114,,68,,BAJO,,28410,Manzanares El Real,VT-3631
Viviendas De Uso Turistico,Sin Categoria,"Mayor, 63, 1 Izq.",Calle,Mayor,63,,,,1,IZQ,28013,Madrid,VT-3968
Viviendas De Uso Turistico,Sin Categoria,"Ortega Y Gasset, 90",Calle,De José Ortega Y Gasset,90,,,EXT,3,CENTRO,28006,Madrid,VT-4018
Viviendas De Uso Turistico,Sin Categoria,"Embajadores, 178, 1a",Calle,De Los Embajadores,178,,,,1,A,,Madrid,VT-4019
Viviendas De Uso Turistico,Sin Categoria,"Colon, 3, 2º Dcha.",Calle,De Colón,3,,,,2,DCHA,28004,Madrid,VT-4020
Viviendas De Uso Turistico,Sin Categoria,"Ercilla, 9",Calle,De Ercilla,9,,,,2,5,28005,Madrid,VT-4021
Viviendas De Uso Turistico,Sin Categoria,"Juan Álvarez Mendizábal, 25",Calle,De Juan Álvarez Mendizábal,25,,,,4,IZQ,28008,Madrid,VT-4022
Viviendas De Uso Turistico,Sin Categoria,"Juan Álvarez Mendizábal, 44, Bajo Int Dcha",Calle,De Juan Álvarez Mendizábal,44,,,INT,BAJO,DCHA,28008,Madrid,VT-4023
Viviendas De Uso Turistico,Sin Categoria,"Carranza, 3",Calle,De Carranza,3,,,,7,DCHA,28004,Madrid,VT-4025
Viviendas De Uso Turistico,Sin Categoria,"Narváez, 49",Calle,De Narváez,49,,,,6,B,28009,Madrid,VT-4026
Viviendas De Uso Turistico,Sin Categoria,"Albufera, S/n",Calle,Albufera,S/N,,,,,,28680,San Martín De Valdeiglesias,VT-4030
Viviendas De Uso Turistico,Sin Categoria,"Porvenir, 9",Calle,Del Porvenir,9,,,IZDA,5,C,28028,Madrid,VT-4031
Viviendas De Uso Turistico,Sin Categoria,"Costanilla De San Pedro, 8, Bajo Izq.",Costanilla,De San Pedro,8,,,,BAJO,IZQ,28005,Madrid,VT-4036
Viviendas De Uso Turistico,Sin Categoria,"Luna, 15, 3h",Calle,De La Luna,15,,,,3,H,28004,Madrid,VT-4038
Viviendas De Uso Turistico,Sin Categoria,"General Lacy, 46",Calle,Del General Lacy,46,,,,1,4,28045,Madrid,VT-4043
Viviendas De Uso Turistico,Sin Categoria,"Corredera Alta De San Pablo, 4º Ext. D",Calle,De La Corredera Alta De San Pablo,31,,,,4,EX D,28004,Madrid,VT-4045
Viviendas De Uso Turistico,Sin Categoria,"Fresnos, 28",Calle,De Los Fresnos,28,,,,,,28412,"Boalo, El",VT-4046
Viviendas De Uso Turistico,Sin Categoria,"Coloreros, 1",Calle,De Coloreros,1,,,,3,B,28013,Madrid,VT-4053
Viviendas De Uso Turistico,Sin Categoria,"Camino De La Orujera, 20",Calle,Camino De La Orujera,8,,,,,,28530,Morata De Tajuña,VT-4054
Viviendas De Uso Turistico,Sin Categoria,"Nieves, 4 3º C",Calle,Nieves,4,,,,3,C,28200,San Lorenzo De El Escorial,VT-4825
Viviendas De Uso Turistico,Sin Categoria,"Claudio Coello, 97",Calle,De Claudio Coello,97,,,,4,IZQ,,Madrid,VT-4057
Viviendas De Uso Turistico,Sin Categoria,"Preciados, 34, 3 Dcha.",Calle,De Preciados,34,,,,3,DCHA,28013,Madrid,VT-4072
Viviendas De Uso Turistico,Sin Categoria,"Fuencarral, 128, 5b",Calle,De Fuencarral,128,,,,5,B,,Madrid,VT-4073
Viviendas De Uso Turistico,Sin Categoria,"Fuencarral, 126, 3a",Calle,De Fuencarral,126,,,,3,A,,Madrid,VT-4074
Viviendas De Uso Turistico,Sin Categoria,"Naranjo, 3",Calle,Del Naranjo,3,,,,,,28607,"Álamo, El",VT-4419
Viviendas De Uso Turistico,Sin Categoria,"Manzana, 7",Calle,De La Manzana,7,,,,Bajo,DCHA,28015,Madrid,VT-4850
Viviendas De Uso Turistico,Sin Categoria,"Huerta Grande, 2",Avenida,Huerta Grande,2,,,,B,B,28223,Pozuelo De Alarcón,VT-4858
Viviendas De Uso Turistico,Sin Categoria,"Vallehermoso, 74",Calle,De Vallehermoso,74,,,,3,IZQ,,Madrid,VT-4075
Viviendas De Uso Turistico,Sin Categoria,"Ángel Hernández, 21",Calle,De Ángel Hernández,21,,,B,2,2,28002,Madrid,VT-4077
Viviendas De Uso Turistico,Sin Categoria,"Toledo, 25, 1 Izq",Calle,De Toledo,25,,,,1,IZQ,28005,Madrid,VT-4078
Viviendas De Uso Turistico,Sin Categoria,"Augusto Figueroa, 25, 4 Izq",Calle,De Augusto Figueroa,25,,,,4,IZQ,28004,Madrid,VT-4079
Viviendas De Uso Turistico,Sin Categoria,"San Roque, 12",Calle,De San Roque,12,,,,5,IZQ,28004,Madrid,VT-4082
Viviendas De Uso Turistico,Sin Categoria,"La Palma, 76",Calle,De La Palma,76,,,,3,A,28015,Madrid,VT-4083
Viviendas De Uso Turistico,Sin Categoria,"General Díaz Porlier, 59",Calle,Del General Díaz Porlier,59,,,C,6,C,,Madrid,VT-4089
Viviendas De Uso Turistico,Sin Categoria,"Viriato, 33",Calle,De Viriato,33,,,,2,,28010,Madrid,VT-4093
Viviendas De Uso Turistico,Sin Categoria,"Santa Engracia, 3, 2d",Calle,De Santa Engracia,3,,,,2,D,,Madrid,VT-4094
Viviendas De Uso Turistico,Sin Categoria,"Santa Engracia, 3, 1d",Calle,De Santa Engracia,3,,,,1,D,,Madrid,VT-4095
Viviendas De Uso Turistico,Sin Categoria,"Pirra 44,1º,pta 9, Portal C",Calle,De Pirra,44,,C,,1,9,28022,Madrid,VT-4428
Viviendas De Uso Turistico,Sin Categoria,"Pirra 44,3º,pta 14, Portal B",Calle,De Pirra,44,,B,,3,14,28022,Madrid,VT-4429
Viviendas De Uso Turistico,Sin Categoria,"Samaniego 12, 3º, A, Portal 3",Calle,De Samaniego,12,,3,,3,A,28022,Madrid,VT-4430
Viviendas De Uso Turistico,Sin Categoria,"De Las Eras 30, B",Calle,Eras,30,,,,BAJO,,28670,Villaviciosa De Odón,VT-4433
Viviendas De Uso Turistico,Sin Categoria,"Abeto, 8",Calle,Del Abeto,8,,,,,,28696,Pelayos De La Presa,VT-4890
Viviendas De Uso Turistico,Sin Categoria,"Fuencarral, 71-5º D",Calle,De Fuencarral,71,,,,5,D,,Madrid,VT-3763
Viviendas De Uso Turistico,Sin Categoria,"Núñez De Arce, 11, Esc. B 4º Dcha",Calle,De Núñez De Arce,11,,,B,4,DCHA,28012,Madrid,VT-4101
Viviendas De Uso Turistico,Sin Categoria,Calle Maiquez Nº 58,Calle,De Maiquez,58,,,EXT,5,DCHA,28009,Madrid,VT-4111
Viviendas De Uso Turistico,Sin Categoria,"Hartzenbusch, 6",Calle,De Hartzenbusch,6,,,,4,I,28010,Madrid,VT-4112
Viviendas De Uso Turistico,Sin Categoria,"López De Hoyos, 60, 6º3º",Calle,De López De Hoyos,60,,,,6,3,,Madrid,VT-4464
Viviendas De Uso Turistico,Sin Categoria,"General Lacy 40, Sótano, Izq.",Calle,Del General Lacy,40,,,,SOT,IZQ,28045,Madrid,VT-4119
Viviendas De Uso Turistico,Sin Categoria,Montera 45,Calle,De La Montera,45,,,,5,A,28013,Madrid,VT-4120
Viviendas De Uso Turistico,Sin Categoria,El Bolero De Brasal,Avenida,Palacios,47,,,,,,28210,Valdemorillo,VT-4121
Viviendas De Uso Turistico,Sin Categoria,Doctor Fourquet Nº 7 4º A,Calle,Del Doctor Fourquet,7,,,,4,A,28012,Madrid,VT-4128
Viviendas De Uso Turistico,Sin Categoria,"Mayor 44, 4º - B",Calle,Mayor,44,,,,4,B,28013,Madrid,VT-4131
Viviendas De Uso Turistico,Sin Categoria,Valle Del Tormes,Calle,Valle Del Tormes,31,,,,,,28669,Boadilla Del Monte,VT-4134
Viviendas De Uso Turistico,Sin Categoria,"Paseo Extremadura, 8",Paseo,De Extremadura,8,,,,1,D,28011,Madrid,VT-4135
Viviendas De Uso Turistico,Sin Categoria,"Claudio Coello, 10",Calle,De Claudio Coello,10,,,,2,C,,Madrid,VT-4138
Viviendas De Uso Turistico,Sin Categoria,"Sor Angela De La Cruz, 22-5º Pta. L",Calle,De Sor Ángela De La Cruz,22,,,,5,L,28020,Madrid,VT-4956
Viviendas De Uso Turistico,Sin Categoria,"Ave Maria, 28-3º Pta. Ed",Calle,De Ave María,28,,,,3,ED,28012,Madrid,VT-11083
Viviendas De Uso Turistico,Sin Categoria,"Valle Del Silencio, 6-4º B",Calle,Del Valle Del Silencio,6,,,,4,B,28039,Madrid,VT-11086
Viviendas De Uso Turistico,Sin Categoria,"Ancora, 23-7º Esc. 1 Pta. B",Calle,De Áncora,23,,,1,7,B,28045,Madrid,VT-11088
Viviendas De Uso Turistico,Sin Categoria,"Pico Cebollera, 33-2º B",Calle,De Pico Cebollera,33,,,,2,B,28053,Madrid,VT-11090
Viviendas De Uso Turistico,Sin Categoria,"Paseo De Las Delicias, 12-6º B",Paseo,De Las Delicias,12,,,,6,B,28045,Madrid,VT-11091
Viviendas De Uso Turistico,Sin Categoria,"Infanta Maria Teresa, 18-1º C",Calle,De La Infanta María Teresa,18,,,,1,C,28016,Madrid,VT-11092
Viviendas De Uso Turistico,Sin Categoria,Ds Cm Jardin Vereda,Calle,Jardín De La Vereda,1,,,,,,28595,Estremera,VT-11096
Viviendas De Uso Turistico,Sin Categoria,"Acacias, 9 2º C",Paseo,De Las Acacias,9,,,2,0,C,28005,Madrid,VT-11097
Viviendas De Uso Turistico,Sin Categoria,"Salitre, 41, Bajo Dcha.",Calle,De Salitre,41,,,,BAJO,DCHA,28012,Madrid,VT-11098
Viviendas De Uso Turistico,Sin Categoria,"Claudio Coello, 10 2º B",Calle,De Claudio Coello,10,,,,2,B,,Madrid,VT-11099
Viviendas De Uso Turistico,Sin Categoria,"Henares, 1 1º B",Calle,Henares,1,,,,1,B,28816,Camarma De Esteruelas,VT-11100
Viviendas De Uso Turistico,Sin Categoria,"Paseo De Los Olivos, 109 4º Esc. 1 Pta. D",Paseo,De Los Olivos,109,,,1,4,D,28011,Madrid,VT-11101
Viviendas De Uso Turistico,Sin Categoria,"Teruel, 4",Calle,De Teruel,4,,,,BAJO,DCHA,28020,Madrid,VT-11110
Viviendas De Uso Turistico,Sin Categoria,"Núñez De Balboa, 3, 5d",Calle,De Núñez De Balboa,3,,,,5,D,28001,Madrid,VT-11111
Viviendas De Uso Turistico,Sin Categoria,"Pelayo, 26, 3 Int. B",Calle,De Pelayo,26,,,Int.,3,B,28004,Madrid,VT-11112
Viviendas De Uso Turistico,Sin Categoria,"Ballesta, 30, 3a",Calle,De La Ballesta,30,,,,3,A,28004,Madrid,VT-11114
Viviendas De Uso Turistico,Sin Categoria,"Gran Via, 47-4º Pta. C",Calle,Gran Vía,47,,,,4,PTA. C,28013,Madrid,VT-11665
Viviendas De Uso Turistico,Sin Categoria,"Gran Via, 47-4º  Pta. B",Calle,Gran Vía,47,,,,4,PTA. B,28013,Madrid,VT-11666
Viviendas De Uso Turistico,Sin Categoria,"Gran Via, 47-4º Pta. A",Calle,Gran Vía,47,,,,4,PTA. A,28013,Madrid,VT-11667
Viviendas De Uso Turistico,Sin Categoria,"Gran Via, 47-4º Pta. 10",Calle,Gran Vía,47,,,,4,PTA. 1,28013,Madrid,VT-11668
Viviendas De Uso Turistico,Sin Categoria,"Gran Via, 47-4º Pta. 9",Calle,Gran Vía,47,,,,4,PTA. 9,28013,Madrid,VT-11669
Viviendas De Uso Turistico,Sin Categoria,"Gran Via, 47-4º Pta. 8",Calle,Gran Vía,47,,,,4,PTA. 8,28013,Madrid,VT-11670
Viviendas De Uso Turistico,Sin Categoria,"Gran Via, 47-4º Pta. 7",Calle,Gran Vía,47,,,,4,PTA. 7,28013,Madrid,VT-11671
Viviendas De Uso Turistico,Sin Categoria,"Gran Via, 47-3º Pta. 38",Calle,Gran Vía,47,,,,3,PTA. 3,28013,Madrid,VT-11672
Viviendas De Uso Turistico,Sin Categoria,"Gran Via, 47-3º Pta. 39",Calle,Gran Vía,47,,,,3,PTA. 3,28013,Madrid,VT-11673
Viviendas De Uso Turistico,Sin Categoria,"Gran Via, 47-4º Pta. 1",Calle,Gran Vía,47,,,,4,PTA. 1,28013,Madrid,VT-11674
Viviendas De Uso Turistico,Sin Categoria,"Gran Via, 47-4º Pta. 2",Calle,Gran Vía,47,,,,4,PTA. 2,28013,Madrid,VT-11675
Viviendas De Uso Turistico,Sin Categoria,"Gran Via, 47-4º Pta. 4",Calle,Gran Vía,47,,,,4,PTA. 4,28013,Madrid,VT-11676
Viviendas De Uso Turistico,Sin Categoria,"Gran Via, 47-4º Pta. 5",Calle,Gran Vía,47,,,,4,PTA. 5,28013,Madrid,VT-11677
Viviendas De Uso Turistico,Sin Categoria,"Gran Via, 47-4º Pta. 6",Calle,Gran Vía,47,,,,4,PTA. 6,28013,Madrid,VT-11678
Viviendas De Uso Turistico,Sin Categoria,"Gran Via, 47-3º Pta., 6",Calle,Gran Vía,47,,,,3,PTA. 6,28013,Madrid,VT-11679
Viviendas De Uso Turistico,Sin Categoria,"Gran Via, 47-3º Pta. 7",Calle,Gran Vía,47,,,,3,PTA. 7,28013,Madrid,VT-11680
Viviendas De Uso Turistico,Sin Categoria,"Gran Via, 47-3º Pta.  8",Calle,Gran Vía,47,,,,3,PTA. 8,28013,Madrid,VT-11681
Viviendas De Uso Turistico,Sin Categoria,"Gran Via, 47-3º Pta. 9",Calle,Gran Vía,47,,,,3,PTA. 9,28013,Madrid,VT-11682
Viviendas De Uso Turistico,Sin Categoria,"Gran Via, 47-3º Pta. 10",Calle,Gran Vía,47,,,,3,PTA. 1,28013,Madrid,VT-11683
Viviendas De Uso Turistico,Sin Categoria,"Gran Via, 47-3º  Pta. 30",Calle,Gran Vía,47,,,,3,PTA. 3,28013,Madrid,VT-11684
Viviendas De Uso Turistico,Sin Categoria,"Gran Via, 47-3º Pta. 31",Calle,Gran Vía,47,,,,3,PTA. 3,28013,Madrid,VT-11685
Viviendas De Uso Turistico,Sin Categoria,"Gran Via, 47-3º Pta. 33",Calle,Gran Vía,47,,,,3,PTA. 3,28013,Madrid,VT-11686
Viviendas De Uso Turistico,Sin Categoria,"Gran Via, 47-3º Pta. 37",Calle,Gran Vía,47,,,,3,PTA. 3,28013,Madrid,VT-11687
Viviendas De Uso Turistico,Sin Categoria,"Gran Via, 47-3º Pta. 36",Calle,Gran Vía,47,,,,3,PTA. 3,28013,Madrid,VT-11688
Viviendas De Uso Turistico,Sin Categoria,"Gran Via, 47-3º Pta. 1",Calle,Gran Vía,47,,,,3,PTA. 1,28013,Madrid,VT-11689
Viviendas De Uso Turistico,Sin Categoria,"Gran Via, 47-3º Pta. 2",Calle,Gran Vía,47,,,,3,PTA. 2,28013,Madrid,VT-11690
Viviendas De Uso Turistico,Sin Categoria,"Gran Via, 47-3º Pta. 3",Calle,Gran Vía,47,,,,3,PTA. 3,28013,Madrid,VT-11691
Viviendas De Uso Turistico,Sin Categoria,"Gran Via, 47-3º Pta 4",Calle,Gran Vía,47,,,,3,PTA. 4,28013,Madrid,VT-11692
Viviendas De Uso Turistico,Sin Categoria,"Gran Via, 47-3º Pta. 5",Calle,Gran Vía,47,,,,3,PTA. 5,28013,Madrid,VT-11693
Viviendas De Uso Turistico,Sin Categoria,"Gran Via, 47-2º Pta. 3",Calle,Gran Vía,47,,,,2,PTA. 3,28013,Madrid,VT-11694
Viviendas De Uso Turistico,Sin Categoria,"Gran Via, 47-2º Pta. 4",Calle,Gran Vía,47,,,,2,PTA. 4,28013,Madrid,VT-11695
Viviendas De Uso Turistico,Sin Categoria,"Gran Via, 47-2º Pta. 6",Calle,Gran Vía,47,,,,2,PTA. 6,28013,Madrid,VT-11696
Viviendas De Uso Turistico,Sin Categoria,"Gran Via, 47-2º Pta. 7",Calle,Gran Vía,47,,,,2,PTA. 7,28013,Madrid,VT-11697
Viviendas De Uso Turistico,Sin Categoria,"Gran Via, 47-2º Pta. 8",Calle,Gran Vía,47,,,,2,PTA. 8,28013,Madrid,VT-11698
Viviendas De Uso Turistico,Sin Categoria,"Gran Via, 47-2º Pta. 9",Calle,Gran Vía,47,,,,2,PTA. 9,28013,Madrid,VT-11699
Viviendas De Uso Turistico,Sin Categoria,"Gran Via, 47-2º Pta. 10",Calle,Gran Vía,47,,,,2,PTA. 1,28013,Madrid,VT-11700
Viviendas De Uso Turistico,Sin Categoria,"Gran Via, 47-2º Pta. 24",Calle,Gran Vía,47,,,,2,PTA. 2,28013,Madrid,VT-11701
Viviendas De Uso Turistico,Sin Categoria,"Gran Via, 47-2º Pta. 25",Calle,Gran Vía,47,,,,2,PTA. 2,28013,Madrid,VT-11702
Viviendas De Uso Turistico,Sin Categoria,"Gran Via, 47-2º Pta. 26",Calle,Gran Vía,47,,,,2,PTA. 2,28013,Madrid,VT-11703
Viviendas De Uso Turistico,Sin Categoria,"Gran Via, 47-2º Pta. A",Calle,Gran Vía,47,,,,2,PTA. A,28013,Madrid,VT-11704
Viviendas De Uso Turistico,Sin Categoria,"Gran Via, 47-2º Pta. B",Calle,Gran Vía,47,,,,2,PTA. B,28013,Madrid,VT-11705
Viviendas De Uso Turistico,Sin Categoria,"Gran Via, 47-2º Pta. C",Calle,Gran Vía,47,,,,2,PTA. C,28013,Madrid,VT-11706
Viviendas De Uso Turistico,Sin Categoria,"Gran Via, 47-2º Pta. D",Calle,Gran Vía,47,,,,2,PTA. D,28013,Madrid,VT-11707
Viviendas De Uso Turistico,Sin Categoria,"Gran Via, 47-2º Pta. E",Calle,Gran Vía,47,,,,2,PTA. E,28013,Madrid,VT-11708
Viviendas De Uso Turistico,Sin Categoria,"Canarias, 53, 2f",Calle,De Las Canarias,53,,,,2,F,28045,Madrid,VT-9972
Viviendas De Uso Turistico,Sin Categoria,"Lavapiés, 48, 2",Calle,De Lavapiés,48,,,,2,,28012,Madrid,VT-9973
Viviendas De Uso Turistico,Sin Categoria,"Campomanes, 10, 3",Calle,De Campomanes,10,,,,3,,28013,Madrid,VT-9975
Viviendas De Uso Turistico,Sin Categoria,"Juan Bravo, 56, 3c",Calle,De Juan Bravo,56,,,,3,C,28006,Madrid,VT-9976
Viviendas De Uso Turistico,Sin Categoria,"Juan Bravo, 56, 3d",Calle,De Juan Bravo,56,,,,3,D,28006,Madrid,VT-9977
Viviendas De Uso Turistico,Sin Categoria,"Juan Bravo, 56, 3a",Calle,De Juan Bravo,56,,,,3,A,28006,Madrid,VT-9978
Viviendas De Uso Turistico,Sin Categoria,"Juan Bravo, 56, 3 B",Calle,De Juan Bravo,53,,,,3,B,28006,Madrid,VT-9979
Viviendas De Uso Turistico,Sin Categoria,"Sombrerete, 1, 2º 6",Calle,De Sombrerete,1,,,,2,6,28012,Madrid,VT-9980
Viviendas De Uso Turistico,Sin Categoria,"Escalinata, 11, 1",Calle,De La Escalinata,11,,,,1,,28013,Madrid,VT-9983
Viviendas De Uso Turistico,Sin Categoria,"Doce, 181- Urb. Alarilla C-12",Calle,Doce (alarilla),181,,,,,,28597,Fuentidueña De Tajo,VT-9984
Viviendas De Uso Turistico,Sin Categoria,"Don Ramon De La Cruz, 105-2º A",Calle,De Don Ramón De La Cruz,105,,,,2,A,,Madrid,VT-9989
Viviendas De Uso Turistico,Sin Categoria,"Roncal, 7-4º",Calle,Del Roncal,7,,,,4,,28002,Madrid,VT-9990
Viviendas De Uso Turistico,Sin Categoria,"Paseo De Los Curas, 18, 1-3",Paseo,De Los Curas,18,,,,1,3,28803,Alcalá De Henares,VT-9991
Viviendas De Uso Turistico,Sin Categoria,"Divino Pastor, 16, 3, Ext. Izq.",Calle,Del Divino Pastor,16,,,,3,EXT. I,28004,Madrid,VT-9992
Viviendas De Uso Turistico,Sin Categoria,"Juan Bravo, 56, 1c",Calle,De Juan Bravo,56,,,,1,C,28006,Madrid,VT-9993
Viviendas De Uso Turistico,Sin Categoria,"Juan Bravo, 56, 1d",Calle,De Juan Bravo,56,,,,1,D,28006,Madrid,VT-9994
Viviendas De Uso Turistico,Sin Categoria,"Sombrerería, 10, Bajo 2",Calle,De Sombrerería,10,,,,BAJO,PTA. 2,28012,Madrid,VT-9995
Viviendas De Uso Turistico,Sin Categoria,"Costanilla De Los Desamparados, 12, Bajo Dcha.",Costanilla,De Los Desamparados,12,,,,BAJO,DCHA,28014,Madrid,VT-9996
Viviendas De Uso Turistico,Sin Categoria,"Sierra Gador, 14, 3a",Calle,De Sierra Gador,14,,,,3,A,28031,Madrid,VT-9997
Viviendas De Uso Turistico,Sin Categoria,"Tesoro, 28, 2 Izq.",Calle,Del Tesoro,28,,,,2,IZQ,28004,Madrid,VT-9998
Viviendas De Uso Turistico,Sin Categoria,"Farmacia, 6, 3-2",Calle,De La Farmacia,6,,,,3,PTA. 2,28004,Madrid,VT-10002
Viviendas De Uso Turistico,Sin Categoria,"Quesada, 8, 1 Ext. C",Calle,De Quesada,8,,,,1,EXT. C,28010,Madrid,VT-10003
Viviendas De Uso Turistico,Sin Categoria,"Don Ramón De La Cruz, 96, 2a",Calle,De Don Ramón De La Cruz,96,,,,2,A,,Madrid,VT-10004
Viviendas De Uso Turistico,Sin Categoria,"Gravina, 4 2º Dcha. 2",Calle,De Gravina,4,,,,2,DCHA,28004,Madrid,VT-10007
Viviendas De Uso Turistico,Sin Categoria,"Gravina, 4 2º Dcha. 3",Calle,De Gravina,4,,,,2,DCHA,28004,Madrid,VT-10008
Viviendas De Uso Turistico,Sin Categoria,"Orense, 69-15º Pta. 1507",Calle,De Orense,69,,,,15,1507,28020,Madrid,VT-10564
Viviendas De Uso Turistico,Sin Categoria,"Carretera Dehesa, Colonia La Vaqueriza",Carretera,De Las Dehesas,2,,,,CASA-2,,28479,Cercedilla,VT-10572
Viviendas De Uso Turistico,Sin Categoria,"Ballesta, 30, 3b",Calle,De La Ballesta,30,,,,3,B,28004,Madrid,VT-11115
Viviendas De Uso Turistico,Sin Categoria,"Ballesta, 30, 3c",Calle,De La Ballesta,30,,,,3,C,28004,Madrid,VT-11116
Viviendas De Uso Turistico,Sin Categoria,"Corredera Baja De San Pablo, 4, Portal B, 1 Izq.",Calle,De La Corredera Baja De San Pablo,4,,B,,1,IZQ,28004,Madrid,VT-11117
Viviendas De Uso Turistico,Sin Categoria,"Corredera Baja De San Pablo, 4, Portal D, 1 Izq.",Calle,De La Corredera Baja De San Pablo,4,,D,,1,IZQ,28004,Madrid,VT-11118
Viviendas De Uso Turistico,Sin Categoria,"Corredera Baja De San Pablo, 4, Portal A, 1 Izq.",Calle,De La Corredera Baja De San Pablo,4,,A,,1,IZQ,28004,Madrid,VT-11119
Viviendas De Uso Turistico,Sin Categoria,"Infantas, 7, 3 Ext.",Calle,De Las Infantas,7,,,Ext.,3,,28004,Madrid,VT-11123
Viviendas De Uso Turistico,Sin Categoria,"Escorial, 18, 3d",Calle,De El Escorial,18,,,,3,D,28004,Madrid,VT-11127
Viviendas De Uso Turistico,Sin Categoria,"General Lacy, 34, 1-12",Calle,Del General Lacy,34,,,,1,12,28045,Madrid,VT-11129
Viviendas De Uso Turistico,Sin Categoria,"Ministriles, 6, 1 Izq.",Calle,De Ministriles,6,,,,1,IZQ,28012,Madrid,VT-11130
Viviendas De Uso Turistico,Sin Categoria,"Av. Donostiarra, 27, 2-5",Avenida,De Donostiarra,27,,,,2,5,28027,Madrid,VT-11132
Viviendas De Uso Turistico,Sin Categoria,"San Leopoldo, 68, 2b",Calle,De San Leopoldo,68,,,,2,B,28029,Madrid,VT-11133
Viviendas De Uso Turistico,Sin Categoria,"Neptuno, 11, Bajo",Calle,Neptuno,11,,,,BAJO,,28232,"Rozas De Madrid, Las",VT-11135
Viviendas De Uso Turistico,Sin Categoria,"San Pedro, 20, Bajo",Calle,De San Pedro,20,,,,BAJO,VP,28014,Madrid,VT-11139
Viviendas De Uso Turistico,Sin Categoria,"Tres Peces, 8, 4 Ext. Dcha.",Calle,De Los Tres Peces,8,,,Ext.,4,DCHA,28012,Madrid,VT-11141
Viviendas De Uso Turistico,Sin Categoria,"Conde De Peñalver, 30, Bajo F",Calle,Del Conde De Peñalver,30,,,,BAJO,F,28006,Madrid,VT-11143
Viviendas De Uso Turistico,Sin Categoria,"Mesón De Paredes, 19, Bajo Int.",Calle,Del Mesón De Paredes,19,,,,BAJO,INT,28012,Madrid,VT-11144
Viviendas De Uso Turistico,Sin Categoria,"Thomnas Edison, 4, Portal 1, 2-1214",Calle,Thomas Edison,4,,1,,2,1214,28521,Rivas-vaciamadrid,VT-11145
Viviendas De Uso Turistico,Sin Categoria,"Naves, 9, 1-18",Calle,De Las Naves,9,,,,1,18,28005,Madrid,VT-11146
Viviendas De Uso Turistico,Sin Categoria,"San Esteban, 11, Bajo",Calle,San Esteban,11,,,,BAJO,,28792,Miraflores De La Sierra,VT-11149
Viviendas De Uso Turistico,Sin Categoria,"Gran Via, 47-2º Pta. H",Calle,Gran Vía,47,,,,2,PTA. H,28013,Madrid,VT-11709
Viviendas De Uso Turistico,Sin Categoria,"Gran Via, 47-2º Pta. G",Calle,Gran Vía,47,,,,2,PTA. G,28013,Madrid,VT-11710
Viviendas De Uso Turistico,Sin Categoria,"Gran Via, 47-2º Pta. F",Calle,Gran Vía,47,,,,2,PUERTA F,28013,Madrid,VT-11711
Viviendas De Uso Turistico,Sin Categoria,"Gran Via, 47-2º Pta. I",Calle,Gran Vía,47,,,,2,PTA. I,28013,Madrid,VT-11712
Viviendas De Uso Turistico,Sin Categoria,"Gran Via, 47-7º Pta. 10",Calle,Gran Vía,47,,,,7,PTA. 1,28013,Madrid,VT-11741
Viviendas De Uso Turistico,Sin Categoria,"Luciente, 13, 4º Dcha",Calle,De Luciente,13,,,,4,DCHA,28005,Madrid,VT-11743
Viviendas De Uso Turistico,Sin Categoria,"Ministriles, 10, 4º 6",Calle,De Ministriles,10,,,,4,6,28012,Madrid,VT-11744
Viviendas De Uso Turistico,Sin Categoria,"Amparo, 67 3º Pta. 1",Calle,Del Amparo,67,,,,3,1,28012,Madrid,VT-11745
Viviendas De Uso Turistico,Sin Categoria,"Chinchilla, 1 2º Pta. 9",Calle,De La Chinchilla,1,,,,2,9,28013,Madrid,VT-11746
Viviendas De Uso Turistico,Sin Categoria,"Corredera Alta De San Pablo, 3 3º Iint. D",Calle,De La Corredera Alta De San Pablo,3,,,,3,INT D,28004,Madrid,VT-11747
Viviendas De Uso Turistico,Sin Categoria,"Duque De Rivas, 4, 6-1",Calle,Del Duque De Rivas,4,,,,6,PTA. 1,28012,Madrid,VT-10010
Viviendas De Uso Turistico,Sin Categoria,"Alonso Martos, 2, Bajo C",Calle,De Alonso Martos,3,,,,BAJO,C,28045,Madrid,VT-10011
Viviendas De Uso Turistico,Sin Categoria,"Pelayo, 11, 4 Int.",Calle,De Pelayo,11,,,,4,INT,28004,Madrid,VT-10012
Viviendas De Uso Turistico,Sin Categoria,"Juan De Urbieta, 28, 1-6",Calle,De Juan De Urbieta,28,,,,1,PTA. 6,28007,Madrid,VT-10014
Viviendas De Uso Turistico,Sin Categoria,"Mota Del Cuervo, 76-4º Pta. 5",Calle,De Mota Del Cuervo,76,,,,4,PTA. 5,28043,Madrid,VT-10015
Viviendas De Uso Turistico,Sin Categoria,"Princesa, 3 Duplicado, 14-1416",Calle,De La Princesa,3 DUPL,,,,14,PTA. 1,28008,Madrid,VT-10016
Viviendas De Uso Turistico,Sin Categoria,"Ntra Sra De Luján, 5, Bajo Izq. Dcha.",Calle,De Nuestra Señora De Luján,5,,,,BAJO-I,DCHA,28016,Madrid,VT-10017
Viviendas De Uso Turistico,Sin Categoria,"Cádiz, 10, 2 Dcha.",Calle,De Cádiz,10,,,,2,DCHA,28012,Madrid,VT-10018
Viviendas De Uso Turistico,Sin Categoria,"Santa Isabel, 26, 3 Izq.",Calle,De Santa Isabel,26,,,,3,IZQ,28012,Madrid,VT-10019
Viviendas De Uso Turistico,Sin Categoria,"Mesón De Paredes, 46, 1 Izq.",Calle,Del Mesón De Paredes,46,,,,1,IZQ,28012,Madrid,VT-10021
Viviendas De Uso Turistico,Sin Categoria,"Caravaca, 6, 1b",Calle,De Caravaca,6,,,,1,B,28012,Madrid,VT-10022
Viviendas De Uso Turistico,Sin Categoria,"Barquillo, 36, 2-2",Calle,De Barquillo,36,,,,2,PTA. 2,28004,Madrid,VT-10023
Viviendas De Uso Turistico,Sin Categoria,"Blasco De Garay, 21, Bajo A",Calle,De Blasco De Garay,21,,,,BAJO,A,,Madrid,VT-10024
Viviendas De Uso Turistico,Sin Categoria,"Quintana, 18, 6 Izq.",Calle,De Quintana,18,,,,6,IZQ,28008,Madrid,VT-10025
Viviendas De Uso Turistico,Sin Categoria,"Olivar, 35, 1 Izq.",Calle,Del Olivar,35,,,,1,IZQ,28012,Madrid,VT-10026
Viviendas De Uso Turistico,Sin Categoria,"Claudio Coello, 53-55, 3-2",Calle,De Claudio Coello,53-55,,,,3,PTA. 2,,Madrid,VT-10027
Viviendas De Uso Turistico,Sin Categoria,"Agustín Durán, 21, 4a",Calle,De Agustín Durán,21,,,,4,A,28028,Madrid,VT-10028
Viviendas De Uso Turistico,Sin Categoria,"Tres Peces, 4, 2 Int. C",Calle,De Los Tres Peces,4,,,,2,INT. C,28012,Madrid,VT-10030
Viviendas De Uso Turistico,Sin Categoria,"Tres Peces, 4, 2 Int. B",Calle,De Los Tres Peces,4,,,,2,INT. B,28012,Madrid,VT-10031
Viviendas De Uso Turistico,Sin Categoria,"Juan Álvarez Mendizábal, 70, 1 Izq.",Calle,De Juan Álvarez Mendizábal,70,,,,1,IZQ,28008,Madrid,VT-10032
Viviendas De Uso Turistico,Sin Categoria,"Santa Hortensia, 15 (portal A) 2b",Calle,De Santa Hortensia,15,,,,2,B,28002,Madrid,VT-10033
Viviendas De Uso Turistico,Sin Categoria,"Pza Cascorro, 11, 2-4",Plaza,De Cascorro,11,,,,2,PTA. 4,28005,Madrid,VT-10034
Viviendas De Uso Turistico,Sin Categoria,"Francisco Ricci, 14 Semisótano E",Calle,De Francisco Ricci,14,,,,SEMISO,E,28015,Madrid,VT-10035
Viviendas De Uso Turistico,Sin Categoria,"Juan Alvarez Mendizabal, 89 Bajo D",Calle,De Juan Álvarez Mendizábal,89,,,,BAJO,D,28008,Madrid,VT-10036
Viviendas De Uso Turistico,Sin Categoria,"Divino Pastor, 11, Bajo F",Calle,Del Divino Pastor,11,,,,BAJO,F,28004,Madrid,VT-10039
Viviendas De Uso Turistico,Sin Categoria,"Preciados, 23-3º Izq.",Calle,De Preciados,23,,,,3,IZQ,28013,Madrid,VT-10040
Viviendas De Uso Turistico,Sin Categoria,"Bustamante, 17, 1d",Calle,De Bustamante,17,,,,1,D,28045,Madrid,VT-10042
Viviendas De Uso Turistico,Sin Categoria,"Eros, 7, Portal F, 2º A",Calle,De Eros,7,,,,2,A,28045,Madrid,VT-10043
Viviendas De Uso Turistico,Sin Categoria,"Mendivil, 9, Bajo D",Calle,De Mendívil,9,,,,BAJO,D,28038,Madrid,VT-10044
Viviendas De Uso Turistico,Sin Categoria,"Gran Via 59, 11º A",Calle,Gran Vía,59,,,,11,A,28013,Madrid,VT-10591
Viviendas De Uso Turistico,Sin Categoria,"Cruz, 19, 3c",Calle,De La Cruz,19,,,,3,C,28012,Madrid,VT-11151
Viviendas De Uso Turistico,Sin Categoria,"Conde De Lemos, 2, 2 Izq.",Calle,Del Conde De Lemos,2,,,,2,IZQ,28013,Madrid,VT-11152
Viviendas De Uso Turistico,Sin Categoria,"Humilladero, 5 Bajo Centro",Calle,Del Humilladero,5,,,,BAJO,CENTRO,28005,Madrid,VT-11154
Viviendas De Uso Turistico,Sin Categoria,"Tarragona, 18 6º D",Calle,De Tarragona,18,,,,6,D,28045,Madrid,VT-11155
Viviendas De Uso Turistico,Sin Categoria,"Tesoro, 19, 4, Y1",Calle,Del Tesoro,19,,,,4,Y1,28004,Madrid,VT-11156
Viviendas De Uso Turistico,Sin Categoria,"Sierra De Meira, 53,ptal 1, 1-53",Calle,De Sierra De Meirá,53,,1,,1,53,28038,Madrid,VT-11157
Viviendas De Uso Turistico,Sin Categoria,"Paseo Delicias, 74, 8a",Paseo,De Las Delicias,74,,,,8,A,28045,Madrid,VT-11159
Viviendas De Uso Turistico,Sin Categoria,"Lanuza, 4, Bajo C",Calle,De Lanuza,4,,,,BAJO,C,28028,Madrid,VT-11160
Viviendas De Uso Turistico,Sin Categoria,"Costa Rica, 11, 1, A-23",Calle,De Costa Rica,11,,,,1,A-23,28016,Madrid,VT-11161
Viviendas De Uso Turistico,Sin Categoria,"Barbieri, 8, 2 Esc. D, 6",Calle,De Barbieri,8,,,D,2,6,28004,Madrid,VT-11162
Viviendas De Uso Turistico,Sin Categoria,"Mulillas, 15, 1a",Calle,De Las Mulillas,15,,,,1,A,28370,Chinchón,VT-11163
Viviendas De Uso Turistico,Sin Categoria,"Tajuña, 1",Calle,Del Tajuña,1,,,,,,28270,Colmenarejo,VT-11171
Viviendas De Uso Turistico,Sin Categoria,"Víctor Hugo, 4, 3 Dcha. B",Calle,De Víctor Hugo,4,,,DCHA.,3,B,28004,Madrid,VT-11172
Viviendas De Uso Turistico,Sin Categoria,"Castillo Piñeiro, 5, 2d",Calle,Del Castillo Piñeiro,5,,,,2,D,28039,Madrid,VT-11174
Viviendas De Uso Turistico,Sin Categoria,"Sagasta, 5, 4 Int. Dcha.",Calle,De Sagasta,5,,,Int.,4,DCHA,28004,Madrid,VT-11175
Viviendas De Uso Turistico,Sin Categoria,"Cuesta De Santo Domingo, 3, 2 Izq. Pta. 2",Cuesta,De Santo Domingo,3,,,IZQ.,2,2,28013,Madrid,VT-11177
Viviendas De Uso Turistico,Sin Categoria,"Orense, 22, Portal B, 8 D",Calle,De Orense,22,,B,,8,D,28020,Madrid,VT-11179
Viviendas De Uso Turistico,Sin Categoria,"General Martínez Campos, 21, 6a",Paseo,Del General Martínez Campos,21,,,,6,A,28010,Madrid,VT-11180
Viviendas De Uso Turistico,Sin Categoria,"Encomienda, 10 1º D",Calle,De La Encomienda,10,,,,1,D,28012,Madrid,VT-11181
Viviendas De Uso Turistico,Sin Categoria,"Almadén,4, Ptal 1, 5. Esc. 1 Dcha.",Calle,De Almadén,4,,1,1,5,DCHA,28014,Madrid,VT-11182
Viviendas De Uso Turistico,Sin Categoria,"Minas, 22 Bajo Int. Dcha.",Calle,De Las Minas,22,,,Int.,BAJO,DCHA,28004,Madrid,VT-11183
Viviendas De Uso Turistico,Sin Categoria,"Ave. Peña Prieta, 44, 2 H",Avenida,De Peña Prieta,44,,,,2,H,28038,Madrid,VT-11184
Viviendas De Uso Turistico,Sin Categoria,"Venus, 18, Bajo",Calle,Venus,18,,,,BAJO,,28210,Valdemorillo,VT-11185
Viviendas De Uso Turistico,Sin Categoria,"Lagasca, 72, 1º Izq",Calle,De Lagasca,72,,,,1,IZQ,,Madrid,VT-11875
Viviendas De Uso Turistico,Sin Categoria,"Fomento, 22-2º Pta. 31",Calle,Del Fomento,22,,,,2,PTA. 3,28013,Madrid,VT-11894
Viviendas De Uso Turistico,Sin Categoria,"Doctor Esquerdo, 100-1º A",Calle,Del Doctor Esquerdo,100,,,,1,A,,Madrid,VT-11895
Viviendas De Uso Turistico,Sin Categoria,"San Rufo, 8-3º D",Calle,De San Rufo,8,,,,3,D,28011,Madrid,VT-11896
Viviendas De Uso Turistico,Sin Categoria,"Fuente Del Berro, 37-2º B",Calle,De La Fuente Del Berro,37,,,,2,B,28009,Madrid,VT-11897
Viviendas De Uso Turistico,Sin Categoria,"San Mateo, 30-1º C",Calle,De San Mateo,30,,,,1,C,28004,Madrid,VT-11901
Viviendas De Uso Turistico,Sin Categoria,"Cabeza, 29 Bajo Pta. Dcha.",Calle,De La Cabeza,29,,,,BAJO,PTA. D,28012,Madrid,VT-11902
Viviendas De Uso Turistico,Sin Categoria,"Fernando Vi, 21-1º Pta. Dcha.",Calle,De Fernando Vi,21,,,,1,PTA. D,28004,Madrid,VT-11904
Viviendas De Uso Turistico,Sin Categoria,"Cava Alta, 7-3º Pta. Izq.",Calle,De La Cava Alta,7,,,,3,PTA. I,28005,Madrid,VT-11905
Viviendas De Uso Turistico,Sin Categoria,"Benito Gutierrez, 17-4º Esc. Int.  B",Calle,De Benito Gutiérrez,17,,,,ESC.IN,PTA. B,28008,Madrid,VT-11906
Viviendas De Uso Turistico,Sin Categoria,"General Alvarez De Castro, 15-6º Pta. Dcha.",Calle,Del General Álvarez De Castro,15,,,,6,PTA. D,28010,Madrid,VT-11908
Viviendas De Uso Turistico,Sin Categoria,"Granada, 34, 4 Izq.",Calle,De Granada,34,,,,4,IZQ,28007,Madrid,VT-10046
Viviendas De Uso Turistico,Sin Categoria,"Horno De Mata, 9, 4c",Travesia,Del Horno De La Mata,9,,,,4,C,28004,Madrid,VT-10050
Viviendas De Uso Turistico,Sin Categoria,"Monte Valdeoliva Alto, 11a, Bajo A",Paraje,Monte De Valdeoliva,11,,,,BAJO,A,28750,San Agustín Del Guadalix,VT-10051
Viviendas De Uso Turistico,Sin Categoria,"Saínz De Baranda, 8, Entresuelo C",Calle,Del Alcalde Sáinz De Baranda,8,,,,ENTRES,C,,Madrid,VT-10052
Viviendas De Uso Turistico,Sin Categoria,"Lagasca, 122, 4b",Calle,De Lagasca,122,,,,4,B,,Madrid,VT-10053
Viviendas De Uso Turistico,Sin Categoria,"Paseo Del Prado, 16, 1-5",Paseo,Del Prado,16,,,,1,5,28014,Madrid,VT-10054
Viviendas De Uso Turistico,Sin Categoria,"Cristóbal Bordiú, 47, 4d",Calle,De Cristóbal Bordiú,47,,,,4,D,28003,Madrid,VT-10055
Viviendas De Uso Turistico,Sin Categoria,"Juan Duque, 11-1º A",Calle,De Juan Duque,11,,,,1,A,28005,Madrid,VT-10059
Viviendas De Uso Turistico,Sin Categoria,"Villamanin, 39-4º Esc. 1 Pta. 2",Calle,De Villamanín,39,,,,"4,-ESC",PUERTA,28011,Madrid,VT-10061
Viviendas De Uso Turistico,Sin Categoria,"Villamanin, 39-5º Esc. 1 Pta. 4",Calle,De Villamanín,39,,,,"5,-ESC",PTA. 4,28011,Madrid,VT-10065
Viviendas De Uso Turistico,Sin Categoria,"Encomienda, 2, 2 Dcha.",Calle,De La Encomienda,2,,,,2,DCHA,28012,Madrid,VT-10066
Viviendas De Uso Turistico,Sin Categoria,"Plaza De La Villa, 1 Ptal. 1 Entr. Pta. Izq.",Plaza,De La Villa,1,,,,"PTAL.,",PTA. I,28005,Madrid,VT-10072
Viviendas De Uso Turistico,Sin Categoria,"Plaza De La Villa, 1 Ptal. 1 4º Pta. Dcha.",Plaza,De La Villa,1,,1,,4,DCHA,28005,Madrid,VT-10073
Viviendas De Uso Turistico,Sin Categoria,"Moratín, 9, 1",Calle,De Moratín,9,,,,1,,28014,Madrid,VT-10074
Viviendas De Uso Turistico,Sin Categoria,"Pza Chamberí, 5, 3 Int. Izq.",Plaza,De Chamberí,5,,,,3,INT. I,28010,Madrid,VT-10075
Viviendas De Uso Turistico,Sin Categoria,"Goya, 141, 4 Izq.",Calle,De Goya,141,,,,4,IZQ,,Madrid,VT-10077
Viviendas De Uso Turistico,Sin Categoria,"Agustín Durán, 21, 2d",Calle,De Agustín Durán,21,,,,2,D,28028,Madrid,VT-10078
Viviendas De Uso Turistico,Sin Categoria,"Espíritu Santo, 37, 2b",Calle,Del Espíritu Santo,37,,,,2,B,28004,Madrid,VT-10079
Viviendas De Uso Turistico,Sin Categoria,"Abapies, 1, 1º 4",Calle,De Abapiés,1,,,,,PTA. 4,28370,Chinchón,VT-10080
Viviendas De Uso Turistico,Sin Categoria,"Río Tajo, 27",Calle,Río Tajo,27,,,,,,28669,Boadilla Del Monte,VT-10081
Viviendas De Uso Turistico,Sin Categoria,"Benito Gutierrez, 18-2º Esc. Ext. Pta. Izq.",Calle,De Benito Gutiérrez,18,,,Ext.,2,IZQ,28008,Madrid,VT-10634
Viviendas De Uso Turistico,Sin Categoria,"Francisca Armada, 2 Ptal. E Bajo B",Calle,De Francisca Armada,2,,,,BAJO,B,28047,Madrid,VT-10641
Viviendas De Uso Turistico,Sin Categoria,"Claudio Coello, 83, 1, Esc. 1, Centro",Calle,De Claudio Coello,83,,,1,1,CENTRO,,Madrid,VT-11186
Viviendas De Uso Turistico,Sin Categoria,"Jesús Y María, 3 Y 5, 2-1",Calle,De Jesús Y María,3-5,,,,2,1,28012,Madrid,VT-11187
Viviendas De Uso Turistico,Sin Categoria,"Paseo Del Prado, 44, 2 Ext. Izq.",Paseo,Del Prado,44,,,Ext.,2,IZQ,28014,Madrid,VT-11188
Viviendas De Uso Turistico,Sin Categoria,"Barco, 8",Calle,Del Barco,8,,,,6,1,28004,Madrid,VT-11190
Viviendas De Uso Turistico,Sin Categoria,"Sánchez Preciado, 9, 1-4",Calle,De Sánchez Preciado,9,,,,1,4,28039,Madrid,VT-11192
Viviendas De Uso Turistico,Sin Categoria,"Fe, 14, Bajo Izq. B",Calle,De La Fe,14,,,,BAJO,IZQ B,28012,Madrid,VT-11193
Viviendas De Uso Turistico,Sin Categoria,"Infanta María, 7, 1-3",Calle,De La Infanta María,7,,,,1,3,28050,Madrid,VT-11194
Viviendas De Uso Turistico,Sin Categoria,"Apodaca, 7, Bajo Dcha.",Calle,De Apodaca,7,,,,Bajo,DCHA,28004,Madrid,VT-11195
Viviendas De Uso Turistico,Sin Categoria,"Corredera Baja De S Pablo, 4, Ptal C, 1 Izq.",Calle,De La Corredera Baja De San Pablo,4,,C,,1,IZQ,28004,Madrid,VT-11196
Viviendas De Uso Turistico,Sin Categoria,"Duque De Osuna, 4 Bis, 1c",Calle,Del Duque De Osuna,4 BIS,,,,1,C,28015,Madrid,VT-11197
Viviendas De Uso Turistico,Sin Categoria,"Alfonso Xii, 17, Bajo Centro",Calle,De Alfonso Xii,17,,,,BAJO,CENTRO,28014,Madrid,VT-11198
Viviendas De Uso Turistico,Sin Categoria,"D. Ramón De La Cruz, 20, 6 Izq.",Calle,De Don Ramón De La Cruz,20,,,,6,IZQ,,Madrid,VT-11199
Viviendas De Uso Turistico,Sin Categoria,"Españoleto, 9 3º D",Calle,Del Españoleto,9,,,,3,D,28010,Madrid,VT-11200
Viviendas De Uso Turistico,Sin Categoria,"Santiago, 14 4º Dcha.",Calle,De Santiago,14,,,,4,DCHA,28013,Madrid,VT-11201
Viviendas De Uso Turistico,Sin Categoria,"Conde De Los Gaitanes, 13",Paseo,Del Conde De Los Gaitanes,13,,,,,,28109,Alcobendas,VT-11202
Viviendas De Uso Turistico,Sin Categoria,"Breton De Los Herreros, 5 1º Esc. 2",Calle,De Bretón De Los Herreros,5,,,2,1,D,28003,Madrid,VT-11203
Viviendas De Uso Turistico,Sin Categoria,"Academia, 10 2º",Calle,De La Academia,10,,,,2,,28014,Madrid,VT-11204
Viviendas De Uso Turistico,Sin Categoria,"Santa Teresa, 12, 5 Dcha.",Calle,De Santa Teresa,12,,,,5,DCHA,28004,Madrid,VT-11207
Viviendas De Uso Turistico,Sin Categoria,"Santa Teresa, 12, 5 Centro Dcha.",Calle,De Santa Teresa,12,,,,5,CTRO D,28004,Madrid,VT-11208
Viviendas De Uso Turistico,Sin Categoria,"Apodaca, 10, 2 Izq.",Calle,De Apodaca,10,,,,2,IZQ,28004,Madrid,VT-11209
Viviendas De Uso Turistico,Sin Categoria,"General Pardiñas, 27, 5c",Calle,Del General Pardiñas,27,,,,5,C,28001,Madrid,VT-11210
Viviendas De Uso Turistico,Sin Categoria,"Fuencarral, 5, 2 Izq.",Calle,De Fuencarral,5,,,,2,IZQ,28004,Madrid,VT-11211
Viviendas De Uso Turistico,Sin Categoria,"Ronda De Segovia, 4 Bis, Bajo B",Ronda,De Segovia,4 BIS,,,,BAJO,B,28005,Madrid,VT-11212
Viviendas De Uso Turistico,Sin Categoria,"Luis Vélez De Guevara, 9, 4, Esc.2, Pta.10",Calle,De Luis Vélez De Guevara,9,,,2,4,10,28012,Madrid,VT-11213
Viviendas De Uso Turistico,Sin Categoria,"Travesía De La Comadre, 5",Travesia,De La Comadre,5,,,,,,28012,Madrid,VT-11214
Viviendas De Uso Turistico,Sin Categoria,"Camino Nuevo, 11, 1b",Calle,Del Camino Nuevo,11,,,,1,B,28109,Alcobendas,VT-11220
Viviendas De Uso Turistico,Sin Categoria,"Cervantes, 21, 1-1-2",Plaza,Cervantes,21,,,1,1,2,28801,Alcalá De Henares,VT-11221
Viviendas De Uso Turistico,Sin Categoria,"Cervantes, 21, 2-1-3",Plaza,Cervantes,21,,,1,2,3,28801,Alcalá De Henares,VT-11222
Viviendas De Uso Turistico,Sin Categoria,"Principe De Vergara, 3-1º Pta. 6",Calle,Del Príncipe De Vergara,3,,,,1,PTA. 6,,Madrid,VT-11910
Viviendas De Uso Turistico,Sin Categoria,"Ballesta, 26-2º Pta. 3",Calle,De La Ballesta,26,,,,2,PTA. 3,28004,Madrid,VT-11912
Viviendas De Uso Turistico,Sin Categoria,"Bailen, 7-3º Pta. Izq.",Calle,De Bailén,7,,,,3,PTA.IZ,,Madrid,VT-11913
Viviendas De Uso Turistico,Sin Categoria,"Relatores, 8 Bajo A",Calle,De Relatores,8,,,,BAJO,A,28012,Madrid,VT-11932
Viviendas De Uso Turistico,Sin Categoria,"Baracaldo, 3, Bajo A",Calle,De Baracaldo,3,,,,BAJO,A,28029,Madrid,VT-10084
Viviendas De Uso Turistico,Sin Categoria,"Baracaldo, 3, 1a",Calle,De Baracaldo,3,,,,1,A,28029,Madrid,VT-10085
Viviendas De Uso Turistico,Sin Categoria,"Baracaldo, 3, 1b",Calle,De Baracaldo,3,,,,1,B,28029,Madrid,VT-10086
Viviendas De Uso Turistico,Sin Categoria,"Baracaldo, 3, 2a",Calle,De Baracaldo,3,,,,2,A,28029,Madrid,VT-10087
Viviendas De Uso Turistico,Sin Categoria,"Baracaldo, 3, 2b",Calle,De Baracaldo,3,,,,2,B,28029,Madrid,VT-10088
Viviendas De Uso Turistico,Sin Categoria,"Caramuel, 38, 1a",Calle,De Caramuel,38,,,,1,A,,Madrid,VT-10090
Viviendas De Uso Turistico,Sin Categoria,"Monteleón, 9, 5º E",Calle,De Monteleón,9,,,,5,INT. E,,Madrid,VT-10091
Viviendas De Uso Turistico,Sin Categoria,"Velarde, 1 (portal 14), 3 Int. Izq.",Calle,De Velarde,1,,,,3,INT. I,28004,Madrid,VT-10093
Viviendas De Uso Turistico,Sin Categoria,"Agustín Durán, 21, Bajo B",Calle,De Agustín Durán,21,,,,BAJO,B,28028,Madrid,VT-10095
Viviendas De Uso Turistico,Sin Categoria,"Limón, 7, 2-2",Calle,Del Limón,7,,,,2,PTA. 2,28015,Madrid,VT-10096
Viviendas De Uso Turistico,Sin Categoria,"Océano Atlántico, 6, P1, 4-a-a",Calle,Océano Atlántico,6,,,,ESC.-A,A,28821,Coslada,VT-10097
Viviendas De Uso Turistico,Sin Categoria,"Almirante, 20, 5d",Calle,Del Almirante,20,,,,5,D,28004,Madrid,VT-10100
Viviendas De Uso Turistico,Sin Categoria,"Arquitectura, 4, 3a",Calle,De La Arquitectura,4,,,,3,A,28005,Madrid,VT-10101
Viviendas De Uso Turistico,Sin Categoria,"Hermosilla, 70, 6 C",Calle,De Hermosilla,70,,,,6,C,,Madrid,VT-10102
Viviendas De Uso Turistico,Sin Categoria,"San Cosme Y San Damián, 9, Bajo D",Calle,De San Cosme Y San Damián,9,,,,BAJO,D,28012,Madrid,VT-10103
Viviendas De Uso Turistico,Sin Categoria,"Salitre, 42, Bajo",Calle,De Salitre,42,,,,BAJO,,28012,Madrid,VT-10105
Viviendas De Uso Turistico,Sin Categoria,"Alamillo Alto, 27, 2a",Calle,Del Alamillo Alto,27,,,,2,A,28370,Chinchón,VT-10107
Viviendas De Uso Turistico,Sin Categoria,"Castillo, 62",Calle,Mayor Alta,153,,,,,,28540,Perales De Tajuña,VT-10108
Viviendas De Uso Turistico,Sin Categoria,"Peña De Francia, 2, 2a",Calle,De Peña De Francia,2,,,,2,A,28005,Madrid,VT-10110
Viviendas De Uso Turistico,Sin Categoria,"Cebollita, 1",Calle,De La Cebollita,1,,,,,,28470,Cercedilla,VT-10111
Viviendas De Uso Turistico,Sin Categoria,"Cruz, 10, 5-6",Calle,De La Cruz,10,,,,5,PTA. 6,28012,Madrid,VT-10112
Viviendas De Uso Turistico,Sin Categoria,"Manuela Malasaña, 19, 2 Ext. Izq.",Calle,De Manuela Malasaña,19,,,,2,EXT. I,28004,Madrid,VT-10113
Viviendas De Uso Turistico,Sin Categoria,"Teruel, 37, 2c",Calle,De Teruel,37,,,,2,C,28020,Madrid,VT-10114
Viviendas De Uso Turistico,Sin Categoria,"Doctor Fourquet, 14 Bajo D",Calle,Del Doctor Fourquet,14,,,,BAJO,D,28012,Madrid,VT-10116
Viviendas De Uso Turistico,Sin Categoria,"Belfast, 13, Portal 2, 4 J",Calle,De Belfast,13,,,,4,J,28022,Madrid,VT-10117
Viviendas De Uso Turistico,Sin Categoria,"Pza Pedro Zerolo, 2, Pta. 7",Plaza,De Pedro Zerolo,2,,,,2,PTA. 7,28004,Madrid,VT-10118
Viviendas De Uso Turistico,Sin Categoria,Fuentelviejo 33c,Calle,De Fuentelviejo,33,,,,,C,28022,Madrid,VT-10120
Viviendas De Uso Turistico,Sin Categoria,"Prado Alto, 5",Calle,Del Prado Alto,5,,,,,,28470,Cercedilla,VT-10684
Viviendas De Uso Turistico,Sin Categoria,"Marqués De Lema, 7, 6-601",Calle,Del Marqués De Lema,7,,,,6,601,28003,Madrid,VT-11224
Viviendas De Uso Turistico,Sin Categoria,"Santa Cruz De Marcenado, 22, 4, Esc. 3 B",Calle,De Santa Cruz De Marcenado,22,,,3,4,B,28015,Madrid,VT-11226
Viviendas De Uso Turistico,Sin Categoria,"San Vicente Ferrer, 72, Bajo 5",Calle,De San Vicente Ferrer,72,,,,BAJO,5,28015,Madrid,VT-11227
Viviendas De Uso Turistico,Sin Categoria,"General Lacy, 34, 1-2",Calle,Del General Lacy,34,,,,1,2,28045,Madrid,VT-11228
Viviendas De Uso Turistico,Sin Categoria,"Doctor Castelo, 30, 2a",Calle,Del Doctor Castelo,30,,,,2,A,28009,Madrid,VT-11229
Viviendas De Uso Turistico,Sin Categoria,"Travesia Cabestreros, 9, Bajo 1",Calle,De Los Cabestreros,9,,,,BAJO,1,28012,Madrid,VT-11230
Viviendas De Uso Turistico,Sin Categoria,"Cartagena, 16, 6c",Calle,De Cartagena,16,,,,6,C,28028,Madrid,VT-11231
Viviendas De Uso Turistico,Sin Categoria,"General Vara Del Rey, 12, 5a",Plaza,Del General Vara De Rey,12,,,,5,A,28005,Madrid,VT-11234
Viviendas De Uso Turistico,Sin Categoria,"Valenzuela, 6, 4 Dcha.",Calle,De Valenzuela,6,,,,4,DCHA,28014,Madrid,VT-11238
Viviendas De Uso Turistico,Sin Categoria,"Bravo Murillo, 362, 6a",Calle,De Bravo Murillo,362,,,,6,A,28020,Madrid,VT-11239
Viviendas De Uso Turistico,Sin Categoria,"Modesto Alonso, 23, 1b",Calle,De Modesto Alonso,23,,,,1,B,28038,Madrid,VT-11240
Viviendas De Uso Turistico,Sin Categoria,"Paseo Delicias, 33, 4-3",Paseo,De Las Delicias,33,,,,4,3,28045,Madrid,VT-11242
Viviendas De Uso Turistico,Sin Categoria,"Av Peña Prieta, 12, 4 Izq.",Avenida,De Peña Prieta,12,,,IZQ.,4,,28038,Madrid,VT-11243
Viviendas De Uso Turistico,Sin Categoria,"Florencio Llorente, 21, 2",Calle,De Florencio Llorente,21,,,,2,,28027,Madrid,VT-11247
Viviendas De Uso Turistico,Sin Categoria,"Velarde, 6-1º Pta. 1",Calle,De Velarde,6,,,,1,PTA. 1,28004,Madrid,VT-11751
Viviendas De Uso Turistico,Sin Categoria,"Rafael De Riego, 10-1º F",Calle,De Rafael De Riego,10,,,,1,F,28045,Madrid,VT-11752
Viviendas De Uso Turistico,Sin Categoria,"Bailen, 11-5º Esc. Ext. Pta. Dcha.",Calle,De Bailén,11,,,,ESC.EX,PTA. D,,Madrid,VT-11753
Viviendas De Uso Turistico,Sin Categoria,"Juanelo, 23 Bajo Esc. B Pta. Izq.",Calle,De Juanelo,23,,,,"ESC.B,",PTA. I,28012,Madrid,VT-11754
Viviendas De Uso Turistico,Sin Categoria,"Almendro,3-3º Esc. Dcha. B",Calle,Del Almendro,3,,,,ESC.DC,B,28005,Madrid,VT-11755
Viviendas De Uso Turistico,Sin Categoria,"Avda. Burgos, 38 Bajo A",Avenida,De Burgos,38,,,,BAJO,A,,Madrid,VT-11756
Viviendas De Uso Turistico,Sin Categoria,"Breton De Los Herreros,  57-4º Esc. Izq. E",Calle,De Bretón De Los Herreros,57,,,,ESC.IZ,E,28003,Madrid,VT-11757
Viviendas De Uso Turistico,Sin Categoria,"Puenteareas, 5 Bajo Nº 3",Calle,De Ponteáreas,5,,,,BAJO,Nº 3,28002,Madrid,VT-11758
Viviendas De Uso Turistico,Sin Categoria,"Ciudad De Barcelona, 15, 5 Dcha.",Avenida,De La Ciudad De Barcelona,15,,,,5,DCHA,28007,Madrid,VT-10121
Viviendas De Uso Turistico,Sin Categoria,"Dos Hermanas, 5-2º Ext.",Calle,De Dos Hermanas,5,,,,2,EXT,28012,Madrid,VT-10122
Viviendas De Uso Turistico,Sin Categoria,Ran Levy,Calle,Del Arrozal,7,,,,BAJO,IZQ,28037,Madrid,VT-10123
Viviendas De Uso Turistico,Sin Categoria,"Molinos, 8-2º D",Calle,De Los Molinos,8,,,,2,D,28039,Madrid,VT-10124
Viviendas De Uso Turistico,Sin Categoria,"Amparo, 98, 4º Ext Dcha.",Calle,Del Amparo,98,,,,4,EXT. D,28012,Madrid,VT-10126
Viviendas De Uso Turistico,Sin Categoria,"Travesía Cabestreros, 9, 1-1",Travesia,De Los Cabestreros,9,,,,1,PTA. 1,28012,Madrid,VT-10127
Viviendas De Uso Turistico,Sin Categoria,"Princesa Doña Sofía, 1, 2, Esc. Dcha, D",Calle,De La Princesa Doña Sofía,1,,,DCHA.,2,D,28924,Alcorcón,VT-10128
Viviendas De Uso Turistico,Sin Categoria,"Barcelona, 12, 3a",Calle,De Barcelona,12,,,,3,A,28012,Madrid,VT-10129
Viviendas De Uso Turistico,Sin Categoria,"Barcelona, 12, 3b",Calle,De Barcelona,12,,,,3,B,28012,Madrid,VT-10130
Viviendas De Uso Turistico,Sin Categoria,"Huertas, 14, 4 Ext. Izq.",Calle,De Las Huertas,14,,,EXT,4,IZQ,,Madrid,VT-10131
Viviendas De Uso Turistico,Sin Categoria,"Mayor, 1, 4-24",Calle,Mayor,1,,,,4,PTA. 2,28013,Madrid,VT-10132
Viviendas De Uso Turistico,Sin Categoria,"Cedros, 42, 1a",Calle,De Los Cedros,42,,,,1,A,28029,Madrid,VT-10133
Viviendas De Uso Turistico,Sin Categoria,"Anastasio Aroca, 12, Bajo A",Calle,De Anastasio Aroca,12,,,,BAJO,A,28002,Madrid,VT-10134
Viviendas De Uso Turistico,Sin Categoria,"Luisa Fernanda, 11, Bajo C Izq.",Calle,De Luisa Fernanda,11,,,,BAJO,IZQ C,28008,Madrid,VT-10135
Viviendas De Uso Turistico,Sin Categoria,"Luis Vélez De Guevara, 6, 1b",Calle,De Luis Vélez De Guevara,6,,,,1,B,28012,Madrid,VT-10136
Viviendas De Uso Turistico,Sin Categoria,"Ocho, 119",Calle,,119,,,,,,,Villar Del Olmo,VT-10138
Viviendas De Uso Turistico,Sin Categoria,"Pedro Zerolo, 4, 1 A",Plaza,De Pedro Zerolo,4,,,,1,A,28004,Madrid,VT-10145
Viviendas De Uso Turistico,Sin Categoria,"Hortaleza, 22, 1 Izq.",Calle,De Hortaleza,22,,,,1,IZQ,28004,Madrid,VT-10146
Viviendas De Uso Turistico,Sin Categoria,"Hortaleza, 22, 2 Izq.",Calle,De Hortaleza,22,,,,2,IZQ,28004,Madrid,VT-10147
Viviendas De Uso Turistico,Sin Categoria,"Embajadores, 158, 2, Esc. 1, Pta. 2",Calle,De Los Embajadores,158,,,,ESC.-1,PTA. 2,,Madrid,VT-10151
Viviendas De Uso Turistico,Sin Categoria,"Toledo, 5, 6 Pta. 1",Calle,De Toledo,5,,,,6,PTA. 1,28005,Madrid,VT-10152
Viviendas De Uso Turistico,Sin Categoria,"Juan Pascual, 4, 1b",Calle,De Juan Pascual,4,,,,1,B,28017,Madrid,VT-10153
Viviendas De Uso Turistico,Sin Categoria,"Luisa Fernanda, 9, 2 Int. B",Calle,De Luisa Fernanda,9,,,,2,INT. B,28008,Madrid,VT-10154
Viviendas De Uso Turistico,Sin Categoria,"Tres Peces, 18, 1 Int. Izq.",Calle,De Los Tres Peces,18,,,,1,INT. I,28012,Madrid,VT-10156
Viviendas De Uso Turistico,Sin Categoria,"Pza Oriente, 7, Sótano 1",Plaza,De Oriente,7,,,,SÓTANO,PTA. 1,28013,Madrid,VT-10157
Viviendas De Uso Turistico,Sin Categoria,"Divino Pastor, 22, Bajo Centro",Calle,Del Divino Pastor,22,,,,BAJO,CENTRO,28004,Madrid,VT-10158
Viviendas De Uso Turistico,Sin Categoria,"María De Guzmán, 24, 6 Int. E",Calle,De María De Guzmán,24,,,,6,INT. E,28003,Madrid,VT-10159
Viviendas De Uso Turistico,Sin Categoria,"Nicolasa Gómez, 105, Bajo Izq.",Calle,De Nicolasa Gómez,105,,,,BAJO,IZQ,28022,Madrid,VT-10693
Viviendas De Uso Turistico,Sin Categoria,"Fuente Del Berro, 10, 3d",Calle,De La Fuente Del Berro,10,,,,3,D,28009,Madrid,VT-10706
Viviendas De Uso Turistico,Sin Categoria,"Rey Francisco, 22, 3b",Calle,Del Rey Francisco,22,,,,3,B,28008,Madrid,VT-10707
Viviendas De Uso Turistico,Sin Categoria,"Marqués De La Ensenada, 16, 8-827",Calle,Del Marqués De La Ensenada,16,,,,8,827,28004,Madrid,VT-10710
Viviendas De Uso Turistico,Sin Categoria,"Puerta De Moros, 8, 1 Izq.",Plaza,De Puerta De Moros,8,,,,1,IZQ,28005,Madrid,VT-10712
Viviendas De Uso Turistico,Sin Categoria,"Paseo Extremadura, 73, 2 Izq.",Paseo,De Extremadura,73,,,,2,IZQ,,Madrid,VT-11268
Viviendas De Uso Turistico,Sin Categoria,"Pradoluengo, 243, P3, Bajo B",Calle,De Pradoluengo,243,,,,BAJO,B,28042,Madrid,VT-11269
Viviendas De Uso Turistico,Sin Categoria,"Segovia, 51, 4-1",Calle,De Segovia,51,,,,4,1,28005,Madrid,VT-11270
Viviendas De Uso Turistico,Sin Categoria,"Ayala, 152, 4a",Calle,De Ayala,152,,,,4,A,28009,Madrid,VT-11272
Viviendas De Uso Turistico,Sin Categoria,"Ave María, 237, 3, Esc. 1, Dcha. Ext.",Calle,De Ave María,27,,,1,3,DC.EXT,28012,Madrid,VT-11273
Viviendas De Uso Turistico,Sin Categoria,"Salitre, 54, Bajo 3",Calle,De Salitre,54,,,,BAJO,3,28012,Madrid,VT-11279
Viviendas De Uso Turistico,Sin Categoria,"Olivar, 44, Bajo Int. Izq.",Calle,Del Olivar,44,,,Int.,BAJO,IZQ,28012,Madrid,VT-11280
Viviendas De Uso Turistico,Sin Categoria,"Amparo, 98, Bajo 4",Calle,Del Amparo,98,,,,BAJO,4,28012,Madrid,VT-11281
Viviendas De Uso Turistico,Sin Categoria,"Pilar De Zaragoza, 50, Sótano Izq.",Calle,De Pilar De Zaragoza,50,,,,SÓTANO,IZQ,28028,Madrid,VT-11282
Viviendas De Uso Turistico,Sin Categoria,"Cuesta De Santo Domingo, 22, 1 D",Cuesta,De Santo Domingo,22,,,,1,D,28013,Madrid,VT-11283
Viviendas De Uso Turistico,Sin Categoria,"Palma, 43, 1 Int. 2",Calle,De La Palma,43,,,Int.,1,2,28004,Madrid,VT-11284
Viviendas De Uso Turistico,Sin Categoria,"Echegaray, 10, 3 Int. Izq.",Calle,De Echegaray,10,,,Int.,3,IZQ,28014,Madrid,VT-11285
Viviendas De Uso Turistico,Sin Categoria,"Travesía Almendro, 5, Bajo A",Travesia,Del Almendro,5,,,,BAJO,A,28005,Madrid,VT-11286
Viviendas De Uso Turistico,Sin Categoria,"Humilladero, 12, 1 Ext. D",Calle,Del Humilladero,12,,,Ext.,1,D,28005,Madrid,VT-11287
Viviendas De Uso Turistico,Sin Categoria,"Fernández De La Hoz, 56, 1d",Calle,De Fernández De La Hoz,56,,,,1,D,28010,Madrid,VT-11289
Viviendas De Uso Turistico,Sin Categoria,"Hermosilla, 133, 1b",Calle,De Hermosilla,133,,,,1,B,28009,Madrid,VT-11290
Viviendas De Uso Turistico,Sin Categoria,"Orense, 69, 4-435",Calle,De Orense,69,,,,4,435,28020,Madrid,VT-11291
Viviendas De Uso Turistico,Sin Categoria,"Padre Rubio, 46, Bajo",Calle,Del Padre Rubio,46,,,,BAJO,,28029,Madrid,VT-11293
Viviendas De Uso Turistico,Sin Categoria,"Oquendo, 16",Calle,De Oquendo,16,,,,,,28006,Madrid,VT-11295
Viviendas De Uso Turistico,Sin Categoria,"Alcalde López Casero, 14, 4d",Calle,Del Alcalde López Casero,14,,,,4,D,28027,Madrid,VT-10160
Viviendas De Uso Turistico,Sin Categoria,"Ciudad Rodrigo, 6, 4 Dcha.",Calle,De Ciudad Rodrigo,6,,,,4,DCHA,28012,Madrid,VT-10161
Viviendas De Uso Turistico,Sin Categoria,"Ribera De Curtidores, 29, Bajo Esc. 1 Pta. 1",Calle,De La Ribera De Curtidores,29,,,,"ESC.1,",PTA. 1,28005,Madrid,VT-10162
Viviendas De Uso Turistico,Sin Categoria,"Anastasio Aroca, 12, Bajo A",Calle,De Anastasio Aroca,12,,,,BAJO,A,28002,Madrid,VT-10164
Viviendas De Uso Turistico,Sin Categoria,"San Vicente Ferrer, 7, Bajo Dcha.",Calle,De San Vicente Ferrer,7,,,,BAJO,DCHA,,Madrid,VT-10168
Viviendas De Uso Turistico,Sin Categoria,"Villalar, 3-5 Bajo Pta. 1",Calle,De Villalar,3-5,,,,BAJO,1,28001,Madrid,VT-10170
Viviendas De Uso Turistico,Sin Categoria,"Villalar, 3-5 Bajo Pta. 2",Calle,De Villalar,3-5,,,,BAJO,2,28001,Madrid,VT-10171
Viviendas De Uso Turistico,Sin Categoria,"Villalar, 3-5",Calle,De Villalar,3-5,,,,BAJO,3,28001,Madrid,VT-10172
Viviendas De Uso Turistico,Sin Categoria,"Villalar, 3-5  Bajo Pta. 4",Calle,De Villalar,3-5,,,,BAJO,4,28001,Madrid,VT-10173
Viviendas De Uso Turistico,Sin Categoria,"Miguel De Cervantes, 15, Bajo",Calle,De Miguel De Cervantes,15,,,,BAJO,,28294,Robledo De Chavela,VT-10177
Viviendas De Uso Turistico,Sin Categoria,"Rufino Blanco, 31, 4c",Calle,De Rufino Blanco,31,,,,4,C,28028,Madrid,VT-10178
Viviendas De Uso Turistico,Sin Categoria,"Vallehermoso, 50, 5a",Calle,De Vallehermoso,50,,,,5,A,,Madrid,VT-10179
Viviendas De Uso Turistico,Sin Categoria,"Palma, 70, 1, 1-1",Calle,De La Palma,70,,,,ESC.-1,PTA. 1,,Madrid,VT-10182
Viviendas De Uso Turistico,Sin Categoria,"Apodaca, 6, 1 Dcha.",Calle,De Apodaca,6,,,,1,DCHA,28004,Madrid,VT-10183
Viviendas De Uso Turistico,Sin Categoria,"General Pardiñas, 43, 4c",Calle,Del General Pardiñas,43,,,,4,C,,Madrid,VT-10187
Viviendas De Uso Turistico,Sin Categoria,"Fernan Gonzalez, 64 1º Izda.",Calle,De Fernán González,64,,,,1,IZQ,28009,Madrid,VT-10189
Viviendas De Uso Turistico,Sin Categoria,"Desengaño, 10, 1 A2",Calle,Del Desengaño,10,,,,1,A2,28004,Madrid,VT-10190
Viviendas De Uso Turistico,Sin Categoria,"Lavapiés, 29, 1-3",Calle,De Lavapiés,29,,,,1,PTA. 3,28012,Madrid,VT-10191
Viviendas De Uso Turistico,Sin Categoria,"Huertas, 14, 4 Ext. A",Calle,De Las Huertas,14,,,,4,EXT. A,,Madrid,VT-10192
Viviendas De Uso Turistico,Sin Categoria,"Mesón De Paredes, 90, 00, Int. Dcha.",Calle,Del Mesón De Paredes,90,,,,0,INT.DC,28012,Madrid,VT-10726
Viviendas De Uso Turistico,Sin Categoria,"Galería Robles, 5, Bajo, Int. Dcha.",Calle,De La Galería De Robles,5,,,,BAJO,INT.DC,28004,Madrid,VT-10745
Viviendas De Uso Turistico,Sin Categoria,"Doctor Piga, 10 3º C",Calle,Del Doctor Piga,10,,,,3,C,28012,Madrid,VT-10750
Viviendas De Uso Turistico,Sin Categoria,"Corredera Alta San Pablo, 23-2º",Calle,De La Corredera Alta De San Pablo,23,,,,2,,28004,Madrid,VT-10756
Viviendas De Uso Turistico,Sin Categoria,"Zurita, 19, Bajo Izq.",Calle,De Zurita,19,,,,BAJO,IZQ,28012,Madrid,VT-11298
Viviendas De Uso Turistico,Sin Categoria,"San Juan De La Cruz, 4, Bajo",Plaza,De San Juan De La Cruz,4,,,,BAJO,,28003,Madrid,VT-11301
Viviendas De Uso Turistico,Sin Categoria,"Doctor Fourquet, 9, 4 A",Calle,Del Doctor Fourquet,9,,,,4,A,28012,Madrid,VT-11302
Viviendas De Uso Turistico,Sin Categoria,"Madera, 3 Bajo Dcha.",Calle,De La Madera,3,,,,BAJO,DCHA,28004,Madrid,VT-11303
Viviendas De Uso Turistico,Sin Categoria,"Ofelia Nieto, 3, Bajo C",Calle,De Ofelia Nieto,3,,,,BAJO,C,28039,Madrid,VT-11304
Viviendas De Uso Turistico,Sin Categoria,"Ofelia Nieto, 3, 3d",Calle,De Ofelia Nieto,3,,,,3,D,28039,Madrid,VT-11305
Viviendas De Uso Turistico,Sin Categoria,"Ofelia Nieto, 3, 4 A",Calle,De Ofelia Nieto,3,,,,4,A,28039,Madrid,VT-11306
Viviendas De Uso Turistico,Sin Categoria,"Buenavista, 14, 1-2",Calle,De Buenavista,14,,,,1,2,28012,Madrid,VT-11307
Viviendas De Uso Turistico,Sin Categoria,"Lavapiés, 35, Bajo 5",Calle,De Lavapiés,35,,,,BAJO,5,28012,Madrid,VT-11309
Viviendas De Uso Turistico,Sin Categoria,"Travesía De Fresnedillas, 18",Travesia,De Fresnedillas,18,,,,,,28294,Robledo De Chavela,VT-11311
Viviendas De Uso Turistico,Sin Categoria,"Doctor Fourquet, 37, 2 Dcha.",Calle,Del Doctor Fourquet,37,,,,2,DCHA,28012,Madrid,VT-11312
Viviendas De Uso Turistico,Sin Categoria,"San Marcos, 12, 1 D",Calle,De San Marcos,12,,,,1,D,28004,Madrid,VT-11313
Viviendas De Uso Turistico,Sin Categoria,"Santa Isabel, 21, 4a",Calle,De Santa Isabel,21,,,,4,A,28012,Madrid,VT-11314
Viviendas De Uso Turistico,Sin Categoria,"Vizcaya, 1 2º C",Calle,De Vizcaya,1,,,,2,C,28045,Madrid,VT-11315
Viviendas De Uso Turistico,Sin Categoria,"Cenicero, 6 Bajo B",Calle,Del Cenicero,6,,,,BAJO,B,28014,Madrid,VT-11317
Viviendas De Uso Turistico,Sin Categoria,"Pelayo, 4 2º Izq.",Calle,De Pelayo,4,,,,2,IZQ,28004,Madrid,VT-11321
Viviendas De Uso Turistico,Sin Categoria,"Ermitaños, 3",Camino,De Los Ermitaños,3,,,,,,28293,Zarzalejo,VT-11322
Viviendas De Uso Turistico,Sin Categoria,"Barco, 27 Bajo Esc. 1 Yd",Calle,Del Barco,27,,,1,BAJO,YD,28004,Madrid,VT-11323
Viviendas De Uso Turistico,Sin Categoria,"Salitre, 22 Bajo 1",Calle,De Salitre,22,,,,BAJO,1,28012,Madrid,VT-11324
Viviendas De Uso Turistico,Sin Categoria,"Doctor Castelo, 10 Bis 1º H",Calle,Del Doctor Castelo,10,,BIS,,1,H,28009,Madrid,VT-11325
Viviendas De Uso Turistico,Sin Categoria,"Libertad, 15 Bajo",Calle,De La Libertad,15,,,,Bajo,A,28004,Madrid,VT-11326
Viviendas De Uso Turistico,Sin Categoria,"Doctor Castelo, 24 4º C",Calle,Del Doctor Castelo,24,,,,4,C,28009,Madrid,VT-11327
Viviendas De Uso Turistico,Sin Categoria,"Cruz, 37 1º Izda.",Calle,De La Cruz,37,,,,1,IZQ,28012,Madrid,VT-11328
Viviendas De Uso Turistico,Sin Categoria,"Geranios, 1",Calle,De Los Geranios,1,,,,,,28770,Colmenar Viejo,VT-11329
Viviendas De Uso Turistico,Sin Categoria,"Ampelido, 19 Portal B 3º B",Calle,De Ampelido,19,,B,,3,B,28011,Madrid,VT-11330
Viviendas De Uso Turistico,Sin Categoria,"Pelayo, 11 2º Izq.",Calle,De Pelayo,11,,,Izq.,2,,28004,Madrid,VT-11331
Viviendas De Uso Turistico,Sin Categoria,"Cadarso, 12 3º A",Calle,De Cadarso,12,,,,3,A,28008,Madrid,VT-11332
Viviendas De Uso Turistico,Sin Categoria,"Manuela Malasaña, 18, Esc. 1, Bajo 3",Calle,De Manuela Malasaña,18,,,,ESC.1,3,28004,Madrid,VT-11843
Viviendas De Uso Turistico,Sin Categoria,"Manuela Malasaña, 18, Esc. 1, Bajo 4",Calle,De Manuela Malasaña,18,,,,ESC.1,4,28004,Madrid,VT-11844
Viviendas De Uso Turistico,Sin Categoria,"Almadén, 4, 1 Dcha.",Calle,De Almadén,4,,,,1,DCHA,28014,Madrid,VT-10199
Viviendas De Uso Turistico,Sin Categoria,"San Isidro Labrador, 4 Bajo Dcha. Interior",Calle,De San Isidro Labrador,4,,,,BAJO,DCHA,28005,Madrid,VT-10201
Viviendas De Uso Turistico,Sin Categoria,"Orovilla, 39 1º Esc. 1 Pta. E",Avenida,Orovilla,39,,,,1,ESC 1,28041,Madrid,VT-10203
Viviendas De Uso Turistico,Sin Categoria,"Santa Engracia, 103 Bajo Pta. Izq.",Calle,De Santa Engracia,103,,,,BAJO,PTA. I,,Madrid,VT-10204
Viviendas De Uso Turistico,Sin Categoria,"Hilarión Eslava, 20-2º Esc. Int. Pta. C",Calle,De Hilarión Eslava,20,,,,ESC.-I,PTA. C,,Madrid,VT-10205
Viviendas De Uso Turistico,Sin Categoria,"Núñez De Balboa, 118, 4b",Calle,De Núñez De Balboa,118,,,,4,B,,Madrid,VT-10209
Viviendas De Uso Turistico,Sin Categoria,"Fernando González, 9, Bajo",Calle,De Fernando González,9,,,,BAJO,,28019,Madrid,VT-10214
Viviendas De Uso Turistico,Sin Categoria,"Cercas Del Rubio, 9, 1-1",Calle,Cercas Del Rubio,9,,,,1,PTA. 1,28411,Moralzarzal,VT-10215
Viviendas De Uso Turistico,Sin Categoria,"Santa Engrancia, 98, Bajo 1",Calle,De Santa Engracia,98,,,,BAJO,PTA. 1,,Madrid,VT-10220
Viviendas De Uso Turistico,Sin Categoria,"Paseo Del Arroyo, 34, Chalet 46",Paseo,Del Arroyo,34,,,,CHALET,,28935,Móstoles,VT-10221
Viviendas De Uso Turistico,Sin Categoria,"Enrique Velasco, 45, 3a",Calle,De Enrique Velasco,45,,,,3,A,28038,Madrid,VT-10223
Viviendas De Uso Turistico,Sin Categoria,"Plaza España, 10, 5 Izq.",Plaza,De España,10,,,,5,IZQ,,Madrid,VT-10224
Viviendas De Uso Turistico,Sin Categoria,"Alamo, 7-1º D",Calle,Del Álamo,7,,,,1,D,28015,Madrid,VT-10225
Viviendas De Uso Turistico,Sin Categoria,"Ballesta, 26-2º Pta. Dcha.",Calle,De La Ballesta,26,,,,2,PTA. D,28004,Madrid,VT-10226
Viviendas De Uso Turistico,Sin Categoria,"General Pardiñas, 12-3º Esc. Int. Pta.E",Calle,Del General Pardiñas,12,,,Int.,3,E,28001,Madrid,VT-10761
Viviendas De Uso Turistico,Sin Categoria,"Puebla, 15-3º Pta. 1",Calle,De La Puebla,15,,,,3,PTA. 1,28004,Madrid,VT-10764
Viviendas De Uso Turistico,Sin Categoria,"Prado, 16-6º Pta. 601",Calle,Del Prado,16,,,,6,601,28014,Madrid,VT-10769
Viviendas De Uso Turistico,Sin Categoria,"Prado, 16-6º Pta. 602",Paseo,Del Prado,16,,,,6,602,28014,Madrid,VT-10770
Viviendas De Uso Turistico,Sin Categoria,"Cava Baja, 15-4º D",Calle,De La Cava Baja,15,,,,4,D,28005,Madrid,VT-10772
Viviendas De Uso Turistico,Sin Categoria,"Modesto Alonso, 23, 2 A",Calle,De Modesto Alonso,23,,,,2,A,28038,Madrid,VT-10774
Viviendas De Uso Turistico,Sin Categoria,"Modesto Alonso, 23, 3 A",Calle,De Modesto Alonso,23,,,,3,A,28038,Madrid,VT-10776
Viviendas De Uso Turistico,Sin Categoria,"Modesto Alonso, 23, 3 B",Calle,De Modesto Alonso,23,,,,3,B,28038,Madrid,VT-10777
Viviendas De Uso Turistico,Sin Categoria,"Modesto Alonso, 23, 3 C",Calle,De Modesto Alonso,23,,,,3,C,28038,Madrid,VT-10778
Viviendas De Uso Turistico,Sin Categoria,"Modesto Alonso, 23, 4 A",Calle,De Modesto Alonso,23,,,,4,A,28038,Madrid,VT-10779
Viviendas De Uso Turistico,Sin Categoria,"Modesto Alonso, 23, 4 C",Calle,De Modesto Alonso,23,,,,4,C,28038,Madrid,VT-10781
Viviendas De Uso Turistico,Sin Categoria,"Valverde, 19, 1, I, Dcha.",Calle,De Valverde,19,,,I,1,DCHA,28004,Madrid,VT-10791
Viviendas De Uso Turistico,Sin Categoria,"Castello, 5 1º Int. F",Calle,De Castelló,5,,,Int.,1,F,,Madrid,VT-11333
Viviendas De Uso Turistico,Sin Categoria,"Juan De Urbieta, 4 2º Int. Pta. D",Calle,De Juan De Urbieta,4,,,Int.,2,D,28007,Madrid,VT-11334
Viviendas De Uso Turistico,Sin Categoria,"Ros De Olano, 2 6º D",Calle,De Ros De Olano,6,,,,6,D,28002,Madrid,VT-11337
Viviendas De Uso Turistico,Sin Categoria,"Claudio Coello, 135",Calle,De Claudio Coello,135,,,Int.,BAJO,,28006,Madrid,VT-11341
Viviendas De Uso Turistico,Sin Categoria,"Rollo, 5 4º D",Calle,Del Rollo,5,,,,4,D,28005,Madrid,VT-11343
Viviendas De Uso Turistico,Sin Categoria,"Lagasca, 67 2º A Pta. 12",Calle,De Lagasca,67,,,A,2,12,28001,Madrid,VT-11345
Viviendas De Uso Turistico,Sin Categoria,"Bravo Murillo, 165 6º B1",Calle,De Bravo Murillo,165,,,,6,B1,28020,Madrid,VT-11346
Viviendas De Uso Turistico,Sin Categoria,"Fuencarral, 141 6º A",Calle,De Fuencarral,141,,,,6,A,28010,Madrid,VT-11348
Viviendas De Uso Turistico,Sin Categoria,"Caravaca, 5 Bajo Pta. 1",Calle,De Caravaca,5,,,,BAJO,1,28012,Madrid,VT-11349
Viviendas De Uso Turistico,Sin Categoria,"Deposito, 9",Calle,Del Depósito,9,,,,,,28295,Valdemaqueda,VT-11350
Viviendas De Uso Turistico,Sin Categoria,"San Joaquin, 16 1º Esc. 3 Pta. A",Calle,De San Joaquín,16,,,3,1,A,28004,Madrid,VT-11351
Viviendas De Uso Turistico,Sin Categoria,"Biombo, 5 5º Pta. A",Plaza,Del Biombo,5,,,,5,A,28013,Madrid,VT-11352
Viviendas De Uso Turistico,Sin Categoria,"Ballesta, 26 3º Izda. Pta. 4",Calle,De La Ballesta,26,,,Izq.,3,4,28004,Madrid,VT-11353
Viviendas De Uso Turistico,Sin Categoria,"Molino De Viento 14, 3º 3",Calle,Del Molino De Viento,14,,,Izq.,3,3,28004,Madrid,VT-11354
Viviendas De Uso Turistico,Sin Categoria,"Santa Engracia, 128 2º A",Calle,De Santa Engracia,128,,,,2,A,28003,Madrid,VT-11356
Viviendas De Uso Turistico,Sin Categoria,"Pizarro, 14 5º Ext. Izda.",Calle,De Pizarro,14,,,Ext.,5,IZQ,28004,Madrid,VT-11357
Viviendas De Uso Turistico,Sin Categoria,"Naranjo, 16 Bajo",Calle,Del Naranjo,16,,,,BAJO,,28039,Madrid,VT-11360
Viviendas De Uso Turistico,Sin Categoria,"Prim, 15 5º Int. Izq.",Calle,De Prim,15,,,Int.,5,IZQ,28004,Madrid,VT-11361
Viviendas De Uso Turistico,Sin Categoria,"Huertas, 53",Calle,De Las Huertas,53,,,,1,1,28014,Madrid,VT-11362
Viviendas De Uso Turistico,Sin Categoria,"Huertas, 53 1º Pta. 2",Calle,De Las Huertas,53,,,,1,2,28014,Madrid,VT-11363
Viviendas De Uso Turistico,Sin Categoria,"Huertas, 53 1º 3",Calle,De Las Huertas,53,,,,1,3,28014,Madrid,VT-11364
Viviendas De Uso Turistico,Sin Categoria,"Madera, 32 1º Dcha.",Calle,De La Madera,32,,,,1,DCHA,28004,Madrid,VT-9685
Viviendas De Uso Turistico,Sin Categoria,"Preciados, 16 4º",Calle,De Preciados,16,,,,4,,28013,Madrid,VT-9688
Viviendas De Uso Turistico,Sin Categoria,"Juan De Austria, 7, 5, Dcha",Calle,De Juan De Austria,8,,,,5,DCHA,28010,Madrid,VT-9692
Viviendas De Uso Turistico,Sin Categoria,"Zurbano, 63, 2, B",Calle,De Zurbano,63,,,,2,B,,Madrid,VT-9693
Viviendas De Uso Turistico,Sin Categoria,"Ansar, 74, 1, A",Calle,Del Ansar,74,,,,1,A,28047,Madrid,VT-9694
Viviendas De Uso Turistico,Sin Categoria,"Segovia, 33 1º Izda",Ronda,De Segovia,33,,,,1,IZQ,28005,Madrid,VT-9695
Viviendas De Uso Turistico,Sin Categoria,"Velazquez, 112 Sm Y3",Calle,De Velázquez,112,,,,SM,Y3,,Madrid,VT-9696
Viviendas De Uso Turistico,Sin Categoria,"Plaza De Las Cortes, 4, 4 Int. Izqda",Plaza,De Las Cortes,4,,,,4-INT.,IZQDA,28014,Madrid,VT-9697
Viviendas De Uso Turistico,Sin Categoria,"Hermosilla, 86 6º E",Calle,De Hermosilla,86,,,,6,E,,Madrid,VT-9700
Viviendas De Uso Turistico,Sin Categoria,"Paseo Del Prado, 16, 7º Pta. 701",Paseo,Del Prado,16,,,,7,701,28014,Madrid,VT-9703
Viviendas De Uso Turistico,Sin Categoria,"Eloy Gonzalo, 21, Bajo F",Calle,De Eloy Gonzalo,21,,,,BAJO,F,28010,Madrid,VT-9706
Viviendas De Uso Turistico,Sin Categoria,"Fuencarral, 92 6º Dcha.",Calle,De Fuencarral,92,,,,6,DCHA,,Madrid,VT-9709
Viviendas De Uso Turistico,Sin Categoria,"Matute, 4 3º B",Plaza,De Matute,4,,,,3,B,28012,Madrid,VT-9712
Viviendas De Uso Turistico,Sin Categoria,"Naranjo, 16 2º B",Calle,Del Naranjo,16,,,,2,B,28039,Madrid,VT-9714
Viviendas De Uso Turistico,Sin Categoria,"Menorca, 6 4º Centro Izda.",Calle,De Menorca,6,,,,4,CENTRO,28009,Madrid,VT-9716
Viviendas De Uso Turistico,Sin Categoria,"Augusto Figueroa, 12, 1-1",Calle,De Augusto Figueroa,12,,,,1,PTA. 1,28004,Madrid,VT-10237
Viviendas De Uso Turistico,Sin Categoria,"Amparo, 9, 1 Int. Dcha.",Calle,Del Amparo,9,,,,1,INT D,28012,Madrid,VT-10238
Viviendas De Uso Turistico,Sin Categoria,"Cardenal Cisneros, 37, 2 Int. B",Calle,Del Cardenal Cisneros,37,,,,2,INT. B,28010,Madrid,VT-10239
Viviendas De Uso Turistico,Sin Categoria,"Pza Alamillo, 8, Entreplanta 1",Plaza,Del Alamillo,8,,,,ENTREP,IZQ,28005,Madrid,VT-10241
Viviendas De Uso Turistico,Sin Categoria,"Pontevedra, 875",Calle,Pontevedra,875,,,,,,28648,Cadalso De Los Vidrios,VT-10243
Viviendas De Uso Turistico,Sin Categoria,"Conde De Aranda, 17, 2a",Calle,Del Conde De Aranda,17,,,,2,A,28001,Madrid,VT-10244
Viviendas De Uso Turistico,Sin Categoria,"Alejandro Sánchez, 99, 1a",Calle,De Alejandro Sánchez,99,,,,1,A,28019,Madrid,VT-10245
Viviendas De Uso Turistico,Sin Categoria,"Fortuny, 47, 1º Pta-7",Calle,De Fortuny,47,,,,1,7,28010,Madrid,VT-10246
Viviendas De Uso Turistico,Sin Categoria,"Doctor Piga, 17, Bajo Int.",Calle,Del Doctor Piga,17,,,,BAJO,INT,28012,Madrid,VT-10247
Viviendas De Uso Turistico,Sin Categoria,"Moratín, 6, 4 Dcha.",Calle,De Moratín,6,,,,4,DCHA,28014,Madrid,VT-10248
Viviendas De Uso Turistico,Sin Categoria,"General Pardiñas, 42 7º Interior Pta. 5",Calle,Del General Pardiñas,42,,,,7-INTE,5,,Madrid,VT-10249
Viviendas De Uso Turistico,Sin Categoria,"Albarracin, 16 Bajo D",Calle,De Albarracín,16,,,,BAJO,D,28037,Madrid,VT-10250
Viviendas De Uso Turistico,Sin Categoria,"San Bartolome, 13 Portal D 3º  Pta. 1",Calle,De San Bartolomé,13,,,,3,1,28492,"Boalo, El",VT-10251
Viviendas De Uso Turistico,Sin Categoria,"Juanelo, 21, Esc. I, B",Calle,De Juanelo,21,,,,ESC.-I,B,28012,Madrid,VT-10252
Viviendas De Uso Turistico,Sin Categoria,"Bolívar, 4, 3, Esc. 1, 4",Calle,De Bolívar,4,,,,ESC.-1,PTA. 4,28045,Madrid,VT-10253
Viviendas De Uso Turistico,Sin Categoria,"Conde De Peñalver, 30, Sótano F",Calle,Del Conde De Peñalver,30,,,,SÓTANO,F,28006,Madrid,VT-10256
Viviendas De Uso Turistico,Sin Categoria,"Antonio López,58, 4b",Calle,De Antonio López,58,,,,4,B,,Madrid,VT-10257
Viviendas De Uso Turistico,Sin Categoria,"Hilaríon Eslava, 28 Bis, 2c",Calle,De Hilarión Eslava,28 BIS,,,,2,C,,Madrid,VT-10258
Viviendas De Uso Turistico,Sin Categoria,"Leon, 25 4º C",Calle,Del León,25,,,,4,C,28014,Madrid,VT-10260
Viviendas De Uso Turistico,Sin Categoria,"Paseo Delicias, 7, Bajo A",Paseo,De Las Delicias,7,,,,BAJO,A,28045,Madrid,VT-10261
Viviendas De Uso Turistico,Sin Categoria,"Paseo Delicias 7, 2 Ext. 6",Paseo,De Las Delicias,7,,,,2,EXT. 6,28045,Madrid,VT-10262
Viviendas De Uso Turistico,Sin Categoria,"Faustina Peñalver, 11 6º D",Calle,De Faustina Peñalver,11,,,,6,D,28043,Madrid,VT-10266
Viviendas De Uso Turistico,Sin Categoria,"San Bernardo, 58 1º",Calle,De San Bernardo,58,,,,1,4,,Madrid,VT-10267
Viviendas De Uso Turistico,Sin Categoria,"Las Naves, 9 5º Pta. 16",Calle,De Las Naves,9,,,,5,16,28005,Madrid,VT-10268
Viviendas De Uso Turistico,Sin Categoria,"Andrés Borrego, 6, 4, Dcha.",Calle,De Andrés Borrego,6,,,,4,DCHA,28004,Madrid,VT-10796
Viviendas De Uso Turistico,Sin Categoria,"Buenavista, 44, 1-2",Calle,De Buenavista,44,,,,1,2,28012,Madrid,VT-10800
Viviendas De Uso Turistico,Sin Categoria,"Mercedes De La Cardiniere, 16, Bajo",Calle,Mercedes De La Cardiniere,16,,,,BAJO,,28223,Pozuelo De Alarcón,VT-10803
Viviendas De Uso Turistico,Sin Categoria,"Lagasca, 21, 5-1",Calle,De Lagasca,21,,,,5,1,28001,Madrid,VT-10807
Viviendas De Uso Turistico,Sin Categoria,"Lagasca, 21, 5-3",Calle,De Lagasca,21,,,,5,3,28001,Madrid,VT-10809
Viviendas De Uso Turistico,Sin Categoria,"Lagasca, 21, 5-4",Calle,De Lagasca,21,,,,5,4,28001,Madrid,VT-10810
Viviendas De Uso Turistico,Sin Categoria,"Hortaleza, 37, 4-13",Calle,De Hortaleza,37,,,,4,13,28004,Madrid,VT-10816
Viviendas De Uso Turistico,Sin Categoria,"Calatrava, 28, 2 B",Calle,De Calatrava,28,,,,2,B,28005,Madrid,VT-10818
Viviendas De Uso Turistico,Sin Categoria,"Embajadores, 60, 5 Ext Dcha.",Calle,De Los Embajadores,60,,,Ext.,5,DCHA,28012,Madrid,VT-10819
Viviendas De Uso Turistico,Sin Categoria,Cuart De Poblet 49,Calle,De Cuart De Poblet,49,,,,BAJO,IZQ,28047,Madrid,VT-10825
Viviendas De Uso Turistico,Sin Categoria,"Olivar, 12 1º Izda.",Calle,Del Olivar,12,,,,1,IZQ,28012,Madrid,VT-11370
Viviendas De Uso Turistico,Sin Categoria,"San Hermenegildo, 28 1º Esc. 1 Pta. Izda.",Calle,De San Hermenegildo,28,,,1,1,IZQ,28015,Madrid,VT-11371
Viviendas De Uso Turistico,Sin Categoria,"Florencio Llorente, 21 3º Izda.",Calle,De Florencio Llorente,21,,,,3,IZQ,28027,Madrid,VT-11373
Viviendas De Uso Turistico,Sin Categoria,"Florencio Llorente, 21 3º Dcha.",Calle,De Florencio Llorente,21,,,,3,DCHA,28027,Madrid,VT-11374
Viviendas De Uso Turistico,Sin Categoria,"Sebastian Elcano, 19 2º Centro",Calle,De Sebastián Elcano,19,,,Centro,2,INT.D,28012,Madrid,VT-11375
Viviendas De Uso Turistico,Sin Categoria,"San Andres, 23 1º Izda.",Calle,De San Andrés,23,,,,1,IZQ,28004,Madrid,VT-11376
Viviendas De Uso Turistico,Sin Categoria,"Mira El Sol, 10 2º 5",Calle,De Mira El Sol,10,,,,2,5,28005,Madrid,VT-11377
Viviendas De Uso Turistico,Sin Categoria,"Castellana, 171 4º D",Paseo,De La Castellana,171,,,,4,D,28046,Madrid,VT-11378
Viviendas De Uso Turistico,Sin Categoria,"Madera, 4 Bajo Izda.",Calle,De La Madera,4,,,,BAJO,IZQ,28004,Madrid,VT-11379
Viviendas De Uso Turistico,Sin Categoria,"Loreto Y Chicote, 13 3º  Ext. Izda",Calle,De Loreto Y Chicote,13,,,Ext.,3,3 IZQ.,28004,Madrid,VT-11380
Viviendas De Uso Turistico,Sin Categoria,"Reloj, 6 1º C",Calle,Del Reloj,6,,,,1,C,28013,Madrid,VT-11382
Viviendas De Uso Turistico,Sin Categoria,"Esperanza, 9 3º Pta.2",Calle,De La Esperanza,9,,,,3,2,28012,Madrid,VT-11383
Viviendas De Uso Turistico,Sin Categoria,"Filabre, 21 1º Pta. 3",Calle,De Sierra De Los Filabres,21,,,,1,3,28038,Madrid,VT-11384
Viviendas De Uso Turistico,Sin Categoria,"Seco, 3",Calle,De Seco,3,,,,5,1,28007,Madrid,VT-11385
Viviendas De Uso Turistico,Sin Categoria,"Alcala, 177 Bajo B",Calle,De Alcalá,177,,,,BAJO,B,28009,Madrid,VT-11386
Viviendas De Uso Turistico,Sin Categoria,"Cuatro Vientos, 1",Calle,De Los Cuatro Vientos,1,,,,,,28214,Fresnedillas De La Oliva,VT-11388
Viviendas De Uso Turistico,Sin Categoria,"Fundadores, 13 3º C",Calle,De Los Fundadores,13,,,,3,C,28028,Madrid,VT-11389
Viviendas De Uso Turistico,Sin Categoria,"Cava Alta, 5",Calle,De La Cava Alta,5,,,,5,IZQ,28005,Madrid,VT-11390
Viviendas De Uso Turistico,Sin Categoria,"Santa Ana, 5 3º D",Plaza,De Santa Ana,5,,,,3,D,28012,Madrid,VT-11391
Viviendas De Uso Turistico,Sin Categoria,"C/ Barquillo, 36 4º Pta. 7",Calle,De Barquillo,36,,,,4,7,28004,Madrid,VT-11395
Viviendas De Uso Turistico,Sin Categoria,"Eros, 7 2º D",Calle,De Eros,7,G,,,2,D,28045,Madrid,VT-11396
Viviendas De Uso Turistico,Sin Categoria,"Mendivil, 9 3º D",Calle,De Mendívil,9,,,,3,D,28038,Madrid,VT-11397
Viviendas De Uso Turistico,Sin Categoria,"Venancio Martin, 1 2º A",Calle,De Venancio Martín,1,,,,2,A,28038,Madrid,VT-11398
Viviendas De Uso Turistico,Sin Categoria,"Pericles, 33 2º Dcha.",Calle,De Pericles,33,,,,2,DCHA,28011,Madrid,VT-11399
Viviendas De Uso Turistico,Sin Categoria,"Toledo, 69 1º B",Calle,De Toledo,69,,,,1,B,28005,Madrid,VT-9720
Viviendas De Uso Turistico,Sin Categoria,"Recoletos, 9 5º C",Calle,De Recoletos,9,,,,5,C,28001,Madrid,VT-9721
Viviendas De Uso Turistico,Sin Categoria,"Echegaray, 17, 2º A",Calle,De Echegaray,17,,,,2,A,28014,Madrid,VT-9722
Viviendas De Uso Turistico,Sin Categoria,"Jerte, 8 , 3º Ext. Izda.",Calle,De Jerte,8,,,,3,EXT. I,28005,Madrid,VT-9724
Viviendas De Uso Turistico,Sin Categoria,"Cava Baja, 23 1º Dcha.",Calle,De La Cava Baja,23,,,,1,DCHA,28005,Madrid,VT-9726
Viviendas De Uso Turistico,Sin Categoria,"Claudio Coello, 90 1º Izda.",Calle,De Claudio Coello,90,,,,1,IZQ,,Madrid,VT-9730
Viviendas De Uso Turistico,Sin Categoria,"Mayor, 58 , 7º I.",Calle,Mayor,58,,,,7,I,28013,Madrid,VT-9732
Viviendas De Uso Turistico,Sin Categoria,"Espiritu Santo, 20 2º Ext 1",Calle,Del Espíritu Santo,20,,,,2,EXT 1,28004,Madrid,VT-9733
Viviendas De Uso Turistico,Sin Categoria,"Chinchilla, 1 3º Pta. 8",Calle,De La Chinchilla,1,,,,3,8,28013,Madrid,VT-9735
Viviendas De Uso Turistico,Sin Categoria,"Plaza Santa Ana, 15  2º Dcha. Pta. 1",Plaza,De Santa Ana,15,,,,2,DCHA,28012,Madrid,VT-9736
Viviendas De Uso Turistico,Sin Categoria,"Cáceres, 12 Bajo Centro Int.",Calle,De Cáceres,12,,,,BAJO,CENTRO,28045,Madrid,VT-9739
Viviendas De Uso Turistico,Sin Categoria,"Fernando El Católico, 86 -2º Esc. D Pta. A",Calle,De Fernando El Católico,86,,,,"2-,-ES",PTA. A,28015,Madrid,VT-9740
Viviendas De Uso Turistico,Sin Categoria,"Divino Pastor, 27 Bajo Esc. 1 Pta. I4",Calle,Del Divino Pastor,27,,,,BAJO-E,PTA I4,28004,Madrid,VT-9741
Viviendas De Uso Turistico,Sin Categoria,"Martin De Vargas, 31 4º Esc. 1 Pta. 2",Calle,De Martín De Vargas,31,,,1,4,2,28005,Madrid,VT-9742
Viviendas De Uso Turistico,Sin Categoria,"Alameda, 24 1º Pta. Este",Calle,De La Alameda,24,,,,1,PUERTA,28014,Madrid,VT-9744
Viviendas De Uso Turistico,Sin Categoria,"Marqués De La Ensenada, 16 4º Pta. 10",Calle,Del Marqués De La Ensenada,16,,,,4,PTA. 1,28004,Madrid,VT-9746
Viviendas De Uso Turistico,Sin Categoria,"San Bartolomé, 7-2º A",Calle,De San Bartolomé,7,,,,2,A,28004,Madrid,VT-9747
Viviendas De Uso Turistico,Sin Categoria,"Paseo Pintor Rosales, 60-1º Pta. Dcha.",Paseo,Del Pintor Rosales,60,,,,1,PTA.DC,28008,Madrid,VT-9750
Viviendas De Uso Turistico,Sin Categoria,"General Peron, 32 4º K",Avenida,Del General Perón,32,,,,4,K,28020,Madrid,VT-10269
Viviendas De Uso Turistico,Sin Categoria,"Ciudad De Barcelona, 57 Bajo B",Avenida,De La Ciudad De Barcelona,57,,,,BAJO,B,28007,Madrid,VT-10270
Viviendas De Uso Turistico,Sin Categoria,"Humilladero, 19",Calle,Del Humilladero,19,,,,BAJO,C,28005,Madrid,VT-10271
Viviendas De Uso Turistico,Sin Categoria,"Doctor Velasco, 14 1º",Calle,Del Doctor Velasco,14,,,,1,,28014,Madrid,VT-10272
Viviendas De Uso Turistico,Sin Categoria,"Granada, 41 1º",Calle,De Granada,41,,,,1,111,28007,Madrid,VT-10274
Viviendas De Uso Turistico,Sin Categoria,"Silva, 16, 3 Int.",Calle,De Silva,16,,,,3,INT,,Madrid,VT-10275
Viviendas De Uso Turistico,Sin Categoria,"Silva, 16, 4 Int.",Calle,De Silva,16,,,,4,INT,,Madrid,VT-10276
Viviendas De Uso Turistico,Sin Categoria,"Silva, 16, 4 Ext.",Calle,De Silva,16,,,,4,EXT,,Madrid,VT-10277
Viviendas De Uso Turistico,Sin Categoria,"Andalucía, 51",Calle,De Andalucía,51,,,,,,28110,Algete,VT-10278
Viviendas De Uso Turistico,Sin Categoria,"Zurbano, 84, 2-4",Calle,De Zurbano,84,,,,ESC.-B,PTA. 4,,Madrid,VT-10279
Viviendas De Uso Turistico,Sin Categoria,"Fuencarral, 42, 4-4",Calle,De Fuencarral,42,,,,4,PTA. 4,,Madrid,VT-10280
Viviendas De Uso Turistico,Sin Categoria,"Manuela Malasaña, 21 Portal B 5º",Calle,De Manuela Malasaña,21,,,,5,,28004,Madrid,VT-10281
Viviendas De Uso Turistico,Sin Categoria,"Espronceda, 30 Sotano C",Calle,De Espronceda,30,,,,SOTANO,C,28003,Madrid,VT-10282
Viviendas De Uso Turistico,Sin Categoria,"Isabel La Catolica, 9 3º Dcha.",Calle,De Isabel La Católica,9,,,,3,DCHA,28013,Madrid,VT-10283
Viviendas De Uso Turistico,Sin Categoria,"Gaztambide, 68 1º C",Calle,De Gaztambide,68,,,,1,C,,Madrid,VT-10285
Viviendas De Uso Turistico,Sin Categoria,"Orense, 6",Calle,De Orense,6,,,,5,12,28020,Madrid,VT-10288
Viviendas De Uso Turistico,Sin Categoria,"Rufino Blanco, 31",Calle,De Rufino Blanco,31,,,,4,A,28028,Madrid,VT-10289
Viviendas De Uso Turistico,Sin Categoria,"De La Cruz, 10",Calle,De La Cruz,10,,,,2,7,28012,Madrid,VT-10290
Viviendas De Uso Turistico,Sin Categoria,"Villanueva, 2 7º Esc. 1 Pta. A",Calle,De Villanueva,2,,,,7,ESC1 P,28001,Madrid,VT-10293
Viviendas De Uso Turistico,Sin Categoria,"Santisima Trinidad, 5  5º C",Calle,De Santísima Trinidad,5,,,,5,C,28010,Madrid,VT-10294
Viviendas De Uso Turistico,Sin Categoria,"Francisco Navacerrada, 64 Portal 3 5º Esc 3 Pta A",Calle,De Francisco Navacerrada,64,,3,3,5,A,28028,Madrid,VT-10295
Viviendas De Uso Turistico,Sin Categoria,"Silva, 14 , Esc. 1, 4º 1",Calle,De Silva,14,,,,ESC.1,1,,Madrid,VT-10298
Viviendas De Uso Turistico,Sin Categoria,"Paseo Acacias, 23, 2b",Paseo,De Las Acacias,23,,,,2,B,28005,Madrid,VT-10300
Viviendas De Uso Turistico,Sin Categoria,"Mendivil, 9  3ºb",Calle,De Mendívil,9,,,,3,B,28038,Madrid,VT-10301
Viviendas De Uso Turistico,Sin Categoria,"San Valeriano, 5 Bajo Dcha..",Calle,De San Valeriano,5,,,,BAJO,DCHA,28039,Madrid,VT-10302
Viviendas De Uso Turistico,Sin Categoria,"Alejandro Ferrant, 11 4º A",Calle,De Alejandro Ferrant,11,,,,4,A,28045,Madrid,VT-10830
Viviendas De Uso Turistico,Sin Categoria,"San Romualdo, 52 6º A",Calle,De San Romualdo,52,,,,6,A,28037,Madrid,VT-10832
Viviendas De Uso Turistico,Sin Categoria,"Carlos Bravo, 7 1º A",Calle,De Carlos Bravo,7,,,,1,A,28034,Madrid,VT-10835
Viviendas De Uso Turistico,Sin Categoria,"Florida, 39 Bajo A",Paseo,De La Florida,39,,,,BAJO,A,28008,Madrid,VT-10838
Viviendas De Uso Turistico,Sin Categoria,"Valverde, 3, 1a",Calle,De Valverde,3,,,,1,A,28004,Madrid,VT-10841
Viviendas De Uso Turistico,Sin Categoria,"Valverde, 3, 1b",Calle,De Valverde,3,,,,1,B,28004,Madrid,VT-10842
Viviendas De Uso Turistico,Sin Categoria,"Montera, 43, 2c",Calle,De La Montera,43,,,,2,C,28013,Madrid,VT-10848
Viviendas De Uso Turistico,Sin Categoria,"Montera, 43, 2d",Calle,De La Montera,43,,,,2,D,28013,Madrid,VT-10849
Viviendas De Uso Turistico,Sin Categoria,"Montera, 43, 2f",Calle,De La Montera,43,,,,2,F,28013,Madrid,VT-10851
Viviendas De Uso Turistico,Sin Categoria,"Montera, 43, 3a",Calle,De La Montera,43,,,,3,A,28013,Madrid,VT-10853
Viviendas De Uso Turistico,Sin Categoria,"Montera, 43, 3c",Calle,De La Montera,43,,,,3,C,28013,Madrid,VT-10855
Viviendas De Uso Turistico,Sin Categoria,"Montera, 43,  3f",Calle,De La Montera,43,,,,3,F,28013,Madrid,VT-10858
Viviendas De Uso Turistico,Sin Categoria,"Montera, 43, 3g",Calle,De La Montera,43,,,,3,G,28013,Madrid,VT-10859
Viviendas De Uso Turistico,Sin Categoria,"Montera, 43, 4a",Calle,De La Montera,43,,,,4,A,28013,Madrid,VT-10860
Viviendas De Uso Turistico,Sin Categoria,"Maria De Guzman, 30 3º A",Calle,De María De Guzmán,30,,,,3,A,28003,Madrid,VT-11400
Viviendas De Uso Turistico,Sin Categoria,"Santa Lucia, 19 2º A",Calle,De Santa Lucía,19,,,,2,A,28004,Madrid,VT-11401
Viviendas De Uso Turistico,Sin Categoria,"General Pardiñas, 13 2º Pta. 22",Calle,Del General Pardiñas,13,,,,2,PTA. 2,,Madrid,VT-11402
Viviendas De Uso Turistico,Sin Categoria,"Alcala, 127 5º Izda.",Calle,De Alcalá,127,,,,5,IZQ,28009,Madrid,VT-11403
Viviendas De Uso Turistico,Sin Categoria,"De Los Tilos (ur. Vistasierra), 2",Calle,De Los Tilos,2,,,,,,28710,"Molar, El",VT-11404
Viviendas De Uso Turistico,Sin Categoria,"Tres Peces, 12",Calle,De Los Tres Peces,12,,,,1,A,28012,Madrid,VT-11405
Viviendas De Uso Turistico,Sin Categoria,"Carranza, 16 4º Dcha.",Calle,De Carranza,16,,,,4,DCHA,28004,Madrid,VT-11406
Viviendas De Uso Turistico,Sin Categoria,"Vereada Del Cortijo, S/n",Calle,Vereda Del Cortijo,S/N,,,,,,28250,Torrelodones,VT-11407
Viviendas De Uso Turistico,Sin Categoria,"Barco, 40 1º Int. Pta. 4",Calle,Del Barco,40,,,Int.,1,4,28004,Madrid,VT-11408
Viviendas De Uso Turistico,Sin Categoria,"Barco, 42 2º Int. Izda",Calle,Del Barco,42,,,Int.,2,IZQ,28004,Madrid,VT-11409
Viviendas De Uso Turistico,Sin Categoria,"Jesus Aprendiz, 6  4º B Esc. 1",Calle,De Jesús Aprendiz,6,,6,1,4,B,28009,Madrid,VT-11412
Viviendas De Uso Turistico,Sin Categoria,"Toledo, 40 2º Ext. Dcha.",Calle,De Toledo,40,,,Ext.,2,DCHA,28005,Madrid,VT-11413
Viviendas De Uso Turistico,Sin Categoria,"Toledo, 40 2º Ext. Centro",Calle,De Toledo,40,,,Ext.,2,CENTRO,28005,Madrid,VT-11414
Viviendas De Uso Turistico,Sin Categoria,"Sainz De Baranda, 34 2º D",Calle,Del Alcalde Sáinz De Baranda,34,,,,2,D,,Madrid,VT-11419
Viviendas De Uso Turistico,Sin Categoria,"Lopez De Hoyos, 336 3º Esc. 3 Pta. C",Calle,De López De Hoyos,336,,,3,3,C,28043,Madrid,VT-11420
Viviendas De Uso Turistico,Sin Categoria,"Valladolid, 17 Bajo E",Avenida,De Valladolid,17,,,,BAJO,E,28008,Madrid,VT-11421
Viviendas De Uso Turistico,Sin Categoria,"Horno De La Mata, 7 Bajo B",Travesia,Del Horno De La Mata,7,,,,BAJO,B,28004,Madrid,VT-11423
Viviendas De Uso Turistico,Sin Categoria,"Monasterio De Samos, 18 1º D",Calle,Del Monasterio De Samos,18,,,,1,D,28049,Madrid,VT-11424
Viviendas De Uso Turistico,Sin Categoria,"Encomienda, 24 3º G",Calle,De La Encomienda,24,,,,3,G,28012,Madrid,VT-11425
Viviendas De Uso Turistico,Sin Categoria,"Malcampo, 18 1º Pta. A",Calle,De Malcampo,18,,,,1,A,28002,Madrid,VT-11426
Viviendas De Uso Turistico,Sin Categoria,"Daganzo, 5 1º Centro",Calle,De Daganzo,5,,,,1,CENTRO,28002,Madrid,VT-11427
Viviendas De Uso Turistico,Sin Categoria,"General Pardiñas, 27 2º C",Calle,Del General Pardiñas,27,,,,2,C,28001,Madrid,VT-11428
Viviendas De Uso Turistico,Sin Categoria,"Infanta Mercedes, 41 1º D",Calle,De La Infanta Mercedes,41,,,,1,D,28020,Madrid,VT-11429
Viviendas De Uso Turistico,Sin Categoria,"Juan De Austria, 28 1º Izda.",Calle,De Juan De Austria,28,,,,1,IZQ,28010,Madrid,VT-11430
Viviendas De Uso Turistico,Sin Categoria,"Lope De Rueda, 4 4º Izda.",Calle,De Lope De Rueda,4,,,,4,IZQ,28009,Madrid,VT-11432
Viviendas De Uso Turistico,Sin Categoria,"Hortaleza, 84 4º B",Calle,De Hortaleza,84,,,,4,B,28004,Madrid,VT-11433
Viviendas De Uso Turistico,Sin Categoria,"Gran Via, 47 6º Pta. 0",Calle,Gran Vía,47,,,,6,PTA. 0,28013,Madrid,VT-11435
Viviendas De Uso Turistico,Sin Categoria,"Valverde, 23-3º C",Calle,De Valverde,23,,,,3,C,28004,Madrid,VT-9754
Viviendas De Uso Turistico,Sin Categoria,"Avda. De Los Arces, 7 Ptal. D 4º B",Avenida,De Los Arces,7,,,,4,B,28042,Madrid,VT-9755
Viviendas De Uso Turistico,Sin Categoria,"Luisa Fernanda, 17 Bajo Centro",Calle,De Luisa Fernanda,17,,,,BAJO,CENTRO,28008,Madrid,VT-9758
Viviendas De Uso Turistico,Sin Categoria,"Peña De Francia, 2 2º B",Calle,De Peña De Francia,2,,,,2,B,28005,Madrid,VT-9759
Viviendas De Uso Turistico,Sin Categoria,"Bocangel, 5 1º Ext. Izda.",Calle,De Bocángel,5,,,,1,EXT. I,28028,Madrid,VT-9760
Viviendas De Uso Turistico,Sin Categoria,"Siete De Julio, 3 , 1º Izda.",Calle,Del Siete De Julio,3,,,,1,IZQ,28012,Madrid,VT-9761
Viviendas De Uso Turistico,Sin Categoria,"Ayala, 98 Esc. 1 2º Izda.",Calle,De Ayala,98,,,,2-IZDA,ESC 1,,Madrid,VT-9762
Viviendas De Uso Turistico,Sin Categoria,"N S De Guadalupe, 17, Bajo A",Calle,De Nuestra Señora De Guadalupe,17,,,,BAJO,A,28028,Madrid,VT-9764
Viviendas De Uso Turistico,Sin Categoria,"Alcornoque, 33",Calle,Del Alcornoque,33,,,,,,28580,Ambite,VT-9766
Viviendas De Uso Turistico,Sin Categoria,"General Pardiñas, 42, 5-7",Calle,Del General Pardiñas,42,,,,5,PTA. 7,,Madrid,VT-9767
Viviendas De Uso Turistico,Sin Categoria,"Pasaje De La Fundación, 15, L5",Pasaje,De La Fundación,15,,,,,L5,28028,Madrid,VT-9768
Viviendas De Uso Turistico,Sin Categoria,"Hilarión Eslava, 60, Bajo 6",Calle,De Hilarión Eslava,60,,,,BAJO,PTA. 6,,Madrid,VT-9770
Viviendas De Uso Turistico,Sin Categoria,"Galería De Vallehermoso, 6, 3f",Calle,De Vallehermoso,6,,,,3,F,,Madrid,VT-9771
Viviendas De Uso Turistico,Sin Categoria,"Arrieta, 8, 5-2",Calle,De Arrieta,8,,,,5,PTA. 2,28013,Madrid,VT-9772
Viviendas De Uso Turistico,Sin Categoria,"General Lacy, 44, -1, Esc. 1, Id",Calle,Del General Lacy,44,,,,ESC.-1,ID,28045,Madrid,VT-9773
Viviendas De Uso Turistico,Sin Categoria,"Felipe Moratilla, 16, Bajo E",Calle,De Felipe Moratilla,16,,,,BAJO,E,28008,Madrid,VT-9774
Viviendas De Uso Turistico,Sin Categoria,"Bolívar, 10, Bajo 3",Calle,De Bolívar,10,,,,BAJO,PTA. 3,28045,Madrid,VT-9775
Viviendas De Uso Turistico,Sin Categoria,"Tesoro, 21, 3 Pta. 7",Calle,Del Tesoro,21,,,,3,PTA. 7,28004,Madrid,VT-9777
Viviendas De Uso Turistico,Sin Categoria,"San Miguel, 7 4º Izda. Pta. A",Calle,De La Cava De San Miguel,7,,,,4,IZQ,28005,Madrid,VT-10303
Viviendas De Uso Turistico,Sin Categoria,"Gomez De Mora, 3 1º C",Calle,De Gómez De Mora,3,,,,1,C,28005,Madrid,VT-10305
Viviendas De Uso Turistico,Sin Categoria,"Paseo De La Esperanza, 49 1º Izda",Paseo,De La Esperanza,49,,,,1,IZQ,28005,Madrid,VT-10306
Viviendas De Uso Turistico,Sin Categoria,"Paz, 8, 2 Izq.",Calle,De La Paz,8,,,,2,IZQ,28012,Madrid,VT-10307
Viviendas De Uso Turistico,Sin Categoria,"Santa Clara, 2, 5-5",Calle,De Santa Clara,2,,,,5,PTA. 5,28013,Madrid,VT-10308
Viviendas De Uso Turistico,Sin Categoria,"Carnicer, 9, 3-2",Calle,De Carnicer,9,,,,3,PTA. 2,28039,Madrid,VT-10309
Viviendas De Uso Turistico,Sin Categoria,"Luna, 9, 4-2",Calle,De La Luna,9,,,,4,PTA. 2,28004,Madrid,VT-10310
Viviendas De Uso Turistico,Sin Categoria,"Espoz Y Mina, 9, 4 D1",Calle,De Espoz Y Mina,9,,,,4,D1,28012,Madrid,VT-10311
Viviendas De Uso Turistico,Sin Categoria,"Limón, 22, 00, Yd",Calle,Del Limón,22,,,,0,YD,28015,Madrid,VT-10313
Viviendas De Uso Turistico,Sin Categoria,"Pza Tirso De Molina, 18, 5b",Plaza,De Tirso De Molina,18,,,,5,B,28012,Madrid,VT-10314
Viviendas De Uso Turistico,Sin Categoria,"Manuela Malasaña, 29, 4e",Calle,De Manuela Malasaña,29,,,,4,E,28004,Madrid,VT-10315
Viviendas De Uso Turistico,Sin Categoria,"Carrera San Francisco, 11, 0, 1 Izq.",Carrera,De San Francisco,11,,,,0,PTA. 1,28005,Madrid,VT-10316
Viviendas De Uso Turistico,Sin Categoria,"Ave María, 20, 2f",Calle,De Ave María,20,,,,2,F,28012,Madrid,VT-10318
Viviendas De Uso Turistico,Sin Categoria,"Arenal, 22, 4 Izq.",Calle,Del Arenal,22,,,,4,IZQ,28013,Madrid,VT-10321
Viviendas De Uso Turistico,Sin Categoria,"Cava Baja , 30, 4 Ppal C",Calle,De La Cava Baja,30,,,,4,PPAL C,28005,Madrid,VT-10322
Viviendas De Uso Turistico,Sin Categoria,"Santa Engracia, 48, 5, Esc. 1,i",Calle,De Santa Engracia,48,,,,ESC.-1,I,,Madrid,VT-10324
Viviendas De Uso Turistico,Sin Categoria,"Arroyo San Román, 6",Calle,Arroyo San Román,6,,,,0,,28189,Torremocha De Jarama,VT-10325
Viviendas De Uso Turistico,Sin Categoria,"Puerto De Balbarán, 41, 4b",Calle,Del Puerto De Balbarán,41,,,,4,B,,Madrid,VT-10327
Viviendas De Uso Turistico,Sin Categoria,"Elvira Barrios, 9, 1a",Calle,De Elvira Barrios,9,,,,1,A,28019,Madrid,VT-10328
Viviendas De Uso Turistico,Sin Categoria,"Preciados, 27, 4b",Calle,De Preciados,27,,,,4,B,28013,Madrid,VT-10332
Viviendas De Uso Turistico,Sin Categoria,"Francisco Navacerrada, 64, 3a",Calle,De Francisco Navacerrada,64,,,,3,A,28028,Madrid,VT-10333
Viviendas De Uso Turistico,Sin Categoria,"Paseo Sta Maria De La Cabeza, 36, 0, B",Paseo,De Santa María De La Cabeza,36,,,,0,B,,Madrid,VT-10339
Viviendas De Uso Turistico,Sin Categoria,"Eloy Gonzalo, 13, 00, Int. Dcha.",Calle,De Eloy Gonzalo,13,,,,0,INT D,28010,Madrid,VT-10340
Viviendas De Uso Turistico,Sin Categoria,"San Ildefonso, 8, 2 Dcha.",Calle,De San Ildefonso,8,,,,2,DCHA,28012,Madrid,VT-10341
Viviendas De Uso Turistico,Sin Categoria,"Motnera, 43, 4c",Calle,De La Montera,43,,,,4,C,28013,Madrid,VT-10862
Viviendas De Uso Turistico,Sin Categoria,"Montera, 43, 4f",Calle,De La Montera,43,,,,4,F,28013,Madrid,VT-10865
Viviendas De Uso Turistico,Sin Categoria,"Montera, 43, 5a",Calle,De La Montera,43,,,,5,A,28013,Madrid,VT-10866
Viviendas De Uso Turistico,Sin Categoria,"Montera, 43, 5b",Calle,De La Montera,43,,,,5,B,28013,Madrid,VT-10867
Viviendas De Uso Turistico,Sin Categoria,"Montera, 43, 5f",Calle,De La Montera,43,,,,5,F,28013,Madrid,VT-10870
Viviendas De Uso Turistico,Sin Categoria,"Padilla, 60-1º D",Calle,De Padilla,60,,,,1,D,28006,Madrid,VT-10871
Viviendas De Uso Turistico,Sin Categoria,"Duque De Sesto, 3 Bajo C",Calle,Del Duque De Sesto,3,,,,BAJO,C,28009,Madrid,VT-10872
Viviendas De Uso Turistico,Sin Categoria,"Atocha, 84 1º B",Calle,De Atocha,84,,,,1,B,28012,Madrid,VT-10877
Viviendas De Uso Turistico,Sin Categoria,"María Odiaga, 29, Bajo C",Calle,De María Odiaga,29,,,,BAJO,C,28025,Madrid,VT-10880
Viviendas De Uso Turistico,Sin Categoria,"México, 3, 3a",Calle,De Méjico,3,,,,3,A,28028,Madrid,VT-10883
Viviendas De Uso Turistico,Sin Categoria,"Tajuya, 10, 3 Izq.",Calle,De Tajuya,10,,,,3,IZQ,28017,Madrid,VT-10885
Viviendas De Uso Turistico,Sin Categoria,"Marqués De Ahumada, 4, 1-5",Calle,Del Marqués De Ahumada,4,,,,1,5,28028,Madrid,VT-10887
Viviendas De Uso Turistico,Sin Categoria,"Mesón De Paredes, 54, Bajo 3",Calle,Del Mesón De Paredes,54,,,,BAJO,3,28012,Madrid,VT-10889
Viviendas De Uso Turistico,Sin Categoria,"Gran Via, 47 6º Pta. 2",Calle,Gran Vía,47,,,,6,2,28013,Madrid,VT-11436
Viviendas De Uso Turistico,Sin Categoria,"Gran Via, 47 6º Pta. 4",Calle,Gran Vía,47,,,,6,4,28013,Madrid,VT-11437
Viviendas De Uso Turistico,Sin Categoria,"Gran Via, 47 6º Pta. 6",Calle,Gran Vía,47,,,,6,6,28013,Madrid,VT-11438
Viviendas De Uso Turistico,Sin Categoria,"Gran Via, 47 6º Pta. 7",Calle,Gran Vía,47,,,,6,7,28013,Madrid,VT-11439
Viviendas De Uso Turistico,Sin Categoria,"Gran Via, 47 6º Pta. 9",Calle,Gran Vía,47,,,,6,9,28013,Madrid,VT-11440
Viviendas De Uso Turistico,Sin Categoria,"Gran Via, 47 6º Pta. 10",Calle,Gran Vía,47,,,,6,10,28013,Madrid,VT-11441
Viviendas De Uso Turistico,Sin Categoria,"Gran Via, 47 6º Pta. 12",Calle,Gran Vía,47,,,,6,12,28013,Madrid,VT-11442
Viviendas De Uso Turistico,Sin Categoria,"Gran Via, 47 7º Pta. 1",Calle,Gran Vía,47,,,,7,1,28013,Madrid,VT-11443
Viviendas De Uso Turistico,Sin Categoria,"Gran Via, 47 7º Pta. 2",Calle,Gran Vía,47,,,,7,2,28013,Madrid,VT-11444
Viviendas De Uso Turistico,Sin Categoria,"Gran Via, 47 7º Pta. 4",Calle,Gran Vía,47,,,,7,4,28013,Madrid,VT-11445
Viviendas De Uso Turistico,Sin Categoria,"Gran Via, 47 7º Pta. 6",Calle,Gran Vía,47,,,,7,6,28013,Madrid,VT-11446
Viviendas De Uso Turistico,Sin Categoria,"Gran Via, 47 7º Pta. 7",Calle,Gran Vía,47,,,,7,7,28013,Madrid,VT-11447
Viviendas De Uso Turistico,Sin Categoria,"Gran Via, 47 7º Pta. 9",Calle,Gran Vía,47,,,,7,9,28013,Madrid,VT-11448
Viviendas De Uso Turistico,Sin Categoria,"Gran Via, 47 7º Pta. 12",Calle,Gran Vía,47,,,,7,12,28013,Madrid,VT-11449
Viviendas De Uso Turistico,Sin Categoria,"Gran Via, 47 7º Pta. 13",Calle,Gran Vía,47,,,,7,13,28013,Madrid,VT-11450
Viviendas De Uso Turistico,Sin Categoria,"Gran Via, 47 8º Pta. 1",Calle,Gran Vía,47,,,,8,1,28013,Madrid,VT-11451
Viviendas De Uso Turistico,Sin Categoria,"Gran Via, 47 8º Ptas. 3",Calle,Gran Vía,47,,,,8,3,28013,Madrid,VT-11452
Viviendas De Uso Turistico,Sin Categoria,"Gran Via, 47 8º Pta. 6",Calle,Gran Vía,47,,,,8,6,28013,Madrid,VT-11453
Viviendas De Uso Turistico,Sin Categoria,"Gran Via, 47 8º Pta. 12",Calle,Gran Vía,47,,,,8,12,28013,Madrid,VT-11454
Viviendas De Uso Turistico,Sin Categoria,"Mauricio Legendre, 16 3º",Calle,De Mauricio Legendre,16,,,,3,,28046,Madrid,VT-11455
Viviendas De Uso Turistico,Sin Categoria,"Nuestra Señora Del Pilar, 10 Ptal. B Bajo Esc. B Pta. B",Calle,De Nuestra Señora Del Pilar,10,,,,"ESC.B,",B,28816,Camarma De Esteruelas,VT-11456
Viviendas De Uso Turistico,Sin Categoria,"Caravaca, 3-1º C",Calle,De Caravaca,3,,,,1,C,28012,Madrid,VT-11457
Viviendas De Uso Turistico,Sin Categoria,"Fe, 6-1º D",Calle,De La Fe,6,,,,1,D,28012,Madrid,VT-11458
Viviendas De Uso Turistico,Sin Categoria,"Sebastián Elcano, 36 Bajo Pta. 6",Calle,De Sebastián Elcano,36,,,,BAJO,PTA. 6,28012,Madrid,VT-11459
Viviendas De Uso Turistico,Sin Categoria,"Canarias,  3 4º Ctro. Izq.",Calle,De Las Canarias,3,,,,4,CT.IZQ,28045,Madrid,VT-11461
Viviendas De Uso Turistico,Sin Categoria,"Donoso Cortés, 36-1º D",Calle,De Donoso Cortés,36,,,,1,D,28015,Madrid,VT-11463
Viviendas De Uso Turistico,Sin Categoria,"Cobre, 1 Ptal. B 2º B",Calle,Del Cobre,1,,B,,2,B,28045,Madrid,VT-11466
Viviendas De Uso Turistico,Sin Categoria,"Salitre, 42-3º Pta. 1",Calle,De Salitre,42,,,,3,1,28012,Madrid,VT-11467
Viviendas De Uso Turistico,Sin Categoria,"Avda. Ciudad De Barcelona, 178-1º Esc. Int. Pta. Dcha. B",Avenida,De La Ciudad De Barcelona,178,,,Int.,1,DCHA.B,28007,Madrid,VT-11468
Viviendas De Uso Turistico,Sin Categoria,"General Lacy, 11 4º D",Calle,Del General Lacy,11,,,,4,D,28045,Madrid,VT-11470
Viviendas De Uso Turistico,Sin Categoria,"Marqués De Camarines, 8, 2 J",Plaza,Del Marqués De Camarines,8,,,,2,J,28023,Madrid,VT-9792
Viviendas De Uso Turistico,Sin Categoria,"Cava Baja, 8, 1 Yi",Calle,De La Cava Baja,8,,,,1,YI,28005,Madrid,VT-9794
Viviendas De Uso Turistico,Sin Categoria,"Martín De Los Heros, 57, 3d",Calle,De Martín De Los Heros,57,,,,3,D,28008,Madrid,VT-9795
Viviendas De Uso Turistico,Sin Categoria,"Loreto Y Chicote, 5-4º",Calle,De Loreto Y Chicote,5,,,,4,,28004,Madrid,VT-9796
Viviendas De Uso Turistico,Sin Categoria,"San Bernardo, 107- 2º Apto. 212",Calle,De San Bernardo,107,,,,2,APTO.2,,Madrid,VT-9797
Viviendas De Uso Turistico,Sin Categoria,"Cruz, 37-1º Dcha.",Calle,De La Cruz,37,,,,1,DCHA,28012,Madrid,VT-9798
Viviendas De Uso Turistico,Sin Categoria,"San Marcos, 31-1º A",Calle,De San Marcos,31,,,,1,A,28004,Madrid,VT-9800
Viviendas De Uso Turistico,Sin Categoria,"San Marcos, 31-2º A",Calle,De San Marcos,31,,,,2,A,28004,Madrid,VT-9801
Viviendas De Uso Turistico,Sin Categoria,"San Marcos, 31-2º B",Calle,De San Marcos,31,,,,2,B,28004,Madrid,VT-9802
Viviendas De Uso Turistico,Sin Categoria,"San Marcos, 31 3º A",Calle,De San Marcos,31,,,,3,A,28004,Madrid,VT-9803
Viviendas De Uso Turistico,Sin Categoria,"San Marcos, 31  3º B",Calle,De San Marcos,31,,,,3,B,28004,Madrid,VT-9804
Viviendas De Uso Turistico,Sin Categoria,"San Marcos, 31 4º A",Calle,De San Marcos,31,,,,4,A,28004,Madrid,VT-9805
Viviendas De Uso Turistico,Sin Categoria,"Villanueva, 2, 4, Esc. 1, Pta. 30",Calle,De Villanueva,2,,,,ESC.-1,PTA. 3,28001,Madrid,VT-9807
Viviendas De Uso Turistico,Sin Categoria,"Pza Mayor, 11, 4 Izq.",Plaza,Mayor,11,,,,4,IZQ,28012,Madrid,VT-9808
Viviendas De Uso Turistico,Sin Categoria,"Embajadores, 58, 3-4",Calle,De Los Embajadores,58,,,,3,PTA. 4,,Madrid,VT-9812
Viviendas De Uso Turistico,Sin Categoria,"Cadarso, 19 Bis, Bajo Dcha.",Calle,De Cadarso,19 BIS,,,,BAJO,DCHA,28008,Madrid,VT-9814
Viviendas De Uso Turistico,Sin Categoria,"Cadarso, 19 Bis, 2-11",Calle,De Cadarso,19 BIS,,,,2,PTA. 1,28008,Madrid,VT-9815
Viviendas De Uso Turistico,Sin Categoria,"Alcalá, 185, 1 Centro Dcha.",Calle,De Alcalá,185,,,,1,CENTRO,,Madrid,VT-9816
Viviendas De Uso Turistico,Sin Categoria,"Velázquez, 73, 7 Yd",Calle,De Velázquez,73,,,,7,YD,,Madrid,VT-9817
Viviendas De Uso Turistico,Sin Categoria,"Tres Peces, 26, 3f",Calle,De Los Tres Peces,26,,,,3,F,28012,Madrid,VT-9818
Viviendas De Uso Turistico,Sin Categoria,"Imperial, 12, 3 E2",Calle,Imperial,12,,,,3,E2,28012,Madrid,VT-9819
Viviendas De Uso Turistico,Sin Categoria,"Espoz Y Mina, 32, 3b",Calle,De Espoz Y Mina,32,,,,3,B,28012,Madrid,VT-9821
Viviendas De Uso Turistico,Sin Categoria,"Menéndez Pidal, 27, 1,pta. 10",Calle,De Menéndez Pidal,27,,,,1,A,28036,Madrid,VT-9822
Viviendas De Uso Turistico,Sin Categoria,"Paseo Prado, 46, Ático",Paseo,Del Prado,46,,,,ÁTICO,,28014,Madrid,VT-10343
Viviendas De Uso Turistico,Sin Categoria,"Florencio Llorente, 21 1º",Calle,De Florencio Llorente,21,,,,1,,28027,Madrid,VT-10344
Viviendas De Uso Turistico,Sin Categoria,"General Vara Del Rey, 12 1º A",Plaza,Del General Vara De Rey,12,,,,1,A,28005,Madrid,VT-10345
Viviendas De Uso Turistico,Sin Categoria,"Echegaray, 7 3º Ext.",Calle,De Echegaray,7,,,,3,EXT. D,28014,Madrid,VT-10346
Viviendas De Uso Turistico,Sin Categoria,"Oca, 95 1º D",Calle,De La Oca,95,,,,1,D,28025,Madrid,VT-10348
Viviendas De Uso Turistico,Sin Categoria,"Conde De Lemos, 8, 1-1",Calle,Del Conde De Lemos,8,,,,1,PTA. 1,28013,Madrid,VT-10349
Viviendas De Uso Turistico,Sin Categoria,"Cabeza, 44, Bajo C",Calle,De La Cabeza,44,,,,BAJO,C,28012,Madrid,VT-10350
Viviendas De Uso Turistico,Sin Categoria,"Las Golondrinas, 76, Ch",Calle,De Las Golondrinas,76,,,,CHALET,,28410,Manzanares El Real,VT-10351
Viviendas De Uso Turistico,Sin Categoria,"Don Ramón De La Cruz, 109, 5a",Calle,De Don Ramón De La Cruz,109,,,,5,A,,Madrid,VT-10352
Viviendas De Uso Turistico,Sin Categoria,"Melendez Valdes, 66 4º Esc. Y Pta. A C/v Hilarion Eslava",Calle,De Meléndez Valdés,66,,,,4,ESC Y,28015,Madrid,VT-10355
Viviendas De Uso Turistico,Sin Categoria,"Cabeza, 34 4º A",Calle,De La Cabeza,34,,,,4,IZDA A,28012,Madrid,VT-10357
Viviendas De Uso Turistico,Sin Categoria,"Villanueva, 2 4º Pta. 308",Calle,De Villanueva,2,,,,4,308,28001,Madrid,VT-10358
Viviendas De Uso Turistico,Sin Categoria,"Tenerife, 39 3º Izda.",Calle,De Tenerife,39,,,,3,IZQ,28039,Madrid,VT-10360
Viviendas De Uso Turistico,Sin Categoria,"Eduardo Requenas, 12 1º D",Calle,De Eduardo Requenas,12,,,,1,D,28053,Madrid,VT-10361
Viviendas De Uso Turistico,Sin Categoria,"Recoletos, 14 1º C",Calle,De Recoletos,14,,,,1,C,28001,Madrid,VT-10362
Viviendas De Uso Turistico,Sin Categoria,"Concordia, 9 2º A",Calle,De La Concordia,9,,,,2,A,28053,Madrid,VT-10363
Viviendas De Uso Turistico,Sin Categoria,"San Andrés, 36, 3-1",Calle,De San Andrés,36,,,,3,PTA. 1,28004,Madrid,VT-10365
Viviendas De Uso Turistico,Sin Categoria,"Infanta Mercedes, 84, 4 Izq.",Calle,De La Infanta Mercedes,84,,,,4,IZQ,28020,Madrid,VT-10366
Viviendas De Uso Turistico,Sin Categoria,"Narváez, 58, 2-4",Calle,De Narváez,58,,,,2,4,28009,Madrid,VT-10367
Viviendas De Uso Turistico,Sin Categoria,"Altamirano, 6-1º A",Calle,De Altamirano,6,,,,1,A,28008,Madrid,VT-10369
Viviendas De Uso Turistico,Sin Categoria,"Abtao, 3-4º F",Calle,De Abtao,3,,,,4,F,28007,Madrid,VT-10370
Viviendas De Uso Turistico,Sin Categoria,"Plaza Lavapies,-5º Esc. Ex. Pta. B",Plaza,De Lavapiés,4,,,,ESC.EX,PTA. B,28012,Madrid,VT-10371
Viviendas De Uso Turistico,Sin Categoria,"Ribera Del Manzanares, 17-1º Pta. Dcha.",Calle,De La Ribera Del Manzanares,17,,,,1,PTA. D,28008,Madrid,VT-10372
Viviendas De Uso Turistico,Sin Categoria,"Santa Engracia,  164-4º D",Calle,De Santa Engracia,164,,,,4,D,28003,Madrid,VT-10897
Viviendas De Uso Turistico,Sin Categoria,"Hermosilla, 91-3º F",Calle,De Hermosilla,91,,,,3,F,28001,Madrid,VT-10898
Viviendas De Uso Turistico,Sin Categoria,"San Bartolomé, 19-2º Dcha.",Calle,De San Bartolomé,19,,,,2,DCHA,28004,Madrid,VT-10899
Viviendas De Uso Turistico,Sin Categoria,"General Diaz Porlier, 24-3º Pta. 3",Calle,Del General Díaz Porlier,24,,,,3,3,28001,Madrid,VT-10900
Viviendas De Uso Turistico,Sin Categoria,"Toledo, 50-2º Pta. Izq. B",Calle,De Toledo,50,,,,2,IZQ B,28005,Madrid,VT-10901
Viviendas De Uso Turistico,Sin Categoria,"Calvario, 13 3º Ext. Izda.",Calle,Del Calvario,13,,,,3,EXT IZQ,28012,Madrid,VT-10902
Viviendas De Uso Turistico,Sin Categoria,"Teruel, 39 2º Pta. 1",Calle,De Teruel,39,,,,2,1,28020,Madrid,VT-10904
Viviendas De Uso Turistico,Sin Categoria,"Cerro Del Aguila, 5 5º B",Avenida,Del Cerro Del Águila,5,,,,B,10,28703,San Sebastián De Los Reyes,VT-10906
Viviendas De Uso Turistico,Sin Categoria,"Marques De Monasterio, 4 -1º Pta. 2",Calle,Del Marqués De Monasterio,4,,,,-1,2,28004,Madrid,VT-10907
Viviendas De Uso Turistico,Sin Categoria,"Huertas, 44, 2a",Calle,De Las Huertas,44,,,,2,A,,Madrid,VT-10909
Viviendas De Uso Turistico,Sin Categoria,"Alameda, 11, 1 I",Calle,De La Alameda,11,,,,1,I,28014,Madrid,VT-10912
Viviendas De Uso Turistico,Sin Categoria,"Ayala, 113, 1-1",Calle,De Ayala,113,,,1,1,DCHA,28009,Madrid,VT-10913
Viviendas De Uso Turistico,Sin Categoria,"Amparo, 52, 4a",Calle,Del Amparo,52,,,,4,A,28012,Madrid,VT-10916
Viviendas De Uso Turistico,Sin Categoria,"Salitre, 31, 2-3",Calle,De Salitre,31,,,,2,3,28012,Madrid,VT-10918
Viviendas De Uso Turistico,Sin Categoria,"Amparo, 51, Bajo Dcha.",Calle,Del Amparo,51,,,,BAJO,DCHA,28012,Madrid,VT-10919
Viviendas De Uso Turistico,Sin Categoria,"Sombrerete, 6, 4-8",Calle,De Sombrerete,6,,,,4,8,28012,Madrid,VT-10920
Viviendas De Uso Turistico,Sin Categoria,"Doctor Cortezo, 12, 7",Calle,Del Doctor Cortezo,12,,,,7,,28012,Madrid,VT-10921
Viviendas De Uso Turistico,Sin Categoria,"Redondilla, 6, Bajo Dcha.",Calle,De Redondilla,6,,,,BAJO,DCHA,28005,Madrid,VT-10926
Viviendas De Uso Turistico,Sin Categoria,"Alcala, 99, 3-1-f",Calle,De Alcalá,99,,,1,3,F,,Madrid,VT-10929
Viviendas De Uso Turistico,Sin Categoria,"Menorca, 49, 3a",Calle,De Menorca,49,,,,3,A,28009,Madrid,VT-10930
Viviendas De Uso Turistico,Sin Categoria,"Infantas Mercedes 74, Bajo Izq",Calle,De La Infanta Mercedes,74,,,,BAJO,IZQ,28020,Madrid,VT-10931
Viviendas De Uso Turistico,Sin Categoria,"Santa Engracia 46, Bajo Dcha",Calle,De Santa Engracia,46,,,,BAJO,DCHA,28010,Madrid,VT-10932
Viviendas De Uso Turistico,Sin Categoria,"Buenavista, 16 Bajo Pta. Y9",Calle,De Buenavista,16,,,,BAJO,PTA. Y,28012,Madrid,VT-11475
Viviendas De Uso Turistico,Sin Categoria,"Mesón De Paredes, 72-1º C",Calle,Del Mesón De Paredes,72,,,,1,C,28012,Madrid,VT-11476
Viviendas De Uso Turistico,Sin Categoria,"Hermosilla, 28-3º H",Calle,De Hermosilla,28,,,,3,H,,Madrid,VT-11477
Viviendas De Uso Turistico,Sin Categoria,"Talavera, 5 Bajo Pta. Izq.",Calle,De Talavera,5,,,,BAJO,PTA. I,28016,Madrid,VT-11482
Viviendas De Uso Turistico,Sin Categoria,"Escalinata, 15-3º Izq.",Calle,De La Escalinata,15,,,,3,PTA. I,28013,Madrid,VT-11483
Viviendas De Uso Turistico,Sin Categoria,"Antonio Lopez, 203 Bajo Pta. B2",Calle,De Antonio López,203,,,,BAJO,PTA.B2,,Madrid,VT-11484
Viviendas De Uso Turistico,Sin Categoria,"Ballesta, 26-1º Esc. Ext. Pta, 4",Calle,De La Ballesta,26,,,,ESC.EX,PTA. 4,28004,Madrid,VT-11490
Viviendas De Uso Turistico,Sin Categoria,"Palma, 20 Bajo  Esc. Int. Pta. Dcha.",Calle,De La Palma,20,,,,ESC.IN,PTA.DC,,Madrid,VT-11491
Viviendas De Uso Turistico,Sin Categoria,"Esperanza, 3-2º D",Calle,De La Esperanza,3,,,,2,D,28012,Madrid,VT-11493
Viviendas De Uso Turistico,Sin Categoria,"Espiritu Santo, 8-1º Dcha.",Calle,Del Espíritu Santo,8,,,,1,PTA. D,28004,Madrid,VT-11494
Viviendas De Uso Turistico,Sin Categoria,"San Lorenzo, 18 Bajo Pta. 1",Calle,De San Lorenzo,18,,,,BAJO,PTA. 1,28004,Madrid,VT-11495
Viviendas De Uso Turistico,Sin Categoria,"Sicilia, 30-1º B",Calle,De Sicilia,30,,,,1,B,28038,Madrid,VT-11497
Viviendas De Uso Turistico,Sin Categoria,"Trujillos, 5-3º B",Calle,De Trujillos,5,,,,3,B,28013,Madrid,VT-11498
Viviendas De Uso Turistico,Sin Categoria,"Hilarión Eslava, 39-7º A",Calle,De Hilarión Eslava,39,,,,7,A,,Madrid,VT-11499
Viviendas De Uso Turistico,Sin Categoria,"Calderón De La Barca, 4-2º C",Calle,De Calderón De La Barca,4,,,,2,C,28013,Madrid,VT-11500
Viviendas De Uso Turistico,Sin Categoria,"Manzanares, 5-3º Esc. 1 Pta. Dcha.",Calle,Del Manzanares,5,,,,ESC.-1,PTA. D,28005,Madrid,VT-11501
Viviendas De Uso Turistico,Sin Categoria,"General Margallo, 31-6º Pta. 1",Calle,Del General Margallo,31,,,,6,PTA. 1,28020,Madrid,VT-11502
Viviendas De Uso Turistico,Sin Categoria,"Abdon Terradas, 6",Calle,De Abdón Terradas,6,,,,ATICO,A,28015,Madrid,VT-11503
Viviendas De Uso Turistico,Sin Categoria,"Paseo De Extremadura, 82-1º Pta. Dcha.",Paseo,De Extremadura,82,,,,1,PTA. D,,Madrid,VT-11507
Viviendas De Uso Turistico,Sin Categoria,"C/ Fernando Primo De Rivera, 10  11 Dcha",Calle,Del Doctor Fernando Primo De Rivera,10,,,B,1,DCHA,28053,Madrid,VT-11508
Viviendas De Uso Turistico,Sin Categoria,"Preciados, 27-3º Esc. B Pta. 1",Calle,De Preciados,27,,,,"ESC.B,",PTA. 1,28013,Madrid,VT-11509
Viviendas De Uso Turistico,Sin Categoria,"Preciados, 27-3º Esc. B Pta. 2",Calle,De Preciados,27,,,,"ESC.B,",PTA. 2,28013,Madrid,VT-11510
Viviendas De Uso Turistico,Sin Categoria,"Echegaray, 10, 2 Ext. Izq.",Calle,De Echegaray,10,,,,2,EXT. I,28014,Madrid,VT-9823
Viviendas De Uso Turistico,Sin Categoria,"Imperial, 12, 3c",Calle,Imperial,12,,,,3,C,28012,Madrid,VT-9824
Viviendas De Uso Turistico,Sin Categoria,"Santa Cruz De Mudela, 24, 1b",Calle,De Santa Cruz De Mudela,24,,,,1,B,28026,Madrid,VT-9825
Viviendas De Uso Turistico,Sin Categoria,"Francisco De Ricci, 16, 4d",Calle,De Francisco Ricci,16,,,,4,D,28015,Madrid,VT-9827
Viviendas De Uso Turistico,Sin Categoria,"Salitre, 38 3º Pta. 11",Calle,De Salitre,38,,,,3,PTA. 1,28012,Madrid,VT-9830
Viviendas De Uso Turistico,Sin Categoria,"Barco, 7 3º A",Calle,Del Barco,7,,,,3,A,28004,Madrid,VT-9831
Viviendas De Uso Turistico,Sin Categoria,"Granada, 58 2º F",Calle,De Granada,58,,,,2,F,28007,Madrid,VT-9834
Viviendas De Uso Turistico,Sin Categoria,"Olivar, 26, Bajo A",Calle,Del Olivar,26,,,,BAJO,A,28012,Madrid,VT-9837
Viviendas De Uso Turistico,Sin Categoria,"Sombrereria 8, 1º 1",Calle,De Sombrerería,8,,,,1,PTA. 1,28012,Madrid,VT-9838
Viviendas De Uso Turistico,Sin Categoria,"Lavapiés, 40, 3-5",Calle,De Lavapiés,40,,,,3,PTA. 5,28012,Madrid,VT-9840
Viviendas De Uso Turistico,Sin Categoria,"San Vicente Ferrer, 23, 3 Dcha.",Calle,De San Vicente Ferrer,23,,,,3,DCHA,,Madrid,VT-9841
Viviendas De Uso Turistico,Sin Categoria,"Ancha, 21, 3 A",Calle,Ancha,21,,,,3,A,28914,Leganés,VT-9842
Viviendas De Uso Turistico,Sin Categoria,"Cartagena, 108, Ss, Int. 3 A",Calle,De Cartagena,108,,,,SS,INT 3,,Madrid,VT-9843
Viviendas De Uso Turistico,Sin Categoria,"José Andrés, 11, Portal 4, Bajo 4",Calle,De José Andrés,11,,,,BAJO,PTA. 4,28280,"Escorial, El",VT-9844
Viviendas De Uso Turistico,Sin Categoria,"Tesoro, 21, 2-1",Calle,Del Tesoro,21,,,,2,PTA. 1,28004,Madrid,VT-9845
Viviendas De Uso Turistico,Sin Categoria,"Gumersindo Azcarate, 21 Bajo Pta. Dcha.",Calle,De Gumersindo Azcárate,21,,,,BAJO,PTA. D,28026,Madrid,VT-9848
Viviendas De Uso Turistico,Sin Categoria,"Santa María, 39, 1c",Calle,De Santa María,39,,,,1,C,28014,Madrid,VT-9856
Viviendas De Uso Turistico,Sin Categoria,"Fuencarral, 55, 5d",Calle,De Fuencarral,55,,,,5,D,,Madrid,VT-9857
Viviendas De Uso Turistico,Sin Categoria,"Urb. Navarro, 10",Urbanizacion,De Los Navarros,10,,,,,,28752,Lozoyuela-navas-sieteiglesias,VT-9858
Viviendas De Uso Turistico,Sin Categoria,"Vergara, 4, 1 Dcha.",Calle,De Vergara,4,,,,1,DCHA,28013,Madrid,VT-10377
Viviendas De Uso Turistico,Sin Categoria,"Sambara, 9-1º D",Calle,De Sambara,9,,,,1,D,28027,Madrid,VT-10379
Viviendas De Uso Turistico,Sin Categoria,"San Marcos, 2-4º G",Calle,De San Marcos,2,,,,4,G,28004,Madrid,VT-10381
Viviendas De Uso Turistico,Sin Categoria,"Bravo Murillo, 9 , 2º Pta. 26",Calle,De Bravo Murillo,9,,,,,26,,Madrid,VT-10382
Viviendas De Uso Turistico,Sin Categoria,"Gonzalo De Córdoba, 14-1º C",Calle,De Gonzalo De Córdoba,14,,,,1,C,28010,Madrid,VT-10383
Viviendas De Uso Turistico,Sin Categoria,"José Ortega Y Gasset, 50",Calle,De José Ortega Y Gasset,50,,,,2,B,28006,Madrid,VT-10384
Viviendas De Uso Turistico,Sin Categoria,"Cuesta De San Vicente, 30, 5c",Cuesta,De San Vicente,30,,,,5,C,,Madrid,VT-10385
Viviendas De Uso Turistico,Sin Categoria,"Abel, 9, Sótano Dcha.",Calle,De Abel,9,,,,SÓTANO,DCHA,28039,Madrid,VT-10387
Viviendas De Uso Turistico,Sin Categoria,"Aguila, 19 Bajo Dcha.",Calle,Del Águila,19,,,,BAJO,DCHA,28005,Madrid,VT-10388
Viviendas De Uso Turistico,Sin Categoria,"Aguila, 19 Bajo Izda.",Calle,Del Águila,19,,,,BAJO,IZQ,28005,Madrid,VT-10389
Viviendas De Uso Turistico,Sin Categoria,"Aguila, 19-1º Pta. 1",Calle,Del Águila,19,,,,1,PTA. 1,28005,Madrid,VT-10390
Viviendas De Uso Turistico,Sin Categoria,"Aguila, 19 1º Pta. 2",Calle,Del Águila,19,,,,1,PUERTA,28005,Madrid,VT-10391
Viviendas De Uso Turistico,Sin Categoria,"Aguila, 19 1º Pta. 3",Calle,Del Águila,19,,,,1,PTA. 3,28005,Madrid,VT-10392
Viviendas De Uso Turistico,Sin Categoria,"Aguila, 19 1º Pta. Dcha.",Calle,Del Águila,19,,,,1,DCHA,28005,Madrid,VT-10393
Viviendas De Uso Turistico,Sin Categoria,"Aguila, 19 2º Pta. 1",Calle,Del Águila,19,,,,2,PTA. 1,28005,Madrid,VT-10394
Viviendas De Uso Turistico,Sin Categoria,"Aguila, 19 2º Pta. 2",Calle,Del Águila,19,,,,2,PTA. 2,28005,Madrid,VT-10395
Viviendas De Uso Turistico,Sin Categoria,"Aguila, 19 2º Pta. 3",Calle,Del Águila,19,,,,2,PTA. 3,28005,Madrid,VT-10396
Viviendas De Uso Turistico,Sin Categoria,"Aguila, 19 2º Pta. Dcha.",Calle,Del Águila,19,,,,2,DCHA,28005,Madrid,VT-10397
Viviendas De Uso Turistico,Sin Categoria,"Aguila, 19 2º Pta. Izda.",Calle,Del Águila,19,,,,2,IZQ,28005,Madrid,VT-10398
Viviendas De Uso Turistico,Sin Categoria,"Aguila, 19 3º Pta. 1",Calle,Del Águila,19,,,,3,PTA. 1,28005,Madrid,VT-10399
Viviendas De Uso Turistico,Sin Categoria,"Aguila, 19 3º Pta. 2",Calle,Del Águila,19,,,,3,PTA. 2,28005,Madrid,VT-10400
Viviendas De Uso Turistico,Sin Categoria,"Aguila, 19 3º Pta. 3",Calle,Del Águila,19,,,,3,PTA. 3,28005,Madrid,VT-10401
Viviendas De Uso Turistico,Sin Categoria,"Aguila, 19 3º Pta. Dcha.",Calle,Del Águila,19,,,,3,DCHA,28005,Madrid,VT-10402
Viviendas De Uso Turistico,Sin Categoria,"Aguila, 19 3º Pta. Izda.",Calle,Del Águila,19,,,,3,IZQ,28005,Madrid,VT-10403
Viviendas De Uso Turistico,Sin Categoria,"Aguila, 19 4º Pta. 1",Calle,Del Águila,19,,,,4,PTA.1,28005,Madrid,VT-10404
Viviendas De Uso Turistico,Sin Categoria,"Aguila, 19 4º Pta. 2",Calle,Del Águila,19,,,,4,PTA. 2,28005,Madrid,VT-10405
Viviendas De Uso Turistico,Sin Categoria,"Aguila, 19 4º Pta. Dcha.",Calle,Del Águila,19,,,,4,DCHA,28005,Madrid,VT-10406
Viviendas De Uso Turistico,Sin Categoria,"Aguila, 19 4º Pta. Izda.",Calle,Del Águila,19,,,,4,IZQ,28005,Madrid,VT-10407
Viviendas De Uso Turistico,Sin Categoria,"Aguila,  19 1º Pta. Izda.",Calle,Del Águila,19,,,,1,IZQ,28005,Madrid,VT-10408
Viviendas De Uso Turistico,Sin Categoria,"Barrilero, 15 3º B",Calle,Del Barrilero,15,,,,3,B,28007,Madrid,VT-10409
Viviendas De Uso Turistico,Sin Categoria,"Mayor, 1 6º Pta. 51",Calle,Mayor,1,,,,6,51,28013,Madrid,VT-10410
Viviendas De Uso Turistico,Sin Categoria,Huelva 469,Calle,Huelva,469,,,,,,28648,Rozas De Puerto Real,VT-10933
Viviendas De Uso Turistico,Sin Categoria,"Marques De Viana 30, 5º A",Calle,Del Marqués De Viana,30,,,,5,A,28039,Madrid,VT-10934
Viviendas De Uso Turistico,Sin Categoria,"Galeon 11, 3º C",Calle,Del Galeón,11,,,,3,C,28042,Madrid,VT-10937
Viviendas De Uso Turistico,Sin Categoria,"Costanilla De Los Angeles 15, 5º, B",Costanilla,De Los Ángeles,15,,,,5,B,28013,Madrid,VT-10939
Viviendas De Uso Turistico,Sin Categoria,"General Vara De Rey 12, 4º A",Plaza,Del General Vara De Rey,12,,,,4,A,28005,Madrid,VT-10940
Viviendas De Uso Turistico,Sin Categoria,"San Lorenzo, 22 1º C",Calle,De San Lorenzo,22,,,,1,C,28004,Madrid,VT-10945
Viviendas De Uso Turistico,Sin Categoria,"Plaza De Tuy, Bajo Pta. 1",Plaza,Del Tuy,1,,,,BAJO,L1,28029,Madrid,VT-10946
Viviendas De Uso Turistico,Sin Categoria,"Fernando El Catolico 86, 2º Izda, Pta. D",Calle,De Fernando El Católico,86,,,IZQ.,2,D,28015,Madrid,VT-10947
Viviendas De Uso Turistico,Sin Categoria,"Hortaleza 96, 4º, Int Pta.E",Calle,De Hortaleza,96,,,INT.,4,E,28004,Madrid,VT-10948
Viviendas De Uso Turistico,Sin Categoria,"Plaza De La Villa, 1 2º Izda Pta. 3",Plaza,De La Villa,1,,,,2-IZ,3,28005,Madrid,VT-10949
Viviendas De Uso Turistico,Sin Categoria,"Felipe Campos, 29-2º Izq.",Calle,De Felipe Campos,29,,,,2,IZQ,28002,Madrid,VT-10954
Viviendas De Uso Turistico,Sin Categoria,"Amparo, 81-1º Esc. Ext. Pta. Dcha.",Calle,Del Amparo,81,,,Ext.,1,DCHA,28012,Madrid,VT-10955
Viviendas De Uso Turistico,Sin Categoria,"Cañaveral, 13 Bajo Esc. Ext. Pta. B",Calle,Del Cañaveral,13,,,Ext.,Bajo,B,28029,Madrid,VT-10956
Viviendas De Uso Turistico,Sin Categoria,"Pizarro, 20-3º Esc. 2 Pta. Izq. A",Calle,De Pizarro,20,,,2,3,IZQ A,28004,Madrid,VT-10958
Viviendas De Uso Turistico,Sin Categoria,"Cervantes, 24-2º Pta. Dcha.",Calle,De Cervantes,24,,,,2,DCHA,28014,Madrid,VT-10959
Viviendas De Uso Turistico,Sin Categoria,"Amazonas, 4-3º B",Calle,De Las Amazonas,4,,,,3,B,28005,Madrid,VT-10960
Viviendas De Uso Turistico,Sin Categoria,"Agustin Duran, 24-2º B",Calle,De Agustín Durán,24,,,,2,B,28028,Madrid,VT-10965
Viviendas De Uso Turistico,Sin Categoria,"San Ildefonso, 12-2º Pta. 1",Calle,De San Ildefonso,12,,,,2,1,28012,Madrid,VT-10966
Viviendas De Uso Turistico,Sin Categoria,"Columela, 10-2º Pta. Izq.",Calle,De Columela,10,,,,2,IZQ,28001,Madrid,VT-10967
Viviendas De Uso Turistico,Sin Categoria,"Pelayo, 21-1º Pta. Izq.",Calle,De Pelayo,21,,,,1,IZQ,28004,Madrid,VT-11511
Viviendas De Uso Turistico,Sin Categoria,"Olmo, 11-1º",Calle,Del Olmo,11,,,,1,,28012,Madrid,VT-11512
Viviendas De Uso Turistico,Sin Categoria,"Paseo Extremadura, 15-1º A",Paseo,De Extremadura,15,,,,1,A,,Madrid,VT-11513
Viviendas De Uso Turistico,Sin Categoria,"Milagrosa, 19-1º Izq.",Calle,De La Milagrosa,19,,,,1,PTA. I,28011,Madrid,VT-11514
Viviendas De Uso Turistico,Sin Categoria,"Jacometrezo, 11",Calle,De Jacometrezo,11,,,,1,IZQ,28013,Madrid,VT-11519
Viviendas De Uso Turistico,Sin Categoria,"Jacometrezo, 11 2º Izda",Calle,De Jacometrezo,11,,,,2,IZQ,28013,Madrid,VT-11520
Viviendas De Uso Turistico,Sin Categoria,"Jacometrezo, 11 2º Dcha",Calle,De Jacometrezo,11,,,,2,DCHA,28013,Madrid,VT-11521
Viviendas De Uso Turistico,Sin Categoria,"Barquillo, 41 3º D2",Calle,De Barquillo,41,,,,3,D2,28004,Madrid,VT-11523
Viviendas De Uso Turistico,Sin Categoria,"Lucientes, 13 4º Dcha.",Calle,De Luciente,13,,,,4,DCHA,28005,Madrid,VT-11524
Viviendas De Uso Turistico,Sin Categoria,"La Estrella, 10 B",Calle,De La Estrella,10,,,,,,28976,Batres,VT-11526
Viviendas De Uso Turistico,Sin Categoria,"General Lacy, 34-1º Pta. 5",Calle,Del General Lacy,34,,,,1,PTA. 5,28045,Madrid,VT-11527
Viviendas De Uso Turistico,Sin Categoria,"Zurbano, 71-4º Pta. 1",Calle,De Zurbano,71,,,,4,PTA. 1,,Madrid,VT-11530
Viviendas De Uso Turistico,Sin Categoria,"Olivar, 35 Bajo Pta. 4",Calle,Del Olivar,35,,,,BAJO,PTA. 4,28012,Madrid,VT-11534
Viviendas De Uso Turistico,Sin Categoria,"Lope De Vega, 33 Bajo Pta. Int. Izq.",Calle,De Lope De Vega,33,,,,BAJO,INT. I,28014,Madrid,VT-11535
Viviendas De Uso Turistico,Sin Categoria,"Salitre, 38-2º Pta. 7",Calle,De Salitre,38,,,,2,PTA. 7,28012,Madrid,VT-11536
Viviendas De Uso Turistico,Sin Categoria,"Principe,  7-5º Esc Izq. Pta. 1",Calle,Del Príncipe,7,,,,ESC.IZ,PTA. 1,28012,Madrid,VT-11537
Viviendas De Uso Turistico,Sin Categoria,"Principe, 7-5º Esc. Izq. Pta. 2",Calle,Del Príncipe,7,,,,ESC.IZ,PTA. 2,28012,Madrid,VT-11538
Viviendas De Uso Turistico,Sin Categoria,"Principe, 7-5º Esc. Izq. Pta. 3",Calle,Del Príncipe,7,,,,ESC.IZ,PTA. 3,28012,Madrid,VT-11539
Viviendas De Uso Turistico,Sin Categoria,"Principe, 7-3º Esc. Dcha. Pta. 1",Calle,Del Príncipe,7,,,,ESC.DC,PTA. 1,28012,Madrid,VT-11540
Viviendas De Uso Turistico,Sin Categoria,"Principe, 7-3º Esc. Dcha. Pta. 2",Calle,Del Príncipe,7,,,,ESC.DC,PTA. 2,28012,Madrid,VT-11541
Viviendas De Uso Turistico,Sin Categoria,"Principe, 7-2 Esc. Izq. Pta. 3",Calle,Del Príncipe,7,,,,ESC.IZ,PTA. 3,28012,Madrid,VT-11542
Viviendas De Uso Turistico,Sin Categoria,"Principe, 7-4º Esc.Izq. Pta.1",Calle,Del Príncipe,7,,,,ESC.IZ,PTA. 1,28012,Madrid,VT-11543
Viviendas De Uso Turistico,Sin Categoria,"Principe, 7-4º Esc. Izq. Pta. 3",Calle,Del Príncipe,7,,,,ESC.-I,PTA. 3,28012,Madrid,VT-11544
Viviendas De Uso Turistico,Sin Categoria,"Maldonadas, 7 5º Izda.",Calle,De Las Maldonadas,7,,,,5,IZQ,28005,Madrid,VT-11546
Viviendas De Uso Turistico,Sin Categoria,"Barco, 42",Calle,Del Barco,42,,,,1,IZQ,28004,Madrid,VT-11547
Viviendas De Uso Turistico,Sin Categoria,"Lopez De Hoyos, 117",Calle,De López De Hoyos,117,,,,6,F,,Madrid,VT-11548
Viviendas De Uso Turistico,Sin Categoria,"Reina, 7 2",Calle,De La Reina,7,,,,2,,28004,Madrid,VT-11549
Viviendas De Uso Turistico,Sin Categoria,"Puenteareas, 1, 2-210",Calle,De Ponteáreas,1,,,,2,PTA. 2,28002,Madrid,VT-9859
Viviendas De Uso Turistico,Sin Categoria,"Infanta María, 7, 5-3",Calle,De La Infanta María,7,,,,5,PTA. 3,28050,Madrid,VT-9860
Viviendas De Uso Turistico,Sin Categoria,"Estrella, 8",Calle,De La Estrella,8,,,,,,28180,Torrelaguna,VT-9861
Viviendas De Uso Turistico,Sin Categoria,"Gabriel Lobo, 29, Bajo 1",Calle,De Gabriel Lobo,29,,,,BAJO,PTA. 1,28002,Madrid,VT-9877
Viviendas De Uso Turistico,Sin Categoria,"Montera,  13, 5b",Calle,De La Montera,13,,,,5,B,28013,Madrid,VT-9878
Viviendas De Uso Turistico,Sin Categoria,"Barrafón, 18, 1 Izq.",Calle,De Barrafón,18,,,,1,IZQ,28011,Madrid,VT-9880
Viviendas De Uso Turistico,Sin Categoria,"San Bernardo, 28, 3 Dcha.",Calle,De San Bernardo,28,,,,3,DCHA,,Madrid,VT-9881
Viviendas De Uso Turistico,Sin Categoria,"San Javier, 2 1c",Plaza,De San Javier,2,,,,1,C,28005,Madrid,VT-9884
Viviendas De Uso Turistico,Sin Categoria,"Etna, 10",Calle,Del Etna,10,,,,4,B,28038,Madrid,VT-10411
Viviendas De Uso Turistico,Sin Categoria,"Antonio Zamora, 14 Bajo D",Calle,De Antonio Zamora,14,,,,BAJO,D,28011,Madrid,VT-10412
Viviendas De Uso Turistico,Sin Categoria,"Avila, 18",Calle,De Ávila,18,,,,,,28020,Madrid,VT-10414
Viviendas De Uso Turistico,Sin Categoria,"Arenal, 26, 2 Esc. Izq. 1",Calle,Del Arenal,26,,,,ESC.-I,PTA. 1,28013,Madrid,VT-10415
Viviendas De Uso Turistico,Sin Categoria,"Arenal, 26, 2, Esc. Izq. 2",Calle,Del Arenal,26,,,,ESC-IZ,PTA. 2,28013,Madrid,VT-10416
Viviendas De Uso Turistico,Sin Categoria,"Abtao,32, 1 Centro",Calle,De Abtao,32,,,,1,CENTRO,28007,Madrid,VT-10417
Viviendas De Uso Turistico,Sin Categoria,"San Vicente Paul, 5, 1b",Plaza,De San Vicente De Paúl,5,,,,1,B,28025,Madrid,VT-10418
Viviendas De Uso Turistico,Sin Categoria,"Princesa, 11, 3-8",Calle,De La Princesa,11,,,,3,PTA. 8,28008,Madrid,VT-10419
Viviendas De Uso Turistico,Sin Categoria,"Imperial, 5, 1 Dcha.",Calle,Imperial,5,,,,1,DCHA,28012,Madrid,VT-10420
Viviendas De Uso Turistico,Sin Categoria,"Mayor, 1, 3-20",Calle,Mayor,1,,,,3,20,28013,Madrid,VT-10421
Viviendas De Uso Turistico,Sin Categoria,"Mayor, 1, 5-50",Calle,Mayor,1,,,,5,50,28013,Madrid,VT-10422
Viviendas De Uso Turistico,Sin Categoria,"Mayor, 1, 6-51",Calle,Mayor,1,,,,6,51,28013,Madrid,VT-10423
Viviendas De Uso Turistico,Sin Categoria,"Raso Nevero, 11, Bajo",Plaza,De Raso Nevero,11,,,,BAJO,,28320,Pinto,VT-10424
Viviendas De Uso Turistico,Sin Categoria,"Almendro, 16, 4 Dcha",Calle,Del Almendro,16,,,,4,D,28005,Madrid,VT-10425
Viviendas De Uso Turistico,Sin Categoria,"Mayor, 1, 5-53",Calle,Mayor,1,,,,5,53,28013,Madrid,VT-10427
Viviendas De Uso Turistico,Sin Categoria,"Mayor 1, 7-52",Calle,Mayor,1,,,,7,52,28013,Madrid,VT-10428
Viviendas De Uso Turistico,Sin Categoria,"Las Matas, 31, 3 D",Calle,De Las Matas,31,,,,3,D,28039,Madrid,VT-10431
Viviendas De Uso Turistico,Sin Categoria,"Las Matas, 31, 4a",Calle,De Las Matas,31,,,,4,A,28039,Madrid,VT-10432
Viviendas De Uso Turistico,Sin Categoria,"Yeserías, 3, 5c",Paseo,De Yeserías,3,,,,5,C,28005,Madrid,VT-10434
Viviendas De Uso Turistico,Sin Categoria,"Badalona, 88, 1 Dcha.",Calle,De Badalona,88,,,,1,DCHA,28034,Madrid,VT-10435
Viviendas De Uso Turistico,Sin Categoria,"Brescia,13, Bajo B",Calle,De Brescia,13,,,,BAJO,B,28028,Madrid,VT-10437
Viviendas De Uso Turistico,Sin Categoria,"San Andrés, 12, 1 Ext. B",Calle,De San Andrés,12,,,,1,EXT. B,28004,Madrid,VT-10438
Viviendas De Uso Turistico,Sin Categoria,"Victoria, 3, 1a",Calle,De La Victoria,3,,,,1,A,28012,Madrid,VT-10441
Viviendas De Uso Turistico,Sin Categoria,"Victoria, 3, 3-3",Calle,De La Victoria,3,,,,3,PTA. 3,28012,Madrid,VT-10442
Viviendas De Uso Turistico,Sin Categoria,"Orense, 69-31 Pta. 328",Calle,De Orense,69,,,,3,328,28020,Madrid,VT-10448
Viviendas De Uso Turistico,Sin Categoria,"Columela, 10-4º Izda.",Calle,De Columela,10,,,,4,IZQ,28001,Madrid,VT-10968
Viviendas De Uso Turistico,Sin Categoria,"Arturo Soria, 11 Ptal 1  3º A",Calle,De Arturo Soria,11,,1,,3,A,28027,Madrid,VT-10969
Viviendas De Uso Turistico,Sin Categoria,"Ronda De Toledo, 14-6º Dcha. H Dcha.",Ronda,De Toledo,14,,,Dcha.,6,H DCH,28005,Madrid,VT-10972
Viviendas De Uso Turistico,Sin Categoria,"Glorieta Marqués De Vadillo, 9-1º Ctro.",Glorieta,Del Marqués De Vadillo,9,,,,1,CENTRO,28019,Madrid,VT-10973
Viviendas De Uso Turistico,Sin Categoria,"Ronda De Toledo,  14-6º Dcha. Pta. H Izq.",Ronda,De Toledo,14,,,Dcha.,6,H IZQ,28005,Madrid,VT-10974
Viviendas De Uso Turistico,Sin Categoria,"Andres Borrego, 14, Bajo Dcha.A",Calle,De Andrés Borrego,14,,,,BAJO,DC. A,28004,Madrid,VT-10977
Viviendas De Uso Turistico,Sin Categoria,"Andrés Borrego, 14, Bajo Dcha. B",Calle,De Andrés Borrego,14,,,,BAJO,DC B,28004,Madrid,VT-10978
Viviendas De Uso Turistico,Sin Categoria,"Virgen De La Vega, 6",Calle,De La Virgen De La Vega,6,,,,,,28410,Manzanares El Real,VT-10979
Viviendas De Uso Turistico,Sin Categoria,"Corazón De María, 23, 5 G",Calle,De Corazón De María,23,,,,5,G,28002,Madrid,VT-10983
Viviendas De Uso Turistico,Sin Categoria,"Salitre, 32, Bajo 1",Calle,De Salitre,32,,,,BAJO,1,28012,Madrid,VT-10984
Viviendas De Uso Turistico,Sin Categoria,"General Lacy, 36-2º Pta..1",Calle,Del General Lacy,36,,,,2,1,28045,Madrid,VT-10985
Viviendas De Uso Turistico,Sin Categoria,"Paseo De Las Delicias, 3-3º Esc. Int. Pta. Dcha.",Paseo,De Las Delicias,3,,,Int.,3,DCHA,28045,Madrid,VT-10986
Viviendas De Uso Turistico,Sin Categoria,"Palma, 49 4º Pta. 2",Calle,De La Palma,49,,,,4,2,28004,Madrid,VT-10987
Viviendas De Uso Turistico,Sin Categoria,"Tres Peces, 21-4º Pta. 7",Calle,De Los Tres Peces,21,,,,4,7,28012,Madrid,VT-10990
Viviendas De Uso Turistico,Sin Categoria,"Peligros, 1-2º B",Calle,De Los Peligros,1,,,,2,B,28410,Manzanares El Real,VT-10991
Viviendas De Uso Turistico,Sin Categoria,"Alameda, 24-1º A",Calle,De La Alameda,24,,,,1,A,28014,Madrid,VT-10992
Viviendas De Uso Turistico,Sin Categoria,"Francisco Silvela, 15, 3, E4",Calle,De Francisco Silvela,15,,,,3,E4,28028,Madrid,VT-10993
Viviendas De Uso Turistico,Sin Categoria,"Luna, 9, 3 Izq.",Calle,De La Luna,9,,,,3,IZQ,28004,Madrid,VT-10994
Viviendas De Uso Turistico,Sin Categoria,"General Pardiñas, 42, Bajo 5",Calle,Del General Pardiñas,42,,,1,Bajo,5,28001,Madrid,VT-10996
Viviendas De Uso Turistico,Sin Categoria,"Arco Poniente, 11, 1a",Calle,Arco De Poniente,11,,,,1,A,28220,Majadahonda,VT-10997
Viviendas De Uso Turistico,Sin Categoria,"Mayor, 24, 5a",Calle,Mayor,24,,,,5,A,28013,Madrid,VT-10998
Viviendas De Uso Turistico,Sin Categoria,"Costanilla De Los Ángeles, 15, Bajo",Costanilla,De Los Ángeles,15,,,,BAJO,,28013,Madrid,VT-10999
Viviendas De Uso Turistico,Sin Categoria,"Huerta Del Bayo, 6, 2-6",Calle,De La Huerta Del Bayo,6,,,,2,6,28005,Madrid,VT-11000
Viviendas De Uso Turistico,Sin Categoria,"Augusto Figueroa, 9, 3-5",Calle,De Augusto Figueroa,9,,,,3,5,28004,Madrid,VT-11001
Viviendas De Uso Turistico,Sin Categoria,"Magdalena, 2, 1-3",Calle,De La Magdalena,2,,,,1,3,28012,Madrid,VT-11003
Viviendas De Uso Turistico,Sin Categoria,"Alcalá, 99, 6b",Calle,De Alcalá,99,,,,6,B,28009,Madrid,VT-11004
Viviendas De Uso Turistico,Sin Categoria,"Olivar, 4, 1 B",Calle,Del Olivar,4,,,,1,B,28012,Madrid,VT-11005
Viviendas De Uso Turistico,Sin Categoria,"Alameda, 24 2º B",Calle,De La Alameda,24,,,,2,B,28014,Madrid,VT-11550
Viviendas De Uso Turistico,Sin Categoria,"Principe, 7-1º Esc. Izq. Pta. 2",Calle,Del Príncipe,7,,,,ESC.IZ,PTA. 2,28012,Madrid,VT-11551
Viviendas De Uso Turistico,Sin Categoria,"Principe, 7-2º Esc. Dcha. Pta. 1",Calle,Del Príncipe,7,,,,ES.-DC,PTA. 1,28012,Madrid,VT-11552
Viviendas De Uso Turistico,Sin Categoria,"Principe, 7-2º Esc. Dcha. Pta. 2",Calle,Del Príncipe,7,,,,ESC.DC,PUERTA,28012,Madrid,VT-11553
Viviendas De Uso Turistico,Sin Categoria,"Principe, 7-2º Esc. Izq. Pta. 1",Calle,Del Príncipe,7,,,,ESC.-I,PTA. 1,28012,Madrid,VT-11554
Viviendas De Uso Turistico,Sin Categoria,"Principe, 7-2º Esc. Dcha. Pta. 3",Calle,Del Príncipe,7,,,,ESC.DC,PTA. 3,28012,Madrid,VT-11555
Viviendas De Uso Turistico,Sin Categoria,"Principe, 7-2º Esc. Izq. Pta. 2",Calle,Del Príncipe,7,,,,ESC.IZ,PTA. 2,28012,Madrid,VT-11556
Viviendas De Uso Turistico,Sin Categoria,"Principe, 7-6º Esc. Izq. Pta. 2",Calle,Del Príncipe,7,,,,ESC.IZ,PTA. 2,28012,Madrid,VT-11557
Viviendas De Uso Turistico,Sin Categoria,"Principe, 7-6º Esc. Dcha. Pta. 2",Calle,Del Príncipe,7,,,,"ESC.,D",PTA. 2,28012,Madrid,VT-11558
Viviendas De Uso Turistico,Sin Categoria,"Principe, 7-1º Esc. Dcha. Pta. 1",Calle,Del Príncipe,7,,,,ESC.DC,PTA. 1,28012,Madrid,VT-11559
Viviendas De Uso Turistico,Sin Categoria,"Principe, 7-1º Esc. Izq.Pta.1",Calle,Del Príncipe,7,,,,ESC.IZ,PTA. 1,28012,Madrid,VT-11560
Viviendas De Uso Turistico,Sin Categoria,"Principe, 7-1º Esc. Dcha. Pta. 2",Calle,Del Príncipe,7,,,,ESC.-D,PTA. 2,28012,Madrid,VT-11561
Viviendas De Uso Turistico,Sin Categoria,"Principe, 7-5º Esc. Dcha. Pta. 2",Calle,Del Príncipe,7,,,,ESC.DC,PTA. 2,28012,Madrid,VT-11562
Viviendas De Uso Turistico,Sin Categoria,"Principe, 7-5º Esc. Dcha. Pta.3",Calle,Del Príncipe,7,,,,ESC.DC,PTA. 3,28012,Madrid,VT-11563
Viviendas De Uso Turistico,Sin Categoria,"Principe, 7-5º Esc. Dcha. Pta. 1",Calle,Del Príncipe,7,,,,ESC.DC,PTA. 1,28012,Madrid,VT-11564
Viviendas De Uso Turistico,Sin Categoria,"Principe, 7-7º Esc. Izq. Pta. 2",Calle,Del Príncipe,7,,,,ESC.IZ,PTA. 2,28012,Madrid,VT-11565
Viviendas De Uso Turistico,Sin Categoria,"Principe, 7-7º Esc. Izq. Pta. 1",Calle,Del Príncipe,7,,,,ESC.IZ,PTA. 1,28012,Madrid,VT-11566
Viviendas De Uso Turistico,Sin Categoria,"Principe, 7 -7º Esc. Dcha. Pta. 2",Calle,Del Príncipe,7,,,,ESC.-D,PTA. 2,28012,Madrid,VT-11567
Viviendas De Uso Turistico,Sin Categoria,"Principe,   7-4º Esc. Dcha. Pta. 1",Calle,Del Príncipe,7,,,,ESC.DC,PTA. 1,28012,Madrid,VT-11568
Viviendas De Uso Turistico,Sin Categoria,"Principe, 7-4º Esc. Dcha. Pta. 2",Calle,Del Príncipe,7,,,,ESC.DC,PTA. 2,28012,Madrid,VT-11569
Viviendas De Uso Turistico,Sin Categoria,"Principe, 7-3º Esc. Dcha. Pta. 3",Calle,Del Príncipe,7,,,,ESC.DC,PTA. 3,28012,Madrid,VT-11570
Viviendas De Uso Turistico,Sin Categoria,"Bastero, 23 2º 2",Calle,De Bastero,23,,,,2,2,28005,Madrid,VT-11575
Viviendas De Uso Turistico,Sin Categoria,"Zurbano, 71 4º 1",Calle,De Zurbano,71,,,,4,1,,Madrid,VT-11576
Viviendas De Uso Turistico,Sin Categoria,"Almaden, 13 2º Ext Izda",Calle,De Almadén,13,,,,2,EXT. I,28014,Madrid,VT-11578
Viviendas De Uso Turistico,Sin Categoria,"Amparo, 91, 1º Derecha",Calle,Del Amparo,91,,,,1,,28012,Madrid,VT-11585
Viviendas De Uso Turistico,Sin Categoria,"Fortuny, 47 6º",Calle,De Fortuny,47,,,,6,,28010,Madrid,VT-11586
Viviendas De Uso Turistico,Sin Categoria,"Tribulete, 6, 4-2",Calle,De Tribulete,6,,,,4,PTA. 2,28012,Madrid,VT-9897
Viviendas De Uso Turistico,Sin Categoria,"Jerte, 8, 4c",Calle,De Jerte,8,,,,4,C,28005,Madrid,VT-9898
Viviendas De Uso Turistico,Sin Categoria,"Lagasca, 6, 3b",Calle,De Lagasca,6,,,,3,B,,Madrid,VT-9899
Viviendas De Uso Turistico,Sin Categoria,"Mozart, 13, 5d",Calle,De Mozart,13,,,,5,D,28008,Madrid,VT-9900
Viviendas De Uso Turistico,Sin Categoria,"Toledo, 139, 6d",Calle,De Toledo,139,,,,6,D,28005,Madrid,VT-9902
Viviendas De Uso Turistico,Sin Categoria,"Mota Del Cuervo, 76, 7, 2 Izq.",Calle,De Mota Del Cuervo,76,,,,7,PTA. 2,28043,Madrid,VT-9905
Viviendas De Uso Turistico,Sin Categoria,"Mota Del Cuervo, 76, 8, 11 Izq.",Calle,De Mota Del Cuervo,76,,,,8,PTA.11,28043,Madrid,VT-9906
Viviendas De Uso Turistico,Sin Categoria,"Mota Del Cuervo, 76, 8, 12 Izq.",Calle,De Mota Del Cuervo,76,,,,8,PTA.12,28043,Madrid,VT-9907
Viviendas De Uso Turistico,Sin Categoria,"Miguel Servet, 13, 1 Ext. 4",Calle,De Miguel Servet,13,,,,1,EXT. 4,28012,Madrid,VT-9909
Viviendas De Uso Turistico,Sin Categoria,"Alberto Aguilera, 38, 2 Dcha.",Calle,De Alberto Aguilera,38,,,,2,DCHA,28015,Madrid,VT-9910
Viviendas De Uso Turistico,Sin Categoria,"Isabel De Valois, 28, Portal C, 4-2",Avenida,De Isabel De Valois,28,C,,,4,2,28050,Madrid,VT-9911
Viviendas De Uso Turistico,Sin Categoria,"Eugenio Caxes, 14, 7-2-2",Calle,De Eugenio Caxes,14,,,,ESC.-2,PTA. 2,28026,Madrid,VT-9912
Viviendas De Uso Turistico,Sin Categoria,"Madrid, 5",Calle,Madrid,5,,,,,,28600,Navalcarnero,VT-9914
Viviendas De Uso Turistico,Sin Categoria,"Mesejo, 3, 1a",Calle,De Los Mesejo,3,,,,1,A,28007,Madrid,VT-9915
Viviendas De Uso Turistico,Sin Categoria,"Olmos, 3, -1, Pta. 10",Paseo,De Los Olmos,3,,,,1,10,28005,Madrid,VT-9916
Viviendas De Uso Turistico,Sin Categoria,"Tetuán, 19, 4 B",Calle,De Tetuán,19,,,,4,B,28013,Madrid,VT-9919
Viviendas De Uso Turistico,Sin Categoria,"La Bañeza, 16, Bajo A",Calle,De La Bañeza,16,,,,BAJO,A,,Madrid,VT-9920
Viviendas De Uso Turistico,Sin Categoria,"La Bañeza, 16, Bajo B",Calle,De La Bañeza,16,,,,BAJO,B,,Madrid,VT-9921
Viviendas De Uso Turistico,Sin Categoria,"Desengaño, 4, 1a",Calle,Del Desengaño,4,,,,1,A,28004,Madrid,VT-9924
Viviendas De Uso Turistico,Sin Categoria,"Aduana, 21, 6 Esc. Dcha, Dcha.",Calle,De La Aduana,21,,,,6,DCHA,28013,Madrid,VT-9925
Viviendas De Uso Turistico,Sin Categoria,"Don Ramón De La Cruz, 96, Bajo",Calle,De Don Ramón De La Cruz,96,,,,BAJO,,,Madrid,VT-9926
Viviendas De Uso Turistico,Sin Categoria,"Agustín Durán, 21, Bajo A",Calle,De Agustín Durán,21,,,,BAJO,A,28028,Madrid,VT-9927
Viviendas De Uso Turistico,Sin Categoria,"Emperatriz Isabel Ii, 4, 2ºa",Avenida,De La Emperatriz Isabel,4,,,,2,A,28019,Madrid,VT-9928
Viviendas De Uso Turistico,Sin Categoria,"Avda. Emperatriz Isabel Ii, 4  2º B",Avenida,De La Emperatriz Isabel,4,,,,2,B,28019,Madrid,VT-9929
Viviendas De Uso Turistico,Sin Categoria,"Emperatriz Isabel, 4, 2c",Avenida,De La Emperatriz Isabel,4,,,,2,C,28019,Madrid,VT-9930
Viviendas De Uso Turistico,Sin Categoria,"Av Emperatriz Isabel, 4, 1b",Avenida,De La Emperatriz Isabel,4,,,,1,B,28019,Madrid,VT-9931
Viviendas De Uso Turistico,Sin Categoria,"Orense, 69-5º Pta. 534",Calle,De Orense,69,,,,5,534,28020,Madrid,VT-10479
Viviendas De Uso Turistico,Sin Categoria,"Juan De Austria, 21, Bajo D",Calle,De Juan De Austria,21,,,,BAJO,D,28010,Madrid,VT-11008
Viviendas De Uso Turistico,Sin Categoria,"Fragua, 15, 1a",Calle,De La Fragua,15,,,,1,A,28749,Alameda Del Valle,VT-11010
Viviendas De Uso Turistico,Sin Categoria,"Camino De Ganapanes, 25 Bajo Pta. 1b",Camino,De Ganapanes,25,,,,BAJO,1 B,28035,Madrid,VT-11011
Viviendas De Uso Turistico,Sin Categoria,"Alcala, 99 3º Esc. 1 Pta. E",Calle,De Alcalá,99,,,1,3,E,28009,Madrid,VT-11014
Viviendas De Uso Turistico,Sin Categoria,"Alcala, 99 2º Esc 1 Pta. C",Calle,De Alcalá,99,,,1,2,C,28009,Madrid,VT-11015
Viviendas De Uso Turistico,Sin Categoria,"Alcala, 99 1º Esc. 1 Pta. F",Calle,De Alcalá,99,,,1,1,F,28009,Madrid,VT-11016
Viviendas De Uso Turistico,Sin Categoria,"Gobernador, 14 Bajo Pta. Izq.",Calle,Del Gobernador,14,,,,BAJO,IZQ,28014,Madrid,VT-11017
Viviendas De Uso Turistico,Sin Categoria,"Alcala, 99 5º Esc. 1 Pta. E",Calle,De Alcalá,99,,,1,5,E,28009,Madrid,VT-11018
Viviendas De Uso Turistico,Sin Categoria,"Villa, 6 Semisótano Pta. Izq.",Calle,De La Villa,6,,,,SS,IZQ,28005,Madrid,VT-11019
Viviendas De Uso Turistico,Sin Categoria,"Velazquez, 73 Bajo Derecha",Calle,De Velázquez,73,,,,BAJO,DCHA,28006,Madrid,VT-11020
Viviendas De Uso Turistico,Sin Categoria,"General Aranaz, 23 Ptal A Bajo A",Calle,Del General Aranaz,23,,,,BAJO,A,28027,Madrid,VT-11021
Viviendas De Uso Turistico,Sin Categoria,"Nardos, 26 Chalet",Calle,De Los Nardos,26,,,,0,,28597,Fuentidueña De Tajo,VT-11022
Viviendas De Uso Turistico,Sin Categoria,"Herrero De Tejada, 20 Ptal. 1 Bajo D",Calle,De Herreros De Tejada,20,,1,,BAJO,D,28016,Madrid,VT-11023
Viviendas De Uso Turistico,Sin Categoria,"Almazan, 19",Calle,De Almazán,19,,,,3,C,28011,Madrid,VT-11024
Viviendas De Uso Turistico,Sin Categoria,"Hilario Sangrador, 2 Bajo Izda.",Calle,De Hilario Sangrador,2,,,,BAJO,IZQ,28011,Madrid,VT-11025
Viviendas De Uso Turistico,Sin Categoria,"Baltasar  Porreño,  1 Ptal. A 2º B",Calle,Baltasar Porreño,1,,A,,2,B,28280,"Escorial, El",VT-11026
Viviendas De Uso Turistico,Sin Categoria,"Avda. Menèndez Pelayo, 20-2º C",Avenida,De Menéndez Pelayo,20,,,,2,C,28007,Madrid,VT-11031
Viviendas De Uso Turistico,Sin Categoria,"Palafox, 4, Portal A, 4f",Calle,De Palafox,4,,A,,4,F,28010,Madrid,VT-11032
Viviendas De Uso Turistico,Sin Categoria,"Arquitectura, 30, Bajo 6",Calle,De La Arquitectura,30,,,,BAJO,6,28005,Madrid,VT-11033
Viviendas De Uso Turistico,Sin Categoria,"General Lacy, 40, 1 Int. A",Calle,Del General Lacy,40,,,,1,INT A,28045,Madrid,VT-11034
Viviendas De Uso Turistico,Sin Categoria,"Santa Catalina De Los Donados, 3, 5d",Plaza,De Santa Catalina De Los Donados,3,,,,5,D,28013,Madrid,VT-11035
Viviendas De Uso Turistico,Sin Categoria,"Regueros, 4 Bajo Ext. Dcha.",Calle,De Regueros,4,,,Ext.,BAJO,DCHA,28004,Madrid,VT-11036
Viviendas De Uso Turistico,Sin Categoria,"Duque De Rivas, 2 2º Dcha Ext. A",Calle,Del Duque De Rivas,2,,,,2-DCHA,EXT. A,28012,Madrid,VT-11037
Viviendas De Uso Turistico,Sin Categoria,"Gran Via, 59 11º B",Calle,Gran Vía,59,,,,11,B,28013,Madrid,VT-11039
Viviendas De Uso Turistico,Sin Categoria,"Carlos Cambronero, 4",Plaza,De Carlos Cambronero,4,,,,3,1,28004,Madrid,VT-11040
Viviendas De Uso Turistico,Sin Categoria,Manuel Pombo Angulo,Calle,De Manuel Pombo Angulo,18,,,,2,10,28050,Madrid,VT-11041
Viviendas De Uso Turistico,Sin Categoria,"Caballero De Gracia, 18 2º Pta. 3",Calle,Del Caballero De Gracia,18,,,,2,3,28013,Madrid,VT-11587
Viviendas De Uso Turistico,Sin Categoria,"Santa Feliciana, 9 4º B",Calle,De Santa Feliciana,9,,,,4,B,28010,Madrid,VT-11588
Viviendas De Uso Turistico,Sin Categoria,"Amparo, 91, 1º E, Esc. 1",Calle,Del Amparo,91,,,,"ESC-1,",E,28012,Madrid,VT-11589
Viviendas De Uso Turistico,Sin Categoria,"Principe, Nº 7, Esc. Izda., 6º 3",Calle,Del Príncipe,7,,,,ESC.-I,3,28012,Madrid,VT-11590
Viviendas De Uso Turistico,Sin Categoria,"Principe, 7, Esc. Dcha., 7º 1",Calle,Del Príncipe,7,,,,ESC.-D,1,28012,Madrid,VT-11591
Viviendas De Uso Turistico,Sin Categoria,"Principe, Nº 7, Esc. Izda., 6º 4",Calle,Del Príncipe,7,,,,ESC-IZ,4,28012,Madrid,VT-11592
Viviendas De Uso Turistico,Sin Categoria,"Delicias, 26, 2º C",Calle,De Delicias,26,,,,2,C,28045,Madrid,VT-11593
Viviendas De Uso Turistico,Sin Categoria,"Delicias, 26, Esc. Izda., 4ºc",Calle,De Delicias,26,,,,ESC.-I,C,28045,Madrid,VT-11594
Viviendas De Uso Turistico,Sin Categoria,"Delicias, 26, Esc. Izda., 2º C",Calle,De Delicias,26,,,,ESC-IZ,C,28045,Madrid,VT-11595
Viviendas De Uso Turistico,Sin Categoria,"Santa Isabel, 33, 5º Izq",Calle,De Santa Isabel,33,,,,5,IZQ,28012,Madrid,VT-11596
Viviendas De Uso Turistico,Sin Categoria,"Santa Ana, 6, Esc. Ext. 3º, B",Calle,De Santa Ana,6,,,EXT,3,B,28005,Madrid,VT-11607
Viviendas De Uso Turistico,Sin Categoria,"Toledo, 77, Esc. Ext, 4º B",Calle,De Toledo,77,,,EXT,4,B,28005,Madrid,VT-11613
Viviendas De Uso Turistico,Sin Categoria,"Toledo, 77, Esc. Ext, 4º D",Calle,De Toledo,77,,,EXT,4,D,28005,Madrid,VT-11614
Viviendas De Uso Turistico,Sin Categoria,"Libertad, 10, Bajo Int.",Calle,De La Libertad,10,,,,BAJO,INT,28004,Madrid,VT-11621
Viviendas De Uso Turistico,Sin Categoria,"Paloma, 8, 1º 2",Calle,De La Paloma,8,,,,1,2,28005,Madrid,VT-11622
Viviendas De Uso Turistico,Sin Categoria,"Hernán Cortés, 5, Bajo",Calle,De Hernán Cortés,5,,,,BAJO,,28004,Madrid,VT-9935
Viviendas De Uso Turistico,Sin Categoria,"Agustín Durán, 21, Bajo C",Calle,De Agustín Durán,21,,,,BAJO,C,28028,Madrid,VT-9936
Viviendas De Uso Turistico,Sin Categoria,"Agustín Durán, 21, Bajo D",Calle,De Agustín Durán,21,,,,BAJO,D,28028,Madrid,VT-9937
Viviendas De Uso Turistico,Sin Categoria,"Salitre, 18, 3 Ed",Calle,De Salitre,18,,,,3,ED,28012,Madrid,VT-9938
Viviendas De Uso Turistico,Sin Categoria,"Escalinata, 17, 2d",Calle,De La Escalinata,17,,,,2,D,28013,Madrid,VT-9940
Viviendas De Uso Turistico,Sin Categoria,"Juan Bravo, 56, 2c",Calle,De Juan Bravo,56,,,,2,C,28006,Madrid,VT-9941
Viviendas De Uso Turistico,Sin Categoria,"Juan Bravo, 56, 2d",Calle,De Juan Bravo,56,,,,2,D,28006,Madrid,VT-9942
Viviendas De Uso Turistico,Sin Categoria,"Narváez, 46, 4 I",Calle,De Narváez,46,,,,4,I,28009,Madrid,VT-9943
Viviendas De Uso Turistico,Sin Categoria,"Ruiz, 13, 1-6",Calle,De Ruiz,13,,,,1,INT. 6,,Madrid,VT-9944
Viviendas De Uso Turistico,Sin Categoria,"San Joaquín, 16, 1 L",Calle,De San Joaquín,16,,,,1,L,28004,Madrid,VT-9946
Viviendas De Uso Turistico,Sin Categoria,"Huerta Del Bayo, 13, Sotano 1",Calle,De La Huerta Del Bayo,13,,,,SÓTANO,PTA. 1,28005,Madrid,VT-9947
Viviendas De Uso Turistico,Sin Categoria,"Hospital, 14, Bajo B",Calle,Del Hospital,14,,,,BAJO,B,28012,Madrid,VT-9950
Viviendas De Uso Turistico,Sin Categoria,"Rodas, 4, 3b",Calle,De Rodas,4,,,,3,B,28005,Madrid,VT-9951
Viviendas De Uso Turistico,Sin Categoria,"Desengaño, 11, 3, Int Dcha.",Calle,Del Desengaño,11,,,,3,INT D,28004,Madrid,VT-9952
Viviendas De Uso Turistico,Sin Categoria,"Arlanza, 6",Calle,De Arlanza,6,,,,,,28019,Madrid,VT-9954
Viviendas De Uso Turistico,Sin Categoria,"Marqués De La Ensenada, 16, 4-16",Calle,Del Marqués De La Ensenada,16,,,,4,PTA. 1,28004,Madrid,VT-9955
Viviendas De Uso Turistico,Sin Categoria,"Marqués De La Ensenada, 16, 6-7",Calle,Del Marqués De La Ensenada,16,,,,6,PTA. 7,28004,Madrid,VT-9956
Viviendas De Uso Turistico,Sin Categoria,"Fuencarral, 68, 2a",Calle,De Fuencarral,68,,,,2,A,,Madrid,VT-9963
Viviendas De Uso Turistico,Sin Categoria,"Alcalá, 385, 2 Dcha. A",Calle,De Alcalá,385,,,,2,DCHA,,Madrid,VT-9964
Viviendas De Uso Turistico,Sin Categoria,"Buenavista, 12, Bajo 2",Calle,De Buenavista,12,,,,BAJO,2,28012,Madrid,VT-9966
Viviendas De Uso Turistico,Sin Categoria,Michoacán. Urb. El Gasco 19,Calle,Michoacan,19,,,,,,28250,Torrelodones,VT-9967
Viviendas De Uso Turistico,Sin Categoria,"Orense, 69-6º Pta. 618",Calle,De Orense,69,,,,6,618,28020,Madrid,VT-10492
Viviendas De Uso Turistico,Sin Categoria,"Claudio Coello, 28",Calle,De Claudio Coello,28,,,,4,3,28001,Madrid,VT-11042
Viviendas De Uso Turistico,Sin Categoria,"Ballesta, 20, 2º  A",Calle,De La Ballesta,20,,,,2,A,28004,Madrid,VT-11043
Viviendas De Uso Turistico,Sin Categoria,"Carlos Arniches, 31, Bajo C",Calle,De Carlos Arniches,31,,,,BAJO,C,28005,Madrid,VT-11044
Viviendas De Uso Turistico,Sin Categoria,"Carlos Arniches, 31, Bajo Dcha.",Calle,De Carlos Arniches,31,,,DCHA.,BAJO,DCHA,28005,Madrid,VT-11045
Viviendas De Uso Turistico,Sin Categoria,"Carlos Arniches, 32, Bajo E",Calle,De Carlos Arniches,32,,,,BAJO,E,28005,Madrid,VT-11046
Viviendas De Uso Turistico,Sin Categoria,"Atocha, 112. 1 Int. D",Calle,De Atocha,112,,,,1,INT D,28012,Madrid,VT-11047
Viviendas De Uso Turistico,Sin Categoria,"Luisa Fernanda, 9, 1 Ext. Dcha.",Calle,De Luisa Fernanda,9,,,Ext.,1,DCHA,28008,Madrid,VT-11048
Viviendas De Uso Turistico,Sin Categoria,"Peñuelas, 34, 2-3",Calle,De Peñuelas,34,,,,2,3,28005,Madrid,VT-11050
Viviendas De Uso Turistico,Sin Categoria,"Manuel Carmona, 1, 4 Izq.",Calle,De Manuel Carmona,1,,,,4,IZQ,28019,Madrid,VT-11053
Viviendas De Uso Turistico,Sin Categoria,"Juan Tornero, 14, Esc. 1, 1 A",Calle,De Juan Tornero,14,,,1,1,A,28011,Madrid,VT-11054
Viviendas De Uso Turistico,Sin Categoria,"Pedrezuela, 2-4, 1-24",Calle,Pedrezuela,2-4,,,,1,24,28925,Alcorcón,VT-11055
Viviendas De Uso Turistico,Sin Categoria,"Belfast, 13, Portal 3, 3 L",Calle,De Belfast,13,,3,,3,L,28022,Madrid,VT-11057
Viviendas De Uso Turistico,Sin Categoria,"Pozas, 7, 4 Int. Dcha.",Calle,De Las Pozas,7,,,Int.,4,DCHA,28004,Madrid,VT-11060
Viviendas De Uso Turistico,Sin Categoria,"Europa, 19, P I, 3a",Avenida,Europa,19,,I,,3,A,28224,Pozuelo De Alarcón,VT-11061
Viviendas De Uso Turistico,Sin Categoria,"Mota Del Cuervo, 76, 2 Izq.",Calle,De Mota Del Cuervo,76,,,Izq.,2,204,28043,Madrid,VT-11062
Viviendas De Uso Turistico,Sin Categoria,"Valverde, 3-4º",Calle,De Valverde,3,,,,4,,28004,Madrid,VT-11063
Viviendas De Uso Turistico,Sin Categoria,"Venancia Martín, 28, 4a",Calle,De Venancio Martín,28,,,,4,A,28038,Madrid,VT-11070
Viviendas De Uso Turistico,Sin Categoria,"Alamdén, 13, 3 Dcha.",Calle,De Almadén,13,,,,3,DCHA,28014,Madrid,VT-11072
Viviendas De Uso Turistico,Sin Categoria,"Ballesta, 18,1 Izq.",Calle,De La Ballesta,18,,,,1,IZQ,28004,Madrid,VT-11073
Viviendas De Uso Turistico,Sin Categoria,"Barco, 4, 1 Izq.",Calle,Del Barco,4,,,,1,IZQ,28004,Madrid,VT-11074
Viviendas De Uso Turistico,Sin Categoria,"San Vicente Ferrer, 69, Bajo 3",Calle,De San Vicente Ferrer,69,,,,BAJO,3,28015,Madrid,VT-11075
Viviendas De Uso Turistico,Sin Categoria,"Velarde, 13, 4 Izq.",Calle,De Velarde,13,,,,4,IZQ,28004,Madrid,VT-11076
Viviendas De Uso Turistico,Sin Categoria,"Trav. De Pozas, 6, 1a",Travesia,De Las Pozas,6,,,,1,A,28004,Madrid,VT-11077
Viviendas De Uso Turistico,Sin Categoria,"Martin De Vargas, 31, Bajo A",Calle,De Martín De Vargas,31,,,,BAJO,A,28005,Madrid,VT-11623
Viviendas De Uso Turistico,Sin Categoria,"Cruzada, 3, Bajo Derecha",Calle,De La Cruzada,3,,,,BAJO,DCHA,28013,Madrid,VT-11626
Viviendas De Uso Turistico,Sin Categoria,"Encomienda, 11, 1º Izda",Calle,De La Encomienda,11,,,,1,IZQ,28012,Madrid,VT-11627
Viviendas De Uso Turistico,Sin Categoria,"Paseo Castellana, 255, 6º D",Paseo,De La Castellana,255,,,,6,D,28046,Madrid,VT-11629
Viviendas De Uso Turistico,Sin Categoria,"Madera, 40 4º Dcha.",Calle,De La Madera,40,,,,4,DCHA,28004,Madrid,VT-11630
Viviendas De Uso Turistico,Sin Categoria,"Madera, 31 4º Dcha.",Calle,De La Madera,31,,,,4,DCHA,28004,Madrid,VT-11631
Viviendas De Uso Turistico,Sin Categoria,"Jesus Del Valle, 8 1º Esc. 1 Dcha.",Calle,De Jesús Del Valle,8,,,,1,DCHA,28004,Madrid,VT-11632
Viviendas De Uso Turistico,Sin Categoria,"Jesus Del Valle, 8 4º Dcha.",Calle,De Jesús Del Valle,8,,,,4,DCHA,28004,Madrid,VT-11633
Viviendas De Uso Turistico,Sin Categoria,"Princesa, 3 14º Pta. 4",Calle,De La Princesa,3,,,,14,4,28008,Madrid,VT-11634
Viviendas De Uso Turistico,Sin Categoria,"Doctor Vallejo Najera, 25",Calle,Doctor Vallejo Najera,25,,,,2,E,28005,Madrid,VT-11636
Viviendas De Uso Turistico,Sin Categoria,"Benicarlo, 3",Calle,De Benicarló,3,,,,BAJO,C,28939,Arroyomolinos,VT-11637
Viviendas De Uso Turistico,Sin Categoria,"Gran Via, 47-6º Pta. 13",Calle,Gran Vía,47,,,,6,PTA. 1,28013,Madrid,VT-11639
Viviendas De Uso Turistico,Sin Categoria,"Gran Via, 47-6º Pta. 11",Calle,Gran Vía,47,,,,6,PTA. 1,28013,Madrid,VT-11640
Viviendas De Uso Turistico,Sin Categoria,"Gran Via, 47-6º Pta. 8",Calle,Gran Vía,47,,,,6,PTA. 8,28013,Madrid,VT-11641
Viviendas De Uso Turistico,Sin Categoria,"Gran Via, 47-6º Pta. 5",Calle,Gran Vía,47,,,,6,PTA. 5,28013,Madrid,VT-11642
Viviendas De Uso Turistico,Sin Categoria,"Via, 47-6º Pta. 3",Calle,Gran Vía,47,,,,6,PTA. 3,28013,Madrid,VT-11643
Viviendas De Uso Turistico,Sin Categoria,"Gran Via, 47-6º Pta. 1",Calle,Gran Vía,47,,,,6,PTA. 1,28013,Madrid,VT-11644
Viviendas De Uso Turistico,Sin Categoria,"Gran Via, 47-5º Pta. 4",Calle,Gran Vía,47,,,,5,PTA. 4,28013,Madrid,VT-11645
Viviendas De Uso Turistico,Sin Categoria,"Gran Via, 47-5º  Pta. 13",Calle,Gran Vía,47,,,,5,PTA. 1,28013,Madrid,VT-11646
Viviendas De Uso Turistico,Sin Categoria,"Gran Via, 47-5º Pta. 12",Calle,Gran Vía,47,,,,5,PTA. 1,28013,Madrid,VT-11647
Viviendas De Uso Turistico,Sin Categoria,"Gran Via, 47-5º Pta. 11",Calle,Gran Vía,47,,,,5,PTA. 1,28013,Madrid,VT-11648
Viviendas De Uso Turistico,Sin Categoria,"Gran Via, 47-5º Pta. 10",Calle,Gran Vía,47,,,,5,PTA. 1,28013,Madrid,VT-11649
Viviendas De Uso Turistico,Sin Categoria,"Gran Via, 47-5º Pta. 9",Calle,Gran Vía,47,,,,5,PTA. 9,28013,Madrid,VT-11650
Viviendas De Uso Turistico,Sin Categoria,"Gran Via, 47-5º Pta. 8",Calle,Gran Vía,47,,,,5,PTA. 8,28013,Madrid,VT-11651
Viviendas De Uso Turistico,Sin Categoria,"Gran Via, 47-5º Pta. 7",Calle,Gran Vía,47,,,,5,PTA. 7,28013,Madrid,VT-11652
Viviendas De Uso Turistico,Sin Categoria,"Gran Via, 47-5º Pta. 6",Calle,Gran Vía,47,,,,5,PTA. 6,28013,Madrid,VT-11653
Viviendas De Uso Turistico,Sin Categoria,"Gran Via, 47-5º Pta. 5",Calle,Gran Vía,47,,,,5,PTA. 5,28013,Madrid,VT-11654
Viviendas De Uso Turistico,Sin Categoria,"Gran Via, 47-5º Pta. 2",Calle,Gran Vía,47,,,,5,PTA. 2,28013,Madrid,VT-11655
Viviendas De Uso Turistico,Sin Categoria,"Gran Via, 47-5º Pta. 3",Calle,Gran Vía,47,,,,5,PTA. 3,28013,Madrid,VT-11656
Viviendas De Uso Turistico,Sin Categoria,"Gran Via, 47-5º Pta. 1",Calle,Gran Vía,47,,,,5,PTA. 1,28013,Madrid,VT-11657
Viviendas De Uso Turistico,Sin Categoria,"Gran Via, 47-5º Pta. 0",Calle,Gran Vía,47,,,,5,PTA. 0,28013,Madrid,VT-11658
Viviendas De Uso Turistico,Sin Categoria,"Gran Via, 47-4º Pta. I",Calle,Gran Vía,47,,,,4,PTA. I,28013,Madrid,VT-11659
Viviendas De Uso Turistico,Sin Categoria,"Gran Via, 47-4º Pta. H",Calle,Gran Vía,47,,,,4,PTA. H,28013,Madrid,VT-11660
Viviendas De Uso Turistico,Sin Categoria,"Gran Via, 47-4º Pta. G",Calle,Gran Vía,47,,,,4,PTA. G,28013,Madrid,VT-11661
Viviendas De Uso Turistico,Sin Categoria,"Gran Via, 47-4º Pta. F",Calle,Gran Vía,47,,,,4,PUERTA F,28013,Madrid,VT-11662
Viviendas De Uso Turistico,Sin Categoria,"Gran Via, 47-4º Pta. E",Calle,Gran Vía,47,,,,4,PTA. E,28013,Madrid,VT-11663
Viviendas De Uso Turistico,Sin Categoria,"Gran Via, 47-4º Pta. D",Calle,Gran Vía,47,,,,4,D,28013,Madrid,VT-11664
Viviendas De Uso Turistico,Sin Categoria,"Pizarro 8, 4b",Calle,De Pizarro,8,,,,4,B,28004,Madrid,VT-9473
Viviendas De Uso Turistico,Sin Categoria,"Sanchez Barcaiztegui, 9 Entresuelo Pta. D",Calle,De Sánchez Barcaiztegui,9,,,,ENTR.,D,28007,Madrid,VT-9482
Viviendas De Uso Turistico,Sin Categoria,"Silva, 18, 4 B",Calle,De Silva,18,,,,4,B,,Madrid,VT-9504
Viviendas De Uso Turistico,Sin Categoria,"Santa Polonia, 12, Bajo Izq.",Calle,De Santa Polonia,12,,,,BAJO,IZQ,28014,Madrid,VT-9506
Viviendas De Uso Turistico,Sin Categoria,"Pintor Murillo, 17, 7 A",Calle,Del Pintor Murillo,17,,,,7,A,,Móstoles,VT-9508
Viviendas De Uso Turistico,Sin Categoria,"Dos De Mayo, 5 Bajo Izd",Plaza,Del Dos De Mayo,5,,,Y,BAJO,IZQ,28004,Madrid,VT-7713
Viviendas De Uso Turistico,Sin Categoria,"Esperanza, 4, 1b",Calle,De La Esperanza,4,,,,1,B,28012,Madrid,VT-7714
Viviendas De Uso Turistico,Sin Categoria,"Jesús Del Valle, 16",Calle,De Jesús Del Valle,16,,,,BAJO,,28004,Madrid,VT-7717
Viviendas De Uso Turistico,Sin Categoria,"Martín Soler, 6",Calle,De Martín Soler,6,,,,6,D,28045,Madrid,VT-7718
Viviendas De Uso Turistico,Sin Categoria,"Espoz Y Mina, 20",Calle,De Espoz Y Mina,20,,,,3,,28012,Madrid,VT-7719
Viviendas De Uso Turistico,Sin Categoria,"Colegiata, 2",Calle,De La Colegiata,2,,,,1,IZQ,28012,Madrid,VT-7720
Viviendas De Uso Turistico,Sin Categoria,"Juan Valera, 10",Calle,De Juan Valera,10,,,,1,INT,28014,Madrid,VT-7721
Viviendas De Uso Turistico,Sin Categoria,"Ruiz, 13, Bajo 2",Calle,De Ruiz,13,,,,BAJO,IZQ 2,28004,Madrid,VT-7722
Viviendas De Uso Turistico,Sin Categoria,"Ruiz, 13, Bajo 2 Centro",Calle,De Ruiz,13,,,,BAJO,2 CTRO,28004,Madrid,VT-7723
Viviendas De Uso Turistico,Sin Categoria,"Salud, 17, Sótano",Calle,De La Salud,17,,,,SÓTANO,,28013,Madrid,VT-8284
Viviendas De Uso Turistico,Sin Categoria,"San Raimundo, 33 Bajo Pta. Int. 2",Calle,De San Raimundo,33,,,,BAJO,INT 2,28039,Madrid,VT-8286
Viviendas De Uso Turistico,Sin Categoria,"Regueros, 5 3º Pta. 5",Calle,De Regueros,5,,,,3,PTA. 5,28004,Madrid,VT-8288
Viviendas De Uso Turistico,Sin Categoria,"Hortaleza, 25 3º B",Calle,De Hortaleza,25,,,,3,B,28004,Madrid,VT-8289
Viviendas De Uso Turistico,Sin Categoria,"Concierto, 3 4º B",Calle,Del Concierto,3,,,,4,B,28011,Madrid,VT-8291
Viviendas De Uso Turistico,Sin Categoria,"Fuentes, 7-1º B",Calle,De Las Fuentes,7,,,,1,B,28013,Madrid,VT-8292
Viviendas De Uso Turistico,Sin Categoria,"San Lorenzo, 22-2º Esc. E",Calle,De San Lorenzo,22,,,E,2,,28004,Madrid,VT-8293
Viviendas De Uso Turistico,Sin Categoria,"Voluntarios Macabebes, 5-2º A",Calle,De Los Voluntarios Macabebes,5,,,,2,A,28045,Madrid,VT-8294
Viviendas De Uso Turistico,Sin Categoria,"San Dimas, 3-4º Pta. Int. 5",Calle,De San Dimas,3,,,,4,INT 5,28015,Madrid,VT-8295
Viviendas De Uso Turistico,Sin Categoria,"Via Lusitana, 22-2º D",Calle,Vía Lusitana,22,,,,2,D,28025,Madrid,VT-8296
Viviendas De Uso Turistico,Sin Categoria,"Augusto Figueroa, 29-1º Esc. 2 Pta. Izq",Calle,De Augusto Figueroa,29,,,2,1,IZQ,28004,Madrid,VT-8297
Viviendas De Uso Turistico,Sin Categoria,"Reyes, 8-1º D",Calle,De Los Reyes,8,,,,1,D,28015,Madrid,VT-8298
Viviendas De Uso Turistico,Sin Categoria,"Echegaray, 3-3º Pta. 1",Calle,De Echegaray,3,,,,3,PTA. 1,28014,Madrid,VT-8300
Viviendas De Uso Turistico,Sin Categoria,"Padre Rubio, 37, 2b",Calle,Del Padre Rubio,37,,,,2,B,28029,Madrid,VT-8301
Viviendas De Uso Turistico,Sin Categoria,"Rey Francisco, 28",Calle,Del Rey Francisco,28,,,INT,5,IZQ,28008,Madrid,VT-8302
Viviendas De Uso Turistico,Sin Categoria,"Hortaleza, 15, 6",Calle,De Hortaleza,15,,,,6,,28004,Madrid,VT-8304
Viviendas De Uso Turistico,Sin Categoria,"General Oraa, 18, 6b",Calle,Del General Oraá,18,,,,6,B,28006,Madrid,VT-8305
Viviendas De Uso Turistico,Sin Categoria,"Olivar, 13 , 1, Int. 2",Calle,Del Olivar,13,,,INT,1,2,28012,Madrid,VT-8308
Viviendas De Uso Turistico,Sin Categoria,"Eguilaz, 7 Bajo Izq.",Calle,De Eguilaz,7,,,,BAJO,IZQ,28010,Madrid,VT-8309
Viviendas De Uso Turistico,Sin Categoria,"López De Hoyos, 60, 3º 1",Calle,De López De Hoyos,60,,,,3,PTA. 1,28002,Madrid,VT-8313
Viviendas De Uso Turistico,Sin Categoria,"General Aranda 5, 1º Izq",Calle,Del General Arrando,5,,,,1,IZQ,28010,Madrid,VT-8314
Viviendas De Uso Turistico,Sin Categoria,"Ros De Olano, 2, 7d",Calle,De Ros De Olano,2,,,,7,D,28002,Madrid,VT-8315
Viviendas De Uso Turistico,Sin Categoria,"Muro, 4, Ba",Calle,Del Muro,4,,,,Bajo,A,28042,Madrid,VT-8317
Viviendas De Uso Turistico,Sin Categoria,"Conde De Peñalver, 30, 5c",Calle,Del Conde De Peñalver,30,,,,5,C,28006,Madrid,VT-8321
Viviendas De Uso Turistico,Sin Categoria,"Buenavista, 4, 5 Dcha.",Calle,De Buenavista,4,,,,5,DCHA,28012,Madrid,VT-8868
Viviendas De Uso Turistico,Sin Categoria,"Toledo, 95-5º Pta. A-b",Calle,De Toledo,95,,,,5,A-B,28005,Madrid,VT-8873
Viviendas De Uso Turistico,Sin Categoria,"Toledo, 95-5º C",Calle,De Toledo,95,,,,5,C,28005,Madrid,VT-8874
Viviendas De Uso Turistico,Sin Categoria,"Recoletos, 13-3º F",Calle,De Recoletos,13,,,,3,F,28001,Madrid,VT-8875
Viviendas De Uso Turistico,Sin Categoria,"Segovia, 20 1º Pta. Izq.",Calle,De Segovia,20,,,,1,IZQ,28005,Madrid,VT-8876
Viviendas De Uso Turistico,Sin Categoria,"Raimundo Fernández De Villaverde, 38, 6-161",Calle,De Raimundo Fernández Villaverde,38,,,,6,161,28003,Madrid,VT-8877
Viviendas De Uso Turistico,Sin Categoria,"Bastero, 21 3d",Calle,De Bastero,21,,,,3,D,28005,Madrid,VT-8878
Viviendas De Uso Turistico,Sin Categoria,"Maestro Guerrero, 4, 1-2",Calle,Del Maestro Guerrero,4,,,,1,PTA. 2,28015,Madrid,VT-8879
Viviendas De Uso Turistico,Sin Categoria,"Santa Ana, 14, 3c",Calle,De Santa Ana,14,,,,3,C,28005,Madrid,VT-8880
Viviendas De Uso Turistico,Sin Categoria,"Segovia, 20, 1 Dcha.",Calle,De Segovia,20,,,,1,DCHA,28005,Madrid,VT-8881
Viviendas De Uso Turistico,Sin Categoria,"Tirso De Molina, 9, 1, Dcha.",Plaza,De Tirso De Molina,9,,,,1,DCHA,28012,Madrid,VT-8882
Viviendas De Uso Turistico,Sin Categoria,"San Rufo, 3",Calle,De San Rufo,3,,,,3,IZQ,28011,Madrid,VT-8888
Viviendas De Uso Turistico,Sin Categoria,"Santiago, 8-1º Pta. Izq.",Calle,De Santiago,8,,,,1,IZQ,28013,Madrid,VT-8889
Viviendas De Uso Turistico,Sin Categoria,"Francisco Silvela, 27-7º G",Calle,De Francisco Silvela,27,,,,7,G,,Madrid,VT-8890
Viviendas De Uso Turistico,Sin Categoria,"Embajadores, 23- Ptal.1  3º Pta. Dcha.",Calle,De Los Embajadores,23,,1,,3,DCHA,28012,Madrid,VT-8891
Viviendas De Uso Turistico,Sin Categoria,"Esparteros, 8-6º",Calle,De Esparteros,8,,,,6,,28012,Madrid,VT-8893
Viviendas De Uso Turistico,Sin Categoria,"Leganitos, 17, 3-3",Calle,De Leganitos,17,,,,3,PTA. 3,28013,Madrid,VT-8894
Viviendas De Uso Turistico,Sin Categoria,"Hortaleza, 28, 3, Izq.",Calle,De Hortaleza,28,,,,3,IZQ,28004,Madrid,VT-8896
Viviendas De Uso Turistico,Sin Categoria,"Antonia Ruiz Soro, 14, 1a",Calle,De Antonia Ruiz Soro,14,,,,1,A,28028,Madrid,VT-8901
Viviendas De Uso Turistico,Sin Categoria,"San Cosme Y San Damián, 5, 1, Centro Dcha.",Calle,De San Cosme Y San Damián,5,,,,1,CT DR,28012,Madrid,VT-8902
Viviendas De Uso Turistico,Sin Categoria,"Sombrerete, 6, Bajo, Pta. 5",Calle,De Sombrerete,6,,,,BAJO,PTA. 5,28012,Madrid,VT-9514
Viviendas De Uso Turistico,Sin Categoria,"Núñez De Balboa, 11, 6c",Calle,De Núñez De Balboa,11,,,,6,C,,Madrid,VT-9517
Viviendas De Uso Turistico,Sin Categoria,Angosta De Los Mancebos,Calle,Angosta De Los Mancebos,1,,,,1,C,28005,Madrid,VT-9526
Viviendas De Uso Turistico,Sin Categoria,"Espronceda 9, 2 Cd",Calle,De Espronceda,9,,,,2,C-D,28003,Madrid,VT-9531
Viviendas De Uso Turistico,Sin Categoria,"Amor De Dios, 4 Bajo D",Calle,Del Amor De Dios,4,,,,BAJO,D,28014,Madrid,VT-9532
Viviendas De Uso Turistico,Sin Categoria,"Amparo 29, 2º B",Calle,Del Amparo,29,,,,2,B,28012,Madrid,VT-9537
Viviendas De Uso Turistico,Sin Categoria,"Pelayo 39, 1º E",Calle,De Pelayo,39,,,,1,E,28004,Madrid,VT-9538
Viviendas De Uso Turistico,Sin Categoria,"Conde De Miranda 1, 2º",Calle,Del Conde De Miranda,1,,,,2,26,28005,Madrid,VT-9541
Viviendas De Uso Turistico,Sin Categoria,"Ruiz, 13, Bajo 2 Dcha.",Calle,De Ruiz,13,,,,BAJO,2 DCH,28004,Madrid,VT-7724
Viviendas De Uso Turistico,Sin Categoria,"Espoz Y Mina, 2, 5-4",Calle,De Espoz Y Mina,2,,,,5,4,28012,Madrid,VT-7726
Viviendas De Uso Turistico,Sin Categoria,"Miguel Moya, 4, 1-1",Calle,De Miguel Moya,4,,,,1,1,28004,Madrid,VT-7727
Viviendas De Uso Turistico,Sin Categoria,"Miguel Moya, 4, 1-2",Calle,De Miguel Moya,4,,,,1,2,28004,Madrid,VT-7728
Viviendas De Uso Turistico,Sin Categoria,"Miguel Moya, 4, 1-3",Calle,De Miguel Moya,4,,,,1,3,28004,Madrid,VT-7729
Viviendas De Uso Turistico,Sin Categoria,"Cava Baja, 30, 1-1",Calle,De La Cava Baja,30,,,P,1,1,28005,Madrid,VT-7730
Viviendas De Uso Turistico,Sin Categoria,"Cava Baja, 30, 1 Esc.P, 2",Calle,De La Cava Baja,30,,,P,1,2,28005,Madrid,VT-7731
Viviendas De Uso Turistico,Sin Categoria,"Cava Baja, 30, 1, Esc. P, 3",Calle,De La Cava Baja,30,,,P,1,3,28005,Madrid,VT-7732
Viviendas De Uso Turistico,Sin Categoria,"Cava Baja, 30, Esc. P, 4",Calle,De La Cava Baja,30,,,P,1,4,28005,Madrid,VT-7733
Viviendas De Uso Turistico,Sin Categoria,"Cava Baja, 30, 1, Esc. P, 5",Calle,De La Cava Baja,30,,,P,1,5,28005,Madrid,VT-7734
Viviendas De Uso Turistico,Sin Categoria,"Minas, 11",Calle,De Las Minas,11,,,,1,INT,28004,Madrid,VT-7736
Viviendas De Uso Turistico,Sin Categoria,"Espíritu Santo, 10",Calle,Del Espíritu Santo,10,,,Int.,4,5,28004,Madrid,VT-7737
Viviendas De Uso Turistico,Sin Categoria,"María De Molina, 56, 4-8",Calle,De María De Molina,56,,,,4,8,28006,Madrid,VT-7742
Viviendas De Uso Turistico,Sin Categoria,"Divino Pastor, 22, -1, 1 Dcha.",Calle,Del Divino Pastor,22,,,1,-1,DCHA,28004,Madrid,VT-7743
Viviendas De Uso Turistico,Sin Categoria,"Provisiones, 24, 3, Ext. Dcha.",Calle,De Provisiones,24,,,Ext.,3,DCHA,28012,Madrid,VT-7744
Viviendas De Uso Turistico,Sin Categoria,"Pza Chueca, 3, 2 Yn",Plaza,De Chueca,3,,,,2,YN,28004,Madrid,VT-7751
Viviendas De Uso Turistico,Sin Categoria,"Estrella, 17",Calle,De La Estrella,17,,,,-1,2,28004,Madrid,VT-7752
Viviendas De Uso Turistico,Sin Categoria,"Atocha, 84, 4 D",Calle,De Atocha,84,,,,4,D,28012,Madrid,VT-7753
Viviendas De Uso Turistico,Sin Categoria,"Conde De Peñalver, 57, 4c",Calle,Del Conde De Peñalver,57,,,,4,C,28006,Madrid,VT-7754
Viviendas De Uso Turistico,Sin Categoria,"Conde De Peñalver, 57, 7b",Calle,Del Conde De Peñalver,57,,,,7,B,28006,Madrid,VT-7755
Viviendas De Uso Turistico,Sin Categoria,"Prados, 14",Calle,De Los Prados,14,,,,,,28470,Cercedilla,VT-7757
Viviendas De Uso Turistico,Sin Categoria,"Juan Duque, 21",Calle,De Juan Duque,21,,,,3,5,28005,Madrid,VT-7758
Viviendas De Uso Turistico,Sin Categoria,"Cardenal Cisneros, 25, 3b",Calle,Del Cardenal Cisneros,25,,,,3,B,28010,Madrid,VT-7760
Viviendas De Uso Turistico,Sin Categoria,"Palma, 18, 3d",Calle,De La Palma,18,,,,3,D,28004,Madrid,VT-7761
Viviendas De Uso Turistico,Sin Categoria,"Don Felipe, 10, 1a",Calle,De Don Felipe,10,,,,1,A,28004,Madrid,VT-8322
Viviendas De Uso Turistico,Sin Categoria,"San Bartolome, 23-4º D",Calle,De San Bartolomé,23,,,,4,D,28004,Madrid,VT-8323
Viviendas De Uso Turistico,Sin Categoria,"Mayor, 35 2º Pta. Dcha.",Calle,Mayor,35,,,,2,DR,28013,Madrid,VT-8324
Viviendas De Uso Turistico,Sin Categoria,"Hermosilla, 134-1º A",Calle,De Hermosilla,134,,,,1,A,28028,Madrid,VT-8325
Viviendas De Uso Turistico,Sin Categoria,"Arganzuela, 3, 1-1",Calle,De Arganzuela,3,,,,1,PTA. 1,28005,Madrid,VT-8326
Viviendas De Uso Turistico,Sin Categoria,"Arganzuela, 3, 2-1",Calle,De Arganzuela,3,,,,2,PTA. 1,28005,Madrid,VT-8327
Viviendas De Uso Turistico,Sin Categoria,"Arganzuela, 3, 2-2",Calle,De Arganzuela,3,,,,2,PTA. 2,28005,Madrid,VT-8328
Viviendas De Uso Turistico,Sin Categoria,"Arganzuela, 3, 2-3",Calle,De Arganzuela,3,,,,2,PTA. 3,28005,Madrid,VT-8329
Viviendas De Uso Turistico,Sin Categoria,"Arganzuela, 3, 3-1",Calle,De Arganzuela,3,,,,3,PTA. 1,28005,Madrid,VT-8330
Viviendas De Uso Turistico,Sin Categoria,"Arganzuela, 3, 3-2",Calle,De Arganzuela,3,,,,3,PTA. 2,28005,Madrid,VT-8331
Viviendas De Uso Turistico,Sin Categoria,"Arganzuela, 3, 3-3",Calle,De Arganzuela,3,,,,3,PTA. 3,28005,Madrid,VT-8332
Viviendas De Uso Turistico,Sin Categoria,"Ronda De Valencia, 14-2º Pta. 8",Ronda,De Valencia,14,,,,2,PTA. 8,28012,Madrid,VT-8334
Viviendas De Uso Turistico,Sin Categoria,"Huerta Del Bayo, 15-2º Pta. Dcha.",Calle,De La Huerta Del Bayo,15,,,,2,DCHA,28005,Madrid,VT-8335
Viviendas De Uso Turistico,Sin Categoria,"Pasaje Fundacion, 17-2º Pta. Dcha.",Pasaje,De La Fundación,17,,,,2,DCHA,28028,Madrid,VT-8336
Viviendas De Uso Turistico,Sin Categoria,"Mariano Fernández, 8, 3 Ext Dcha.",Calle,De Mariano Fernández,8,,,EXT,3,DCHA,28039,Madrid,VT-8343
Viviendas De Uso Turistico,Sin Categoria,"Mariano Fernández, 8, 3 Ext, Izq.",Calle,De Mariano Fernández,8,,,EXT,3,IZQ,28039,Madrid,VT-8344
Viviendas De Uso Turistico,Sin Categoria,"Pza Lavapiés, 6, 4 Ext. Izq.",Plaza,De Lavapiés,6,,,EXT,4,IZQ,28012,Madrid,VT-8345
Viviendas De Uso Turistico,Sin Categoria,"Claudio Coello, 109-1º B",Calle,De Claudio Coello,109,,,,1,B,28006,Madrid,VT-8348
Viviendas De Uso Turistico,Sin Categoria,"Prado, 10-2º F",Calle,Del Prado,10,,,,2,F,28014,Madrid,VT-8350
Viviendas De Uso Turistico,Sin Categoria,"Ayala, 95 5º B",Calle,De Ayala,95,,,,5,B,28006,Madrid,VT-8351
Viviendas De Uso Turistico,Sin Categoria,"Barquillo, 49-2º C",Calle,De Barquillo,49,,,,2,C,28004,Madrid,VT-8352
Viviendas De Uso Turistico,Sin Categoria,"Conde De Peñalver, 33 S Pta. D",Calle,Del Conde De Peñalver,33,,,,S,PTA. D,28006,Madrid,VT-8353
Viviendas De Uso Turistico,Sin Categoria,"Ayala, 74-5º D",Calle,De Ayala,74,,,,5,D,28001,Madrid,VT-8354
Viviendas De Uso Turistico,Sin Categoria,"Santa Ana, 4 2º Izda",Calle,De Santa Ana,4,,,,2,IZQ,28005,Madrid,VT-8355
Viviendas De Uso Turistico,Sin Categoria,"Cava Baja, 21, 3 Dcha.",Calle,De La Cava Baja,21,,,,3,DCHA,28005,Madrid,VT-8904
Viviendas De Uso Turistico,Sin Categoria,"Carretas, 12, 3º 2",Calle,De Carretas,12,,,,3,2,28012,Madrid,VT-8906
Viviendas De Uso Turistico,Sin Categoria,"Fuencarral, 26, 4 Dcha.",Calle,De Fuencarral,26,,,,4,DCHA,28004,Madrid,VT-8908
Viviendas De Uso Turistico,Sin Categoria,"Nuestra Señora De Araceli, 1, 2b",Calle,De Nuestra Señora De Araceli,1,,,,2,B,28042,Madrid,VT-8909
Viviendas De Uso Turistico,Sin Categoria,"José Calvo, 1, 6d",Calle,De José Calvo,1,,,,6,D,28039,Madrid,VT-8910
Viviendas De Uso Turistico,Sin Categoria,"Huertas, 12, Bajo, Centro Int.",Calle,De Las Huertas,12,,,,BAJO,CT INT,28012,Madrid,VT-8912
Viviendas De Uso Turistico,Sin Categoria,"San Vicente Ferrer, 22, 3 E",Calle,De San Vicente Ferrer,22,,,,3,E,28004,Madrid,VT-8913
Viviendas De Uso Turistico,Sin Categoria,"Quiñones, 15, 1 B",Calle,De Quiñones,15,,,,1,B,28015,Madrid,VT-8914
Viviendas De Uso Turistico,Sin Categoria,"Cruz, 17, 1 Int. B",Calle,De La Cruz,17,,,INT,1,B,28012,Madrid,VT-8915
Viviendas De Uso Turistico,Sin Categoria,"General Ricardos, 106, 2a",Calle,Del General Ricardos,106,,,,2,A,28019,Madrid,VT-8916
Viviendas De Uso Turistico,Sin Categoria,"General Ricardos, 106, 2b",Calle,Del General Ricardos,106,,,,2,B,28019,Madrid,VT-8917
Viviendas De Uso Turistico,Sin Categoria,"Valenzuela, 6, 5 Izq.",Calle,De Valenzuela,6,,,,5,IZQ,28014,Madrid,VT-8918
Viviendas De Uso Turistico,Sin Categoria,"General Díaz Porlier, 63, 6a",Calle,Del General Díaz Porlier,63,,,,6,A,28006,Madrid,VT-8919
Viviendas De Uso Turistico,Sin Categoria,"Castelló, 115-5º Pta. 510",Calle,De Castelló,115,,,,5,510,28006,Madrid,VT-8920
Viviendas De Uso Turistico,Sin Categoria,"Avda. Hispanidad,  121",Avenida,Hispanidad,121,,,,,,28680,San Martín De Valdeiglesias,VT-8922
Viviendas De Uso Turistico,Sin Categoria,"Canarias, 47, 1 Dcha.",Calle,De Las Canarias,47,,,,1,DCHA,28045,Madrid,VT-8923
Viviendas De Uso Turistico,Sin Categoria,"Francisco Navacerrada, 31, 1, Esc. 1, Izq.",Calle,De Francisco Navacerrada,31,,,1,1,IZQ,28028,Madrid,VT-8924
Viviendas De Uso Turistico,Sin Categoria,"Ramos Carrión, 11, 3 E",Calle,De Ramos Carrión,11,,,,3,E,28002,Madrid,VT-8927
Viviendas De Uso Turistico,Sin Categoria,"Mesón De Paredes, 54, Bajo, 3",Calle,Del Mesón De Paredes,54,,,,BAJO,PTA. 3,28012,Madrid,VT-8929
Viviendas De Uso Turistico,Sin Categoria,"San Andrés, 38, 4a",Calle,De San Andrés,38,,,,4,A,28004,Madrid,VT-8930
Viviendas De Uso Turistico,Sin Categoria,"San Andrés, 38, 4e",Calle,De San Andrés,38,,,,4,E,28004,Madrid,VT-8931
Viviendas De Uso Turistico,Sin Categoria,"Humilladero, 30, 4-3",Calle,Del Humilladero,30,,,,4,3,28005,Madrid,VT-8932
Viviendas De Uso Turistico,Sin Categoria,"Velarde, 13, 2, Esc. 2, Dcha.",Calle,De Velarde,13,,,2,2,DCHA,28004,Madrid,VT-8934
Viviendas De Uso Turistico,Sin Categoria,"Virgen De La Paloma, 2, 4, Esc. 1, 4",Plaza,De La Virgen De La Paloma,2,,2,1,1,4,28005,Madrid,VT-8935
Viviendas De Uso Turistico,Sin Categoria,"Villanueva, 30, 5-2",Calle,De Villanueva,30,,,,5,PTA. 2,28001,Madrid,VT-8937
Viviendas De Uso Turistico,Sin Categoria,"Caballero De Gracia, 8, 3 D2",Calle,Del Caballero De Gracia,8,,,,3,D2,28013,Madrid,VT-8938
Viviendas De Uso Turistico,Sin Categoria,"Valverde, 36, 2c",Calle,De Valverde,36,,,,2,C,28004,Madrid,VT-8939
Viviendas De Uso Turistico,Sin Categoria,"Escalinata, 2, 2 Dcha.",Calle,De La Escalinata,2,,,,2,DCHA,28013,Madrid,VT-8940
Viviendas De Uso Turistico,Sin Categoria,"Borox, 63",Calle,De Borox,63,,,,,,28042,Madrid,VT-8942
Viviendas De Uso Turistico,Sin Categoria,"Santa Isabel 38, Bajo Centro",Calle,De Santa Isabel,38,,,,BAJO,CENTRO,28012,Madrid,VT-9545
Viviendas De Uso Turistico,Sin Categoria,"Sebastian Elcano 38, 1º Esc. 1 Pta. Drcha",Calle,De Sebastián Elcano,38,,,,1,DCHA,28012,Madrid,VT-9547
Viviendas De Uso Turistico,Sin Categoria,"Costanila De San Andres 10, 2º , 3",Costanilla,De San Andrés,10,,,,2,3,28005,Madrid,VT-9549
Viviendas De Uso Turistico,Sin Categoria,"Belen 4, 2º , C",Calle,De Belén,4,,,,2,C,28004,Madrid,VT-9550
Viviendas De Uso Turistico,Sin Categoria,"Oviedo, 7, 2b",Calle,De Oviedo,7,,,,2,B,28020,Madrid,VT-9563
Viviendas De Uso Turistico,Sin Categoria,"Buenavista, 34, Bajo 2",Calle,De Buenavista,34,,,,BAJO,PTA. 2,28012,Madrid,VT-9564
Viviendas De Uso Turistico,Sin Categoria,"Buenavista, 27, 3d",Calle,De Buenavista,27,,,,3,D,28012,Madrid,VT-9567
Viviendas De Uso Turistico,Sin Categoria,"Cava Baja, 18, 1d",Calle,De La Cava Baja,18,,,,1,D,28005,Madrid,VT-9568
Viviendas De Uso Turistico,Sin Categoria,"Lagasca 18, 5º C",Calle,De Lagasca,18,,,,5,C,,Madrid,VT-9573
Viviendas De Uso Turistico,Sin Categoria,"Cardenal Siliceo 22, Portal Dcha,6º F",Calle,Del Cardenal Silíceo,22,,,,6,F,28002,Madrid,VT-9577
Viviendas De Uso Turistico,Sin Categoria,"Lavapies 39, 5º B",Calle,De Lavapiés,39,,,,5,B,28012,Madrid,VT-9579
Viviendas De Uso Turistico,Sin Categoria,"Santa Agueda 1, 3º,d",Calle,De Santa Águeda,1,,,,3,D,28004,Madrid,VT-9580
Viviendas De Uso Turistico,Sin Categoria,"Arturo Soria 214, 4º, V2 Esc 1",Calle,De Arturo Soria,214,,,,4,V2,,Madrid,VT-9581
Viviendas De Uso Turistico,Sin Categoria,"Principe De Vergara 258, 7º,b",Calle,Del Príncipe De Vergara,258,,,,7,B,,Madrid,VT-9582
Viviendas De Uso Turistico,Sin Categoria,"Ayala, 64",Calle,De Ayala,64,,,,5,8,28001,Madrid,VT-7764
Viviendas De Uso Turistico,Sin Categoria,"Palma, 33. 2º Ctro.",Calle,De La Palma,33,,,,2,CENTRO,28004,Madrid,VT-7765
Viviendas De Uso Turistico,Sin Categoria,"Imperial, 7. Ático",Calle,Imperial,7,,,,ÁTICO,,28012,Madrid,VT-7766
Viviendas De Uso Turistico,Sin Categoria,"Luis Vives, 5. 2º Dcha.",Calle,De Luis Vives,5,,,,2,DCHA,28002,Madrid,VT-7768
Viviendas De Uso Turistico,Sin Categoria,"Malcampo, 18. Esc Int, 2º Pta 3",Calle,De Malcampo,18,,,Int.,2,3,28002,Madrid,VT-7769
Viviendas De Uso Turistico,Sin Categoria,"Hermano Gárate, 5. 5º B",Calle,Del Hermano Gárate,5,,,,5,B,28020,Madrid,VT-7770
Viviendas De Uso Turistico,Sin Categoria,"Pont De Molins, 68. Portal L, Bajo Izq.",Calle,De Pont De Molins,68,,L,I,BAJO,IZQ,28038,Madrid,VT-7771
Viviendas De Uso Turistico,Sin Categoria,"Ronda De Segovia, 45. 5º C",Ronda,De Segovia,45,,,,5,C,28005,Madrid,VT-7772
Viviendas De Uso Turistico,Sin Categoria,"Meson De Paños, 6 1º Esc. 1 Pta. Ei",Calle,Del Mesón De Paños,6,,,1,1,EI,28013,Madrid,VT-7774
Viviendas De Uso Turistico,Sin Categoria,"Huertas, 57-3º Esc. E Pta. Dcha.",Calle,De Las Huertas,57,,,E,3,DCHA,28014,Madrid,VT-7776
Viviendas De Uso Turistico,Sin Categoria,"Infanta Maria Teresa, 23 2º Esc. 1 Pta. 8",Calle,De La Infanta María Teresa,23,,,1,2,8,28016,Madrid,VT-7777
Viviendas De Uso Turistico,Sin Categoria,"Campezo, 9 Ptal. 2-1 1º M",Calle,De Campezo,9,,2-1,,1,M,28022,Madrid,VT-7778
Viviendas De Uso Turistico,Sin Categoria,"Londres, 33 3º A",Calle,De Londres,33,,,,3,A,28028,Madrid,VT-7780
Viviendas De Uso Turistico,Sin Categoria,"Naranjo, 16 1º A",Calle,Del Naranjo,16,,,,1,A,28039,Madrid,VT-7781
Viviendas De Uso Turistico,Sin Categoria,"San Bernardo, 56-2º B",Calle,De San Bernardo,56,,,,2,B,,Madrid,VT-7782
Viviendas De Uso Turistico,Sin Categoria,"Hortaleza, 50 4º Pta. Ext.",Calle,De Hortaleza,50,,,,4,EXT,28004,Madrid,VT-7787
Viviendas De Uso Turistico,Sin Categoria,"Modesto Lafuente, 4-6º Pta. Dcha.",Calle,De Modesto Lafuente,4,,,,6,DCHA,28010,Madrid,VT-7789
Viviendas De Uso Turistico,Sin Categoria,"Saturnino Tejera, 17-3º Pta. Dcha.",Calle,De Saturnino Tejera,17,,,,3,DCHA,28025,Madrid,VT-8362
Viviendas De Uso Turistico,Sin Categoria,"Ferrocarril, 29-3º H",Calle,Del Ferrocarril,29,,,,3,H,28045,Madrid,VT-8363
Viviendas De Uso Turistico,Sin Categoria,"Pirra, 16, 4, B2, A",Calle,De Pirra,16,,,B2,4,A,28022,Madrid,VT-8366
Viviendas De Uso Turistico,Sin Categoria,"López De Hoyos, 342, Bajo, Esc. A, C",Calle,De López De Hoyos,342,,,A,BAJO,C,28043,Madrid,VT-8367
Viviendas De Uso Turistico,Sin Categoria,"Amaniel, 1, 2d",Calle,De Amaniel,1,,,,2,D,28015,Madrid,VT-8368
Viviendas De Uso Turistico,Sin Categoria,"Echegaray, 20, 3 Izq.",Calle,De Echegaray,20,,,,3,IZQ,28014,Madrid,VT-8369
Viviendas De Uso Turistico,Sin Categoria,"Infanta Isabel, 19, 1, Izq. C",Paseo,De La Infanta Isabel,19,,,C,1,IZQ,28014,Madrid,VT-8370
Viviendas De Uso Turistico,Sin Categoria,"Fuencarral, 14, 1c",Calle,De Fuencarral,14,,,,1,C,28004,Madrid,VT-8372
Viviendas De Uso Turistico,Sin Categoria,"Humilladero, 19, 3a",Calle,Del Humilladero,19,,,,3,A,28005,Madrid,VT-8374
Viviendas De Uso Turistico,Sin Categoria,"Fuencarral, 22, 1, Ext I",Calle,De Fuencarral,22,,,,1,EXT. I,28004,Madrid,VT-8375
Viviendas De Uso Turistico,Sin Categoria,"Cedro, 27",Calle,Cedro,27,,,,BAJO,,28723,Pedrezuela,VT-8376
Viviendas De Uso Turistico,Sin Categoria,"Hermanos De Pablo, 42 Bajo Pta. 22",Calle,De Los Hermanos De Pablo,42,,,,BAJO,22,28027,Madrid,VT-8378
Viviendas De Uso Turistico,Sin Categoria,"Pedro Unanue, 15-3º B",Calle,De Pedro Unanue,15,,,,3,B,28045,Madrid,VT-8379
Viviendas De Uso Turistico,Sin Categoria,"Pinos Verdes, 37 B",Calle,Pinos Verdes,37,,,,B,,28696,Pelayos De La Presa,VT-8380
Viviendas De Uso Turistico,Sin Categoria,"Humilladero, 26-3º Pta. Izq.",Calle,Del Humilladero,26,,,,3,IZQ,28005,Madrid,VT-8383
Viviendas De Uso Turistico,Sin Categoria,"Mediodia Grande, 7-3º B",Calle,Del Mediodía Grande,7,,,,3,B,28005,Madrid,VT-8384
Viviendas De Uso Turistico,Sin Categoria,"Cava Baja, 31, 2",Calle,De La Cava Baja,31,,,,2,,28005,Madrid,VT-8388
Viviendas De Uso Turistico,Sin Categoria,"Carretera M510, Km 44, Chapinería",Carretera,M-510 (colmenar Del Arroyo),44,,,,,,28694,Chapinería,VT-8389
Viviendas De Uso Turistico,Sin Categoria,"Mayor, 73, 4 Int. C",Calle,Mayor,73,,,INT,4,C,28013,Madrid,VT-8944
Viviendas De Uso Turistico,Sin Categoria,"Bailen, 45 Bajo Pta. Izq.",Calle,De Bailén,45,,,,BAJO,IZQ,28005,Madrid,VT-8947
Viviendas De Uso Turistico,Sin Categoria,"Ilustración, 18-3º Pta. Cn",Calle,De La Ilustración,18,,,,3,CN,28008,Madrid,VT-8949
Viviendas De Uso Turistico,Sin Categoria,"San Joaquin, 16-4º E",Calle,De San Joaquín,16,,,,4,E,28004,Madrid,VT-8951
Viviendas De Uso Turistico,Sin Categoria,"Palma, 76-1º F",Calle,De La Palma,76,,,,1,F,,Madrid,VT-8952
Viviendas De Uso Turistico,Sin Categoria,"Amistad, 30, Bajo 1",Calle,De La Amistad,30,,,,BAJO,PTA. 1,28025,Madrid,VT-8954
Viviendas De Uso Turistico,Sin Categoria,"Amistad, 30, Bajo 3",Calle,De La Amistad,30,,,,BAJO,PTA. 3,28025,Madrid,VT-8955
Viviendas De Uso Turistico,Sin Categoria,"Amistad, 30, Bajo 4",Calle,De La Amistad,30,,,,BAJO,PTA. 4,28025,Madrid,VT-8956
Viviendas De Uso Turistico,Sin Categoria,"Estrella, 20, Ático A",Calle,De La Estrella,20,,,,ÁTICO,A,28004,Madrid,VT-8957
Viviendas De Uso Turistico,Sin Categoria,"Huertas, 57, 5 Int. C",Calle,De Las Huertas,57,,,INT,5,C,28014,Madrid,VT-8958
Viviendas De Uso Turistico,Sin Categoria,"Luis Vélez De Guevara, 3, Ss, D",Calle,De Luis Vélez De Guevara,3,,,,SS,D,28012,Madrid,VT-8962
Viviendas De Uso Turistico,Sin Categoria,"Santa Ana, 8, 2-6",Calle,De Santa Ana,8,,,,2,PTA. 6,28005,Madrid,VT-8963
Viviendas De Uso Turistico,Sin Categoria,"Santa Ana, 8, 2-7",Calle,De Santa Ana,8,,,,2,PTA. 7,28005,Madrid,VT-8964
Viviendas De Uso Turistico,Sin Categoria,"Santa Ana, 8, 2-8",Calle,De Santa Ana,8,,,,2,PTA. 8,28005,Madrid,VT-8965
Viviendas De Uso Turistico,Sin Categoria,"Cava Alta, 4, 2e",Calle,De La Cava Alta,4,,,,2,E,28005,Madrid,VT-8966
Viviendas De Uso Turistico,Sin Categoria,"Antillón, 9, Bajo Dcha.",Calle,De Antillón,9,,,,BAJO,DCHA,28011,Madrid,VT-8967
Viviendas De Uso Turistico,Sin Categoria,"Felisa Méndez, 45 1b",Calle,De Felisa Méndez,45,,,,1,B,28053,Madrid,VT-8969
Viviendas De Uso Turistico,Sin Categoria,"Avda. De Los Madroños, 34",Avenida,De Los Madroños,34,,,,,,28043,Madrid,VT-8971
Viviendas De Uso Turistico,Sin Categoria,"Pza Pedro Zerolo, 9, 5",Plaza,De Pedro Zerolo,9,,,,5,,28004,Madrid,VT-8972
Viviendas De Uso Turistico,Sin Categoria,"Olmo, 26, 5d",Calle,Del Olmo,26,,,,5,D,28012,Madrid,VT-8975
Viviendas De Uso Turistico,Sin Categoria,"Pza Conde Valle Suchil, 7, 1-5",Plaza,Del Conde Del Valle De Súchil,7,,,,1,PTA. 5,28015,Madrid,VT-8976
Viviendas De Uso Turistico,Sin Categoria,"Ercilla, 5, 3 Dcha.",Calle,De Ercilla,5,,,,3,DCHA,28005,Madrid,VT-8978
Viviendas De Uso Turistico,Sin Categoria,"José Abascal, 35, 5b",Calle,De José Abascal,35,,,,5,B,28003,Madrid,VT-8979
Viviendas De Uso Turistico,Sin Categoria,"Santa Ana, 27, 1 Dcha.",Calle,De Santa Ana,27,,,,1,DCHA,28005,Madrid,VT-8980
Viviendas De Uso Turistico,Sin Categoria,"Embajadores, 59, 2 Izq.",Calle,De Los Embajadores,59,,,,2,IZQ,,Madrid,VT-9619
Viviendas De Uso Turistico,Sin Categoria,"Diego Bahamonte, 11, 1a",Calle,De Diego Bahamonde,11,,,,1,A,28028,Madrid,VT-9621
Viviendas De Uso Turistico,Sin Categoria,"Roble, 19, 3 - 1",Calle,Del Roble,19,,,,3,B,28020,Madrid,VT-9623
Viviendas De Uso Turistico,Sin Categoria,"Blasco De Garay, 17, Bajo 1",Calle,De Blasco De Garay,17,,,,BAJO,PTA. 1,,Madrid,VT-9628
Viviendas De Uso Turistico,Sin Categoria,"Esparteros, 1, 4-3",Calle,De Esparteros,1,,,,4,PTA. 3,28012,Madrid,VT-9630
Viviendas De Uso Turistico,Sin Categoria,"Ensanche De Vallecas 112, 2º G, Portal B",Avenida,Del Ensanche De Vallecas,112,,,,2,G,28051,Madrid,VT-9631
Viviendas De Uso Turistico,Sin Categoria,"Villanueva 2, 4º, Pta 17",Calle,De Villanueva,2,,,,4,17,28001,Madrid,VT-9634
Viviendas De Uso Turistico,Sin Categoria,"Corredera Baja De San Pablo 12, B, Dcha",Calle,De La Corredera Baja De San Pablo,12,,,,B,DCHA,28004,Madrid,VT-9635
Viviendas De Uso Turistico,Sin Categoria,"Jesus Del Valle Nº 5, Bajo",Calle,De Jesús Del Valle,5,,,,BAJO,,28004,Madrid,VT-9636
Viviendas De Uso Turistico,Sin Categoria,"Riojanos 25, 8º B",Calle,De Los Riojanos,25,,,,8,B,28018,Madrid,VT-9641
Viviendas De Uso Turistico,Sin Categoria,"Meson De Paredes 59, 2º A",Calle,Del Mesón De Paredes,59,,,,2,A,28012,Madrid,VT-9642
Viviendas De Uso Turistico,Sin Categoria,"Juan Bravo 56, Bajo A",Calle,De Juan Bravo,56,,,,BAJO,A,28006,Madrid,VT-9644
Viviendas De Uso Turistico,Sin Categoria,"Juan Bravo 56, Bajo B",Calle,De Juan Bravo,56,,,,BAJO,B,28006,Madrid,VT-9645
Viviendas De Uso Turistico,Sin Categoria,"Juan Bravo 56, 1º A",Calle,De Juan Bravo,56,,,,1,A,28006,Madrid,VT-9646
Viviendas De Uso Turistico,Sin Categoria,"Juan Bravo 56, 1º B",Calle,De Juan Bravo,56,,,,1,B,28006,Madrid,VT-9647
Viviendas De Uso Turistico,Sin Categoria,"Juan Bravo 56, 2º A",Calle,De Juan Bravo,56,,,,2,A,28006,Madrid,VT-9648
Viviendas De Uso Turistico,Sin Categoria,"Juan Bravo 56, 5º C",Calle,De Juan Bravo,56,,,,5,C,28006,Madrid,VT-9650
Viviendas De Uso Turistico,Sin Categoria,"Juan Bravo 56, 5º D",Calle,De Juan Bravo,56,,,,5,D,28006,Madrid,VT-9651
Viviendas De Uso Turistico,Sin Categoria,"Juan Bravo, 56 6º C",Calle,De Juan Bravo,56,,,,6,C,28006,Madrid,VT-9652
Viviendas De Uso Turistico,Sin Categoria,"Juan Bravo 56, 6º D",Calle,De Juan Bravo,56,,,,6,D,28006,Madrid,VT-9653
Viviendas De Uso Turistico,Sin Categoria,"Goiri, 18 2º Pta. Int.",Calle,De Goiri,18,,,,2,INT,28039,Madrid,VT-7830
Viviendas De Uso Turistico,Sin Categoria,"Lago Blanco, 4 Esc. 15 Bajo D",Calle,Lago Blanco,4,,,15,Bajo,D,28981,Parla,VT-7831
Viviendas De Uso Turistico,Sin Categoria,"Alcalá, 76, 6 Izq.",Calle,De Alcalá,76,,,IZQ,6,,28009,Madrid,VT-8390
Viviendas De Uso Turistico,Sin Categoria,"Alcalá, 76, 5d",Calle,De Alcalá,76,,,,5,D,28009,Madrid,VT-8391
Viviendas De Uso Turistico,Sin Categoria,"Alcalá, 76, 3d",Calle,De Alcalá,76,,,,3,D,28009,Madrid,VT-8392
Viviendas De Uso Turistico,Sin Categoria,"Alcalá, 76, 2i",Calle,De Alcalá,76,,,,2,I,28009,Madrid,VT-8393
Viviendas De Uso Turistico,Sin Categoria,"Alcalá, 76, 6 D",Calle,De Alcalá,76,,,,6,D,28009,Madrid,VT-8394
Viviendas De Uso Turistico,Sin Categoria,"Corredera Baja De San Pablo, 1-5º Pta. 3",Calle,De La Corredera Baja De San Pablo,1,,,,5,3,28004,Madrid,VT-8395
Viviendas De Uso Turistico,Sin Categoria,"Bravo Murillo, 18-3º Esc. Dcha. Pta. D",Calle,De Bravo Murillo,18,,,DCHA,3,D,28015,Madrid,VT-8396
Viviendas De Uso Turistico,Sin Categoria,"Avda Del Valle, 13-1º Pta. 04",Avenida,Del Valle,13,,,,1,4,28003,Madrid,VT-8397
Viviendas De Uso Turistico,Sin Categoria,"Carlos Arniches, 8 Bajo Pta. 3",Calle,De Carlos Arniches,8,,,,BAJO,PTA. 3,28005,Madrid,VT-8399
Viviendas De Uso Turistico,Sin Categoria,"Jarama 4, Bajo",Calle,Jarama,4,,,,BAJO,,28350,Ciempozuelos,VT-8403
Viviendas De Uso Turistico,Sin Categoria,"Valverde 8, 1, G",Calle,De Valverde,8,,,,1,G,28004,Madrid,VT-8405
Viviendas De Uso Turistico,Sin Categoria,"Andrés Mellado, 36, 5d",Calle,De Andrés Mellado,36,,,,5,D,28015,Madrid,VT-8406
Viviendas De Uso Turistico,Sin Categoria,"Juan Bravo, 58, 8-807",Calle,De Juan Bravo,58,,,,8,807,28006,Madrid,VT-8407
Viviendas De Uso Turistico,Sin Categoria,"Alcántara, 7, Bajo Izq.",Calle,De Alcántara,7,,,,BAJO,IZQ,28006,Madrid,VT-8408
Viviendas De Uso Turistico,Sin Categoria,"Hortaleza, 15, 2 Dcha. 6",Calle,De Hortaleza,15,,,,2,DCHA 6,28004,Madrid,VT-8409
Viviendas De Uso Turistico,Sin Categoria,"Jesús Y María, 28, 1a",Calle,De Jesús Y María,28,,,,1,A,28012,Madrid,VT-8410
Viviendas De Uso Turistico,Sin Categoria,"Mira El Río Baja, 1 3b",Calle,De Mira El Río Baja,1,,,,3,B,28005,Madrid,VT-8411
Viviendas De Uso Turistico,Sin Categoria,"Núñez De Balboa, 105, 2-209",Calle,De Núñez De Balboa,105,,,,2,209,28006,Madrid,VT-8413
Viviendas De Uso Turistico,Sin Categoria,"La Paloma,  10, Bajo 9",Calle,De La Paloma,10,,,,BAJO,9,28005,Madrid,VT-8414
Viviendas De Uso Turistico,Sin Categoria,"Tirso De Molina, 2, 4b",Plaza,De Tirso De Molina,2,,,,4,B,28012,Madrid,VT-8415
Viviendas De Uso Turistico,Sin Categoria,"Don Felipe, 10, Bajo B",Calle,De Don Felipe,10,,,,BAJO,B,28004,Madrid,VT-8416
Viviendas De Uso Turistico,Sin Categoria,"Victor Hugo, 5-1º E",Calle,De Víctor Hugo,5,,,,1,E,28004,Madrid,VT-8418
Viviendas De Uso Turistico,Sin Categoria,"Ronda De Atocha, 31-1º Esc. Ctro. Pta. Dcha.",Ronda,De Atocha,31,,,CTRO,1,DCHA,28012,Madrid,VT-8419
Viviendas De Uso Turistico,Sin Categoria,"Arganzuela, 3-1º C",Calle,De Arganzuela,3,,,,1,C,28005,Madrid,VT-8420
Viviendas De Uso Turistico,Sin Categoria,"Arganzuela, 3-2º  C",Calle,De Arganzuela,3,,,,2,C,28005,Madrid,VT-8421
Viviendas De Uso Turistico,Sin Categoria,"Arganzuela, 3-3º C",Calle,De Arganzuela,3,,,,3,C,28005,Madrid,VT-8422
Viviendas De Uso Turistico,Sin Categoria,"Arganzuela, 3-4º Pta. 3",Calle,De Arganzuela,3,,,,4,PTA. 3,28005,Madrid,VT-8424
Viviendas De Uso Turistico,Sin Categoria,"Arganzuela, 3-4º C",Calle,De Arganzuela,3,,,,4,C,28005,Madrid,VT-8425
Viviendas De Uso Turistico,Sin Categoria,"Arganzuela, 3-5º C",Calle,De Arganzuela,3,,,,5,C,28005,Madrid,VT-8426
Viviendas De Uso Turistico,Sin Categoria,"San Vicente Ferrer, 72, Bajo 2",Calle,De San Vicente Ferrer,72,,,,BAJO,PTA. 2,28015,Madrid,VT-8984
Viviendas De Uso Turistico,Sin Categoria,"Oso, 5, 1 A",Calle,Del Oso,5,,,,1,A,28012,Madrid,VT-8985
Viviendas De Uso Turistico,Sin Categoria,"Oso, 5, 2a",Calle,Del Oso,5,,,,2,A,28012,Madrid,VT-8986
Viviendas De Uso Turistico,Sin Categoria,"Oso, 5, 3 A",Calle,Del Oso,5,,,,3,A,28012,Madrid,VT-8987
Viviendas De Uso Turistico,Sin Categoria,"Santa Brígida, 23, 2-4",Calle,De Santa Brígida,23,,,,2,PTA. 4,28004,Madrid,VT-8988
Viviendas De Uso Turistico,Sin Categoria,"Ampelido, 4, 1 Dcha.",Calle,De Ampelido,4,,,,1,DCHA,28011,Madrid,VT-8989
Viviendas De Uso Turistico,Sin Categoria,"San Isidro Labrador, 5, 2 Izq.",Calle,De San Isidro Labrador,5,,,,2,IZQ,28005,Madrid,VT-8991
Viviendas De Uso Turistico,Sin Categoria,"Murcia, 15, 5 Izq. B",Calle,De Murcia,15,,,,5,IZQ B,28045,Madrid,VT-8992
Viviendas De Uso Turistico,Sin Categoria,"López De Hoyos, 10, 5e",Calle,De López De Hoyos,10,,,,5,E,,Madrid,VT-8993
Viviendas De Uso Turistico,Sin Categoria,"Pablo Luna, 12, 4d",Calle,De Pablo Luna,12,,,,4,D,28046,Madrid,VT-8994
Viviendas De Uso Turistico,Sin Categoria,"Manuela Malasaña, 5, 6d",Calle,De Manuela Malasaña,5,,,,6,D,28004,Madrid,VT-8997
Viviendas De Uso Turistico,Sin Categoria,"Serrano, 167, Bajo",Calle,De Serrano,167,,,,BAJO,,,Madrid,VT-9000
Viviendas De Uso Turistico,Sin Categoria,"Carranza, 22, 2 Ext. Izq.",Calle,De Carranza,22,,,,2,EXT. I,28004,Madrid,VT-9002
Viviendas De Uso Turistico,Sin Categoria,"General Ricardos, 62, 1d",Calle,Del General Ricardos,62,,,,1,D,,Madrid,VT-9004
Viviendas De Uso Turistico,Sin Categoria,"Ronda De Atocha, 13, 3-5",Ronda,De Atocha,13,,,,3,5,28012,Madrid,VT-9005
Viviendas De Uso Turistico,Sin Categoria,"Paseo Delicias, 51, 2c",Paseo,De Las Delicias,51,,,,2,C,28045,Madrid,VT-9006
Viviendas De Uso Turistico,Sin Categoria,"Mesón De Paredes, 85-2º Pta. Dh B",Calle,Del Mesón De Paredes,85,,,,2,PTA. D,28012,Madrid,VT-9008
Viviendas De Uso Turistico,Sin Categoria,"Pez, 7, 2e",Calle,Del Pez,7,,,,2,E,28004,Madrid,VT-9010
Viviendas De Uso Turistico,Sin Categoria,"Fuencarral, 117-5º Pta. Dcha.",Calle,De Fuencarral,117,,,,5,PTA. D,,Madrid,VT-9011
Viviendas De Uso Turistico,Sin Categoria,"Fayon, 2 Bis  1º Pta. Dcha.",Calle,Del Fayón,2,,,,1,PTA. D,28100,Alcobendas,VT-9012
Viviendas De Uso Turistico,Sin Categoria,"Pelayo, 42 Bajo Pta. Izq.",Calle,De Pelayo,42,,,,Bajo,IZQ,28004,Madrid,VT-9014
Viviendas De Uso Turistico,Sin Categoria,"Oso, 1 Bajo C",Calle,Del Oso,1,,,,BAJO,C,28012,Madrid,VT-9016
Viviendas De Uso Turistico,Sin Categoria,"Deyanira, 59 Ptal. C 4º Pta. 11",Calle,De Deyanira,59,,,,4,11,28022,Madrid,VT-9017
Viviendas De Uso Turistico,Sin Categoria,"Argumosa, 4-2º Pta. Dcha.",Calle,De Argumosa,4,,,,2,DCHA,28012,Madrid,VT-9020
Viviendas De Uso Turistico,Sin Categoria,"Toledo 14, 6º J",Ronda,De Toledo,14,,,,6,J,28005,Madrid,VT-9655
Viviendas De Uso Turistico,Sin Categoria,"San Bernardo 24, 4º B",Calle,De San Bernardo,24,,,,4,B,,Madrid,VT-9656
Viviendas De Uso Turistico,Sin Categoria,"Miguel Servet 15, 3º Pta. 3",Calle,De Miguel Servet,15,,,,3,PTA. 3,28012,Madrid,VT-9657
Viviendas De Uso Turistico,Sin Categoria,"San Lorenzo 8, 4º Dcha.",Calle,De San Lorenzo,8,,,,4,DCHA,28004,Madrid,VT-9659
Viviendas De Uso Turistico,Sin Categoria,"Esteban Mora 21, 1º B",Calle,De Esteban Mora,28,,,,1,B,28027,Madrid,VT-9661
Viviendas De Uso Turistico,Sin Categoria,"Amaniel, 1 ,4º D",Calle,De Amaniel,1,,,,4,D,28015,Madrid,VT-9663
Viviendas De Uso Turistico,Sin Categoria,"Victor Hugo 4, 4º  C  Esc. Dcha.",Calle,De Víctor Hugo,4,,,Dcha.,4,C,28004,Madrid,VT-9664
Viviendas De Uso Turistico,Sin Categoria,"Ponzano, 65  Bajo Esc. B",Calle,De Ponzano,65,,,,BAJO,B,,Madrid,VT-9668
Viviendas De Uso Turistico,Sin Categoria,"Alcala, 434 Bajo D",Calle,De Alcalá,434,,,,BAJO,D,,Madrid,VT-9669
Viviendas De Uso Turistico,Sin Categoria,"Valdecanillas, 61 1º F",Calle,De Valdecanillas,61,,,,1,F,28037,Madrid,VT-9674
Viviendas De Uso Turistico,Sin Categoria,"Andres Mellado, 27 3º A",Calle,De Andrés Mellado,27,,,,3,A,,Madrid,VT-9676
Viviendas De Uso Turistico,Sin Categoria,"Larra, 15 1º Izda.",Calle,De Larra,15,,,,1,IZQ,28004,Madrid,VT-9678
Viviendas De Uso Turistico,Sin Categoria,"Alcalde Sainz De Baranda, 101 5º Centro",Calle,Del Alcalde Sáinz De Baranda,101,,,,5,CENTRO,,Madrid,VT-9679
Viviendas De Uso Turistico,Sin Categoria,"Barcelona, 7-4º A",Calle,De Barcelona,7,,,,4,A,28012,Madrid,VT-7841
Viviendas De Uso Turistico,Sin Categoria,"Toledo, 69-4º Pta. F",Calle,De Toledo,69,,,,4,F,28005,Madrid,VT-7857
Viviendas De Uso Turistico,Sin Categoria,"Conde De Romanones, 8. Esc Izq., 1º Pta 1",Calle,Del Conde De Romanones,8,,,Izda.,1,1,28012,Madrid,VT-7871
Viviendas De Uso Turistico,Sin Categoria,"La Paloma, 10, 2-12",Calle,De La Paloma,10,,,,2,12,28005,Madrid,VT-8429
Viviendas De Uso Turistico,Sin Categoria,"Juanelo, 9, 3 Izq.",Calle,De Juanelo,9,,,,3,IZQ,28012,Madrid,VT-8430
Viviendas De Uso Turistico,Sin Categoria,"Hortaleza, 37, 3-13",Calle,De Hortaleza,37,,,,2,13,28004,Madrid,VT-8431
Viviendas De Uso Turistico,Sin Categoria,"Olavide, 10, 1d",Plaza,De Olavide,10,,,,1,D,28010,Madrid,VT-8432
Viviendas De Uso Turistico,Sin Categoria,"Urb. Alarailla, Calle Tres, 201",Calle,Tres (alarilla),201,,,,,,28597,Fuentidueña De Tajo,VT-8433
Viviendas De Uso Turistico,Sin Categoria,"Mayor, 1, 5-151",Calle,Mayor,1,,,,5,151,28013,Madrid,VT-8436
Viviendas De Uso Turistico,Sin Categoria,"Relatores, 5, 5 Dcha.",Calle,De Relatores,5,,,,5,DCHA,28012,Madrid,VT-8437
Viviendas De Uso Turistico,Sin Categoria,"Serrano, 74-4º C",Calle,De Serrano,74,,,,4,C,28006,Madrid,VT-8438
Viviendas De Uso Turistico,Sin Categoria,"Malteros, 1 Ptal. 5 2º B",Calle,Malteros,1,,,,2,B,28350,Ciempozuelos,VT-8439
Viviendas De Uso Turistico,Sin Categoria,"Toledo, 16-5º Pta. Dcha.",Calle,De Toledo,16,,,,5,DCHA,28005,Madrid,VT-8440
Viviendas De Uso Turistico,Sin Categoria,"San Bernardo, 84-5º Esc. Int. Pta. H",Calle,De San Bernardo,84,,,INT,5,H,28015,Madrid,VT-8441
Viviendas De Uso Turistico,Sin Categoria,"Augusto Figueroa, 33-4º Izq. A",Calle,De Augusto Figueroa,33,,,,4,IZQ A,28004,Madrid,VT-8444
Viviendas De Uso Turistico,Sin Categoria,"Murcia, 18-4º Esc. Ext. Pta. Izq.",Calle,De Murcia,18,,,EXT,4,IZQ,28045,Madrid,VT-8446
Viviendas De Uso Turistico,Sin Categoria,"Cesar Pastor Llopis, 6 Bajo B",Calle,De César Pastor Llopis,6,,,,BAJO,B,28031,Madrid,VT-8447
Viviendas De Uso Turistico,Sin Categoria,"Agustin Duran, 15 Bajo",Calle,De Agustín Durán,15,,,,BAJO,,28028,Madrid,VT-8448
Viviendas De Uso Turistico,Sin Categoria,"Hilario Sangrador, 2 Bajo B",Calle,De Hilario Sangrador,2,,,,BAJO,B,28011,Madrid,VT-8449
Viviendas De Uso Turistico,Sin Categoria,"San Vicente Ferrer, 22-3º Esc. Izq.Ctro.",Calle,De San Vicente Ferrer,22,,,IZQ CT,3,,28004,Madrid,VT-8450
Viviendas De Uso Turistico,Sin Categoria,"Santa Brígida, 23, 4-2",Calle,De Santa Brígida,23,,,,4,PTA. 2,28004,Madrid,VT-8451
Viviendas De Uso Turistico,Sin Categoria,"Manuel Uribe, 27, 3b",Calle,De Manuel Uribe,27,,,,3,B,28033,Madrid,VT-8452
Viviendas De Uso Turistico,Sin Categoria,"Larra, 17, Semisótano A",Calle,De Larra,17,,,,SEMISÓ,A,28004,Madrid,VT-8453
Viviendas De Uso Turistico,Sin Categoria,"Juan De Mena, 15, Bajo Dcha.",Calle,De Juan De Mena,15,,,,BAJO,DCHA,28014,Madrid,VT-8458
Viviendas De Uso Turistico,Sin Categoria,"Almaden, 14-1º Pta. Int. D",Calle,De Almadén,14,,,,1,INT D,28014,Madrid,VT-8460
Viviendas De Uso Turistico,Sin Categoria,"Leganitos, 6, 2b",Calle,De Leganitos,6,,,,2,B,28013,Madrid,VT-8461
Viviendas De Uso Turistico,Sin Categoria,"Arrieta, 8, 5-4",Calle,De Arrieta,8,,,,5,PTA. 4,28013,Madrid,VT-8462
Viviendas De Uso Turistico,Sin Categoria,"Atocha, 31, 4 Izq.",Calle,De Atocha,31,,,,4,IZQ,28012,Madrid,VT-8463
Viviendas De Uso Turistico,Sin Categoria,"Bolsa, 3, 3 Dcha.",Calle,De La Bolsa,3,,,,3,DCHA,28012,Madrid,VT-9023
Viviendas De Uso Turistico,Sin Categoria,"Cruz, 16, 1d",Calle,De La Cruz,16,,,,1,D,28012,Madrid,VT-9024
Viviendas De Uso Turistico,Sin Categoria,"Princesa, 3 Dup, 7, 722",Calle,De La Princesa,3,,,,7,PTA. 7,28008,Madrid,VT-9025
Viviendas De Uso Turistico,Sin Categoria,"Hileras, 9, Entreplanta, D4",Calle,De Las Hileras,9,,,,ENTREP,D4,28013,Madrid,VT-9026
Viviendas De Uso Turistico,Sin Categoria,"Augusto Figueroa, 47, 4a",Calle,De Augusto Figueroa,47,,,,4,A,28004,Madrid,VT-9028
Viviendas De Uso Turistico,Sin Categoria,"Fernando Vi, 10, Portal C, 3f",Calle,De Fernando Vi,10,,,,PTAL-C,F,28004,Madrid,VT-9029
Viviendas De Uso Turistico,Sin Categoria,"Atocha 112, 1 Ext. Izq.",Calle,De Atocha,112,,,,1,EXT. I,28012,Madrid,VT-9030
Viviendas De Uso Turistico,Sin Categoria,"Marqués De La Ensenada, 16, 13-7",Calle,Del Marqués De La Ensenada,16,,,,13,PTA. 7,28004,Madrid,VT-9032
Viviendas De Uso Turistico,Sin Categoria,"Olivar, 25, 1-1",Calle,Del Olivar,25,,,,1,PTA. 1,28012,Madrid,VT-9039
Viviendas De Uso Turistico,Sin Categoria,"Olivar, 25, 2-2",Calle,Del Olivar,25,,,,2,PTA. 2,28012,Madrid,VT-9040
Viviendas De Uso Turistico,Sin Categoria,"Olivar 25, 3-3",Calle,Del Olivar,25,,,,3,PTA. 3,28012,Madrid,VT-9041
Viviendas De Uso Turistico,Sin Categoria,"Fuente Del Berro, 35, Sótano Dcha.",Calle,De La Fuente Del Berro,35,,,,SÓTANO,DCHA,28009,Madrid,VT-9052
Viviendas De Uso Turistico,Sin Categoria,"Carretas, 14, 6, Esc. 1, F1",Calle,De Carretas,14,,,,ESC.-1,F1,28012,Madrid,VT-9056
Viviendas De Uso Turistico,Sin Categoria,"Jardines, 5, Bajo Yn",Calle,De Los Jardines,5,,,,BAJO,YN,28013,Madrid,VT-9057
Viviendas De Uso Turistico,Sin Categoria,"Campomanes, 9, Bajo Izq.",Calle,De Campomanes,9,,,,BAJO,IZQ,28013,Madrid,VT-9058
Viviendas De Uso Turistico,Sin Categoria,"Velarde 16, 2º Esc 1, Pta Dcha",Calle,De Velarde,16,,,,2,DCHA,28004,Madrid,VT-9584
Viviendas De Uso Turistico,Sin Categoria,"Duque De Alba 15, 3º, Izda. Pta. 6",Calle,Del Duque De Alba,15,,,,3,6,28012,Madrid,VT-9586
Viviendas De Uso Turistico,Sin Categoria,"Orense 69, 7º  Pta. 7",Calle,De Orense,69,,,,7,7,28020,Madrid,VT-9587
Viviendas De Uso Turistico,Sin Categoria,"General Pardiñas 57, 2º C",Calle,Del General Pardiñas,57,,,,2,C,,Madrid,VT-9588
Viviendas De Uso Turistico,Sin Categoria,"Orellana, 8, 2d",Calle,De Orellana,8,,,,2,D,28004,Madrid,VT-9591
Viviendas De Uso Turistico,Sin Categoria,"Leganitos, 15-17, Ptal 15, 3-6",Calle,De Leganitos,15-17,,,,3,PTA. 6,28013,Madrid,VT-9594
Viviendas De Uso Turistico,Sin Categoria,"Leganitos, 15-17, Ptal 15, 3-7",Calle,De Leganitos,15-17,,,,3,PTA. 7,28013,Madrid,VT-9595
Viviendas De Uso Turistico,Sin Categoria,"Leganitos, 15-17, Ptal 15, 3-8",Calle,De Leganitos,15-17,,,,3,PTA. 8,28013,Madrid,VT-9596
Viviendas De Uso Turistico,Sin Categoria,"Montserrat, 32, 3 Centro",Calle,Del Montserrat,32,,,,3,CENTRO,28015,Madrid,VT-9601
Viviendas De Uso Turistico,Sin Categoria,"Carrera De San Francisco, 13, 2-202",Carrera,De San Francisco,13,,,,2,PTA. 2,28005,Madrid,VT-9610
Viviendas De Uso Turistico,Sin Categoria,"Vaguada Arcipreste, 30, 4 F 4",Calle,Vaguada Del Arcipreste,30,,,,ESC.-F,PTA. 4,28220,Majadahonda,VT-9614
Viviendas De Uso Turistico,Sin Categoria,"General Lacy, 34, Bajo B3",Calle,Del General Lacy,34,,,,BAJO,B3,28045,Madrid,VT-9615
Viviendas De Uso Turistico,Sin Categoria,"Wimbledon, 18",Avenida,Wimbledon,18,,,,,,28514,Nuevo Baztán,VT-9618
Viviendas De Uso Turistico,Sin Categoria,"Memorial Del 11 De Marzo 2004, 8",Calle,Caídos De La División Azul,8,,,,,,28016,Madrid,VT-7895
Viviendas De Uso Turistico,Sin Categoria,"Colegiata, 19, 2º",Calle,De La Colegiata,19,,,,2,,28012,Madrid,VT-8464
Viviendas De Uso Turistico,Sin Categoria,"Conde De Peñalver, 90",Calle,Del Conde De Peñalver,90,,,,ESC.-1,PTA. 1,28006,Madrid,VT-8465
Viviendas De Uso Turistico,Sin Categoria,"Jerónimo Del Moral, 8 Bis, 1d",Calle,De Jerónimo Del Moral,8 BIS,,,,1,D,28350,Ciempozuelos,VT-8466
Viviendas De Uso Turistico,Sin Categoria,"Santa Brígida, 23, 2-2",Calle,De Santa Brígida,23,,,,2,PTA. 2,28004,Madrid,VT-8467
Viviendas De Uso Turistico,Sin Categoria,"San Ildefonso, 4-4º B",Calle,De San Ildefonso,4,,,,4,B,28012,Madrid,VT-8469
Viviendas De Uso Turistico,Sin Categoria,"Arenal, 8-3º Pta. 1",Calle,Del Arenal,8,,,,3,PTA. 1,28013,Madrid,VT-8470
Viviendas De Uso Turistico,Sin Categoria,"Arenal, 8-3º Pta. 2",Calle,Del Arenal,8,,,,3,PTA. 2,28013,Madrid,VT-8471
Viviendas De Uso Turistico,Sin Categoria,"Arenal, 8-3º Pta. 3",Calle,Del Arenal,8,,,,3,PTA. 3,28013,Madrid,VT-8472
Viviendas De Uso Turistico,Sin Categoria,"Arenal, 8-3º Pta. 4",Calle,Del Arenal,9,,,,3,PTA. 4,28013,Madrid,VT-8473
Viviendas De Uso Turistico,Sin Categoria,"Arenal, 8-3º Pta. 5",Calle,Del Arenal,8,,,,3,PTA. 5,28013,Madrid,VT-8474
Viviendas De Uso Turistico,Sin Categoria,"Arenal, 8-3º Pta, 6",Calle,Del Arenal,8,,,,3,PTA. 6,28013,Madrid,VT-8475
Viviendas De Uso Turistico,Sin Categoria,"Arenal, 8-3º Pta. 7",Calle,Del Arenal,8,,,,3,PTA. 7,28013,Madrid,VT-8476
Viviendas De Uso Turistico,Sin Categoria,"Arenal, 8-3º Pta. 8",Calle,Del Arenal,8,,,,3,PTA. 8,28013,Madrid,VT-8477
Viviendas De Uso Turistico,Sin Categoria,"Narvaez, 61-5º  Pta. Dcha.",Calle,De Narváez,61,,,,5,DCHA,28009,Madrid,VT-8478
Viviendas De Uso Turistico,Sin Categoria,"Ruiz, 26, B2",Calle,De Ruiz,26,,,,B2,,,Madrid,VT-8480
Viviendas De Uso Turistico,Sin Categoria,"Delicias, 8, 1, Esc. 2, A",Calle,De Delicias,8,,,2,1,A,28045,Madrid,VT-8481
Viviendas De Uso Turistico,Sin Categoria,"Don Ramón De La Cruz, 53-2º Pta. 2",Calle,De Don Ramón De La Cruz,53,,,,2,PTA. 2,28001,Madrid,VT-8484
Viviendas De Uso Turistico,Sin Categoria,"Monteleon, 31 B Pta. D",Calle,De Monteleón,31,,,,B,PTA.D,28010,Madrid,VT-8485
Viviendas De Uso Turistico,Sin Categoria,"Plaza Jesus, 6 Bajo Pta. Izq.",Plaza,De Jesús,6,,,,BAJO,IZQ,28014,Madrid,VT-8486
Viviendas De Uso Turistico,Sin Categoria,"Gabriel Miró, 3, 3c",Plaza,De Gabriel Miró,3,,,,3,C,28005,Madrid,VT-8489
Viviendas De Uso Turistico,Sin Categoria,"Valencia, 18, 3-2",Calle,De Valencia,18,,,,3,PTA. 2,28012,Madrid,VT-8490
Viviendas De Uso Turistico,Sin Categoria,"Coslada, 8, 1d",Calle,De Coslada,8,,,,1,D,28028,Madrid,VT-8491
Viviendas De Uso Turistico,Sin Categoria,"Aduana 23, 4º - 2",Calle,De La Aduana,23,,,,4,PTA. 2,28013,Madrid,VT-8494
Viviendas De Uso Turistico,Sin Categoria,"Estudios, 7, 4d",Calle,De Los Estudios,7,,,,4,D,28012,Madrid,VT-8496
Viviendas De Uso Turistico,Sin Categoria,"Lope De Rueda, 45, Portal D, 2c",Calle,De Lope De Rueda,45,,D,,2,C,28009,Madrid,VT-8497
Viviendas De Uso Turistico,Sin Categoria,"Daganzo, 3, 1-4",Calle,De Daganzo,3,,,,1,PTA. 4,28002,Madrid,VT-8498
Viviendas De Uso Turistico,Sin Categoria,"Reina Victoria, 3, Bajo, Esc. 2, 2",Avenida,De La Reina Victoria,3,,,2,BJ,2,28003,Madrid,VT-8499
Viviendas De Uso Turistico,Sin Categoria,"Enrique Velasco, 32, 3d",Calle,De Enrique Velasco,32,,,,3,D,28038,Madrid,VT-8500
Viviendas De Uso Turistico,Sin Categoria,"Espejo, 13, 1b",Calle,Del Espejo,13,,,,1,B,28013,Madrid,VT-8501
Viviendas De Uso Turistico,Sin Categoria,"Pza. República Ecuador, 5",Plaza,De La República Del Ecuador,5,,,,2,A,28016,Madrid,VT-8502
Viviendas De Uso Turistico,Sin Categoria,"Norte, 27, 2c",Calle,Del Norte,27,,,,2,C,28015,Madrid,VT-9059
Viviendas De Uso Turistico,Sin Categoria,"Caballero De Gracia, 12, 1 Izq.",Calle,Del Caballero De Gracia,12,,,,1,IZQ,28013,Madrid,VT-9060
Viviendas De Uso Turistico,Sin Categoria,"Lavapiés, 7, Ptal 1, Bajo, Esc. 1, Pta. 1",Calle,De Lavapiés,7,,,,"P1,-ES",BAJO 1,28012,Madrid,VT-9061
Viviendas De Uso Turistico,Sin Categoria,"Lavapiés, 7, Ptal 1, Bajo, Esc. 1, Pta. 2",Calle,De Lavapiés,1,,,,"P1,-ES",BAJO 2,28012,Madrid,VT-9062
Viviendas De Uso Turistico,Sin Categoria,"Esparteros, 6, 3g",Calle,De Esparteros,6,,,,3,G,28012,Madrid,VT-9063
Viviendas De Uso Turistico,Sin Categoria,"Esparteros, 6, 4a",Calle,De Esparteros,6,,,,4,A,28012,Madrid,VT-9064
Viviendas De Uso Turistico,Sin Categoria,"Esparteros, 6, 4b",Calle,De Esparteros,6,,,,4,B,28012,Madrid,VT-9065
Viviendas De Uso Turistico,Sin Categoria,"Esparteros, 6, 4c",Calle,De Esparteros,6,,,,4,C,28012,Madrid,VT-9066
Viviendas De Uso Turistico,Sin Categoria,"Esparteros, 6, 4d",Calle,De Esparteros,6,,,,4,D,28012,Madrid,VT-9067
Viviendas De Uso Turistico,Sin Categoria,"Esparteros, 6, 4e",Calle,De Esparteros,6,,,,4,E,28012,Madrid,VT-9068
Viviendas De Uso Turistico,Sin Categoria,"Esparteros, 6, 4f",Calle,De Esparteros,6,,,,4,F,28012,Madrid,VT-9069
Viviendas De Uso Turistico,Sin Categoria,"Huertas, 50, 1 C1",Calle,De Las Huertas,50,,,,1,C1,,Madrid,VT-9070
Viviendas De Uso Turistico,Sin Categoria,"Castellón, 3, 2 Int. 3",Calle,Castellón,3,,,,2,PTA. 3,28937,Móstoles,VT-9071
Viviendas De Uso Turistico,Sin Categoria,"Sor Ángela De La Cruz, 24, 1, Esc. B, F",Calle,De Sor Ángela De La Cruz,24,,,,ESC.-B,F,28020,Madrid,VT-9074
Viviendas De Uso Turistico,Sin Categoria,"Fernán González, 37, 5f",Calle,De Fernán González,37,,,,5,F,28009,Madrid,VT-9075
Viviendas De Uso Turistico,Sin Categoria,"Toledo, 90, 2g",Calle,De Toledo,90,,,,2,G,28005,Madrid,VT-9076
Viviendas De Uso Turistico,Sin Categoria,"Don Ramón De La Cruz, 62, 2c",Calle,De Don Ramón De La Cruz,62,,,,2,C,,Madrid,VT-9077
Viviendas De Uso Turistico,Sin Categoria,"Pza. Rep. Dominicana, 2, 4a",Plaza,De La República Dominicana,2,,,,4,A,28016,Madrid,VT-9078
Viviendas De Uso Turistico,Sin Categoria,"Calatrava, 21, 2 Izq.",Calle,De Calatrava,21,,,,2,IZQ,28005,Madrid,VT-9079
Viviendas De Uso Turistico,Sin Categoria,"Pza. Tirso De Molina, 13, 5 Int. Dcha.",Plaza,De Tirso De Molina,13,,,,5,INT D,28012,Madrid,VT-9080
Viviendas De Uso Turistico,Sin Categoria,"Lavapiés, 40, Bajo 1",Calle,De Lavapiés,40,,,,BAJO,PTA. 1,28012,Madrid,VT-9081
Viviendas De Uso Turistico,Sin Categoria,"Hermosilla, 86, 2d",Calle,De Hermosilla,86,,,,2,D,,Madrid,VT-9082
Viviendas De Uso Turistico,Sin Categoria,"Almirante, 1, 4-1",Calle,Del Almirante,1,,,,4,PTA. 1,28004,Madrid,VT-9083
Viviendas De Uso Turistico,Sin Categoria,"Esparteros, 6, 3a",Calle,De Esparteros,6,,,,3,A,28012,Madrid,VT-9084
Viviendas De Uso Turistico,Sin Categoria,"Esparteros, 6, 3b",Calle,De Esparteros,6,,,,3,B,28012,Madrid,VT-9085
Viviendas De Uso Turistico,Sin Categoria,"Esparteros, 6, 3c",Calle,De Esparteros,6,,,,3,C,28012,Madrid,VT-9086
Viviendas De Uso Turistico,Sin Categoria,"Esparteros, 6, 3 D",Calle,De Esparteros,6,,,,3,D,28012,Madrid,VT-9087
Viviendas De Uso Turistico,Sin Categoria,"Esparteros, 6, 3e",Calle,De Esparteros,6,,,,3,E,28012,Madrid,VT-9088
Viviendas De Uso Turistico,Sin Categoria,"Esparteros, 6, 3 F",Calle,De Esparteros,6,,,,3,F,28012,Madrid,VT-9089
Viviendas De Uso Turistico,Sin Categoria,"Esparteros, 6, 4g",Calle,De Esparteros,6,,,,4,G,28012,Madrid,VT-9090
Viviendas De Uso Turistico,Sin Categoria,"Pza Marina Española, 4, 5-4",Plaza,De La Marina Española,4,,,,5,PTA. 4,28013,Madrid,VT-9091
Viviendas De Uso Turistico,Sin Categoria,"Goya, 67, 6 Dcha.",Calle,De Goya,67,,,,6,DCHA,,Madrid,VT-9092
Viviendas De Uso Turistico,Sin Categoria,"Almagro, 14, 2",Calle,De Almagro,14,,,,2,,28010,Madrid,VT-9093
Viviendas De Uso Turistico,Sin Categoria,"Gran Vía, 59, 11 C",Calle,Gran Vía,59,,,,11,C,28013,Madrid,VT-9095
Viviendas De Uso Turistico,Sin Categoria,"San Bernardo, 83, 2-20",Calle,De San Bernardo,83,,,,2,PTA. 2,,Madrid,VT-9096
Viviendas De Uso Turistico,Sin Categoria,"Núñez De Balboa, 58. 5º Dcha.",Calle,De Núñez De Balboa,58,,,,5,DCHA,28001,Madrid,VT-7318
Viviendas De Uso Turistico,Sin Categoria,"Alfonso Xi, 7. 1º Dcha.",Calle,De Alfonso Xi,7,,,,1,DCHA,28014,Madrid,VT-7320
Viviendas De Uso Turistico,Sin Categoria,"Pedro De Valdivia, 14. 3º B",Calle,De Pedro De Valdivia,14,,,,3,B,28006,Madrid,VT-7321
Viviendas De Uso Turistico,Sin Categoria,"Infantas, 19. 4º Dcha.",Calle,De Las Infantas,19,,,,4,DCHA,28004,Madrid,VT-7322
Viviendas De Uso Turistico,Sin Categoria,"Villa, 1. 4º D",Calle,De La Villa,1,,,,4,D,28005,Madrid,VT-7326
Viviendas De Uso Turistico,Sin Categoria,"Fernando Poo, 40. 3º A",Calle,De Fernando Poo,40,,,,3,A,28045,Madrid,VT-7327
Viviendas De Uso Turistico,Sin Categoria,"Salaberry, 10. 1º D",Calle,De Sallaberry,10,,,,1,D,28019,Madrid,VT-7328
Viviendas De Uso Turistico,Sin Categoria,"Lanchas, 3-1º Pta. 1",Calle,Lanchas,3,,,,1,1,28297,Santa María De La Alameda,VT-7927
Viviendas De Uso Turistico,Sin Categoria,"Travesía Del Reloj, 5. Bajo Int. Izq.",Travesia,Del Reloj,5,,,,BAJO,INT IZ,28013,Madrid,VT-7929
Viviendas De Uso Turistico,Sin Categoria,"Carlos Dabán, 12, Bajo D",Calle,De Carlos Dabán,12,,,,BAJO,D,28019,Madrid,VT-7944
Viviendas De Uso Turistico,Sin Categoria,"Carlos Dabán, 12, Bajo E",Calle,De Carlos Dabán,12,,,,BAJO,E,28019,Madrid,VT-7945
Viviendas De Uso Turistico,Sin Categoria,"Muñoz Torrero, 4, 3c",Calle,De Muñoz Torrero,4,,,,3,C,28004,Madrid,VT-8503
Viviendas De Uso Turistico,Sin Categoria,"Jaime El Conquistador, 38, 4d",Calle,De Jaime El Conquistador,38,,,,4,D,28045,Madrid,VT-8505
Viviendas De Uso Turistico,Sin Categoria,"Juan De Urbieta, 25, 2, A2",Calle,De Juan De Urbieta,25,,,,2,A2,28007,Madrid,VT-8506
Viviendas De Uso Turistico,Sin Categoria,"Alberto Alcocer, 8, 8º B",Avenida,De Alberto Alcocer,8,,,,8,B,,Madrid,VT-8507
Viviendas De Uso Turistico,Sin Categoria,"Gran Via, 78-10º Esc. Dcha.",Calle,Gran Vía,78,,,,10,DCHA,28013,Madrid,VT-8508
Viviendas De Uso Turistico,Sin Categoria,"Santa Engracia,  136-7º A",Calle,De Santa Engracia,136,,,,7,A,,Madrid,VT-8509
Viviendas De Uso Turistico,Sin Categoria,"Himalaya, 23-1º Pta. 1",Calle,Del Himalaya,23,,,,1,PTA. 1,28420,Galapagar,VT-8510
Viviendas De Uso Turistico,Sin Categoria,"Argumosa, 5-6º Esc. Ext. Pta. Dcha.",Calle,De Argumosa,5,,,EXT,6,D,28012,Madrid,VT-8512
Viviendas De Uso Turistico,Sin Categoria,"Abades, 20-2º Pta.1",Calle,De Abades,20,,,,2,1,28012,Madrid,VT-8514
Viviendas De Uso Turistico,Sin Categoria,"Montesa, 34, 1 Dcha.",Calle,De Montesa,34,,,,1,DCHA,28006,Madrid,VT-8515
Viviendas De Uso Turistico,Sin Categoria,"Echegaray, 19, 5-1",Calle,De Echegaray,19,,,,5,PTA. 1,28014,Madrid,VT-8516
Viviendas De Uso Turistico,Sin Categoria,"Zaragoza, 9, 2 Izq.",Calle,De Zaragoza,9,,,,2,IZQ,28012,Madrid,VT-8517
Viviendas De Uso Turistico,Sin Categoria,"Juan De Uribieta, 25, 2, A1",Calle,De Juan De Urbieta,25,,,,2,A1,28007,Madrid,VT-8519
Viviendas De Uso Turistico,Sin Categoria,"Juan De Urbieta, 25, 2, A3",Calle,De Juan De Urbieta,25,,,,2,A3,28007,Madrid,VT-8520
Viviendas De Uso Turistico,Sin Categoria,"Juan De Urbieta, 25, 2b",Calle,De Juan De Urbieta,25,,,,2,B,28007,Madrid,VT-8521
Viviendas De Uso Turistico,Sin Categoria,"Almirante, 27, 3c",Calle,Del Almirante,27,,,,3,C,28004,Madrid,VT-8523
Viviendas De Uso Turistico,Sin Categoria,"García Quintanilla, 22, Bajo",Calle,De García Quintanilla,22,,,,BAJO,,28027,Madrid,VT-8524
Viviendas De Uso Turistico,Sin Categoria,"García Quintanilla, 22, 2",Calle,De García Quintanilla,22,,,,2,,28027,Madrid,VT-8525
Viviendas De Uso Turistico,Sin Categoria,"García Quintanilla, 22, 3",Calle,De García Quintanilla,22,,,,3,,28027,Madrid,VT-8526
Viviendas De Uso Turistico,Sin Categoria,"Gran Vía, 15, 6c",Calle,Gran Vía,15,,,,6,C,28013,Madrid,VT-8527
Viviendas De Uso Turistico,Sin Categoria,"Mayor, 21, 2d",Calle,Mayor,21,,,,2,D,28013,Madrid,VT-8529
Viviendas De Uso Turistico,Sin Categoria,"Buenavista, 17, Bajo",Calle,De Buenavista,17,,,,BAJO,,28012,Madrid,VT-8530
Viviendas De Uso Turistico,Sin Categoria,"Buenavista, 17, 1",Calle,De Buenavista,17,,,,1,,28012,Madrid,VT-8531
Viviendas De Uso Turistico,Sin Categoria,"Buenavista, 17, 2",Calle,De Buenavista,17,,,,2,,28012,Madrid,VT-8532
Viviendas De Uso Turistico,Sin Categoria,"Buenavista, 17, 3",Calle,De Buenavista,17,,,,3,,28012,Madrid,VT-8533
Viviendas De Uso Turistico,Sin Categoria,"Buenavista, 17, 4",Calle,De Buenavista,17,,,,4,,28012,Madrid,VT-8534
Viviendas De Uso Turistico,Sin Categoria,"Valencia, 21, 1c",Calle,De Valencia,21,,,,1,C,28012,Madrid,VT-8536
Viviendas De Uso Turistico,Sin Categoria,"Ruda, 14, 1º Izq.",Calle,De La Ruda,14,,,,1,IZQ,28005,Madrid,VT-8537
Viviendas De Uso Turistico,Sin Categoria,"Ronda De Atocha, 8, 2b",Ronda,De Atocha,8,,,,2,B,28012,Madrid,VT-8538
Viviendas De Uso Turistico,Sin Categoria,"Saavedra Fajardo, 18, 1b",Calle,De Saavedra Fajardo,18,,,,1,B,28011,Madrid,VT-8539
Viviendas De Uso Turistico,Sin Categoria,"Los Guaramillos, 7",Calle,De Los Guaramillos,7,,,,,,28002,Madrid,VT-9098
Viviendas De Uso Turistico,Sin Categoria,"Magallanes, 1, 4-401",Calle,De Magallanes,1,,,,4,PTA. 4,28015,Madrid,VT-9100
Viviendas De Uso Turistico,Sin Categoria,"San Hermenegildo, 8, Local B",Calle,De San Hermenegildo,8,,,,LOCAL,B,28015,Madrid,VT-9101
Viviendas De Uso Turistico,Sin Categoria,"Sebastián El Cano, 36, Bajo Pta. L6",Calle,De Sebastián Elcano,36,,,,BAJO,L6,28012,Madrid,VT-9102
Viviendas De Uso Turistico,Sin Categoria,"Preciados, 33, 3, Esc. I, A",Calle,De Preciados,33,,,,ESC.-I,A,28013,Madrid,VT-9104
Viviendas De Uso Turistico,Sin Categoria,"Preciados, 33, 3, Esc. I, B",Calle,De Preciados,33,,,,ESC.-I,B,28013,Madrid,VT-9105
Viviendas De Uso Turistico,Sin Categoria,"Preciados, 33, 3, Esc. I, C",Calle,De Preciados,33,,,,ESC.-I,C,28013,Madrid,VT-9106
Viviendas De Uso Turistico,Sin Categoria,"Preciados, 33, 3, Esc. I, D",Calle,De Preciados,33,,,,ESC.-I,D,28013,Madrid,VT-9107
Viviendas De Uso Turistico,Sin Categoria,"Preciados, 33, 3, Esc. I, E",Calle,De Preciados,33,,,,ESC.-I,E,28013,Madrid,VT-9108
Viviendas De Uso Turistico,Sin Categoria,"Cava Baja, 37, 1-3",Calle,De La Cava Baja,37,,,,1,PTA. 3,28005,Madrid,VT-9109
Viviendas De Uso Turistico,Sin Categoria,"Padre Jesús Ordóñez, 14, 4c",Calle,Del Padre Jesús Ordóñez,14,,,,4,C,28002,Madrid,VT-9110
Viviendas De Uso Turistico,Sin Categoria,"Segovia, 31, 3 Centro",Calle,De Segovia,31,,,,3,CENTRO,28005,Madrid,VT-9112
Viviendas De Uso Turistico,Sin Categoria,"Carnero, 4, 2a",Calle,Del Carnero,4,,,,2,A,28005,Madrid,VT-9113
Viviendas De Uso Turistico,Sin Categoria,"Chinchilla, 1, 3-8",Calle,De La Chinchilla,1,,,,3,PTA. 8,28013,Madrid,VT-9114
Viviendas De Uso Turistico,Sin Categoria,"Hermosilla, 89, 5 Int. D",Calle,De Hermosilla,89,,,,5,INT D,,Madrid,VT-9115
Viviendas De Uso Turistico,Sin Categoria,"Peñascales, 47, Bajo Int. C",Calle,De Los Peñascales,47,,,,BAJO,INT. C,28028,Madrid,VT-9116
Viviendas De Uso Turistico,Sin Categoria,"Príncipe 33, 2d",Calle,Del Príncipe,33,,,,2,D,28012,Madrid,VT-9117
Viviendas De Uso Turistico,Sin Categoria,"Bailén, 33, 1 Dcha.",Calle,De Bailén,33,,,,1,DCHA,,Madrid,VT-9118
Viviendas De Uso Turistico,Sin Categoria,"Montserrat, 22, 3c",Calle,Del Montserrat,22,,,,3,C,28015,Madrid,VT-9121
Viviendas De Uso Turistico,Sin Categoria,"Buenavista, 42, 2-4",Calle,De Buenavista,42,,,,2,PTA. 4,28012,Madrid,VT-9122
Viviendas De Uso Turistico,Sin Categoria,"General Díaz Porlier, 95, 5 Esc.A Dcha.",Calle,Del General Díaz Porlier,95,,,,ESC.-A,DCHA,,Madrid,VT-9123
Viviendas De Uso Turistico,Sin Categoria,"Méndez Álvaro, 6, 2a",Calle,De Méndez Álvaro,6,,,,2,A,,Madrid,VT-9124
Viviendas De Uso Turistico,Sin Categoria,"Buenavista, 4, 2-1",Calle,De Buenavista,4,,,,2,PTA. 1,28012,Madrid,VT-9125
Viviendas De Uso Turistico,Sin Categoria,"Buenavista, 4, 3-1",Calle,De Buenavista,4,,,,3,PTA. 1,28012,Madrid,VT-9126
Viviendas De Uso Turistico,Sin Categoria,"Pez, 9, Patio Dcha.",Calle,Del Pez,9,,,,PATIO,DCHA,28004,Madrid,VT-9128
Viviendas De Uso Turistico,Sin Categoria,"Alberto Alcocer, 49, 10-3",Avenida,De Alberto Alcocer,49,,,,10,PTA. 3,28016,Madrid,VT-9130
Viviendas De Uso Turistico,Sin Categoria,"Francisco Silvela, 20, 1, Ci",Calle,De Francisco Silvela,20,,,,1,CI,28028,Madrid,VT-9131
Viviendas De Uso Turistico,Sin Categoria,"Fernández De Los Ríos, 49, 4d",Calle,De Fernández De Los Ríos,49,,,,4,D,28015,Madrid,VT-9132
Viviendas De Uso Turistico,Sin Categoria,"Embajadores, 14, 3, Esc. 1, Izq.",Calle,De Los Embajadores,14,,,,ESC.-1,IZQ,,Madrid,VT-9133
Viviendas De Uso Turistico,Sin Categoria,"La Paz, 7, 6e",Calle,De La Paz,7,,,,6,E,28012,Madrid,VT-7366
Viviendas De Uso Turistico,Sin Categoria,"General Palanca, 31 Apto. 30",Calle,Del General Palanca,31,,,,BAJO,30,28045,Madrid,VT-7367
Viviendas De Uso Turistico,Sin Categoria,"Buenavista, 142",Calle,De Buenavista,42,,,,2,3,28012,Madrid,VT-7368
Viviendas De Uso Turistico,Sin Categoria,"Juan Tornero, 52",Calle,De Juan Tornero,52,,,,1,E,28011,Madrid,VT-7369
Viviendas De Uso Turistico,Sin Categoria,"San Eugenio, 4, Esc. 1, 1a",Calle,De San Eugenio,4,,,1,3,A,28012,Madrid,VT-7370
Viviendas De Uso Turistico,Sin Categoria,"Gobernador, 29, 2a",Calle,Del Gobernador,29,,,,2,A,28014,Madrid,VT-7371
Viviendas De Uso Turistico,Sin Categoria,"Dario Fo, 3",Calle,De Darío Fo,3,,7,,1,A,28909,Getafe,VT-7372
Viviendas De Uso Turistico,Sin Categoria,"Serrano Anguita, 9",Calle,De Serrano Anguita,9,,,,1,B,28004,Madrid,VT-7373
Viviendas De Uso Turistico,Sin Categoria,"Ruda, 15, 1-1-b",Calle,De La Ruda,15,,,1,1,B,28005,Madrid,VT-7374
Viviendas De Uso Turistico,Sin Categoria,"Cava De San Miguel, 15, 4 Izq.",Calle,De La Cava De San Miguel,15,,,,4,IZQ,28005,Madrid,VT-7375
Viviendas De Uso Turistico,Sin Categoria,"Santa Clara, 2 Bis, 1-6",Calle,Santa Clara,2,,BIS,,1,6,28200,San Lorenzo De El Escorial,VT-7376
Viviendas De Uso Turistico,Sin Categoria,"Comandante Fortea, 29",Paseo,Del Comandante Fortea,29,,,,3,C,28008,Madrid,VT-7377
Viviendas De Uso Turistico,Sin Categoria,"Zaragoza, 4",Calle,De Zaragoza,4,,,,1,2,28012,Madrid,VT-7379
Viviendas De Uso Turistico,Sin Categoria,"Cava De San Miguel, 11, 4 Dcha.",Calle,De La Cava De San Miguel,11,,,,4,DCHA,28005,Madrid,VT-7382
Viviendas De Uso Turistico,Sin Categoria,"Príncipe, 19, 5-2",Calle,Del Príncipe,19,,,,5,2,28012,Madrid,VT-7383
Viviendas De Uso Turistico,Sin Categoria,"Rosario, 13. 2º Dcha.",Calle,Del Rosario,13,,,,2,DCHA,28005,Madrid,VT-7384
Viviendas De Uso Turistico,Sin Categoria,Fray Ceferino González,Calle,De Fray Ceferino González,13,,,,4,C,28005,Madrid,VT-7950
Viviendas De Uso Turistico,Sin Categoria,"Avda. San Martín, 19",Avenida,De San Martín (las Cabezas),19,,,,,,28739,Villavieja Del Lozoya,VT-7952
Viviendas De Uso Turistico,Sin Categoria,"Fuencarral, 22-2º B Int",Calle,De Fuencarral,22,,,,2,B,28004,Madrid,VT-7954
Viviendas De Uso Turistico,Sin Categoria,"Toledo, 107 6º Pta. Dcha.",Calle,De Toledo,107,,,,6,DCHA,28005,Madrid,VT-7957
Viviendas De Uso Turistico,Sin Categoria,"Pirra, 44 Ptal. C 3º Pta. 2",Calle,De Pirra,44,,C,,3,2,28022,Madrid,VT-7965
Viviendas De Uso Turistico,Sin Categoria,"Pirra, 44 Ptal. D 3º Pta. 25",Calle,De Pirra,44,,D,,3,25,28022,Madrid,VT-7966
Viviendas De Uso Turistico,Sin Categoria,"Pirra, 44 Ptal. D 5º Pta. 15",Calle,De Pirra,44,,D,,5,15,28022,Madrid,VT-7967
Viviendas De Uso Turistico,Sin Categoria,"Campezo, 14 Ptal. 2 3º Pta. 12",Calle,De Campezo,14,,2,,3,12,28022,Madrid,VT-7968
Viviendas De Uso Turistico,Sin Categoria,"Campezo, 14 Ptal.3 1º Pta. 13",Calle,De Campezo,14,,3,,1,13,28022,Madrid,VT-7969
Viviendas De Uso Turistico,Sin Categoria,"Doctor Fourquet, 30 1º D",Calle,Del Doctor Fourquet,30,,,,1,D,28012,Madrid,VT-7975
Viviendas De Uso Turistico,Sin Categoria,"Jardines, 6, 1 Int. Izq.",Calle,De Los Jardines,6,,,Int.,1,IZQ,28013,Madrid,VT-7977
Viviendas De Uso Turistico,Sin Categoria,"Embajadores, 93, 2c",Calle,De Los Embajadores,93,,,,2,C,,Madrid,VT-7982
Viviendas De Uso Turistico,Sin Categoria,"Valenzuela, 6",Calle,De Valenzuela,6,,,,1,IZQ,28014,Madrid,VT-7983
Viviendas De Uso Turistico,Sin Categoria,"Acacias, 11, 5-1-h",Paseo,De Las Acacias,11,,,1,5,H,28005,Madrid,VT-8540
Viviendas De Uso Turistico,Sin Categoria,"Avda. Mediterráneo, 2, 2b",Avenida,Del Mediterráneo,2,,,,2,B,,Madrid,VT-8541
Viviendas De Uso Turistico,Sin Categoria,"Fernandez Caro, 35-1º A",Calle,De Fernández Caro,35,,,,1,A,28027,Madrid,VT-8549
Viviendas De Uso Turistico,Sin Categoria,"Fernandez Caro, 35-1º B",Calle,De Fernández Caro,35,,,,1,B,28027,Madrid,VT-8550
Viviendas De Uso Turistico,Sin Categoria,"Fernandez Caro, 35-2º A",Calle,De Fernández Caro,35,,,,2,A,28027,Madrid,VT-8551
Viviendas De Uso Turistico,Sin Categoria,"Fernandez Caro, 35-2º B",Calle,De Fernández Caro,35,,,,2,B,28027,Madrid,VT-8552
Viviendas De Uso Turistico,Sin Categoria,"Fernandez Caro, 35-3º A",Calle,De Fernández Caro,35,,,,3,A,28027,Madrid,VT-8553
Viviendas De Uso Turistico,Sin Categoria,"Fernandez Caro, 35-3º B",Calle,De Fernández Caro,35,,,,3,B,28027,Madrid,VT-8554
Viviendas De Uso Turistico,Sin Categoria,"Fernandez Caro, 35-4º",Calle,De Fernández Caro,35,,,,4,,28027,Madrid,VT-8555
Viviendas De Uso Turistico,Sin Categoria,"Malcampo, 16, 1-9",Calle,De Malcampo,16,,,,1,9,28002,Madrid,VT-8556
Viviendas De Uso Turistico,Sin Categoria,"Jesús Del Valle, 23, 1c",Calle,De Jesús Del Valle,23,,,,1,C,28004,Madrid,VT-8557
Viviendas De Uso Turistico,Sin Categoria,"Jesús Del Valle, 15, Bajo C",Calle,De Jesús Del Valle,15,,,,BAJO,C,28004,Madrid,VT-8558
Viviendas De Uso Turistico,Sin Categoria,"Pza. De La Paja, 3, 1y",Plaza,De La Paja,3,,,Y,1,D,28005,Madrid,VT-8559
Viviendas De Uso Turistico,Sin Categoria,"Pizarro, 14, 4b",Calle,De Pizarro,14,,,EXT,4,B,28004,Madrid,VT-8560
Viviendas De Uso Turistico,Sin Categoria,"Pinos, 50",Calle,De Los Pinos,50,,,,,,28630,Villa Del Prado,VT-8561
Viviendas De Uso Turistico,Sin Categoria,"Méjico, 51-2º A",Calle,De Méjico,51,,,,2,A,28028,Madrid,VT-8562
Viviendas De Uso Turistico,Sin Categoria,"Orense, 32-12º Pta. Bc",Calle,De Orense,32,,,,12,B-C,28020,Madrid,VT-8563
Viviendas De Uso Turistico,Sin Categoria,"San Agustin, 2-4º Pta. Ca",Calle,De San Agustín,2,,,,4,CA,28014,Madrid,VT-8565
Viviendas De Uso Turistico,Sin Categoria,"General Palanca, 10-7º D",Calle,Del General Palanca,10,,,,7,D,28045,Madrid,VT-8566
Viviendas De Uso Turistico,Sin Categoria,"Naves, 19 Bajo",Calle,De Las Naves,19,,,,BAJO,,28005,Madrid,VT-8567
Viviendas De Uso Turistico,Sin Categoria,"Carranza, 21, E Izq.",Calle,De Carranza,21,,,,E,IZQ,28004,Madrid,VT-8568
Viviendas De Uso Turistico,Sin Categoria,"Amparo, 67, 3 - 7",Calle,Del Amparo,67,,,,3,7,28012,Madrid,VT-8570
Viviendas De Uso Turistico,Sin Categoria,"Santa Clara, 4, 1e",Calle,De Santa Clara,4,,,,1,E,28013,Madrid,VT-8571
Viviendas De Uso Turistico,Sin Categoria,"Ruda, 3, 1-11",Calle,De La Ruda,3,,,,1,11,28005,Madrid,VT-8572
Viviendas De Uso Turistico,Sin Categoria,"Carranza, 21, 5 Dcha.",Calle,De Carranza,21,,,,5,DCHA,28004,Madrid,VT-8573
Viviendas De Uso Turistico,Sin Categoria,"Tabernillas, 23, 4d",Calle,De Tabernillas,23,,,,4,D,28005,Madrid,VT-8574
Viviendas De Uso Turistico,Sin Categoria,"Barco, 40, 4º 3",Calle,Del Barco,40,,,,4,3,28004,Madrid,VT-8575
Viviendas De Uso Turistico,Sin Categoria,"Ballesta, 26, 2º 2 Izq.",Calle,De La Ballesta,26,,,,2,IZQ,28004,Madrid,VT-8576
Viviendas De Uso Turistico,Sin Categoria,"Pza General Vara Del Rey, 14, Bajo Int. 1",Plaza,Del General Vara De Rey,14,,,INT,BAJO,1,28005,Madrid,VT-8577
Viviendas De Uso Turistico,Sin Categoria,"Sierpe, 4 Bajo Pta. Izq.",Calle,De La Sierpe,4,,,,BAJO,PTA. I,28005,Madrid,VT-9149
Viviendas De Uso Turistico,Sin Categoria,"Santiago, 2-1º D",Calle,De Santiago,2,,,,1,D,28013,Madrid,VT-9150
Viviendas De Uso Turistico,Sin Categoria,"Arcos De Jalón, 7-6º C",Calle,De Arcos De Jalón,7,,,,6,C,28037,Madrid,VT-9151
Viviendas De Uso Turistico,Sin Categoria,"Jaime Vera, 7 Bajo Pta. 1",Calle,De Jaime Vera,7,,,,BAJO,PTA. 1,28011,Madrid,VT-9152
Viviendas De Uso Turistico,Sin Categoria,"Cabeza, 46-1º Pta. Dcha.",Calle,De La Cabeza,46,,,,1,PTA. D,28012,Madrid,VT-9154
Viviendas De Uso Turistico,Sin Categoria,"Virgen Del Sagrario, 4, Centro 4a",Calle,De La Virgen Del Sagrario,4,,,,CENTRO,A,28027,Madrid,VT-9155
Viviendas De Uso Turistico,Sin Categoria,"José Del Río, 45, Bajo 1",Calle,De José Del Río,45,,,,BAJO,1,28019,Madrid,VT-9156
Viviendas De Uso Turistico,Sin Categoria,"Paseo De Los Olmos, 3, 1-6",Paseo,De Los Olmos,3,,,,1,PTA. 6,28005,Madrid,VT-9157
Viviendas De Uso Turistico,Sin Categoria,"Cervantes, 9-4º G",Calle,De Cervantes,9,,,,4,G,28014,Madrid,VT-9159
Viviendas De Uso Turistico,Sin Categoria,"Caballero De Gracia, 14 4º Pta. Dr. A",Calle,Del Caballero De Gracia,14,,,,4,PTA. D,28013,Madrid,VT-9160
Viviendas De Uso Turistico,Sin Categoria,"Pirra, 34-5º Esc. 2 Pta. 17",Calle,De Pirra,34,,,,"ESC.2,",PTA. 1,28022,Madrid,VT-9162
Viviendas De Uso Turistico,Sin Categoria,"Barcelona, 7-3º B",Calle,De Barcelona,7,,,,3,B,28012,Madrid,VT-9163
Viviendas De Uso Turistico,Sin Categoria,"Fuencarral, 26-4º Esc. Int. Pta. 1",Calle,De Fuencarral,26,,,,ESC-IN,PTA. 1,,Madrid,VT-9164
Viviendas De Uso Turistico,Sin Categoria,"Huertas, 61-1º Pta. Izq. Int. 3",Calle,De Las Huertas,61,,,,1,PTA.IZ,,Madrid,VT-9165
Viviendas De Uso Turistico,Sin Categoria,"San Ildefonso, 28, 3d",Calle,De San Ildefonso,28,,,,3,D,28012,Madrid,VT-9167
Viviendas De Uso Turistico,Sin Categoria,"Tribulete, 4. 3º Ctro.",Calle,De Tribulete,4,,,,3,CENTRO,28012,Madrid,VT-7386
Viviendas De Uso Turistico,Sin Categoria,"Mayor, 1. 4º Pta 18",Calle,Mayor,1,,,,4,18,28013,Madrid,VT-7389
Viviendas De Uso Turistico,Sin Categoria,"Francisco Silvela, 96, 6d",Calle,De Francisco Silvela,96,,,,6,D,,Madrid,VT-7391
Viviendas De Uso Turistico,Sin Categoria,"Santa Ana, 29-2º Pta. 2",Calle,De Santa Ana,29,,,,2,2,28005,Madrid,VT-7392
Viviendas De Uso Turistico,Sin Categoria,"Esparteros, 4-1º A",Calle,De Esparteros,4,,,,1,A,28012,Madrid,VT-7393
Viviendas De Uso Turistico,Sin Categoria,"Esparteros, 6 5º Pta. 0",Calle,De Esparteros,6,,,,5,0,28012,Madrid,VT-7394
Viviendas De Uso Turistico,Sin Categoria,"Esparteros, 6 5º Pta. 1",Calle,De Esparteros,6,,,,5,1,28012,Madrid,VT-7395
Viviendas De Uso Turistico,Sin Categoria,"Esparteros, 6-5º Pta. 2",Calle,De Esparteros,6,,,,5,2,28012,Madrid,VT-7396
Viviendas De Uso Turistico,Sin Categoria,"Esparteros, 6-5º Pta. 3",Calle,De Esparteros,6,,,,5,3,28012,Madrid,VT-7397
Viviendas De Uso Turistico,Sin Categoria,"Esparteros, 6-5º Pta. 4",Calle,De Esparteros,6,,,,5,4,28012,Madrid,VT-7398
Viviendas De Uso Turistico,Sin Categoria,"Esparteros, 6-6º",Calle,De Esparteros,6,,,,6,,28012,Madrid,VT-7399
Viviendas De Uso Turistico,Sin Categoria,"Esparteros, 8-3º Pta. 4",Calle,De Esparteros,8,,,,3,4,28012,Madrid,VT-7400
Viviendas De Uso Turistico,Sin Categoria,"Esparteros, 8-4º Pta. 2",Calle,De Esparteros,8,,,,4,2,28012,Madrid,VT-7401
Viviendas De Uso Turistico,Sin Categoria,"Esparteros, 8-4º Pta. 3",Calle,De Esparteros,8,,,,4,3,28012,Madrid,VT-7402
Viviendas De Uso Turistico,Sin Categoria,"Santa Águeda, 1",Calle,De Santa Águeda,1,,,,1,E,28004,Madrid,VT-7403
Viviendas De Uso Turistico,Sin Categoria,"Espíritu Santo, 35, 2 Izq.",Calle,Del Espíritu Santo,35,,,,2,IZQ,28004,Madrid,VT-7404
Viviendas De Uso Turistico,Sin Categoria,"Finisterre, 25",Calle,De Finisterre,25,,,,1,3,28029,Madrid,VT-7405
Viviendas De Uso Turistico,Sin Categoria,"Zabaleta, 12",Calle,De Zabaleta,12,,,,2,A,28002,Madrid,VT-7406
Viviendas De Uso Turistico,Sin Categoria,"San Bernardo, 75, 2b",Calle,De San Bernardo,75,,,,2,B,,Madrid,VT-7407
Viviendas De Uso Turistico,Sin Categoria,"Fe, 9, 1e",Calle,De La Fe,9,,,,1,E,28012,Madrid,VT-7408
Viviendas De Uso Turistico,Sin Categoria,"Zaratán, 1",Calle,De Zaratán,1,,,,1,4,28037,Madrid,VT-7409
Viviendas De Uso Turistico,Sin Categoria,"Duque De Rivas, 2, 4 Dcha. B",Calle,Del Duque De Rivas,2,,,Dcha.,4,B,28012,Madrid,VT-7410
Viviendas De Uso Turistico,Sin Categoria,"Carrera De San Francisco, 7. 2º Pta 1",Carrera,De San Francisco,7,,,,2,1,28005,Madrid,VT-7415
Viviendas De Uso Turistico,Sin Categoria,"Álamo, 5. 3º Izq.",Calle,Del Álamo,5,,,,3,IZQ,28015,Madrid,VT-7416
Viviendas De Uso Turistico,Sin Categoria,"Conde Duque, 22. Esc 1, 5º A",Calle,Del Conde Duque,22,,,1,5,A,28015,Madrid,VT-7418
Viviendas De Uso Turistico,Sin Categoria,"Infanta Isabel, 19. Esc Dcha., 2º Ctro.",Paseo,De La Infanta Isabel,19,,,Dcha.,2,CENTRO,28014,Madrid,VT-7419
Viviendas De Uso Turistico,Sin Categoria,"Conde De Vilches, 7",Calle,Del Conde De Vilches,7,,,,2,3,28028,Madrid,VT-7420
Viviendas De Uso Turistico,Sin Categoria,"Cartagena, 52, 2d",Calle,De Cartagena,52,,,,2,D,,Madrid,VT-7421
Viviendas De Uso Turistico,Sin Categoria,"Cuevas, 10",Calle,De Las Cuevas,10,,,,3,A,28039,Madrid,VT-7988
Viviendas De Uso Turistico,Sin Categoria,"Tirso De Molina, 6, 2a",Plaza,De Tirso De Molina,6,,,,2,A,28012,Madrid,VT-7989
Viviendas De Uso Turistico,Sin Categoria,"Infantas, 25 3º Pta. 5",Calle,De Las Infantas,25,,,,3,5,28004,Madrid,VT-7990
Viviendas De Uso Turistico,Sin Categoria,"Manuel Tovar, 21, 2-15",Calle,De Manuel Tovar,21,,,,2,15,28034,Madrid,VT-7991
Viviendas De Uso Turistico,Sin Categoria,"Ruda, 4, Bajo Int.",Calle,De La Ruda,4,,,,BAJO,INT,28005,Madrid,VT-7992
Viviendas De Uso Turistico,Sin Categoria,"Calvario, 8. 2º A",Calle,Del Calvario,8,,,,2,A,28012,Madrid,VT-7996
Viviendas De Uso Turistico,Sin Categoria,"Martín De Vargas, 3",Calle,De Martín De Vargas,3,,,,ENTREP,,28005,Madrid,VT-7997
Viviendas De Uso Turistico,Sin Categoria,"Callejon Del Mellizo, 7 3º 5",Callejon,Del Mellizo,7,,,,3,5,28005,Madrid,VT-7998
Viviendas De Uso Turistico,Sin Categoria,"Augusto Figueroa, 20, 4 Izq.",Calle,De Augusto Figueroa,20,,,,4,IZQ,28004,Madrid,VT-8001
Viviendas De Uso Turistico,Sin Categoria,"Fuencarral, 26, 1 Izq.",Calle,De Fuencarral,26,,,,1,IZQ,,Madrid,VT-8002
Viviendas De Uso Turistico,Sin Categoria,"Mostenses, 11, 4-4",Plaza,De Los Mostenses,11,,,,4,PTA. 4,28015,Madrid,VT-8003
Viviendas De Uso Turistico,Sin Categoria,"Carolina Coronado, 1, 4-e",Calle,De Carolina Coronado,1,,,,4,E,28017,Madrid,VT-8004
Viviendas De Uso Turistico,Sin Categoria,"Mesón De Paredes, 59 1º Ec",Calle,Del Mesón De Paredes,59,,,,1,EC,28012,Madrid,VT-8007
Viviendas De Uso Turistico,Sin Categoria,"Barquillo, 27-3º Pta. K",Calle,De Barquillo,27,,,,3,K,28004,Madrid,VT-8010
Viviendas De Uso Turistico,Sin Categoria,"Blasco De Garay, 54-6º G",Calle,De Blasco De Garay,54,,,,6,G,,Madrid,VT-8012
Viviendas De Uso Turistico,Sin Categoria,"Juan De Olias, 45-3º D",Calle,De Juan De Olías,45,,,,3,D,28020,Madrid,VT-8018
Viviendas De Uso Turistico,Sin Categoria,"Fuencarral, 26, 2 Izq.",Calle,De Fuencarral,26,,,,2,IZQ,,Madrid,VT-8020
Viviendas De Uso Turistico,Sin Categoria,"P De La Castellana, 296, 2g",Paseo,De La Castellana,296,,,,2,G,28046,Madrid,VT-8578
Viviendas De Uso Turistico,Sin Categoria,"P Castellana, 300, 5 1c",Paseo,De La Castellana,300,,,1,5,C,28046,Madrid,VT-8579
Viviendas De Uso Turistico,Sin Categoria,"P Castellana, 300, 4-1-c",Paseo,De La Castellana,300,,,1,4,C,28046,Madrid,VT-8580
Viviendas De Uso Turistico,Sin Categoria,"Lagasca, 6, 2d",Calle,De Lagasca,6,,,,2,D,,Madrid,VT-8581
Viviendas De Uso Turistico,Sin Categoria,"José María Pereda, 56 3d",Calle,De José María Pereda,56,,,,3,D,28017,Madrid,VT-8582
Viviendas De Uso Turistico,Sin Categoria,"General Lacy, 56, 1-3",Calle,Del General Lacy,56,,,,1,3,28045,Madrid,VT-8583
Viviendas De Uso Turistico,Sin Categoria,"San Vicente Ferrer, 23, 4c",Calle,De San Vicente Ferrer,23,,,,4,C,,Madrid,VT-8587
Viviendas De Uso Turistico,Sin Categoria,"Costanilla De Los Ángeles, 13 Bajo Izq. A",Costanilla,De Los Ángeles,13,,,,BAJO,IZQ A,28013,Madrid,VT-8589
Viviendas De Uso Turistico,Sin Categoria,"Cebada, 7, 1 Centro",Calle,De La Cebada,7,,,,1,CENTRO,28005,Madrid,VT-8590
Viviendas De Uso Turistico,Sin Categoria,"Amparo, 48, 3 Ext. Izq.",Calle,Del Amparo,48,,,EXT,3,IZQ,28012,Madrid,VT-8591
Viviendas De Uso Turistico,Sin Categoria,"Santa Brígida, 21, Bajo 2",Calle,De Santa Brígida,21,,,,BAJO,2,28004,Madrid,VT-8592
Viviendas De Uso Turistico,Sin Categoria,"Palma, 43, Bajo 4",Calle,De La Palma,43,,,,BAJO,4,28004,Madrid,VT-8593
Viviendas De Uso Turistico,Sin Categoria,"Palma, 43, Bajo 3",Calle,De La Palma,43,,,,BAJO,3,28004,Madrid,VT-8594
Viviendas De Uso Turistico,Sin Categoria,"Navarrondilla, 31",Calle,Navarrondilla,31,,,,,,28270,Colmenarejo,VT-8595
Viviendas De Uso Turistico,Sin Categoria,"Barcelo, 3-5º Esc. Ext. Pta. Dcha.",Calle,De Barceló,3,,,EXT,5,D,28004,Madrid,VT-8596
Viviendas De Uso Turistico,Sin Categoria,"Puerta De Miravete, 10-9º Esc. 1 Pta. A",Calle,Del Puerto De Miravete,10,,,1,9,A,28045,Madrid,VT-8597
Viviendas De Uso Turistico,Sin Categoria,"San Raimundo, 33 Bajo Pta. 3",Calle,De San Raimundo,33,,,,BAJO,3,28039,Madrid,VT-8598
Viviendas De Uso Turistico,Sin Categoria,"Amparo, 48-1º D",Calle,Del Amparo,48,,,,1,D,28012,Madrid,VT-8599
Viviendas De Uso Turistico,Sin Categoria,"Esparteros, 11-3º Pta. 1",Calle,De Esparteros,11,,,,3,1,28012,Madrid,VT-8600
Viviendas De Uso Turistico,Sin Categoria,"Cristobal Bordiu, 50-3º Esc. 2 Pta. B",Calle,De Cristóbal Bordiú,50,,,2,3,B,28003,Madrid,VT-8601
Viviendas De Uso Turistico,Sin Categoria,"Silva, 14-1º Pta. 3",Calle,De Silva,14,,,,1,3,,Madrid,VT-8602
Viviendas De Uso Turistico,Sin Categoria,"Silva, 14-1º Pta. 5",Calle,De Silva,14,,,,1,5,,Madrid,VT-8603
Viviendas De Uso Turistico,Sin Categoria,"Zurbano, 67, 2a",Calle,De Zurbano,67,,,,2,A,,Madrid,VT-8613
Viviendas De Uso Turistico,Sin Categoria,"Castelló, 35, 6a",Calle,De Castelló,35,,,,6,A,,Madrid,VT-9183
Viviendas De Uso Turistico,Sin Categoria,"Iglesia, 18, Pta. A",Calle,De La Iglesia,18,,,,,A,28749,Alameda Del Valle,VT-9186
Viviendas De Uso Turistico,Sin Categoria,"Iglesia, 18, Pta. B",Calle,De La Iglesia,18,,,,,B,28749,Alameda Del Valle,VT-9187
Viviendas De Uso Turistico,Sin Categoria,"Alcalde Jesús Prieto, 5, Portal 3, 3c",Calle,Alcalde Jesús Prieto,5,,,,PTAL-3,C,28907,Getafe,VT-9198
Viviendas De Uso Turistico,Sin Categoria,"Plaza Grande, 3, Bajo Ext.",Plaza,Grande,3,,,,BAJO,,28850,Torrejón De Ardoz,VT-9200
Viviendas De Uso Turistico,Sin Categoria,"Sándalo 3, Bajo",Calle,Sándalo,3,,,,BAJO,,28850,Torrejón De Ardoz,VT-9201
Viviendas De Uso Turistico,Sin Categoria,"Menéndez Pelayo, 34, 2º C",Avenida,De Menéndez Pelayo,34,,,,2,C,,Madrid,VT-7422
Viviendas De Uso Turistico,Sin Categoria,"San Marcos, 3, 1-4",Calle,De San Marcos,3,,,,1,4,28004,Madrid,VT-7424
Viviendas De Uso Turistico,Sin Categoria,"San Eugenio, 8, 1 Dcha.",Calle,De San Eugenio,8,,,,1,DCHA,28012,Madrid,VT-7425
Viviendas De Uso Turistico,Sin Categoria,"Cardenal Cisneros, 37",Calle,Del Cardenal Cisneros,37,,2,2,2,A,28010,Madrid,VT-7427
Viviendas De Uso Turistico,Sin Categoria,"Burjasot, 10",Calle,De Burjasot,10,,,,7,G,28021,Madrid,VT-7428
Viviendas De Uso Turistico,Sin Categoria,"Francisco De Diego, 2, 4b",Calle,De Francisco De Diego,2,,,,4,B,28040,Madrid,VT-7430
Viviendas De Uso Turistico,Sin Categoria,"Infantas, 7, 2 Ext",Calle,De Las Infantas,7,,,Ext.,2,,28004,Madrid,VT-7431
Viviendas De Uso Turistico,Sin Categoria,"Antonio Arias, 2, 5º D",Calle,De Antonio Arias,2,,,,5,D,28009,Madrid,VT-7432
Viviendas De Uso Turistico,Sin Categoria,"Ruda, 15, 1 Esc. 2b",Calle,De La Ruda,15,,,2,1,B,28005,Madrid,VT-7433
Viviendas De Uso Turistico,Sin Categoria,"Palma, 43. Esc Int., Bajo Pta 2",Calle,De La Palma,43,,,Int.,BAJO,2,28004,Madrid,VT-7436
Viviendas De Uso Turistico,Sin Categoria,"Desengaño, 14. 3º A",Calle,Del Desengaño,14,,,,3,A,28004,Madrid,VT-7437
Viviendas De Uso Turistico,Sin Categoria,"Olivar, 3. Esc Dcha., 3º Pta 1",Calle,Del Olivar,3,,,Dcha.,3,1,28012,Madrid,VT-7438
Viviendas De Uso Turistico,Sin Categoria,"Cardenal Cisneros, 21. 2º Izq.",Calle,Del Cardenal Cisneros,21,,,,2,IZQ,28010,Madrid,VT-7439
Viviendas De Uso Turistico,Sin Categoria,"San Bernardino, 2. 2º A",Calle,De San Bernardino,2,,,,2,A,28015,Madrid,VT-7440
Viviendas De Uso Turistico,Sin Categoria,"Fray Ceferino González, 7. Bajo Pta 9",Calle,De Fray Ceferino González,7,,,,BAJO,9,28005,Madrid,VT-7442
Viviendas De Uso Turistico,Sin Categoria,"Olmo, 20 4º D",Calle,Del Olmo,20,,,,4,D,28012,Madrid,VT-7447
Viviendas De Uso Turistico,Sin Categoria,"Principe, 13 Bajo Pta. 1",Calle,Del Príncipe,13,,,,BAJO,1,28012,Madrid,VT-7448
Viviendas De Uso Turistico,Sin Categoria,"Sebastian Elcano, 36-3º Pta. 12",Calle,De Sebastián Elcano,36,,,,3,12,28012,Madrid,VT-7451
Viviendas De Uso Turistico,Sin Categoria,"Manuel González Longoria, 10, 1a",Calle,De Manuel González Longoria,10,,,,1,A,28010,Madrid,VT-7452
Viviendas De Uso Turistico,Sin Categoria,"Manuel González Longoria, 10, 1b",Calle,De Manuel González Longoria,10,,,,1,B,28010,Madrid,VT-7453
Viviendas De Uso Turistico,Sin Categoria,"Manuel Gonz'laez Longoria, 10, 2a",Calle,De Manuel González Longoria,10,,,,2,A,28010,Madrid,VT-7454
Viviendas De Uso Turistico,Sin Categoria,"Manuel González Longoria, 10, 2b",Calle,De Manuel González Longoria,10,,,,2,B,28010,Madrid,VT-7455
Viviendas De Uso Turistico,Sin Categoria,"Manuel González Longoria, 10, 4b",Calle,De Manuel González Longoria,10,,,,4,B,28010,Madrid,VT-7456
Viviendas De Uso Turistico,Sin Categoria,"Santa Catalina De Los Donados, 3",Plaza,De Santa Catalina De Los Donados,3,,,IZQ,3,A,28013,Madrid,VT-8023
Viviendas De Uso Turistico,Sin Categoria,"Manzana, 3",Calle,De La Manzana,3,,,,1,DCHA,28015,Madrid,VT-8025
Viviendas De Uso Turistico,Sin Categoria,"Fuencarral, 26, 2 Dcha.",Calle,De Fuencarral,26,,,,2,DCHA,,Madrid,VT-8026
Viviendas De Uso Turistico,Sin Categoria,"Ayala, 59, 5b",Calle,De Ayala,59,,,,5,B,,Madrid,VT-8027
Viviendas De Uso Turistico,Sin Categoria,"Playa Mojacar, 46",Calle,Playa De Mojácar,46,,,,CHALET,,28669,Boadilla Del Monte,VT-8029
Viviendas De Uso Turistico,Sin Categoria,"Valencia, 2, 1e",Calle,De Valencia,2,,,,1,E,28012,Madrid,VT-8030
Viviendas De Uso Turistico,Sin Categoria,"Gravina, 15, 2 Ext. Izq.",Calle,De Gravina,15,,,EXT,2,IZQ,28004,Madrid,VT-8035
Viviendas De Uso Turistico,Sin Categoria,"General Lacy, 12 2º A",Calle,Del General Lacy,12,,,,2,A,28045,Madrid,VT-8042
Viviendas De Uso Turistico,Sin Categoria,"Felipe Ii, 10, 2-212",Avenida,De Felipe Ii,10,,,,2,212,28280,"Escorial, El",VT-8047
Viviendas De Uso Turistico,Sin Categoria,"Conde De Romanones, 8, 1 Izq. 2",Calle,Del Conde De Romanones,8,,,IZQ,1,2,28012,Madrid,VT-8048
Viviendas De Uso Turistico,Sin Categoria,"Juan De Herrera, 10, 4 B",Calle,Juan De Herrera,10,,,,4,B,28300,Aranjuez,VT-8050
Viviendas De Uso Turistico,Sin Categoria,"Tesoro, 18, 2c",Calle,Del Tesoro,18,,,,2,C,28004,Madrid,VT-8052
Viviendas De Uso Turistico,Sin Categoria,"Blasco De Garay, 54, 2dcha.",Calle,De Blasco De Garay,54,,,,2,DCHA,,Madrid,VT-8614
Viviendas De Uso Turistico,Sin Categoria,"Carrera De San Francisco, 13, 1-113",Carrera,De San Francisco,13,,,,1,113,28005,Madrid,VT-8615
Viviendas De Uso Turistico,Sin Categoria,"Ribera De Curtidores, 33, 5a",Calle,De La Ribera De Curtidores,33,,,,5,A,28005,Madrid,VT-8616
Viviendas De Uso Turistico,Sin Categoria,"Villanueva, 30, 5-1",Calle,De Villanueva,30,,,,5,1,28001,Madrid,VT-8617
Viviendas De Uso Turistico,Sin Categoria,"Reina, 25, 1f",Calle,De La Reina,25,,,,1,F,28004,Madrid,VT-8619
Viviendas De Uso Turistico,Sin Categoria,"Barbieri, 1, 2 Izq.",Calle,De Barbieri,1,,,,2,IZQ,28004,Madrid,VT-8620
Viviendas De Uso Turistico,Sin Categoria,"Toledo, 132, Bajo Int. D",Calle,De Toledo,132,,,,BAJO,INT D,28005,Madrid,VT-8621
Viviendas De Uso Turistico,Sin Categoria,"Atocha, 66, 2 Dcha,",Calle,De Atocha,66,,,,2,DCHA,28012,Madrid,VT-8622
Viviendas De Uso Turistico,Sin Categoria,"Alcalá, 68, 4º Int. C",Calle,De Alcalá,68,,,INT,4,C,28009,Madrid,VT-8623
Viviendas De Uso Turistico,Sin Categoria,"Sierra De Alcubierre, 9, 1",Calle,De Sierra De Alcubierre,9,,,,1,,28053,Madrid,VT-8624
Viviendas De Uso Turistico,Sin Categoria,"Sierra De Alcubierre, 9, 3",Calle,De Sierra De Alcubierre,9,,,,3,,28053,Madrid,VT-8626
Viviendas De Uso Turistico,Sin Categoria,"Alvarado, 1, 1-6",Calle,De Alvarado,1,,,,1,PTA. 6,28039,Madrid,VT-8627
Viviendas De Uso Turistico,Sin Categoria,"Treviño, 5, 4-6",Calle,De Treviño,5,,,,4,PTA. 6,28003,Madrid,VT-8628
Viviendas De Uso Turistico,Sin Categoria,"Relatores, 10-3º Esc. Int. Pta. 2",Calle,De Relatores,10,,,INT,3,2,28012,Madrid,VT-8630
Viviendas De Uso Turistico,Sin Categoria,"Lavapies, 35-1º Pta. 2",Calle,De Lavapiés,35,,,,1,PTA. 2,28012,Madrid,VT-8632
Viviendas De Uso Turistico,Sin Categoria,"Constancia, 29-2º Pta. Izq.",Calle,De La Constancia,29,,,,2,IZQ,28002,Madrid,VT-8634
Viviendas De Uso Turistico,Sin Categoria,"Doctor Esquerdo, 23 Bajo Pta. Cn",Calle,Del Doctor Esquerdo,23,,,,BAJO,CN,28028,Madrid,VT-8635
Viviendas De Uso Turistico,Sin Categoria,"Hortaleza, 18-3º Pta. 2",Calle,De Hortaleza,18,,,,3,PTA. 2,28004,Madrid,VT-8637
Viviendas De Uso Turistico,Sin Categoria,"Buenavista, 24-2º Esc. Int. Pta. Izq.",Calle,De Buenavista,24,,,INT,2,IZQ,28012,Madrid,VT-8638
Viviendas De Uso Turistico,Sin Categoria,"Luna, 3-3º Pta. Izq.C",Calle,De La Luna,3,,,,3,IZQ C,28004,Madrid,VT-8639
Viviendas De Uso Turistico,Sin Categoria,"Duque De Alba, 6-4º Pta. Izq.",Calle,Del Duque De Alba,6,,,,4,IZQ,28012,Madrid,VT-8640
Viviendas De Uso Turistico,Sin Categoria,"Jaime El Conquistador, 6-4º C",Calle,De Jaime El Conquistador,6,,,,4,C,28045,Madrid,VT-8641
Viviendas De Uso Turistico,Sin Categoria,"Agustin Duran, 16-1º Pta. Ctro.",Calle,De Agustín Durán,16,,,,1,PTA. C,28028,Madrid,VT-8642
Viviendas De Uso Turistico,Sin Categoria,"Agustin Duran, 16-1º Pta. Dcha.",Calle,De Agustín Durán,16,,,,1,PTA. D,28028,Madrid,VT-8643
Viviendas De Uso Turistico,Sin Categoria,"Méndez Álvaro, 6, 3º Izd",Calle,De Méndez Álvaro,6,,,,ESC.-1,PTA. I,,Madrid,VT-9212
Viviendas De Uso Turistico,Sin Categoria,"Rodas, 18, Local 2",Calle,De Rodas,18,,,,LOCAL,,28005,Madrid,VT-9227
Viviendas De Uso Turistico,Sin Categoria,"Mariano González, 24, 4",Calle,De Mariano González,24,,,,4,,28600,Navalcarnero,VT-9230
Viviendas De Uso Turistico,Sin Categoria,"Embajadores, 31,3",Calle,De Los Embajadores,31,,,,3,,28012,Madrid,VT-7457
Viviendas De Uso Turistico,Sin Categoria,"Mediodía Grande, 16, 1-3",Calle,Del Mediodía Grande,16,,,,1,3,28005,Madrid,VT-7458
Viviendas De Uso Turistico,Sin Categoria,"Castillo De Arévalo, 12",Calle,Castillo De Arévalo,12,,3,,1,C,28232,"Rozas De Madrid, Las",VT-7459
Viviendas De Uso Turistico,Sin Categoria,"Limón, 13",Calle,Del Limón,13,,,,ÁTICO,B,28015,Madrid,VT-7460
Viviendas De Uso Turistico,Sin Categoria,"Arroyo De Las Callejas, 21",Calle,Arroyo Las Callejas,21,,,,BAJO,,28492,"Boalo, El",VT-7461
Viviendas De Uso Turistico,Sin Categoria,"Lagasca, 144, 8c",Calle,De Lagasca,144,,,,8,C,28006,Madrid,VT-7463
Viviendas De Uso Turistico,Sin Categoria,"Almadén, 15 Bajo 4",Calle,De Almadén,15,,,2,BAJO,4,28014,Madrid,VT-7464
Viviendas De Uso Turistico,Sin Categoria,"Montserrat, 22 Bajo C",Calle,Del Montserrat,22,,,,BAJO,C,28015,Madrid,VT-7466
Viviendas De Uso Turistico,Sin Categoria,"Montserrat, 22 Bajo D",Calle,Del Montserrat,22,,,,BAJO,D,28015,Madrid,VT-7467
Viviendas De Uso Turistico,Sin Categoria,"Doña Berenguela, 40. Esc Int., Bajo Izq.",Calle,De Doña Berenguela,40,,,Int.,BAJO,IZQ,28011,Madrid,VT-7468
Viviendas De Uso Turistico,Sin Categoria,"Jesús Del Valle, 25. 1º Dcha.",Calle,De Jesús Del Valle,25,,,,1,DCHA,28004,Madrid,VT-7469
Viviendas De Uso Turistico,Sin Categoria,"Granada, 57. Bajo C",Calle,De Granada,57,,,,BAJO,C,28007,Madrid,VT-7470
Viviendas De Uso Turistico,Sin Categoria,"Princesa, 3 Dup. Esc 4, 14º Pta 1402",Calle,De La Princesa,3,,DUP.,4,14,1402,28008,Madrid,VT-7476
Viviendas De Uso Turistico,Sin Categoria,"Velázquez, 120. Bajo B",Calle,De Velázquez,120,,,,BAJO,B,,Madrid,VT-7481
Viviendas De Uso Turistico,Sin Categoria,"General Pardiñas, 42. Bajo Dcha.",Calle,Del General Pardiñas,42,,,,BAJO,DCHA,,Madrid,VT-7482
Viviendas De Uso Turistico,Sin Categoria,"Príncipe, 12. 5º C",Calle,Del Príncipe,12,,,,5,C,28012,Madrid,VT-7484
Viviendas De Uso Turistico,Sin Categoria,"Amparo, 84. 4º Pta 2",Calle,Del Amparo,84,,,,4,2,28012,Madrid,VT-7485
Viviendas De Uso Turistico,Sin Categoria,"Carrera De San Francisco, 8. Bajo Dcha.",Carrera,De San Francisco,8,,,,BAJO,DCHA,28005,Madrid,VT-7486
Viviendas De Uso Turistico,Sin Categoria,"García De Paredes, 55. 3º Pta 2",Calle,De García De Paredes,55,,,,3,2,28010,Madrid,VT-7487
Viviendas De Uso Turistico,Sin Categoria,"Teniente Coronel Noreña, 18. Bajo A",Calle,Del Teniente Coronel Noreña,18,,,,BAJO,A,28045,Madrid,VT-7488
Viviendas De Uso Turistico,Sin Categoria,"Acuerdo, 9. Esc Ext., 1º Pta 1",Calle,Del Acuerdo,9,,,Ext.,1,1,28015,Madrid,VT-7490
Viviendas De Uso Turistico,Sin Categoria,"Juan Valera, 10",Calle,De Juan Valera,10,,,,1,EXT,28014,Madrid,VT-7495
Viviendas De Uso Turistico,Sin Categoria,"Mauricio Legendre, 16, 2, Pta. 2216",Calle,De Mauricio Legendre,16,,,,2,2216,28046,Madrid,VT-8060
Viviendas De Uso Turistico,Sin Categoria,"Jacometrezo, 7",Calle,De Jacometrezo,7,,,,4,D,28013,Madrid,VT-8061
Viviendas De Uso Turistico,Sin Categoria,"Minas, 20, 2 Dcha.",Calle,De Las Minas,20,,,,2,DCHA,28004,Madrid,VT-8066
Viviendas De Uso Turistico,Sin Categoria,"Paseo Acacias, 61 A",Paseo,De Las Acacias,61,,,,6,B,28005,Madrid,VT-8067
Viviendas De Uso Turistico,Sin Categoria,"Montesa, 32",Calle,De Montesa,32,,,,5,DCHA,28006,Madrid,VT-8068
Viviendas De Uso Turistico,Sin Categoria,"Silva, 14, 1-1-1",Calle,De Silva,14,,,1,1,1,28004,Madrid,VT-8071
Viviendas De Uso Turistico,Sin Categoria,"Silva, 14, 1-1-2",Calle,De Silva,14,,,1,1,2,28004,Madrid,VT-8072
Viviendas De Uso Turistico,Sin Categoria,"Silva, 14, 1-4",Calle,De Silva,14,,,,1,PTA. 4,28004,Madrid,VT-8073
Viviendas De Uso Turistico,Sin Categoria,"Pza Pedro Zerolo, 2, 4-5",Plaza,De Pedro Zerolo,2,,,,4,PTA. 5,28004,Madrid,VT-8075
Viviendas De Uso Turistico,Sin Categoria,"Aduana, Nº 3, 4º",Calle,De La Aduana,3,,,,4,,28013,Madrid,VT-8086
Viviendas De Uso Turistico,Sin Categoria,"Antonio Arias, 9",Calle,De Antonio Arias,9,,,,6,B,28009,Madrid,VT-8087
Viviendas De Uso Turistico,Sin Categoria,"San Pedro, 26, 1-2",Calle,De San Pedro,26,,,,1,PTA. 2,28014,Madrid,VT-8089
Viviendas De Uso Turistico,Sin Categoria,"Limón, 1, 4 Izq.",Calle,Del Limón,1,,,,4,IZQ,28015,Madrid,VT-8090
Viviendas De Uso Turistico,Sin Categoria,"Hortaleza, 46, 1b",Calle,De Hortaleza,46,,,,1,B,28004,Madrid,VT-8091
Viviendas De Uso Turistico,Sin Categoria,"Arquitectura, 10 Bajo",Calle,De La Arquitectura,10,,,,BAJO,,28005,Madrid,VT-8092
Viviendas De Uso Turistico,Sin Categoria,"Plaza Del Angel, 15-2º C",Plaza,Del Ángel,15,,,,2,C,28012,Madrid,VT-8094
Viviendas De Uso Turistico,Sin Categoria,"Don Ramón De La Cruz, 59, Bajo Centro",Calle,De Don Ramón De La Cruz,59,,,,BAJO,CENTRO,,Madrid,VT-8654
Viviendas De Uso Turistico,Sin Categoria,"Chantada, 41, Bajo D",Calle,De Chantada,41,,,,BAJO,D,,Madrid,VT-8655
Viviendas De Uso Turistico,Sin Categoria,"Montera, 38, 2",Calle,De La Montera,38,,,,2,,28013,Madrid,VT-8657
Viviendas De Uso Turistico,Sin Categoria,"Comercio, 8, Ptal B, 5 H",Calle,Del Comercio,8,,B,,5,H,28007,Madrid,VT-8658
Viviendas De Uso Turistico,Sin Categoria,"Aviador Zorita, 51, 1b",Calle,Del Aviador Zorita,51,,,,1,B,28020,Madrid,VT-8659
Viviendas De Uso Turistico,Sin Categoria,"Alvarez Gato, 9-2º Pta. Dcha.",Calle,De Álvarez Gato,9,,,,2,DR,28012,Madrid,VT-8660
Viviendas De Uso Turistico,Sin Categoria,"Bravo Murillo, 109-1º 4",Calle,De Bravo Murillo,109,,,,1,4,,Madrid,VT-8661
Viviendas De Uso Turistico,Sin Categoria,"Granada, 42-6º Pta. 16",Calle,De Granada,42,,,,6,16,28007,Madrid,VT-8662
Viviendas De Uso Turistico,Sin Categoria,"Catalunia, 4",Calle,Cataluña,4,,,,,,28891,Velilla De San Antonio,VT-8663
Viviendas De Uso Turistico,Sin Categoria,"Marcenado, 22 Bajo",Calle,De Marcenado,22,,,,BAJO,,28002,Madrid,VT-8665
Viviendas De Uso Turistico,Sin Categoria,"Jardines, 11-4º F",Calle,De Los Jardines,11,,,,4,F,28013,Madrid,VT-8666
Viviendas De Uso Turistico,Sin Categoria,"Moratin, 5-1º Pta. Dcha.",Calle,De Moratín,5,,,,1,DCH,28014,Madrid,VT-8667
Viviendas De Uso Turistico,Sin Categoria,"Moratin, 5-2º Pta. Izq.",Calle,De Moratín,5,,,,2,IZQ,28014,Madrid,VT-8668
Viviendas De Uso Turistico,Sin Categoria,"Moratin, 5-21 Pta. Dcha.",Calle,De Moratín,5,,,,2,DCH,28014,Madrid,VT-8669
Viviendas De Uso Turistico,Sin Categoria,"San Bernardo, 27, 2, Int. Dcha.",Calle,De San Bernardo,27,,,INT,2,DCH,28015,Madrid,VT-8670
Viviendas De Uso Turistico,Sin Categoria,"Espino, 6, 1 Izq.",Calle,Del Espino,6,,,,1,IZQ,28012,Madrid,VT-8671
Viviendas De Uso Turistico,Sin Categoria,"Santa Isabel, 5, 2 Izq.",Calle,De Santa Isabel,5,,,,2,IZQ,28012,Madrid,VT-8672
Viviendas De Uso Turistico,Sin Categoria,"Montserrat, 32, Ext. 1, Centro Dcha.",Calle,Del Montserrat,32,,EXT,CENT,1,DCHA,28015,Madrid,VT-8673
Viviendas De Uso Turistico,Sin Categoria,"Montserrat, 32, Ext. 1 Centro, Izq.",Calle,Del Montserrat,32,,EXT,CENT,1,IZQ,28015,Madrid,VT-8674
Viviendas De Uso Turistico,Sin Categoria,"Gómez De Mora, 6, Entresuelo Izq.",Calle,De Gómez De Mora,6,,,,ENTRES,IZQ,28005,Madrid,VT-8676
Viviendas De Uso Turistico,Sin Categoria,"Gómez De Mora, 6, Entresuelo Dcha.",Calle,De Gómez De Mora,6,,,,ENTRES,DCHA,28005,Madrid,VT-8677
Viviendas De Uso Turistico,Sin Categoria,"Bolsa, 10, Bajo, Esc. 2, B2",Calle,De La Bolsa,10,,,2,BJ,B2,28012,Madrid,VT-8678
Viviendas De Uso Turistico,Sin Categoria,"Bolsa, 10, 1-1-dcha.2",Calle,De La Bolsa,10,,,1,1,DR 2,28012,Madrid,VT-8679
Viviendas De Uso Turistico,Sin Categoria,"Bolsa, 10, 1 Dcha.2",Calle,De La Bolsa,10,,,DR2,1,DR2,28012,Madrid,VT-8680
Viviendas De Uso Turistico,Sin Categoria,"General Ricardos, 106, 1a",Calle,Del General Ricardos,106,,,,1,A,,Madrid,VT-8681
Viviendas De Uso Turistico,Sin Categoria,"General Ricardos, 106, 1b",Calle,Del General Ricardos,106,,,,1,B,,Madrid,VT-8682
Viviendas De Uso Turistico,Sin Categoria,"General Ricardos, 106, 1c",Calle,Del General Ricardos,106,,,,1,C,,Madrid,VT-8683
Viviendas De Uso Turistico,Sin Categoria,"General Ricardos, 106, 2c",Calle,Del General Ricardos,106,,,,2,C,,Madrid,VT-8684
Viviendas De Uso Turistico,Sin Categoria,"Genral Ricardos, 106, 3",Calle,Del General Ricardos,106,,,,3,,,Madrid,VT-8685
Viviendas De Uso Turistico,Sin Categoria,"Siete Esquinas, 15 Bajo A",Calle,Siete Esquinas,15,,,,BAJO,A,28801,Alcalá De Henares,VT-9256
Viviendas De Uso Turistico,Sin Categoria,"Águila, 14, 3º Pta. 7",Calle,Del Águila,14,,,,3,PTA. 7,28005,Madrid,VT-9260
Viviendas De Uso Turistico,Sin Categoria,"Luna, 12, 1d",Calle,De La Luna,12,,,,1,D,28004,Madrid,VT-9261
Viviendas De Uso Turistico,Sin Categoria,"Padre Gerardo Gil, 1, Bajo 112",Travesia,Del Padre Gerardo Gil,1,,,,BAJO,PTA. 1,28280,"Escorial, El",VT-9267
Viviendas De Uso Turistico,Sin Categoria,"Deyanira, 59, Portal C, 2-1",Calle,De Deyanira,59,,,,PTAL-C,PTA. 1,28022,Madrid,VT-9270
Viviendas De Uso Turistico,Sin Categoria,"General Díaz Porlier, 24",Calle,Del General Díaz Porlier,24,,,1,BAJO,C,28001,Madrid,VT-7496
Viviendas De Uso Turistico,Sin Categoria,"Yesero, 14, 3d",Calle,De El Yesero,14,,,,3,D,28031,Madrid,VT-7498
Viviendas De Uso Turistico,Sin Categoria,"Yesero, 14, 7e",Calle,De El Yesero,14,,,,7,E,28031,Madrid,VT-7499
Viviendas De Uso Turistico,Sin Categoria,"Belén, 6, 2 Ext.",Calle,De Belén,6,,,,2,EXT,28004,Madrid,VT-7501
Viviendas De Uso Turistico,Sin Categoria,"Belén, 6, 3 Int.",Calle,De Belén,6,,,,3,INT,28004,Madrid,VT-7502
Viviendas De Uso Turistico,Sin Categoria,"Belén, 6, 3 Ext.",Calle,De Belén,6,,,,3,EXT,28004,Madrid,VT-7503
Viviendas De Uso Turistico,Sin Categoria,"Belén, 6, 4 Int.",Calle,De Belén,6,,,,4,INT,28004,Madrid,VT-7504
Viviendas De Uso Turistico,Sin Categoria,"Paz, 17, 3 Izq.",Calle,De La Paz,17,,,,3,IZQ,28012,Madrid,VT-7505
Viviendas De Uso Turistico,Sin Categoria,"Pradillo, 19, 1a",Calle,De Pradillo,19,,,,1,A,28002,Madrid,VT-7507
Viviendas De Uso Turistico,Sin Categoria,"Menorca, 21, Bajo C",Calle,De Menorca,21,,,,BAJO,C,28009,Madrid,VT-7508
Viviendas De Uso Turistico,Sin Categoria,"Amor De Dios, 4, 3b",Calle,Del Amor De Dios,4,,,,3,B,28014,Madrid,VT-7511
Viviendas De Uso Turistico,Sin Categoria,"Sánchez Barcaiztegui, 20",Calle,De Sánchez Barcaiztegui,20,,,C,6,IZQ,28007,Madrid,VT-7512
Viviendas De Uso Turistico,Sin Categoria,"San Nicolás, 4",Plaza,De San Nicolás,4,,,,BAJO,1,28013,Madrid,VT-7513
Viviendas De Uso Turistico,Sin Categoria,"Mesón De Paredes, 50",Calle,Del Mesón De Paredes,50,,,,4,IZQ,28012,Madrid,VT-7514
Viviendas De Uso Turistico,Sin Categoria,"General Kirkpatrick, 25-4º Pta. J",Calle,De Carlota O'neill,25,,,,4,J,28027,Madrid,VT-7515
Viviendas De Uso Turistico,Sin Categoria,"Mesón De Paredes, 45. Esc 1, 1º Izq.",Calle,Del Mesón De Paredes,45,,,1,1,IZQ,28012,Madrid,VT-7517
Viviendas De Uso Turistico,Sin Categoria,"Tirso De Molina, 16. 4º Pta 13",Plaza,De Tirso De Molina,16,,,,4,13,28012,Madrid,VT-7520
Viviendas De Uso Turistico,Sin Categoria,"Ayala, 109. 2º A",Calle,De Ayala,109,,,,2,A,,Madrid,VT-7521
Viviendas De Uso Turistico,Sin Categoria,"Breton De Los Herreros, 9-5º Esc. 1 Pta. A",Calle,De Bretón De Los Herreros,9,,,1,5,A,28003,Madrid,VT-7522
Viviendas De Uso Turistico,Sin Categoria,"Escosura, 8  1º Pta. D",Calle,De Escosura,8,,,,1,D,28015,Madrid,VT-7523
Viviendas De Uso Turistico,Sin Categoria,"Valverde, 6. 2º A",Calle,De Valverde,6,,,,2,A,28004,Madrid,VT-7524
Viviendas De Uso Turistico,Sin Categoria,"Atocha, 75. 1º Izq.",Calle,De Atocha,75,,,,1,IZQ,28012,Madrid,VT-7526
Viviendas De Uso Turistico,Sin Categoria,"Caños, 6",Calle,De Los Caños,6,,,,BAJO,,28214,Fresnedillas De La Oliva,VT-7527
Viviendas De Uso Turistico,Sin Categoria,"Linneo, 22",Calle,De Linneo,22,,,,3,H,28005,Madrid,VT-7530
Viviendas De Uso Turistico,Sin Categoria,"Arquitecto Sánchez Arcas, 5",Calle,Del Arquitecto Sánchez Arcas,5,,,,4,A,28040,Madrid,VT-7533
Viviendas De Uso Turistico,Sin Categoria,"Zurita, 33, Bajo 3",Calle,De Zurita,33,,,,BAJO,PTA. 3,28012,Madrid,VT-8098
Viviendas De Uso Turistico,Sin Categoria,"San Isidoro De Sevilla, 6d",Travesia,De San Isidoro De Sevilla,6,,,,4,B,28005,Madrid,VT-8099
Viviendas De Uso Turistico,Sin Categoria,"Maldonado 65, 3º, Dcha",Calle,De Maldonado,65,,,B,3,DCHA,28006,Madrid,VT-8116
Viviendas De Uso Turistico,Sin Categoria,"Mesón De Paredes, 36, 1c",Calle,Del Mesón De Paredes,36,,,,1,C,28012,Madrid,VT-8128
Viviendas De Uso Turistico,Sin Categoria,"Villa, 4 Bajo Dcha",Calle,De La Villa,4,,,,BAJO,DCHA,28005,Madrid,VT-8131
Viviendas De Uso Turistico,Sin Categoria,"General Ricardos, 106, 4",Calle,Del General Ricardos,106,,,,4,,,Madrid,VT-8686
Viviendas De Uso Turistico,Sin Categoria,"General Ricardos, 106, 5",Calle,Del General Ricardos,106,,,,5,,,Madrid,VT-8687
Viviendas De Uso Turistico,Sin Categoria,"Fresa, 6, 2",Calle,De La Fresa,6,,,,2,,28012,Madrid,VT-8688
Viviendas De Uso Turistico,Sin Categoria,"Montesa, 14, 3 A",Calle,De Montesa,14,,,,3,A,28006,Madrid,VT-8689
Viviendas De Uso Turistico,Sin Categoria,"Almirante, 4",Calle,Del Almirante,4,,,,5,A,28004,Madrid,VT-8690
Viviendas De Uso Turistico,Sin Categoria,"Valenzuela, 7, 1b",Calle,De Valenzuela,7,,,,1,B,28014,Madrid,VT-8691
Viviendas De Uso Turistico,Sin Categoria,"Tirso De Molina, 14, 2-2",Plaza,De Tirso De Molina,14,,,,2,2,28012,Madrid,VT-8692
Viviendas De Uso Turistico,Sin Categoria,"San Ildefonso, 24, Bajo D",Calle,De San Ildefonso,24,,,,BAJO,D,28012,Madrid,VT-8695
Viviendas De Uso Turistico,Sin Categoria,"Ribera De Curtidores, 19, 3a",Calle,De La Ribera De Curtidores,19,,,,3,A,28005,Madrid,VT-8696
Viviendas De Uso Turistico,Sin Categoria,"Martínez Izquierdo, 81, 4b",Calle,De Martínez Izquierdo,81,,,,4,B,28028,Madrid,VT-8697
Viviendas De Uso Turistico,Sin Categoria,"Fray Ceferino, 4, 1 E",Calle,De Fray Ceferino González,4,,,,1,E,28005,Madrid,VT-8698
Viviendas De Uso Turistico,Sin Categoria,"Felipe Iii, 6, 5c",Calle,De Felipe Iii,6,,,,5,C,28012,Madrid,VT-8699
Viviendas De Uso Turistico,Sin Categoria,"Marqués De La Ensenada, 16, 5-16",Calle,Del Marqués De La Ensenada,16,,,,5,16,28004,Madrid,VT-8700
Viviendas De Uso Turistico,Sin Categoria,"Calatrava, 18, Bajo Int. Dcha.",Calle,De Calatrava,18,,,INT,BAJO,DCH,28005,Madrid,VT-8701
Viviendas De Uso Turistico,Sin Categoria,"Calatrava, 18, 1 Ext. Dcha.",Calle,De Calatrava,18,,,EXT,1,DCH,28005,Madrid,VT-8702
Viviendas De Uso Turistico,Sin Categoria,"Calatrava, 18, 4 Int. Dcha. 1",Calle,De Calatrava,18,,,INT,4,DCH1,28005,Madrid,VT-8703
Viviendas De Uso Turistico,Sin Categoria,"Ribera De Curtidores, 25, 1-2",Calle,De La Ribera De Curtidores,25,,,,1,PTA. 2,28005,Madrid,VT-8704
Viviendas De Uso Turistico,Sin Categoria,"Ribera De Curtidores, 25, 1-1",Calle,De La Ribera De Curtidores,25,,,,1,PTA. 1,28005,Madrid,VT-8705
Viviendas De Uso Turistico,Sin Categoria,"Ribera De Curtidores, 25, 2-1",Calle,De La Ribera De Curtidores,25,,,,2,PTA. 1,28005,Madrid,VT-8706
Viviendas De Uso Turistico,Sin Categoria,"Ribera De Curtidores, 25, 2-2",Calle,De La Ribera De Curtidores,25,,,,2,PTA. 2,28005,Madrid,VT-8707
Viviendas De Uso Turistico,Sin Categoria,"Ribera De Curtidores, 25, 3-1",Calle,De La Ribera De Curtidores,25,,,,3,PTA. 1,28005,Madrid,VT-8708
Viviendas De Uso Turistico,Sin Categoria,"Ribera De Curtidores, 25, 3-2",Calle,De La Ribera De Curtidores,25,,,,3,PTA. 2,28005,Madrid,VT-8709
Viviendas De Uso Turistico,Sin Categoria,"Ribera De Curtidores, 25, 4-1",Calle,De La Ribera De Curtidores,25,,,,4,PTA. 1,28005,Madrid,VT-8710
Viviendas De Uso Turistico,Sin Categoria,"Ribera De Curtidores, 25, 4-2",Calle,De La Ribera De Curtidores,25,,,,4,PTA. 2,28005,Madrid,VT-8711
Viviendas De Uso Turistico,Sin Categoria,"Pozas, 11, Bajo Dcha.",Calle,De Las Pozas,11,,,,BAJO,DCHA,28004,Madrid,VT-8712
Viviendas De Uso Turistico,Sin Categoria,"Reyes Magos, 9-10º E",Plaza,De Los Reyes Magos,9,,,,10,E,28007,Madrid,VT-8713
Viviendas De Uso Turistico,Sin Categoria,"Paloma, 10-4º Pta. 10",Calle,De La Paloma,10,,,,4,10,28005,Madrid,VT-8715
Viviendas De Uso Turistico,Sin Categoria,"Olmo, 14 Sótano",Calle,Del Olmo,14,,,,SOTANO,,28012,Madrid,VT-8716
Viviendas De Uso Turistico,Sin Categoria,"Costanilla De Los Angeles, 16-5º Pta. Izq.",Costanilla,De Los Ángeles,16,,,,5,IZ,28013,Madrid,VT-8717
Viviendas De Uso Turistico,Sin Categoria,"Olivar, 6-1º Pta. Dcha.",Calle,Del Olivar,6,,,,1,DCHA,28012,Madrid,VT-8718
Viviendas De Uso Turistico,Sin Categoria,"Acuerdo,  20-1º Esc. Izq. Pta. 2",Calle,Del Acuerdo,20,,,,ESC.-I,PTA. 2,28015,Madrid,VT-8719
Viviendas De Uso Turistico,Sin Categoria,"Ave Maria, 41 Bajo Pta. 3",Calle,De Ave María,41,,,,BAJO,PTA. 3,28012,Madrid,VT-8720
Viviendas De Uso Turistico,Sin Categoria,"Gran Via, 50-6º Cnt",Calle,Gran Vía,50,,,,6,CNT,28013,Madrid,VT-8721
Viviendas De Uso Turistico,Sin Categoria,"Madera, 30-2º Pta. B Izq.",Calle,De La Madera,30,,,,2,IZQ B,28004,Madrid,VT-8722
Viviendas De Uso Turistico,Sin Categoria,"Meson De Paredes, 90 Bajo Esc Int. Pta. Izq.",Calle,Del Mesón De Paredes,90,,,INT,BJ,IZQ,28012,Madrid,VT-8723
Viviendas De Uso Turistico,Sin Categoria,"Cerro Del Murmullo, 13-11 Ptal. 2 2º Pta. 219",Calle,Del Cerro Del Murmullo,13-11,,,,2,PTA. 2,28051,Madrid,VT-9285
Viviendas De Uso Turistico,Sin Categoria,"Camino De La Fonda, 7, 3d",Calle,Camino De La Fonda,7,,,,3,D,28400,Collado Villalba,VT-9294
Viviendas De Uso Turistico,Sin Categoria,"La Viña, 24",Calle,De La Viña,24,,,,,,28696,Pelayos De La Presa,VT-9312
Viviendas De Uso Turistico,Sin Categoria,"Sagrado Corazón De Jesús, 1",Plaza,Del Sagrado Corazón De Jesús,1,,,,BAJO,2,28002,Madrid,VT-7534
Viviendas De Uso Turistico,Sin Categoria,"Paseo De La Florida, 23",Paseo,De La Florida,23,,,,4,A,28008,Madrid,VT-7535
Viviendas De Uso Turistico,Sin Categoria,"Águila, 14 3º 1",Calle,Del Águila,14,,,,3,1,28005,Madrid,VT-7536
Viviendas De Uso Turistico,Sin Categoria,"Virgen Del Coro, 6",Calle,De La Virgen Del Coro,6,,,,11,4,28027,Madrid,VT-7537
Viviendas De Uso Turistico,Sin Categoria,"Claudio Coello, 102",Calle,De Claudio Coello,102,,,,3,B,,Madrid,VT-7538
Viviendas De Uso Turistico,Sin Categoria,"Amparo, 23, 1, Ext. Dcha.",Calle,Del Amparo,23,,,Ext.,1,DCHA,28012,Madrid,VT-7539
Viviendas De Uso Turistico,Sin Categoria,"Belén, 1, 4a",Calle,De Belén,1,,,,4,A,28004,Madrid,VT-7540
Viviendas De Uso Turistico,Sin Categoria,"Pérez Galdós, 3, Bajo Int. Izq.",Calle,De Pérez Galdós,3,,,,BAJO,INT.IZ,28004,Madrid,VT-7542
Viviendas De Uso Turistico,Sin Categoria,"Felipe Ii, 17, 7-1-j",Avenida,De Felipe Ii,17,,,1,7,J,28009,Madrid,VT-7543
Viviendas De Uso Turistico,Sin Categoria,"Libertad, 25, 4 Izq.",Calle,De La Libertad,25,,,,4,IZQ,28004,Madrid,VT-7545
Viviendas De Uso Turistico,Sin Categoria,"Argensola, 20, 4 Izq.",Calle,De Argensola,20,,,,4,IZQ,28004,Madrid,VT-7546
Viviendas De Uso Turistico,Sin Categoria,"Santa María, 8, Bajo G",Calle,De Santa María,8,,,,BAJO,G,28014,Madrid,VT-7547
Viviendas De Uso Turistico,Sin Categoria,"Ministriles, 6, 1 Dcha.",Calle,De Ministriles,6,,,,1,DCHA,28012,Madrid,VT-7548
Viviendas De Uso Turistico,Sin Categoria,"Conde De Toreno, 2, 4, Esc. 2, G",Plaza,Del Conde De Toreno,2,,,2,4,G,28015,Madrid,VT-7549
Viviendas De Uso Turistico,Sin Categoria,"Oso, 25, 4",Calle,Del Oso,25,,,,4,4,28012,Madrid,VT-7550
Viviendas De Uso Turistico,Sin Categoria,"Fuencarral, 26, 3, Esc.Y, Y3",Calle,De Fuencarral,26,,,Y,3,Y3,28004,Madrid,VT-7551
Viviendas De Uso Turistico,Sin Categoria,"Cava De San Miguel, 11",Calle,De La Cava De San Miguel,11,,,,5,IZQ,28005,Madrid,VT-7552
Viviendas De Uso Turistico,Sin Categoria,"Desengaño, 14, 3b",Calle,Del Desengaño,14,,,,3,B,28004,Madrid,VT-7553
Viviendas De Uso Turistico,Sin Categoria,"Desengaño, 14, 3c",Calle,Del Desengaño,14,,,,3,C,28004,Madrid,VT-7554
Viviendas De Uso Turistico,Sin Categoria,"Desengaño, 14, 3d",Calle,Del Desengaño,14,,,,3,D,28004,Madrid,VT-7555
Viviendas De Uso Turistico,Sin Categoria,"Magdalena, 26, 1",Calle,De La Magdalena,26,,,,1,,28012,Madrid,VT-7556
Viviendas De Uso Turistico,Sin Categoria,"Valdeperales, 68",Urbanizacion,Valdeperales,68,,E,,,,28540,Perales De Tajuña,VT-8141
Viviendas De Uso Turistico,Sin Categoria,"Paloma, 4, 1b",Calle,De La Paloma,4,,,,1,B,28005,Madrid,VT-8142
Viviendas De Uso Turistico,Sin Categoria,"Vergara, 1, 2d",Calle,De Vergara,1,,,,2,D,28013,Madrid,VT-8143
Viviendas De Uso Turistico,Sin Categoria,"Núñez Morgado,4",Calle,De Núñez Morgado,4,,,,,409,28036,Madrid,VT-8144
Viviendas De Uso Turistico,Sin Categoria,"Lagasca, 67, 5-b-8",Calle,De Lagasca,67,,,B,5,8,28001,Madrid,VT-8146
Viviendas De Uso Turistico,Sin Categoria,"Arenal, 16, 6 Ext. Izq.",Calle,Del Arenal,16,,,EXT,6,IZQ,28013,Madrid,VT-8147
Viviendas De Uso Turistico,Sin Categoria,"Conde De Romanones, 10 Ent. Pta. Int.",Calle,Del Conde De Romanones,10,,,,ENT,INT,28012,Madrid,VT-8149
Viviendas De Uso Turistico,Sin Categoria,"Rascon,  27-1º A",Calle,De Rascón,27,,,,1,A,28019,Madrid,VT-8150
Viviendas De Uso Turistico,Sin Categoria,"Rascon, 27-1º B",Calle,De Rascón,27,,,,1,B,28019,Madrid,VT-8151
Viviendas De Uso Turistico,Sin Categoria,"Rascon, 27-1º C",Calle,De Rascón,27,,,,1,C,28019,Madrid,VT-8152
Viviendas De Uso Turistico,Sin Categoria,"Rascon, 27 Bajo B",Calle,De Rascón,27,,,,BAJO,B,28019,Madrid,VT-8153
Viviendas De Uso Turistico,Sin Categoria,"Rascon, 27 Bajo C",Calle,De Rascón,27,,,,BAJO,C,28019,Madrid,VT-8154
Viviendas De Uso Turistico,Sin Categoria,"Hortaleza, 4, 1 Izq. B",Calle,De Hortaleza,4,,,,1,IZQ B,28004,Madrid,VT-8155
Viviendas De Uso Turistico,Sin Categoria,"Doctor Fourquet, 14, 1b",Calle,Del Doctor Fourquet,14,,,,1,B,28012,Madrid,VT-8156
Viviendas De Uso Turistico,Sin Categoria,"Conde De Aranda, 22, 1 Izq.",Calle,Del Conde De Aranda,22,,,,1,IZQ,28001,Madrid,VT-8165
Viviendas De Uso Turistico,Sin Categoria,"Olivar, 13-1º Esc. Int. Pta. 1",Calle,Del Olivar,13,,,INT,1,1,28012,Madrid,VT-8166
Viviendas De Uso Turistico,Sin Categoria,"Ancora, 30 Bajo F",Calle,De Áncora,30,,,,BAJO,F,28045,Madrid,VT-8167
Viviendas De Uso Turistico,Sin Categoria,"Maldonadas, 7-3º Pta. Dcha.",Calle,De Las Maldonadas,7,,,,3,DCH,28005,Madrid,VT-8724
Viviendas De Uso Turistico,Sin Categoria,"Doctor Fourquet, 31 Bajo Pta. Dcha.",Calle,Del Doctor Fourquet,31,,,,BAJO,DCHA,28012,Madrid,VT-8725
Viviendas De Uso Turistico,Sin Categoria,"Princesa, 73-7º B",Calle,De La Princesa,73,,,,7,B,28008,Madrid,VT-8727
Viviendas De Uso Turistico,Sin Categoria,"Hernán Cortés, 17, 1d",Calle,De Hernán Cortés,17,,,,1,D,28004,Madrid,VT-8728
Viviendas De Uso Turistico,Sin Categoria,"Doctor Fourquet, 31, Bajo Dcha.",Calle,Del Doctor Fourquet,31,,,,BAJO,DCHA,28012,Madrid,VT-8729
Viviendas De Uso Turistico,Sin Categoria,"Olivar, 26, 4a",Calle,Del Olivar,26,,,,4,A,28012,Madrid,VT-8730
Viviendas De Uso Turistico,Sin Categoria,"Juan De Austria, 3, 1, Ci",Calle,De Juan De Austria,3,,,,1,CI,28010,Madrid,VT-8731
Viviendas De Uso Turistico,Sin Categoria,"Avda. Manzanares, 148, 4b",Avenida,Del Manzanares,148,,,,4,B,,Madrid,VT-8732
Viviendas De Uso Turistico,Sin Categoria,"Armengot, 8, 2-2",Calle,De Armengot,8,,,,2,PTA. 2,28019,Madrid,VT-8734
Viviendas De Uso Turistico,Sin Categoria,"Cabeza, 40, 3c",Calle,De La Cabeza,40,,,,3,C,28012,Madrid,VT-8736
Viviendas De Uso Turistico,Sin Categoria,"San Delfín, 4, 6 Dcha. C",Calle,De San Delfín,4,,,DCHA,6,C,28019,Madrid,VT-8737
Viviendas De Uso Turistico,Sin Categoria,"General Aranaz, 57, 3a",Calle,Del General Aranaz,57,,,,3,A,,Madrid,VT-8738
Viviendas De Uso Turistico,Sin Categoria,"López De Hoyos, 176, Bajo B",Calle,De López De Hoyos,176,,,,BAJO,B,,Madrid,VT-8740
Viviendas De Uso Turistico,Sin Categoria,"Rafael De Riego, 43, 3e",Calle,De Rafael De Riego,43,,,,3,E,28045,Madrid,VT-8741
Viviendas De Uso Turistico,Sin Categoria,"Pelayo, 8, 4 Ext. Izq.",Calle,De Pelayo,8,,8,EXT,4,IZQ,28004,Madrid,VT-8742
Viviendas De Uso Turistico,Sin Categoria,"Loreto Y Chicote, 5, 4 Dcha.",Calle,De Loreto Y Chicote,5,,5,,4,DCHA,28004,Madrid,VT-8743
Viviendas De Uso Turistico,Sin Categoria,"Mira El Río Baja, 5",Calle,De Mira El Río Baja,5,,5,,4,A,28005,Madrid,VT-8744
Viviendas De Uso Turistico,Sin Categoria,"Vinaroz, 16 Ptal. C 3º Pta. 13",Calle,De Vinaroz,16,,C,,3,13,28002,Madrid,VT-8748
Viviendas De Uso Turistico,Sin Categoria,"Ayala, 44-1º Pta. A",Calle,De Ayala,44,,,,1,A,,Madrid,VT-8749
Viviendas De Uso Turistico,Sin Categoria,"Salitre, 35-4º C",Calle,De Salitre,35,,,,4,C,28012,Madrid,VT-8750
Viviendas De Uso Turistico,Sin Categoria,"Juan Bravo, 58-4º Pta. 422 B",Calle,De Juan Bravo,58,,,,4,422B,28006,Madrid,VT-8759
Viviendas De Uso Turistico,Sin Categoria,"Doctor Fourquet, 31-5º Pta. Dcha.",Calle,Del Doctor Fourquet,31,,,,5,PTA. D,28012,Madrid,VT-9337
Viviendas De Uso Turistico,Sin Categoria,"Madre Paula Montal, 32, Bajo 13",Calle,Madre Paula Montal,32,,,,BAJO,PTA. 1,28470,Cercedilla,VT-9347
Viviendas De Uso Turistico,Sin Categoria,"Madre Paula Montal, 32, Bajo 21",Calle,Madre Paula Montal,32,,,,BAJO,21,28470,Cercedilla,VT-9348
Viviendas De Uso Turistico,Sin Categoria,"San Francisco, 3, 1 Izq. C",Carrera,De San Francisco,3,,,Izq.,1,C,28005,Madrid,VT-7603
Viviendas De Uso Turistico,Sin Categoria,"Henri Dunant, 25",Calle,De Henri Dunant,25,,,,2,A3,28036,Madrid,VT-7604
Viviendas De Uso Turistico,Sin Categoria,"Mesón De Paredes, 21, Bajo, Int. Izq.",Calle,Del Mesón De Paredes,21,,,Int.,BAJO,IZQ,28012,Madrid,VT-7605
Viviendas De Uso Turistico,Sin Categoria,"Eugenio Caxes, 12",Calle,De Eugenio Caxes,12,,,,7,5,28026,Madrid,VT-7608
Viviendas De Uso Turistico,Sin Categoria,"Clavel, 5, 6a",Calle,Del Clavel,5,,,,6,A,28004,Madrid,VT-7609
Viviendas De Uso Turistico,Sin Categoria,"Ancora, 30 Bajo E",Calle,De Áncora,30,,,,BAJO,E,28045,Madrid,VT-8169
Viviendas De Uso Turistico,Sin Categoria,"Olivar, 31-1º Esc. Int.Pta. Dcha.",Calle,Del Olivar,31,,,INT,1,DCHA,28012,Madrid,VT-8172
Viviendas De Uso Turistico,Sin Categoria,"Ferraz, 67 6º Pta. D",Calle,De Ferraz,67,,,,6,D,28008,Madrid,VT-8173
Viviendas De Uso Turistico,Sin Categoria,"Alejandro Sanchez, 85-2º A",Calle,De Alejandro Sánchez,85,,,,2,A,28019,Madrid,VT-8176
Viviendas De Uso Turistico,Sin Categoria,"Alejandro Sanchez, 85 2º B",Calle,De Alejandro Sánchez,85,,,,2,B,28019,Madrid,VT-8177
Viviendas De Uso Turistico,Sin Categoria,"Calatrava, 7 Bajo B",Calle,De Calatrava,7,,,,BAJO,B,28005,Madrid,VT-8180
Viviendas De Uso Turistico,Sin Categoria,"Arenal, 16, 3 Ext.",Calle,Del Arenal,16,,,,3,EXT,28013,Madrid,VT-8183
Viviendas De Uso Turistico,Sin Categoria,"Arenal, 16, 6, Ext. D",Calle,Del Arenal,16,,,EXT,6,D,28013,Madrid,VT-8184
Viviendas De Uso Turistico,Sin Categoria,"Lavapiés, 40, 2 Ext. Izq.",Calle,De Lavapiés,40,,,EXT,2,IZQ,28012,Madrid,VT-8185
Viviendas De Uso Turistico,Sin Categoria,"Irlanda, 2",Calle,De Irlanda,2,,,,2,D,28019,Madrid,VT-8186
Viviendas De Uso Turistico,Sin Categoria,"Toledo, 54, 6 Ext. D",Calle,De Toledo,54,,,EXT,6,D,28005,Madrid,VT-8188
Viviendas De Uso Turistico,Sin Categoria,"Montera, 42, 5 Izq.",Calle,De La Montera,42,,,,5,IZQ,28013,Madrid,VT-8191
Viviendas De Uso Turistico,Sin Categoria,"Diego De León, 16, 4-10",Calle,De Diego De León,16,,,,4,10,28006,Madrid,VT-8193
Viviendas De Uso Turistico,Sin Categoria,"Lagasca, 18, 3 1b",Calle,De Lagasca,18,,,1,3,B,28001,Madrid,VT-8196
Viviendas De Uso Turistico,Sin Categoria,"Vergara, 14-2º D",Calle,De Vergara,14,,,,2,D,28013,Madrid,VT-8199
Viviendas De Uso Turistico,Sin Categoria,"Vergara, 14-5º D",Calle,De Vergara,14,,,,5,D,28013,Madrid,VT-8200
Viviendas De Uso Turistico,Sin Categoria,"Buen Suceso, 4-5º D",Calle,Del Buen Suceso,4,,,,5,D,28008,Madrid,VT-8201
Viviendas De Uso Turistico,Sin Categoria,"Fuencarral, 20-4º Pta. Izq. 1",Calle,De Fuencarral,20,,,,4,IZQ 1,28004,Madrid,VT-8202
Viviendas De Uso Turistico,Sin Categoria,"Salud, 17-2º D",Calle,De La Salud,17,,,,2,D,28013,Madrid,VT-8203
Viviendas De Uso Turistico,Sin Categoria,"Salud, 17-5º Pta. Izq.",Calle,De La Salud,17,,,,5,IZQ,28013,Madrid,VT-8204
Viviendas De Uso Turistico,Sin Categoria,"Pirra, 44 Ptal. B 1º Pta. 1",Calle,De Pirra,44,,B,,1,PTA. 1,28022,Madrid,VT-8205
Viviendas De Uso Turistico,Sin Categoria,"Sor Ángela De La Cruz, 26, 8 Izq. 12",Calle,De Sor Ángela De La Cruz,26,,,IZQ,8,12,28020,Madrid,VT-8761
Viviendas De Uso Turistico,Sin Categoria,"Avenida De América, 19, 2d",Avenida,De América,19,,,,2,D,,Madrid,VT-8762
Viviendas De Uso Turistico,Sin Categoria,"General Palanca, 42, 5 Dcha.",Calle,Del General Palanca,42,,,,5,DCHA,28045,Madrid,VT-8763
Viviendas De Uso Turistico,Sin Categoria,"Carranza, 11, 2b",Calle,De Carranza,11,,,,2,B,28004,Madrid,VT-8764
Viviendas De Uso Turistico,Sin Categoria,"Soria, 3, 4d",Calle,De Soria,3,,,,4,D,28005,Madrid,VT-8765
Viviendas De Uso Turistico,Sin Categoria,"Estrella Denebola, 18, 5b",Calle,De Estrella Denébola,18,,,,5,B,28045,Madrid,VT-8766
Viviendas De Uso Turistico,Sin Categoria,"Minas, 24, 2 Centro",Calle,De Las Minas,24,,,,2,CENTRO,28004,Madrid,VT-8769
Viviendas De Uso Turistico,Sin Categoria,"Montera, 20, 2, Izq.",Calle,De La Montera,20,,,,2,IZQ A,28013,Madrid,VT-8770
Viviendas De Uso Turistico,Sin Categoria,"Montera, 20, 2 Izq. B",Calle,De La Montera,20,,,,2,IZQ B,28013,Madrid,VT-8771
Viviendas De Uso Turistico,Sin Categoria,"Montera, 20, 2 Izq. C",Calle,De La Montera,20,,,,2,IZQ C,28013,Madrid,VT-8772
Viviendas De Uso Turistico,Sin Categoria,"Montera, 20, 2 Izq. D",Calle,De La Montera,20,,,,2,IZQ D,28013,Madrid,VT-8773
Viviendas De Uso Turistico,Sin Categoria,"Concepción Jerónima, 7, 3d",Calle,De Concepción Jerónima,7,,,,3,D,28012,Madrid,VT-8774
Viviendas De Uso Turistico,Sin Categoria,"Núñez De Balboa, 28, 6º 8",Calle,De Núñez De Balboa,28,,,,6,8 I,28001,Madrid,VT-8775
Viviendas De Uso Turistico,Sin Categoria,"Silva, 14, 1-6",Calle,De Silva,14,,,,1,PTA. 6,,Madrid,VT-8776
Viviendas De Uso Turistico,Sin Categoria,"Núñez De Arce, 11, 5 B Izq.",Calle,De Núñez De Arce,11,,,B,5,IZQ,28012,Madrid,VT-8777
Viviendas De Uso Turistico,Sin Categoria,"Goya, 99, 3a",Calle,De Goya,99,,,A,3,DCHA,28009,Madrid,VT-8778
Viviendas De Uso Turistico,Sin Categoria,"Pº De La Habana, 169, C 108",Paseo,De La Habana,169,,,,C,108,28036,Madrid,VT-8779
Viviendas De Uso Turistico,Sin Categoria,"Bastero, 23, 1-2",Calle,De Bastero,23,,,,1,PTA. 2,28005,Madrid,VT-8781
Viviendas De Uso Turistico,Sin Categoria,"Amparo, 67, Bajo, Pta. 9",Calle,Del Amparo,67,,,,BAJO,PTA. 9,28012,Madrid,VT-8782
Viviendas De Uso Turistico,Sin Categoria,"Fernando Poo, 46, 2b",Calle,De Fernando Poo,46,,,,2,B,28045,Madrid,VT-8783
Viviendas De Uso Turistico,Sin Categoria,"Bolsa, 3-1º B",Calle,De La Bolsa,3,,,,1,B,28012,Madrid,VT-8784
Viviendas De Uso Turistico,Sin Categoria,"Tomas Breton, 5 Bajo D",Calle,De Tomás Bretón,5,,,,BAJO,D,28045,Madrid,VT-8786
Viviendas De Uso Turistico,Sin Categoria,"Lagasca, 62-2º Pta. Dcha.",Calle,De Lagasca,62,,,,2,DCHA,28001,Madrid,VT-8787
Viviendas De Uso Turistico,Sin Categoria,"Argumosa, 21-4º Pta. 4",Calle,De Argumosa,21,,,,4,PTA. 4,28012,Madrid,VT-8788
Viviendas De Uso Turistico,Sin Categoria,"Tribulete, 3, 1d",Calle,De Tribulete,3,,,,1,D,28012,Madrid,VT-8789
Viviendas De Uso Turistico,Sin Categoria,"San Agustín, 2, 1b",Calle,De San Agustín,2,,,,1,B,28014,Madrid,VT-8790
Viviendas De Uso Turistico,Sin Categoria,"Tribulete, 3, 2c",Calle,De Tribulete,3,,,,2,C,28012,Madrid,VT-8791
Viviendas De Uso Turistico,Sin Categoria,"San Cosme Y San Damián, 24, 4-2",Calle,De San Cosme Y San Damián,24,,,,4,PTA. 2,28012,Madrid,VT-8792
Viviendas De Uso Turistico,Sin Categoria,"Silva, 14, 1-7",Calle,De Silva,14,,14,,1,PTA. 7,28004,Madrid,VT-8793
Viviendas De Uso Turistico,Sin Categoria,"Silva, 14, 1-8",Calle,De Silva,14,,14,,1,PTA. 8,28004,Madrid,VT-8794
Viviendas De Uso Turistico,Sin Categoria,"Espinar, 10, 1d",Calle,De El Espinar,10,,,,1,D,,Madrid,VT-8795
Viviendas De Uso Turistico,Sin Categoria,"Santa María De La Cabeza, 34. Esc Int., Bajo Izq.",Paseo,De Santa María De La Cabeza,34,,,Int.,Bajo,IZQ,28045,Madrid,VT-7627
Viviendas De Uso Turistico,Sin Categoria,"Amargura, 2. Pta Izq.",Calle,De La Amargura,2,,,,,IZQ,28470,Cercedilla,VT-7628
Viviendas De Uso Turistico,Sin Categoria,"Salitre, 22. 4º Pta 4",Calle,De Salitre,22,,,,4,4,28012,Madrid,VT-7630
Viviendas De Uso Turistico,Sin Categoria,"Bernardo López García, 3. 3º B",Calle,De Bernardo López García,3,,,,3,B,28015,Madrid,VT-7632
Viviendas De Uso Turistico,Sin Categoria,"Alegría De La Huerta, 22. Esc J, 8º A",Calle,De La Alegría De La Huerta,22,,,J,8,A,28041,Madrid,VT-7634
Viviendas De Uso Turistico,Sin Categoria,"Puerto Del Rey, 16. 1º",Calle,Del Puerto Del Rey,16,,,,1,,28038,Madrid,VT-7635
Viviendas De Uso Turistico,Sin Categoria,"Trujillos, 7. 1º D",Calle,De Trujillos,7,,,,1,D,28013,Madrid,VT-7636
Viviendas De Uso Turistico,Sin Categoria,"Arenal, 22. 6º D Izq.",Calle,Del Arenal,22,,,,6,IZQ D,28013,Madrid,VT-7637
Viviendas De Uso Turistico,Sin Categoria,"Manuela Malasaña, 23-1º",Calle,De Manuela Malasaña,23,,,,1,,28004,Madrid,VT-7638
Viviendas De Uso Turistico,Sin Categoria,"San Vicente Ferrer, 28 2º D",Calle,De San Vicente Ferrer,28,,,,2,D,,Madrid,VT-7639
Viviendas De Uso Turistico,Sin Categoria,"General Pardiñas, 72-3º Pta. 3",Calle,Del General Pardiñas,72,,,,3,3,28006,Madrid,VT-7640
Viviendas De Uso Turistico,Sin Categoria,"Marques Viudo De Pontejos, 2-3º Pta 1b",Calle,Del Marqués Viudo De Pontejos,2,,,,3,1B,28012,Madrid,VT-7641
Viviendas De Uso Turistico,Sin Categoria,"Escalinata, 10 3º",Calle,De La Escalinata,10,,,,3,,28013,Madrid,VT-7642
Viviendas De Uso Turistico,Sin Categoria,"Escalinata, 10-4º",Calle,De La Escalinata,10,,,,4,,28013,Madrid,VT-7643
Viviendas De Uso Turistico,Sin Categoria,"Escalinata, 10 5º",Calle,De La Escalinata,10,,,,5,,28013,Madrid,VT-7644
Viviendas De Uso Turistico,Sin Categoria,"Plaza Isabel Ii, 8 2º B",Plaza,De Isabel Ii,8,,,,2,B,28013,Madrid,VT-7645
Viviendas De Uso Turistico,Sin Categoria,"Plaza Isabel Ii, 8-2º C",Plaza,De Isabel Ii,8,,,,2,C,28013,Madrid,VT-7646
Viviendas De Uso Turistico,Sin Categoria,"Plaza Isabel Ii, 8-3º B",Plaza,De Isabel Ii,8,,,,3,B,28013,Madrid,VT-7647
Viviendas De Uso Turistico,Sin Categoria,"Almadén, 26, Bajo",Calle,De Almadén,26,,,,BAJO,,28014,Madrid,VT-7651
Viviendas De Uso Turistico,Sin Categoria,"Álvarez Gato, 4",Calle,De Álvarez Gato,4,,,,3,A,28012,Madrid,VT-7654
Viviendas De Uso Turistico,Sin Categoria,"General Lacy, 40, 3 Y",Calle,Del General Lacy,40,,,,3,Y,28045,Madrid,VT-8208
Viviendas De Uso Turistico,Sin Categoria,"Noviciado, 5, Portal 1",Calle,De Noviciado,5,,1,,,,28015,Madrid,VT-8209
Viviendas De Uso Turistico,Sin Categoria,"Pontevedra, 874",Calle,Pontevedra,874,,,,,,28648,Cadalso De Los Vidrios,VT-8210
Viviendas De Uso Turistico,Sin Categoria,"Puerta De Moros, 8",Plaza,De Puerta De Moros,8,,,,3,DCHA,28005,Madrid,VT-8211
Viviendas De Uso Turistico,Sin Categoria,"Álvarez Gato, 7 2º",Calle,De Álvarez Gato,7,,,,2,,28012,Madrid,VT-8212
Viviendas De Uso Turistico,Sin Categoria,"Andalucía, 8",Calle,De Andalucía,8,,,,4,A,28007,Madrid,VT-8218
Viviendas De Uso Turistico,Sin Categoria,"Fernan Gonzalez, 52-2º B",Calle,De Fernán González,52,,,,2,B,28009,Madrid,VT-8219
Viviendas De Uso Turistico,Sin Categoria,"Puerto Alto, 12 1º Pta. 3",Calle,Del Puerto Alto,12,,,,1,3,28053,Madrid,VT-8220
Viviendas De Uso Turistico,Sin Categoria,"Áncora, 6, 3-3",Pasaje,De Áncora,6,,,,3,PTA. 3,28045,Madrid,VT-8221
Viviendas De Uso Turistico,Sin Categoria,"Ave María, 28, 2, Ic",Calle,De Ave María,28,,,,2,IC,28012,Madrid,VT-8222
Viviendas De Uso Turistico,Sin Categoria,"Augusto Figueroa, 27, 2b",Calle,De Augusto Figueroa,27,,,,2,B,28004,Madrid,VT-8224
Viviendas De Uso Turistico,Sin Categoria,"Jesús Del Valle, 29",Calle,De Jesús Del Valle,29,,,,3,DCHA,28004,Madrid,VT-8226
Viviendas De Uso Turistico,Sin Categoria,"Cavanilles, 13-3º A",Calle,De Cavanilles,13,,,,3,A,28007,Madrid,VT-8230
Viviendas De Uso Turistico,Sin Categoria,"Mallorca, 2, 1a",Calle,De Mallorca,2,,,,1,A,28012,Madrid,VT-8232
Viviendas De Uso Turistico,Sin Categoria,"Henri Dunant, 23-5º D",Calle,De Henri Dunant,23,,,,5,D,28036,Madrid,VT-8233
Viviendas De Uso Turistico,Sin Categoria,"Tres Peces, 8, 4 Ext. Izq.",Calle,De Los Tres Peces,8,,,EXT,4,IZQ,28012,Madrid,VT-8236
Viviendas De Uso Turistico,Sin Categoria,"Argumosa, 29, 2d",Calle,De Argumosa,29,,,,2,D,28012,Madrid,VT-8237
Viviendas De Uso Turistico,Sin Categoria,"Infanta María Teresa, 23",Calle,De La Infanta María Teresa,23,,,,4,417,28016,Madrid,VT-8238
Viviendas De Uso Turistico,Sin Categoria,"Caravaca, 15, 3, Esc. 3 Dcha.",Calle,De Caravaca,15,,,3,3,DCHA,28012,Madrid,VT-8239
Viviendas De Uso Turistico,Sin Categoria,"Fernando Vi, 23 1º B",Calle,De Fernando Vi,23,,,,1,B,28004,Madrid,VT-8240
Viviendas De Uso Turistico,Sin Categoria,"Marqués De Santa Ana, 1, 2-1-b",Calle,Del Marqués De Santa Ana,1,,,1,2,B,28004,Madrid,VT-8241
Viviendas De Uso Turistico,Sin Categoria,"Alcala, 129, 5 A",Calle,De Alcalá,129,,,,5,A,,Madrid,VT-8796
Viviendas De Uso Turistico,Sin Categoria,"Huertas, 14, 1 Ext. Izq.",Calle,De Las Huertas,14,,,EXT,1,IZQ,28012,Madrid,VT-8797
Viviendas De Uso Turistico,Sin Categoria,"Núñez De Arce, 8, 1a",Calle,De Núñez De Arce,8,,,,1,A,28012,Madrid,VT-8798
Viviendas De Uso Turistico,Sin Categoria,"Puerto De Miravete, 10, 8º A",Calle,Del Puerto De Miravete,10,,,1,8,4,28045,Madrid,VT-8799
Viviendas De Uso Turistico,Sin Categoria,"Pedro Teixeira, 10, 10-6",Calle,De Pedro Teixeira,10,,,,10,PTA. 6,28020,Madrid,VT-8801
Viviendas De Uso Turistico,Sin Categoria,"Doctor Fourquet, 30, 2d",Calle,Del Doctor Fourquet,30,,,,2,D,28012,Madrid,VT-8803
Viviendas De Uso Turistico,Sin Categoria,"San Bernardo, 112, 1, Int. A",Calle,De San Bernardo,112,,,INT,1,A,28015,Madrid,VT-8804
Viviendas De Uso Turistico,Sin Categoria,"Fernández De Los Ríos, 64, 3d",Calle,De Fernández De Los Ríos,64,,,,3,D,28015,Madrid,VT-8807
Viviendas De Uso Turistico,Sin Categoria,"Playa Lisa, 9",Calle,Playa Lisa,9,,,,,,28669,Boadilla Del Monte,VT-8809
Viviendas De Uso Turistico,Sin Categoria,"Princesa, 3 Duplicado, 9, Pta. 909",Calle,De La Princesa,3,,,,,909,28008,Madrid,VT-8810
Viviendas De Uso Turistico,Sin Categoria,"Cava Baja, 1-3º Pta. 8",Calle,De La Cava Baja,1,,,,3,PTA. 8,28005,Madrid,VT-8811
Viviendas De Uso Turistico,Sin Categoria,"Atocha, 25-1º Pta. 1",Calle,De Atocha,25,,,,1,1,28012,Madrid,VT-8812
Viviendas De Uso Turistico,Sin Categoria,"Zurbano, 84-5º Esc. 1 Pta. 5",Calle,De Zurbano,84,,,1,5,5,28010,Madrid,VT-8813
Viviendas De Uso Turistico,Sin Categoria,"Pelayo, 28-2º Esc. Int. Pta. 2",Calle,De Pelayo,28,,,INT,2,2,28004,Madrid,VT-8814
Viviendas De Uso Turistico,Sin Categoria,"Ilustracion, 19-4º Pta. Dcha.",Calle,De La Ilustración,19,,,,4,DCHA,28008,Madrid,VT-8815
Viviendas De Uso Turistico,Sin Categoria,"Fuencarral, 24 Atico A",Calle,De Fuencarral,24,,,,ATICO,A,28004,Madrid,VT-8816
Viviendas De Uso Turistico,Sin Categoria,"Ruda, 15-1º Esc. Ext. Pta. A Dcha.",Calle,De La Ruda,15,,,EXT,1,DCHA A,28005,Madrid,VT-8817
Viviendas De Uso Turistico,Sin Categoria,"Ruda, 15-1º Esc. Ext,. Pta. A Izq.",Calle,De La Ruda,15,,,EXT,1,IZQ A,28005,Madrid,VT-8818
Viviendas De Uso Turistico,Sin Categoria,"San Mateo, 28-2º Pta. Dcha.",Calle,De San Mateo,28,,,,2,DCHA,28004,Madrid,VT-8819
Viviendas De Uso Turistico,Sin Categoria,"Silva, 14-3º Esc. 1 Pta. 1",Calle,De Silva,14,,,1,3,1,,Madrid,VT-8820
Viviendas De Uso Turistico,Sin Categoria,"Garci-nuño, 26 Bajo E",Calle,De Garci-nuño,26,,,,BAJO,E,28029,Madrid,VT-8821
Viviendas De Uso Turistico,Sin Categoria,"San Antonio De Padua, 35 Bajo D",Calle,De San Antonio De Padua,35,,,,BAJO,D,28026,Madrid,VT-8822
Viviendas De Uso Turistico,Sin Categoria,"San Antonio De Padua, 35-1º C",Calle,De San Antonio De Padua,35,,,,1,C,28026,Madrid,VT-8823
Viviendas De Uso Turistico,Sin Categoria,"Torremolinos, 2-4º B",Calle,De Torremolinos,2,,,,4,B,28018,Madrid,VT-8824
Viviendas De Uso Turistico,Sin Categoria,"Arenal, 7-3º A",Calle,Del Arenal,7,,,,3,A,28013,Madrid,VT-8825
Viviendas De Uso Turistico,Sin Categoria,"Mayor, 1-5º Pta. 150",Calle,Mayor,1,,,,5,150,28013,Madrid,VT-8827
Viviendas De Uso Turistico,Sin Categoria,"Mayor, 1-5º Pta. 153",Calle,Mayor,1,,,,5,153,28013,Madrid,VT-8828
Viviendas De Uso Turistico,Sin Categoria,"Jilguero, 5",Calle,Del Jilguero,5,,,,,,28410,Manzanares El Real,VT-9417
Viviendas De Uso Turistico,Sin Categoria,"Oeste, 5",Calle,Oeste,5,,,,,,28221,Majadahonda,VT-9419
Viviendas De Uso Turistico,Sin Categoria,"San Pedro, 20, 2 Dcha.",Calle,De San Pedro,20,,,,2,DCHA,28014,Madrid,VT-9427
Viviendas De Uso Turistico,Sin Categoria,"Manzana, 17 2º Esc. Int. Pta. D",Calle,De La Manzana,17,,,,ESC-IN,D,28015,Madrid,VT-9428
Viviendas De Uso Turistico,Sin Categoria,"Jardines, 11-1º Izq.",Calle,De Los Jardines,11,,,,1,PTA. I,28013,Madrid,VT-9429
Viviendas De Uso Turistico,Sin Categoria,"Huerta Del Bayo, 15",Calle,De La Huerta Del Bayo,15,,,,1,IZQ,28005,Madrid,VT-7655
Viviendas De Uso Turistico,Sin Categoria,"Felipe Iv, 7",Calle,De Felipe Iv,7,,,,4,3,28014,Madrid,VT-7656
Viviendas De Uso Turistico,Sin Categoria,"Conde De Miranda, 1 1º B",Calle,Del Conde De Miranda,1,,,,1,1B,28005,Madrid,VT-7657
Viviendas De Uso Turistico,Sin Categoria,"Pablo Iglesias, 4",Avenida,De Pablo Iglesias,4,,,,2,C,28003,Madrid,VT-7658
Viviendas De Uso Turistico,Sin Categoria,"Zurita, 20, 3º 4",Calle,De Zurita,20,,,,3,4,28012,Madrid,VT-7659
Viviendas De Uso Turistico,Sin Categoria,"Esparteros, 11",Calle,De Esparteros,11,,,,6,E1,28012,Madrid,VT-7660
Viviendas De Uso Turistico,Sin Categoria,"Fuencarral, 10, 5a",Calle,De Fuencarral,10,,,,5,A,,Madrid,VT-7661
Viviendas De Uso Turistico,Sin Categoria,"Veneras, 7, 1 Dcha.",Calle,De Veneras,7,,,,1,DCHA,28013,Madrid,VT-7662
Viviendas De Uso Turistico,Sin Categoria,"Marqués De La Ensenada, 16, 4-13",Calle,Del Marqués De La Ensenada,16,,,,4,13,28004,Madrid,VT-7663
Viviendas De Uso Turistico,Sin Categoria,"Silva, 2, 7g",Calle,De Silva,2,,,,7,G,28013,Madrid,VT-7666
Viviendas De Uso Turistico,Sin Categoria,"Blasco Garay, 48",Calle,De Blasco De Garay,48,,,Ext.,4,IZQ,28015,Madrid,VT-7668
Viviendas De Uso Turistico,Sin Categoria,"Marqués De Santa Ana, 43",Calle,Del Marqués De Santa Ana,43,,,,2,D,28004,Madrid,VT-7669
Viviendas De Uso Turistico,Sin Categoria,"Rafael Herrera, 11 3º Esc. 1 Pta. 320",Calle,De Rafael Herrera,11,,,1,3,320,28036,Madrid,VT-7670
Viviendas De Uso Turistico,Sin Categoria,"San Bernardo, 4. 5º Ext Dcha.",Calle,De San Bernardo,4,,,,5,EXT.DC,28013,Madrid,VT-7671
Viviendas De Uso Turistico,Sin Categoria,"Barbieri, 25. 1º Izq.",Calle,De Barbieri,25,,,,1,IZQ,28004,Madrid,VT-7672
Viviendas De Uso Turistico,Sin Categoria,"Merinas Chaparral, 25. Bajo",Camino,Merinas Chaparral,25,,,,BAJO,,28270,Colmenarejo,VT-7673
Viviendas De Uso Turistico,Sin Categoria,"Padre Rubio, 37 Bajo A",Calle,Del Padre Rubio,37,,,,BAJO,A,28029,Madrid,VT-7674
Viviendas De Uso Turistico,Sin Categoria,"Padre Rubio, 37-1º A",Calle,Del Padre Rubio,37,,,,1,A,28029,Madrid,VT-7675
Viviendas De Uso Turistico,Sin Categoria,"Padre Rubio, 37 2º A",Calle,Del Padre Rubio,37,,,,2,A,28029,Madrid,VT-7676
Viviendas De Uso Turistico,Sin Categoria,"General Díaz Porlier, 93. Portal A, 4º",Calle,Del General Díaz Porlier,93,,A,,4,,28006,Madrid,VT-7677
Viviendas De Uso Turistico,Sin Categoria,"Lagasca, 115. 1º D",Calle,De Lagasca,115,,,,1,D,,Madrid,VT-7678
Viviendas De Uso Turistico,Sin Categoria,"Amparo, 86. 4º Dcha.",Calle,Del Amparo,86,,,,4,DCHA,28012,Madrid,VT-7679
Viviendas De Uso Turistico,Sin Categoria,"Benito Gutiérrez, 18, 2 Ext. Izq.",Calle,De Benito Gutiérrez,18,,,EXT,2,IZQ,28008,Madrid,VT-8244
Viviendas De Uso Turistico,Sin Categoria,"Peña De Francia, 14, Bajo Esc. C, Pta. 1",Calle,De Peña De Francia,14,,,C,BJ,1,28005,Madrid,VT-8245
Viviendas De Uso Turistico,Sin Categoria,"Duque De Rivas, 5-3º Pta. Int. Izq.",Calle,Del Duque De Rivas,5,,,,3,INT IZ,28012,Madrid,VT-8247
Viviendas De Uso Turistico,Sin Categoria,"Bastero, 7-1º Pta. 17",Calle,De Bastero,7,,,,1,17,28005,Madrid,VT-8249
Viviendas De Uso Turistico,Sin Categoria,"Plaza Santa Cristina, 2-4º A",Plaza,De Santa Cristina,2,,,,4,A,28011,Madrid,VT-8250
Viviendas De Uso Turistico,Sin Categoria,"Puerto Rico, 44, Bajo A",Calle,De Puerto Rico,44,,,,BAJO,A,28016,Madrid,VT-8257
Viviendas De Uso Turistico,Sin Categoria,"Toledo, 28, 1 Izq.",Calle,De Toledo,28,,,,1,IZQ,28005,Madrid,VT-8258
Viviendas De Uso Turistico,Sin Categoria,"San Vicente Ferrer, 72, 1 Pta. 3",Calle,De San Vicente Ferrer,72,,,,1,PTA. 3,28015,Madrid,VT-8260
Viviendas De Uso Turistico,Sin Categoria,"Arenal, 16, 4, Int. B",Calle,Del Arenal,16,,,INT,4,B,28013,Madrid,VT-8264
Viviendas De Uso Turistico,Sin Categoria,"Cartagena, 46, 5b",Calle,De Cartagena,46,,,,5,B,,Madrid,VT-8266
Viviendas De Uso Turistico,Sin Categoria,"Concepción Jerónima, 10, Bajo A",Calle,De Concepción Jerónima,10,,,,BAJO,A,28012,Madrid,VT-8267
Viviendas De Uso Turistico,Sin Categoria,"Costanilla De Los Ángeles, 16",Costanilla,De Los Ángeles,15,,1,,2,IZQ,28013,Madrid,VT-8270
Viviendas De Uso Turistico,Sin Categoria,"Almendro, 22 4-3",Calle,Del Almendro,22,,,,4,PTA. 3,28005,Madrid,VT-8271
Viviendas De Uso Turistico,Sin Categoria,"Atocha, 25, 5 Izq.",Calle,De Atocha,25,,,,5,IZQ,28012,Madrid,VT-8272
Viviendas De Uso Turistico,Sin Categoria,"Pirra, 44, Portal D, 3-20",Calle,De Pirra,44,,D,,3,20,28022,Madrid,VT-8274
Viviendas De Uso Turistico,Sin Categoria,"Deyanira, 59, Portal B, 4-5",Calle,De Deyanira,59,,B,,4,5,28022,Madrid,VT-8275
Viviendas De Uso Turistico,Sin Categoria,"Samaniego, 12, Ptal 3, 4l",Calle,De Samaniego,12,,3,,4,L,28022,Madrid,VT-8276
Viviendas De Uso Turistico,Sin Categoria,"García Quintanilla, 22, 1",Calle,De García Quintanilla,22,,,,1,,28027,Madrid,VT-8281
Viviendas De Uso Turistico,Sin Categoria,"Nicasio Gallego, 13, 1c",Calle,De Nicasio Gallego,13,,,,1,C,28010,Madrid,VT-8282
Viviendas De Uso Turistico,Sin Categoria,"Pza Mayor, 30, 5c",Plaza,Mayor,30,,,,5,C,28012,Madrid,VT-8283
Viviendas De Uso Turistico,Sin Categoria,"Tres Peces, 18, Bajo Int. I",Calle,De Los Tres Peces,18,,,INT,BAJO,I,28012,Madrid,VT-8843
Viviendas De Uso Turistico,Sin Categoria,"Don Ramón De La Cruz, 61, 4 Int. 2",Calle,De Don Ramón De La Cruz,61,,,INT,4,2,28001,Madrid,VT-8844
Viviendas De Uso Turistico,Sin Categoria,"Concepción Jerónima, 28, 5-2",Calle,De Concepción Jerónima,28,,,,5,2,28012,Madrid,VT-8848
Viviendas De Uso Turistico,Sin Categoria,"María De Molina, 62, 8a",Calle,De María De Molina,62,,,,8,A,28006,Madrid,VT-8849
Viviendas De Uso Turistico,Sin Categoria,"Andrés Mellado, 29, 5d",Calle,De Andrés Mellado,29,,,,5,D,,Madrid,VT-8850
Viviendas De Uso Turistico,Sin Categoria,"Mesón De Paredes, 56, Bajo Esc. 2, A",Calle,Del Mesón De Paredes,56,,,2,BJ,A,28012,Madrid,VT-8853
Viviendas De Uso Turistico,Sin Categoria,"Paseo Del Molino, 8, Portal C, 1 B",Paseo,Del Molino,8,,C,,1,B,28045,Madrid,VT-8854
Viviendas De Uso Turistico,Sin Categoria,"Doctor Fourquet, 7, Bajo B",Calle,Del Doctor Fourquet,7,,,,BAJO,B,28012,Madrid,VT-8857
Viviendas De Uso Turistico,Sin Categoria,"Valverde, 3, 2a",Calle,De Valverde,3,,,,2,A,28004,Madrid,VT-8859
Viviendas De Uso Turistico,Sin Categoria,"Olmo, 15, 2 Izq.",Calle,Del Olmo,15,,,,2,IZQ,28012,Madrid,VT-8860
Viviendas De Uso Turistico,Sin Categoria,"Encomienda, 2, 1 Dcha.",Calle,De La Encomienda,2,,,,1,DCHA,28012,Madrid,VT-8862
Viviendas De Uso Turistico,Sin Categoria,"Campoamor, 3, 3 Ext. Centro",Calle,De Campoamor,3,,,EXT,3,CENT,28004,Madrid,VT-8863
Viviendas De Uso Turistico,Sin Categoria,"Doce De Octubre, 8, 2c",Calle,Del Doce De Octubre,8,,,,2,C,28009,Madrid,VT-8864
Viviendas De Uso Turistico,Sin Categoria,"Recoletos, 21, 5 Dcha.",Calle,De Recoletos,21,,,,5,DCHA,28001,Madrid,VT-8866
Viviendas De Uso Turistico,Sin Categoria,"Buenavista, 4, 4-1",Calle,De Buenavista,4,,,,4,PTA. 1,28012,Madrid,VT-8867
Viviendas De Uso Turistico,Sin Categoria,"Leganitos, 15-17 Ptal. 15 5º Pta. 8",Calle,De Leganitos,15-17,,,,5,PTA. 8,28013,Madrid,VT-9437
Viviendas De Uso Turistico,Sin Categoria,"Antonio López, 151, Bajo, Dcha.",Calle,De Antonio López,151,,,,BAJO,DCHA,,Madrid,VT-9448
Viviendas De Uso Turistico,Sin Categoria,"San Mateo 12, 4º D",Calle,De San Mateo,12,,,,4,D,28004,Madrid,VT-9459
Viviendas De Uso Turistico,Sin Categoria,"Minas, 24, Bajo C",Calle,De Las Minas,24,,,,BAJO,C,28004,Madrid,VT-9463
Viviendas De Uso Turistico,Sin Categoria,,Calle,Puerto Navacerrada,10,,,,,,28440,Guadarrama,VT-13413
Viviendas De Uso Turistico,Sin Categoria,,Finca,El Maillo,,,,,,,28640,Cadalso De Los Vidrios,VT-13304
Hotel,3-hotel,Ramada By Wyndham Madrid Tres Cantos,Ronda,De Poniente,16,,,,,,28760,Tres Cantos,HM-4179
Casa Rural,Casa Rural,La Casita De Piedra,Camino,Del Faro,5,,,,,,28470,Cercedilla,TR-404
Viviendas De Uso Turistico,Sin Categoria,,Calle,Tres (alarilla),202,,,,,,28597,Fuentidueña De Tajo,VT-13395
Hotel,2-hotel,Mora,Paseo,Del Prado,32,,,,,,28014,Madrid,HM-72
Viviendas De Uso Turistico,Sin Categoria,,Plaza,De La Dehesa De La Villa,1,,,,5,1IZDA,28005,Madrid,VT-6541
Viviendas De Uso Turistico,Sin Categoria,,Carretera,Santa Cruz De La Zarza,4,,,,,,28598,Villamanrique De Tajo,VT-13364
Viviendas De Uso Turistico,Sin Categoria,,Calle,De Espronceda,2,,,,4,A,28932,Móstoles,VT-13398
Viviendas De Uso Turistico,Sin Categoria,,Carretera,M-507 (navalcarnero),11,,B,,3,,28649,Rozas De Puerto Real,VT-13309
Viviendas De Uso Turistico,Sin Categoria,,Calle,De La Fragua,26,,,,,,28749,Alameda Del Valle,VT-13371
Viviendas De Uso Turistico,Sin Categoria,,Calle,Las Jaras,19,,,,0,,28192,"Berrueco, El",VT-13352
Viviendas De Uso Turistico,Sin Categoria,,Calle,Río Duero,49,,,,0,,28696,Pelayos De La Presa,VT-13353
Viviendas De Uso Turistico,Sin Categoria,,Calle,De Las Eras San Marcos,7,,,,,,28598,Villamanrique De Tajo,VT-13355
Hotel,3-hotel,Sercotel Ab Rivas,Avenida,Francisco De Quevedo,2,,,,,,28522,Rivas-vaciamadrid,HM-4377
Viviendas De Uso Turistico,Sin Categoria,,Calle,De Alagón,22,,,,BAJO,F,28042,Madrid,VT-13360
Viviendas De Uso Turistico,Sin Categoria,,Travesia,Del Val,2,,,,4,A,28804,Alcalá De Henares,VT-13361
Apart-turistico,1-apart-turistico,Mante House Madrid,Calle,Del Barco,25,,,,1,,28004,Madrid,AM-1382
Viviendas De Uso Turistico,Sin Categoria,,Camino,Viejo De El Escorial,82,,,,0,,28470,Cercedilla,VT-13367
Viviendas De Uso Turistico,Sin Categoria,,Calle,Empedrada,3,,,,,,28380,Colmenar De Oreja,VT-13461
Pension,2-pension,San Isidro,Calle,Del Príncipe,17,,,,2,,28012,Madrid,HM-4013
Hotel,4-hotel,H10 Puerta De Alcala,Calle,De Alcalá,66,,,,,,28009,Madrid,HM-2772
Viviendas De Uso Turistico,Sin Categoria,,Calle,Teniente Ruiz,19,,,,2,B,28805,Alcalá De Henares,VT-13274
Viviendas De Uso Turistico,Sin Categoria,,Calle,De Núñez De Arce,3,,,,4,IZ,28012,Madrid,VT-3860
Viviendas De Uso Turistico,Sin Categoria,,Carretera,M-502,11,,,,3,,28223,Pozuelo De Alarcón,VT-13419
Viviendas De Uso Turistico,Sin Categoria,,Carretera,M-502,11,,,,2,,28223,Pozuelo De Alarcón,VT-13420
Viviendas De Uso Turistico,Sin Categoria,,Avenida,Navalafuente,2,,,,,,28791,Soto Del Real,VT-13428
Casa Huespedes,Casa Huespedes,Home 42,Calle,De San Modesto,42,,,,1,,28034,Madrid,HM-4942
Viviendas De Uso Turistico,Sin Categoria,,Calle,De Antillón,12,,,,bajo,IZQ,28011,Madrid,VT-13467
Apart-turistico,2-apart-turistico,Alojamientos Rurales Las Eras,Calle,Ermita Del Santo Cristo,S/N,,,,,,28743,Canencia,AM-170
Viviendas De Uso Turistico,Sin Categoria,,Calle,Capilla,17,,,,,,28460,"Molinos, Los",VT-13662
Hotel,4-hotel,Hotel Best Osuna,Calle,De Luis De La Mata,18,,,,,,28042,Madrid,HM-2308
Hostal,3-hostal,Casa Du Soleil,Calle,De San Pedro Mártir,9,,,,BAJO,IZQ,28012,Madrid,HM-4952
Viviendas De Uso Turistico,Sin Categoria,,Calle,Grande,32,,,,1,A,28370,Chinchón,VT-13447
Hosterias,Sin Categoria,Complutum,Plaza,San Diego,2,,,,,,28801,Alcalá De Henares,HH-11
Pension,1-pension,Asunción,Plaza,De Santa Bárbara,8,,,,2,DR,28004,Madrid,HM-3477
Viviendas De Uso Turistico,Sin Categoria,,Calle,Estrella Del Norte,4,,,,,,28598,Villamanrique De Tajo,VT-13334
Viviendas De Uso Turistico,Sin Categoria,,Calle,Palancar,2B,,,,,,,Villanueva De La Cañada,VT-13315
Viviendas De Uso Turistico,Sin Categoria,,Calle,Guadalete,12,,,,0,,28670,Villaviciosa De Odón,VT-13470
Viviendas De Uso Turistico,Sin Categoria,,Calle,De Velázquez,12,,,,B,,28695,Navas Del Rey,VT-13415
Viviendas De Uso Turistico,Sin Categoria,,Calle,Del Cid,7,,,,,,28695,Navas Del Rey,VT-13416
Hotel,4-hotel,Hard Rock Hotel Madrid,Ronda,De Atocha,17,,,,,,28012,Madrid,HM-4948
Casa Rural,Casa Rural,El Musico,Calle,Pizarro,14,,,,,,28292,Prádena Del Rincón,TR-410
Viviendas De Uso Turistico,Sin Categoria,,Calle,De San Raimundo,22,,,,BAJ,,28039,Madrid,VT-13616
Viviendas De Uso Turistico,Sin Categoria,,Calle,De Álvarez,2B,,,,BAJO,,28029,Madrid,VT-13710
Viviendas De Uso Turistico,Sin Categoria,,Calle,Los Olivos,12,,,,0,,28793,Miraflores De La Sierra,VT-13434
Viviendas De Uso Turistico,Sin Categoria,,Calle,De Rodríguez San Pedro,62,,LOCAL,,,L-10,28015,Madrid,VT-13552
Hostal,3-hostal,Plaza Mayor,Calle,Cristo,21-23,ENTERO,,,,,28850,Torrejón De Ardoz,HM-4951
Viviendas De Uso Turistico,Sin Categoria,Apartamento De Alquiler Vacacional,Calle,De Nuestra Señora De Guadalupe,6,,,,BAJO,IZQ,28028,Madrid,VT-13475
Viviendas De Uso Turistico,Sin Categoria,,Calle,De Núñez De Arce,3,,,,4,DCH,28012,Madrid,VT-5654
Hotel Rural,3-hoja De Roble,El Lagar De Nemesio,Calle,Mayor Baja,32-36,,,,,,,Perales De Tajuña,TR-388
Viviendas De Uso Turistico,Sin Categoria,,Calle,De Carlina,4,,,,0,,28011,Madrid,VT-13305
Viviendas De Uso Turistico,Sin Categoria,,Calle,De Arrieta,2,,,,entr.,CENTR,28013,Madrid,VT-5264
Apartamento Rural,Apartamento Rural,Pradera Del Toro 3,Calle,De Cantarranas,48,,,,,,28737,Braojos,TR-414
Casa Rural,Casa Rural,La Oveja Negra,Calleja,De Los Pozuelos,S/N,,,,,,28293,Zarzalejo,TR-416
Casa Rural,Casa Rural,Serrania Norte,Calle,De Ignacio,42,,,,,,28450,Collado Mediano,TR-418
Viviendas De Uso Turistico,Sin Categoria,,Calle,De Ponferrada,35,,,,0,3,28029,Madrid,VT-13484
Casa Huespedes,Casa Huespedes,Emba Room,Calle,De Fernando Poo,2,,,,BAJO,,28045,Madrid,HM-4956
Apart-turistico,1-apart-turistico,Campoamor 13,Calle,De Campoamor,13,,,,BAJO,1º DCH,28004,Madrid,AM-1384
Viviendas De Uso Turistico,Sin Categoria,,Avenida,Del Pinar,3,,,,,,28450,Collado Mediano,VT-13451
Viviendas De Uso Turistico,Sin Categoria,,Paseo,Del Rey,18,,,,Bajo,B,28008,Madrid,VT-13453
Viviendas De Uso Turistico,Sin Categoria,,Calle,Atenas,2,,,,0,13,28224,Pozuelo De Alarcón,VT-13463
Viviendas De Uso Turistico,Sin Categoria,,Calle,15 De Mayo,7,,,,0,,28743,Garganta De Los Montes,VT-13432
Casa Rural,Casa Rural,Patio De Valentina,Calle,De La Iglesia,14,,,,,,28491,Navacerrada,TR-196
Apart-turistico,2-apart-turistico,Calatrava 4,Calle,De Calatrava,4,,,,BAJO,ABCD,28005,Madrid,AM-1388
Viviendas De Uso Turistico,Sin Categoria,,Calle,De Verdaguer Y García,51,,,,0,3,28027,Madrid,VT-14335
Viviendas De Uso Turistico,Sin Categoria,,Calle,Pontevedra,816,,,,BAJA,,28648,Cadalso De Los Vidrios,VT-13284
Apart-turistico,1-apart-turistico,Homelikes Madrid,Avenida,Nuestra Señora De Valvanera,1,,LOCAL,,,2,28025,Madrid,AM-1372
Viviendas De Uso Turistico,Sin Categoria,,Calle,Los Nardos,22,,,,,,28380,Colmenar De Oreja,VT-13391
Casa Huespedes,Casa Huespedes,Artistic B Y B,Calle,De Lope De Vega,11,,,,3,,28014,Madrid,HM-997
Casa Rural,Casa Rural,"Casa Rural ""a Ritmo De Burro""",Calle,Viriato,2,,,,,,28297,Santa María De La Alameda,TR-413
Viviendas De Uso Turistico,Sin Categoria,,Colonia,Ciudad San Ramón,172,,,,,,28680,San Martín De Valdeiglesias,VT-13357
Casa Rural,Casa Rural,"Alojamientos Rurales Sierra Norte ""tervilor""",Calle,Real,55,,,,,,28743,Canencia,TR-419
Viviendas De Uso Turistico,Sin Categoria,,Calle,Arenal,1,,,,,,28296,Santa María De La Alameda,VT-13474
Hotel,4-hotel,Catalonia Plaza España Hotel & Spa,Calle,Gran Vía,70,,,,,,28013,Madrid,HM-4414
Viviendas De Uso Turistico,Sin Categoria,,Calle,De Los Peñascales,7,,,LOCAL,,20,28007,Madrid,VT-13708
Viviendas De Uso Turistico,Sin Categoria,,Plaza,Cervantes,13,,,,1,C,28801,Alcalá De Henares,VT-13271
Viviendas De Uso Turistico,Sin Categoria,,Plaza,Cervantes,13,,,,2,B,28801,Alcalá De Henares,VT-13272
Hotel,4-hotel,Pestana Cr7 Madrid,Calle,Gran Vía,29,,,,,,28013,Madrid,HM-4940
Viviendas De Uso Turistico,Sin Categoria,,Calle,De La Manzanilla,6,,,,,,28739,Villavieja Del Lozoya,VT-13343
Apart-turistico,1-apart-turistico,Gran View Apartments,Calle,Gran Vía,48,,--,--,--,-,28013,Madrid,AM-1381
Viviendas De Uso Turistico,Sin Categoria,,Calle,Del Arroyo,7,,,,0,,28189,Patones,VT-13433
Hotel,4-hotel,Hotel Abba Madrid,Avenida,De América,32,,,,,,28028,Madrid,HM-4384
Viviendas De Uso Turistico,Sin Categoria,,Calle,Henares,1,,2,16,1,A,28816,Camarma De Esteruelas,VT-13456
Viviendas De Uso Turistico,Sin Categoria,,Calle,Henares,1-9,,5,1,1,A,28816,Camarma De Esteruelas,VT-13458
Viviendas De Uso Turistico,Sin Categoria,,Calle,Henares,1,,9,1,1,A,28816,Camarma De Esteruelas,VT-13459
Hotel,1-hotel,Hotel Nira,Calle,De Septiembre,12,,,,,,28022,Madrid,HM-4957
Viviendas De Uso Turistico,Sin Categoria,,Barrio,Perchel,21,,,,B,,28597,Fuentidueña De Tajo,VT-13394
Hosterias,Sin Categoria,Hostel The Central House Lavapiés,Calle,De La Encomienda,14-16,,,,,,28012,Madrid,HH-51
Viviendas De Uso Turistico,Sin Categoria,,Plaza,De Raso Nevero,12,,,,0,,28320,Pinto,VT-13312
Viviendas De Uso Turistico,Sin Categoria,,Calle,De La Vía Láctea,14,,,,0,,28224,Pozuelo De Alarcón,VT-13446
Viviendas De Uso Turistico,Sin Categoria,,Calle,Del Olmo,9,,,,,,28490,Becerril De La Sierra,VT-13375
Hotel,4-hotel,Hotel Maydrit Airport,Calle,De Piragua,1,,,,,,28042,Madrid,HM-4634
Hostal,1-hostal,Hostal Coslada Sl,Calle,De San Pedro,02,,,,bj-1-2,,28822,Coslada,HM-4949
Apartamento Rural,Apartamento Rural,El Cuartel De Santa Maria,Avenida,Rey Don Juan Carlos I,9,,,,,,28296,Santa María De La Alameda,TR-199
Viviendas De Uso Turistico,Sin Categoria,,Travesia,Costanilla De Los Ángeles,7,,,,,,28737,Braojos,VT-13260
Viviendas De Uso Turistico,Sin Categoria,,Avenida,Del Galeón,80,,,,2,82N,28680,San Martín De Valdeiglesias,VT-13261
Viviendas De Uso Turistico,Sin Categoria,,Calle,Ucrania,2,,L,,1,A,28802,Alcalá De Henares,VT-13262
Viviendas De Uso Turistico,Sin Categoria,,Avenida,De La Sierra,17,,,,1,2,28701,San Sebastián De Los Reyes,VT-13263
Casa Rural,Casa Rural,Casa Rural Alejandra,Calle,De Goya,12,,,,,,28450,Collado Mediano,TR-390
Hostal,2-hostal,Negresco,Calle,De Mesonero Romanos,,ENTERO,12,,,,28013,Madrid,HM-84
Viviendas De Uso Turistico,Sin Categoria,,Calle,Sendero Del Vedado,2,,,,0,5,28729,Navalafuente,VT-13320
Viviendas De Uso Turistico,Sin Categoria,,Camino,De Madrid Viejo,9-10,,,,,,,San Martín De Valdeiglesias,VT-13356
Viviendas De Uso Turistico,Sin Categoria,,Calle,Júcar,39,,,,,,28670,Villaviciosa De Odón,VT-13469
Apart-turistico,2-apart-turistico,Apartamentos Orion Diego De Leon 10,Calle,Diego De Leon,10,,,,,,28006,Madrid,AM-76
Hostal,2-hostal,Hostal Manuela,Calle,Gran Vía,15,,,,4-5,B,28013,Madrid,HM-1833
Viviendas De Uso Turistico,Sin Categoria,,Calle,Mayor,59,,,,BAJO,,28590,Villarejo De Salvanés,VT-13476
Hostal,2-hostal,Otello Rooms 2,Calle,De Campomanes,6,,,,3,IZQ,28013,Madrid,HM-4958
Apart-turistico,1-apart-turistico,Los Pocillos,Calle,Poza De Arriba,4,,,,,,28730,Gargantilla Del Lozoya Y Pinilla De Buitrago,AM-177
Pension,1-pension,Zarzuela Host,Avenida,Cristóbal Colón,2-4,,,,1,,28850,Torrejón De Ardoz,HM-4928
Viviendas De Uso Turistico,Sin Categoria,,Calle,La Coruña,149,,,,Bajo,,28630,Villa Del Prado,VT-13430
Pension,1-pension,Inver Olivar,Avenida,Cristóbal Colón,12,,,,1,IZQ,28850,Torrejón De Ardoz,HM-4943
Viviendas De Uso Turistico,Sin Categoria,,Avenida,De Los Madroños,5B,,,,0,,28793,Miraflores De La Sierra,VT-13388
Hotel,3-hotel,Libere Madrid Palacio Real,Travesia,De Trujillos,3,,,,,,28013,Madrid,HM-4752
Viviendas De Uso Turistico,Sin Categoria,,Avenida,Extremadura,7,,,,,,28729,Venturada,VT-13373
Hotel,2-hotel,Byb Hotel Madrid Centro Plaza Mayor,Calle,De Atocha,2,,,,Bjos,,28012,Madrid,HM-4234
Apartamento Rural,Apartamento Rural,Plaza De La Encina,Plaza,Encina,2,,,,,,28739,Villavieja Del Lozoya,TR-421
Viviendas De Uso Turistico,Sin Categoria,,Paseo,De San Sebastián,57,,,,,A,28490,Becerril De La Sierra,VT-13480
Viviendas De Uso Turistico,Sin Categoria,,Calle,Cabeza De Vaca,4,,,,BAJ,D,28802,Alcalá De Henares,VT-13487
Hostal,3-hostal,Avenida Rca Y Jmc,Avenida,Logroño,333,ENTERO,,,,,28042,Madrid,HM-4681
Hotel-apart.,4-hotel-apart.,Atocha Hotel Madrid Tapestry Collection By Hilton,Calle,De Atocha,107,,,,,,28014,Madrid,HM-4925
Viviendas De Uso Turistico,Sin Categoria,,Calle,Eljas,243,,,,BAJO,,28380,Colmenar De Oreja,VT-13383
Viviendas De Uso Turistico,Sin Categoria,,Calle,Tercia,3,,,,1,F,28801,Alcalá De Henares,VT-13286
Hostal,2-hostal,Atocha,Ronda,De Atocha,3,,,,6,,28012,Madrid,HM-4160
Viviendas De Uso Turistico,Sin Categoria,,Calle,Bolivia,1,,,,,,28189,Torremocha De Jarama,VT-13324
Viviendas De Uso Turistico,Sin Categoria,,Calle,Del Párroco Julio Morate,7,,,,Bajo,19A,28045,Madrid,VT-14002
Viviendas De Uso Turistico,Sin Categoria,,Calle,Del Párroco Julio Morate,7,,,,Bajo,19B,28045,Madrid,VT-14166
Viviendas De Uso Turistico,Sin Categoria,,Calle,Del Párroco Julio Morate,7,,,,Bajo,20C,28045,Madrid,VT-14010
Hotel,4-hotel,Sercotel Gran Hotel Conde Duque,Plaza,"Conde Del Valle De Súchil,",5,,,,,,28015,Madrid,HM-80
Apart-turistico,2-apart-turistico,Los Pocillos,Calle,De La Poza Arriba,16,,,,,,28739,Gargantilla Del Lozoya Y Pinilla De Buitrago,AM-193
Apart-turistico,1-apart-turistico,Los Pocillos,Calle,De La Poza Arriba,12,,,,,,28739,Gargantilla Del Lozoya Y Pinilla De Buitrago,AM-205
Hotel,4-hotel,Ramada Getafe By Wyndham,Avenida,Ada Lovelace,23,,,,,,28906,Getafe,HM-4645
Pension,2-pension,Los Rosales,Avenida,De Logroño,130,ENTERO,,,,,28042,Madrid,HM-4318
Hotel,5-hotel,Barcelo Imagine,Calle,Agustin De Foxa,32,,,,,,28036,Madrid,HM-4961
Hotel,4-hotel,Sercotel Pozuelo,Camino,"De Las Huertas,",2,,,,,,28223,Pozuelo De Alarcón,HM-4291
Hostal,2-hostal,Hostal Sardinero,Calle,Del Prado,16,,,,3,,28014,Madrid,HM-473
Hotel-apart.,2-hotel-apart.,Hotel Uve Marcenado,Calle,De Marcenado,9,,,,,,28004,Madrid,HM-3225
Viviendas De Uso Turistico,Sin Categoria,,Calle,De Coslada,8,,,,BAJO,IZQ,28028,Madrid,VT-13545
Viviendas De Uso Turistico,Sin Categoria,,Calle,De La Luna,32,,,,0,,28120,Algete,VT-13654
Viviendas De Uso Turistico,Sin Categoria,,Calle,De San Vicente Ferrer,76,,,,LOCAL,,28015,Madrid,VT-13479
Viviendas De Uso Turistico,Sin Categoria,,Calle,Fernando Trueba,3,,,,Bajo,,28907,Getafe,VT-13401
Hotel,5-hotel,Hotel Único,Calle,De Claudio Coello,67,,,,,,28001,Madrid,HM-4656
Viviendas De Uso Turistico,Sin Categoria,,Calle,San Félix De Alcalá,12,,,,1,B,28807,Alcalá De Henares,VT-13293
Casa Rural,Casa Rural,Casa Del Tío Maino,Avenida,De Calvo Sotelo,32,,,,,,28490,Becerril De La Sierra,TR-412
Viviendas De Uso Turistico,Sin Categoria,,Calle,De Ruiz,28,,,,BAJO,IZQ,28010,Madrid,VT-13972
Hotel,2-hotel,La Posada Del Dragon,Calle,De La Cava Baja,14,,,,,,28005,Madrid,HM-4953
Viviendas De Uso Turistico,Sin Categoria,,Calle,Cumbres Sur,9,,,,2,B,28696,Pelayos De La Presa,VT-13465
Viviendas De Uso Turistico,Sin Categoria,,Calle,Del Doce De Octubre,34,,,,Bajo,A,28009,Madrid,VT-15034
Viviendas De Uso Turistico,Sin Categoria,,Calle,De Isaac Peral,15,,,,,,28410,Manzanares El Real,VT-13491
Hostal,3-hostal,Hostal Gran Via Pinto,Calle,Egido De La Fuente,22,,,,2-y-3,,28320,Pinto,HM-4721
Casa Huespedes,Casa Huespedes,Cálamo Guesthouse,Calle,Lope De Vega,11,,,,2,,28014,Madrid,HM-915
Viviendas De Uso Turistico,Sin Categoria,,Calle,Pozas,51,,,,,,28191,Horcajuelo De La Sierra,VT-13354
Apart-turistico,2-apart-turistico,Boutike Cibeles,Calle,Alcala,57,,,,,,28014,Madrid,AM-1324
Viviendas De Uso Turistico,Sin Categoria,,Calle,De Sirio,44,,,,0,4,28007,Madrid,VT-13569
Viviendas De Uso Turistico,Sin Categoria,,Calle,Floridablanca,44,,,,Bajo,,28200,San Lorenzo De El Escorial,VT-13793
Viviendas De Uso Turistico,Sin Categoria,,Calle,De Alcañiz,6,LOCAL,,,,7,28042,Madrid,VT-13637
Viviendas De Uso Turistico,Sin Categoria,,Avenida,Del Rosal,3,,,,,,28491,Navacerrada,VT-13495
Viviendas De Uso Turistico,Sin Categoria,,Calle,De Los Lanchares,5,,,,0,,28696,Pelayos De La Presa,VT-13251
Viviendas De Uso Turistico,Sin Categoria,,Calle,De Logroño,6,,,,,,28939,Arroyomolinos,VT-13321
Viviendas De Uso Turistico,Sin Categoria,,Calle,De Santa Ana (lozoyuela),20,,,,,,28752,Lozoyuela-navas-sieteiglesias,VT-13448
Hostal,2-hostal,Abitum,Calle,De Bravo Murillo,127,,,,1,IZQ,28020,Madrid,HM-2403
Hostal,2-hostal,La Posada De Mari,Avenida,De La Cabrera,1,ENTERO,,,,,28751,"Cabrera, La",HM-4939
Casa Rural,Casa Rural,La Encomienda De Oreja,Calle,De José Cortina,12,,,,,,28380,Colmenar De Oreja,TR-399
Apartamento Rural,Apartamento Rural,Chinchonspa,Calle,Nueva,2,,,,,,28370,Chinchón,TR-191
Viviendas De Uso Turistico,Sin Categoria,,Avenida,Del Naranjo,46,,,,0,,28792,Miraflores De La Sierra,VT-13387
Viviendas De Uso Turistico,Sin Categoria,,Calle,Callejuela,8,,,,,,28729,Valdemanco,VT-13429
Hotel,3-hotel,Naitly Madrid Chamberí,Calle,De José Abascal,8,,,,,,28003,Madrid,HM-121
Apart-turistico,1-apart-turistico,Apartments Madrid Plaza Mayor - Cava Baja,Calle,"Cava Baja Nº 5, 1º A, 1º B, 2º A, 3º A Y 3º B",5,,,,,,28005,Madrid,AM-318
Casa Rural,Casa Rural,Casa Rural - Casa Bonita Navacerrada,Calle,Del Canto Gordo,1,,,,,,28491,Navacerrada,TR-382
Viviendas De Uso Turistico,Sin Categoria,,Calle,De Sánchez Preciado,22,,,,1,B,28039,Madrid,VT-13319
Viviendas De Uso Turistico,Sin Categoria,,Plaza,Padre Vallet,4,,,,2,,28223,Pozuelo De Alarcón,VT-13422
Viviendas De Uso Turistico,Sin Categoria,,Calle,De Ave María,24,,,,1,3,28012,Madrid,VT-11205
Viviendas De Uso Turistico,Sin Categoria,,Calle,Del General Lacy,46,,,EXT,3,CENT,28045,Madrid,VT-529
Hotel-apart.,1-hotel-apart.,Ramón De La Cruz,Calle,De Don Ramon De La Cruz,41,,,,,,28001,Madrid,HM-4643
Viviendas De Uso Turistico,Sin Categoria,,Calle,Trvesia Del Carbon,16,,,,,,28191,Prádena Del Rincón,VT-13366
Viviendas De Uso Turistico,Sin Categoria,,Calle,Del Pintor Bardasano,14,,,,bajo,,28470,Cercedilla,VT-13349
Viviendas De Uso Turistico,Sin Categoria,,Calle,Del Cerro Colgado,32,,,,,A,28470,Madrid,VT-13351
Apart-turistico,1-apart-turistico,Apartments,Plaza,Del Conde De Miranda,4,,,,bajo,,28005,Madrid,AM-1380
Hotel,2-hotel,Chic And Basic Dot,Calle,Maestro Vitoria,5,,00,,1,,28013,Madrid,HM-14
Viviendas De Uso Turistico,Sin Categoria,,Glorieta,Del Campanar,1,,,,1,D,28028,Madrid,VT-13551
Viviendas De Uso Turistico,Sin Categoria,,Calle,Del Arroyo,5,,,,,,28189,Patones,VT-13418
Casa Huespedes,Casa Huespedes,Script,Plaza,De Las Cortes,4,,,,7,DCHA,28014,Madrid,HM-90
Viviendas De Uso Turistico,Sin Categoria,,Camino,De Las Canteras,12,,F,,,,28192,"Berrueco, El",VT-13338
Viviendas De Uso Turistico,Sin Categoria,,Avenida,De La Ciudad De Barcelona,111,,,,Bajo,E,28007,Madrid,VT-14044
Apart-turistico,1-apart-turistico,Los Pocillos,Calle,De La Poza Arriba,8,,,,,,28730,Gargantilla Del Lozoya Y Pinilla De Buitrago,AM-178
Viviendas De Uso Turistico,Sin Categoria,,Calle,De Narváez,71,,,,BAJO,4,28009,Madrid,VT-13481
Casa Rural,Casa Rural,Casa Rural Angeles,Calle,De Goya,12,,,,,,28450,Collado Mediano,TR-391
Viviendas De Uso Turistico,Sin Categoria,,Calle,De Luciente,5,,,,BAJO,DCHA,28005,Madrid,VT-13291
Viviendas De Uso Turistico,Sin Categoria,,Calle,Eresma,1,,,,,,28670,Villaviciosa De Odón,VT-13471
Viviendas De Uso Turistico,Sin Categoria,,Calle,De La Navazuela,19,,,,,,28410,Manzanares El Real,VT-13330
Viviendas De Uso Turistico,Sin Categoria,,Calle,De La Estrella,12,,,,bajo,CALLE,28004,Madrid,VT-13362
Viviendas De Uso Turistico,Sin Categoria,,Calle,Atenas,2,,,,0,14,28224,Pozuelo De Alarcón,VT-13462
Viviendas De Uso Turistico,Sin Categoria,,Calle,Goleta,22,,,,0,16,28680,San Martín De Valdeiglesias,VT-13363
Viviendas De Uso Turistico,Sin Categoria,,Calle,Solanilla,15,,,,,,28296,Santa María De La Alameda,VT-13452
Viviendas De Uso Turistico,Sin Categoria,,Calle,De Tribaldos,56,,,,,42,28043,Madrid,VT-14841
Hotel,4-hotel,Ocean Drive Madrid,Plaza,De Isabel Ii,7,,,,,,28013,Madrid,HM-4955
Viviendas De Uso Turistico,Sin Categoria,,Calle,Grande,20,,,,BAJO,,28370,Chinchón,VT-7829
Casa Huespedes,Casa Huespedes,El Sueño De Quijote,Paseo,De Pastrana,33,,,,bajo,,28803,Alcalá De Henares,HM-4937
Hotel,3-hotel,Torre Garden,Avenida,De Los Hermanos García Noblejas,190,,,,,,28037,Madrid,HM-4288
Casa Rural,Casa Rural,Simba,Calle,Del Marqués De Lozoya,8,,,,,,28330,San Martín De La Vega,TR-409
Viviendas De Uso Turistico,Sin Categoria,,Calle,Henares,1,,1,9,0,A,28816,Camarma De Esteruelas,VT-13379
Viviendas De Uso Turistico,Sin Categoria,,Calle,Del Gobernador,25,,,,Bajo,FD,28014,Madrid,VT-14159
Viviendas De Uso Turistico,Sin Categoria,,Calle,Alemania,79,,,,,,28600,Navalcarnero,VT-13522
Viviendas De Uso Turistico,Sin Categoria,,Avenida,De Madrid,45,,,,,,28792,Miraflores De La Sierra,VT-13485
Apart-turistico,1-apart-turistico,Atempo Apartamentos Aranjuez,Calle,De Montesinos,5,,,,,,28300,Aranjuez,AM-1389
Viviendas De Uso Turistico,Sin Categoria,,Calle,Aranjuez,10,,,,,,28411,Moralzarzal,VT-13389
Viviendas De Uso Turistico,Sin Categoria,,Camino,De Los Montes De Valdemanco,S/N,,,,,,28743,Garganta De Los Montes,VT-13397
Viviendas De Uso Turistico,Sin Categoria,,Calle,De Las Eras,23,,,,,,28721,Cabanillas De La Sierra,VT-13347
Viviendas De Uso Turistico,Sin Categoria,,Calle,Resurrección,6,,,,0,D,28807,Alcalá De Henares,VT-13365
Hosterias,Sin Categoria,Oxygen Hostel,Calle,Rafael De Riego,19,,B,,,,28045,Madrid,HH-55
Viviendas De Uso Turistico,Sin Categoria,,Calle,De La Cava Alta,21,,,,BJ,IZ,28005,Madrid,VT-13468
Viviendas De Uso Turistico,Sin Categoria,,Calle,De Barcelona,14,,,,,,28490,Becerril De La Sierra,VT-13507
Viviendas De Uso Turistico,Sin Categoria,,Calle,Cerusita,4,,,,,,28260,Galapagar,VT-13496
Viviendas De Uso Turistico,Sin Categoria,,Calle,Del Pintor Bardasano,14,,,,BAJO,,28470,Cercedilla,VT-13736
Hostal,2-hostal,Hostal Alicante,Calle,Del Arenal,16 D,,,,2,,28013,Madrid,HM-4
Apart-turistico,1-apart-turistico,Complutum Suites,Calle,Juan Ramón Jiménez,4,,,,,B,28805,Alcalá De Henares,AM-1349
Hostal,2-hostal,Cervelo,Calle,De Atocha,43,,,,BJ,,28012,Madrid,HM-3759
Hostal,1-hostal,Hostal Paraiso,Plaza,Del Paraíso,2,ENTERO,,,,,28710,"Molar, El",HM-4911
Hosterias,Sin Categoria,Bed Madrid Hostel,Calle,De San Mateo,2,,,,1,,28004,Madrid,HH-56
Hotel,4-hotel,Holiday Inn Madrid Las Tablas,Calle,De María Tubau,16,,,,,,28050,Madrid,HM-4519
Hosterias,Sin Categoria,Toc Hostel Madrid,Plaza,Del Celenque,3,,,,,,28013,Madrid,HH-57
Pension,1-pension,Hosteleria Hc,Calle,De Boteros,6,,,,1,,28770,Colmenar Viejo,HM-4108
Viviendas De Uso Turistico,Sin Categoria,,Urbanizacion,Miraltajo,19,,,,0,,28380,Colmenar De Oreja,VT-13384
Viviendas De Uso Turistico,Sin Categoria,,Calle,De Monederos,15,,,,,L-35,28026,Madrid,VT-13296
Viviendas De Uso Turistico,Sin Categoria,,Calle,De Monederos,15,,,,,L-30,28026,Madrid,VT-13297
Viviendas De Uso Turistico,Sin Categoria,,Calle,De Monederos,15,,,,,L-20,28026,Madrid,VT-13298
Viviendas De Uso Turistico,Sin Categoria,,Calle,Pradillos,104,,,,0,,28411,Moralzarzal,VT-13390
Viviendas De Uso Turistico,Sin Categoria,,Calle,Del Calvario,30,,,,,,28580,Ambite,VT-13259
Viviendas De Uso Turistico,Sin Categoria,,Calle,Majada Del Negro,24,,,,,,28380,Colmenar De Oreja,VT-13385
Viviendas De Uso Turistico,Sin Categoria,,Calle,Del Beato Nicanor,56,,,,0,,28590,Villarejo De Salvanés,VT-13306
Casa Rural,Casa Rural,Casa Rural Calle Tejera 22,Calle,Tejera,22,,,,0,,28491,Navacerrada,TR-401
Hostal,2-hostal,Hostal Aguilar,Calle,Carrera  De San Jerónimo,32,,,,2,,28014,Madrid,HM-1
Hostal,2-hostal,Hostal Aguilar Ii,Calle,Carrera De San Jerónimo,32,,,,3,DERECH,28014,Madrid,HM-4202
Hotel,4-hotel,Hotel Praga,Calle,De Antonio López,65,,,,,,28019,Madrid,HM-3075
Hotel,4-hotel,Hotel Agumar,Paseo,Reina Maria Cristina,7,,,,,,28014,Madrid,HM-3109
Hotel,3-hotel,Byb Hotel Madrid Pinar De Las Rozas,Carretera,De La Coruña Km.,"22,5",,,,,,28232,"Rozas De Madrid, Las",HM-4528
Viviendas De Uso Turistico,Sin Categoria,,Calle,De La Pasión,7,,,,,,28359,Titulcia,VT-13348
Viviendas De Uso Turistico,Sin Categoria,,Calle,De Torrijos,2,,,,1,C,28039,Madrid,VT-13345
Pension,2-pension,Mad Coliving,Calle,De Almansa,33,,,,BAJA,,28039,Madrid,HM-4959
Viviendas De Uso Turistico,Sin Categoria,,Calle,De Sierra De Meirá,57,,,,BAJO,IZQ,28038,Madrid,VT-13889
Hotel,2-hotel,Urbana+++hotel,Sector,Músicos,37,,,,,,28760,Tres Cantos,HM-4921
Viviendas De Uso Turistico,Sin Categoria,,Calle,Del Diamante,3,,,,,,28680,San Martín De Valdeiglesias,VT-13308
Casa Rural,Casa Rural,Casa Rural Los Tinajones,Calle,Cano,8,,,,,,,Colmenar De Oreja,TR-403
Apart-turistico,2-apart-turistico,Residencial Chamberi,Calle,Francisco De Rojas,3,,LOCAL,,1,IZQ,28010,Madrid,AM-1379
Viviendas De Uso Turistico,Sin Categoria,,Calle,De Calella,2,,,BAJO,,LC1,28038,Madrid,VT-13512
Viviendas De Uso Turistico,Sin Categoria,Apartamento Cervantes,Calle,Cervantes,2,,,,1,B,28801,Alcalá De Henares,VT-13604
Viviendas De Uso Turistico,Sin Categoria,,Avenida,De Los Pirineos,3,,,,,205,28703,San Sebastián De Los Reyes,VT-13350
Hosterias,Sin Categoria,Hostel Myd La Latina,Calle,Mira El Sol,24,,,,BJ,L-10,28005,Madrid,HH-54
Viviendas De Uso Turistico,Sin Categoria,,Finca,San Francisco De Meredo,10,,,,,,28630,Villa Del Prado,VT-13435
Viviendas De Uso Turistico,Sin Categoria,,Finca,San Francisco De Meredo,7,,,,,,28630,Villa Del Prado,VT-13436
Apart-turistico,1-apart-turistico,Casa De Jiuhong,Calle,De Los Tejedores,7,,,,,,28037,Madrid,AM-1386
Apart-turistico,1-apart-turistico,Cuatro Estudios En Lavapies,Calle,De Lavapiés,26,,,,bajo,DCHA,28012,Madrid,AM-1387
Apartamento Rural,Apartamento Rural,El Hayuco De Montejo,Avenida,El Soto,34,,,,,,28190,Montejo De La Sierra,TR-306
Viviendas De Uso Turistico,Sin Categoria,,Carretera,"M 318   Km 1,8",,,,,,,28380,Colmenar De Oreja,VT-13486
Viviendas De Uso Turistico,Sin Categoria,,Calle,De Marcos González,19,,,,,,28380,Colmenar De Oreja,VT-13492
Viviendas De Uso Turistico,Sin Categoria,,Calle,Goleta,22,,,,,24,28680,San Martín De Valdeiglesias,VT-13329
Viviendas De Uso Turistico,Sin Categoria,,Calle,De Calatrava,20,,,,bajo,EXT IZQ,28005,Madrid,VT-13369
Hostal,2-hostal,Abami Ii,Calle,De San Bernardo,35,,,,2,IZQ,28015,Madrid,HM-4644
Hostal,2-hostal,Suites You Gran Vía,Calle,Gran Vía,15,,,,2,D,28013,Madrid,HM-3352
Viviendas De Uso Turistico,Sin Categoria,,Plaza,Centro,3,,,,6,15,28850,Torrejón De Ardoz,VT-13457
Viviendas De Uso Turistico,Sin Categoria,,Calle,De Dulcinea,46,,,,BAJ,II,28020,Madrid,VT-13707
Apartamento Rural,Apartamento Rural,Casitas Pinilla Del Valle,Avenida,Del Rio,31-33,,,,,,28749,Pinilla Del Valle,TR-386
Hostal,2-hostal,Rias Bajas,Calle,De San Bernardo,35,,,,2,IZQ,28015,Madrid,HM-1404
Hotel-apart.,2-hotel-apart.,Modo,Calle,Carolina Coronado,15,,,,1-2,,28982,Parla,HM-4954
Pension,2-pension,Carrera,Carrera,De San Jerónimo,30,,,,3,,28014,Madrid,HM-1895
Hotel,2-hotel,Byb Hotel Madrid Alcorcon,Calle,Industrias,1,,,,,,28923,Alcorcón,HM-4930
Viviendas De Uso Turistico,Sin Categoria,,Calle,San Pelayo,16,,,,BAJO,,28696,Pelayos De La Presa,VT-13267
Viviendas De Uso Turistico,Sin Categoria,,Calle,Viñuelas,14,,,,,,28863,Cobeña,VT-13382
Viviendas De Uso Turistico,Sin Categoria,,Calleja,Alto Del Rubio,1,,,,,,28792,Miraflores De La Sierra,VT-13374
Viviendas De Uso Turistico,Sin Categoria,,Urbanizacion,Valle Del Paular,24,,,,0,,28740,Rascafría,VT-13425
Viviendas De Uso Turistico,Sin Categoria,,Calle,Santiago,8,,,,0,,28792,Miraflores De La Sierra,VT-13372
Viviendas De Uso Turistico,Sin Categoria,,Calle,De Tenerife,4,,,,0,2,28039,Madrid,VT-13989
Viviendas De Uso Turistico,Sin Categoria,,Calle,Del Doctor Juan Bertoncini,4,,,,1,3,28703,San Sebastián De Los Reyes,VT-13466
Viviendas De Uso Turistico,Sin Categoria,,Calle,De Narváez,71,,,,BAJO,5,28009,Madrid,VT-13483
Viviendas De Uso Turistico,Sin Categoria,,Calle,Abrego,1 D,,,,,,28440,Guadarrama,VT-13489
Viviendas De Uso Turistico,Sin Categoria,,Calle,Alameda Segunda,11,,,,0,,28430,Guadarrama,VT-13490
Viviendas De Uso Turistico,Sin Categoria,,Calle,De Roma,3,,,Exteri,Bajo,IZQ,28028,Madrid,VT-14216
Pension,3-pension,Prado 46,Paseo,Del Prado,46,,,,0,,28014,Madrid,HM-4941
Viviendas De Uso Turistico,Sin Categoria,,Calle,Tercia,3,,,,1,C,28801,Alcalá De Henares,VT-13473
Viviendas De Uso Turistico,Sin Categoria,,Calle,De Cantarranas,21,,,,0,,28737,Braojos,VT-13368
Viviendas De Uso Turistico,Sin Categoria,,Calle,De Castilla,39,,,,,,28490,Becerril De La Sierra,VT-13500
Viviendas De Uso Turistico,Sin Categoria,,Calle,Tercia,3,,,,1,B,28801,Alcalá De Henares,VT-13317
Viviendas De Uso Turistico,Sin Categoria,,Calle,De La Encomienda,12,,,,,,28590,Villarejo De Salvanés,VT-13325
Viviendas De Uso Turistico,Sin Categoria,,Calle,De Los Artistas,38,,Local,,Bajo,B,28020,Madrid,VT-13322
Hotel,3-hotel,Hotel Sercotel La Princesa,Carretera,M-506,KM9,,,,,,28922,Alcorcón,HM-4406
Viviendas De Uso Turistico,Sin Categoria,,Diseminado,,,,,,,,28380,Colmenar De Oreja,VT-13392
Viviendas De Uso Turistico,Sin Categoria,,Camino,De El Palero,8,,,,,,28740,Rascafría,VT-13450
Viviendas De Uso Turistico,Sin Categoria,,Calle,Potosí,13,,,,,,28680,San Martín De Valdeiglesias,VT-13323
Viviendas De Uso Turistico,Sin Categoria,"Santa Ana, 6 2º Esc. Int. B",Calle,De Santa Ana,6,,,INT,2,B,28005,Madrid,VT-12336
Viviendas De Uso Turistico,Sin Categoria,"Santa Ana, 6  3º Esc. Int. D",Calle,De Santa Ana,6,,,INT,3,D,28005,Madrid,VT-12339
Viviendas De Uso Turistico,Sin Categoria,"Santa Ana, 6 4º Esc. Int. C",Calle,De Santa Ana,6,,,INT,4,C,28005,Madrid,VT-12340
Viviendas De Uso Turistico,Sin Categoria,"Toledo, 77 3º Esc. Int. A",Calle,De Toledo,77,,,INT,3,A,28005,Madrid,VT-12347
Viviendas De Uso Turistico,Sin Categoria,"Toledo, 77 3º Esc. Ext. D",Calle,De Toledo,77,,,EXT,3,D,28005,Madrid,VT-12348
Viviendas De Uso Turistico,Sin Categoria,"Toledo, 77 4º Esc. Ext. E",Calle,De Toledo,77,,,EXT,4,E,28005,Madrid,VT-12350
Viviendas De Uso Turistico,Sin Categoria,"Toledo, 77 4º Esc. Ext. F",Calle,De Toledo,77,,,EXT,4,F,28005,Madrid,VT-12351
Viviendas De Uso Turistico,Sin Categoria,"Duque De Rivas, 2, Esc. Int., 2º Izq 1",Calle,Del Duque De Rivas,2,,,,ESC.IN,IZQ.1,28012,Madrid,VT-12356
Viviendas De Uso Turistico,Sin Categoria,"Carrera De San Jeronimo, Nº 5, 5º B",Carrera,De San Jerónimo,5,,,,5,B,28014,Madrid,VT-12357
Viviendas De Uso Turistico,Sin Categoria,"Ventura De La Vega, Nº 10, 1º E",Calle,De Ventura De La Vega,10,,,,1,E,28014,Madrid,VT-12359
Viviendas De Uso Turistico,Sin Categoria,"Ruiz, Nº 22, 1º Iz",Calle,De Ruiz,22,,,,1,IZQ,,Madrid,VT-12362
Viviendas De Uso Turistico,Sin Categoria,"General Oraa, Nº 42, Esc. 1, 1º Iz",Calle,Del General Oraá,42,,,,ESC.1,IZ,28006,Madrid,VT-12363
Viviendas De Uso Turistico,Sin Categoria,"Joaquin Costa, Nº 59, 1º",Calle,De Joaquín Costa,59,,,,1,,28002,Madrid,VT-12366
Viviendas De Uso Turistico,Sin Categoria,"Joaquin Costa, Nº 59, 2º",Calle,De Joaquín Costa,59,,,,2,,28002,Madrid,VT-12367
Viviendas De Uso Turistico,Sin Categoria,"Joaquin Costa, Nº 59, 3º",Calle,De Joaquín Costa,59,,,,3,,28002,Madrid,VT-12368
Viviendas De Uso Turistico,Sin Categoria,"Joaquin Costa, Nº 59, 4º",Calle,De Joaquín Costa,59,,,,4,,28002,Madrid,VT-12369
Viviendas De Uso Turistico,Sin Categoria,"Joaquin Costa, Nº 59, 5º",Calle,De Joaquín Costa,59,,,,5,,28002,Madrid,VT-12370
Viviendas De Uso Turistico,Sin Categoria,"Joaquin Costa, Nº 59, 6º",Calle,De Joaquín Costa,59,,,,6,,28002,Madrid,VT-12371
Viviendas De Uso Turistico,Sin Categoria,"San Vicente Ferrer, 32 1º Dcha.",Calle,De San Vicente Ferrer,32,,,,1,DCHA,,Madrid,VT-12372
Viviendas De Uso Turistico,Sin Categoria,"San Vicente Ferrer, 32 1º Izda.",Calle,De San Vicente Ferrer,32,,,,1,IZQ,,Madrid,VT-12373
Viviendas De Uso Turistico,Sin Categoria,Calatrava 14 Esc Int 1º Dcha,Calle,De Calatrava,14,,,INT.,1,DCHA,28005,Madrid,VT-12966
Viviendas De Uso Turistico,Sin Categoria,Sanchez Barcaiztegui 11 3º D,Calle,De Sánchez Barcaiztegui,11,,,,3,D,28007,Madrid,VT-12967
Viviendas De Uso Turistico,Sin Categoria,Carmen 6,Calle,Del Carmen,6,,,,,,28470,Cercedilla,VT-12970
Viviendas De Uso Turistico,Sin Categoria,Rios Rosas 28 2º F,Calle,De Ríos Rosas,28,,,,2,F,28003,Madrid,VT-12971
Viviendas De Uso Turistico,Sin Categoria,Extremadura 8 Esc Int 3º A,Paseo,De Extremadura,8,,,INT,3,A,,Madrid,VT-12973
Viviendas De Uso Turistico,Sin Categoria,Doctor Cortezo 12 Esc Int 1º 3,Calle,Del Doctor Cortezo,12,,,,1,INT 3,28012,Madrid,VT-12974
Viviendas De Uso Turistico,Sin Categoria,San Bernardo 81 3º A,Calle,De San Bernardo,81,,,,3,A,28015,Madrid,VT-12975
Viviendas De Uso Turistico,Sin Categoria,Badalona 37 4º Dcha,Calle,De Badalona,37,,,,4,DCHA,28034,Madrid,VT-12976
Viviendas De Uso Turistico,Sin Categoria,Toledo 8 1º,Calle,De Toledo,8,,,,1,,28005,Madrid,VT-12978
Viviendas De Uso Turistico,Sin Categoria,Montesa 16 5º A,Calle,De Montesa,16,,,,5,A,28006,Madrid,VT-12982
Viviendas De Uso Turistico,Sin Categoria,Mirador 5 Bajo,Calle,Mirador,5,,,,BAJO,,28521,Rivas-vaciamadrid,VT-12983
Viviendas De Uso Turistico,Sin Categoria,Ribera De Curtidores 47 3º B,Calle,De La Ribera De Curtidores,47,,,,3,B,28005,Madrid,VT-12985
Viviendas De Uso Turistico,Sin Categoria,"Toledo, Nº 104, 5º D",Calle,De Toledo,104,,,,5,D,28005,Madrid,VT-12986
Viviendas De Uso Turistico,Sin Categoria,"Tesoro, Nº 30, 2º Izq",Calle,Del Tesoro,30,,,,2,IZQ,28004,Madrid,VT-12988
Viviendas De Uso Turistico,Sin Categoria,"Pelayo, Nº 54, Bajo Izq.",Calle,De Pelayo,54,,,,BAJO,IZQ,28004,Madrid,VT-12989
Viviendas De Uso Turistico,Sin Categoria,"Avendaño, Nº 13",Calle,De Avendaño,13,,,,,,28007,Madrid,VT-12990
Viviendas De Uso Turistico,Sin Categoria,Vargas 12 2º 1,Calle,De Vargas,12,,,,2,1,28003,Madrid,VT-12991
Viviendas De Uso Turistico,Sin Categoria,Maquinilla 13 Portal B 1º 1,Calle,De La Maquinilla,13,,B,,1,1,28031,Madrid,VT-12992
Viviendas De Uso Turistico,Sin Categoria,Cruz 22 1º,Calle,De La Cruz,22,,,,1,,28012,Madrid,VT-12995
Viviendas De Uso Turistico,Sin Categoria,Cruz 22 2º,Calle,De La Cruz,22,,,,2,,28012,Madrid,VT-12996
Viviendas De Uso Turistico,Sin Categoria,Cruz 22 3º,Calle,De La Cruz,22,,,,3,ATICO,28012,Madrid,VT-12997
Viviendas De Uso Turistico,Sin Categoria,"Marcelino Roa Vazquez, Nº 15, Bajo 2",Calle,De Marcelino Roa Vázquez,15,,,,BAJO,2,28017,Madrid,VT-12998
Viviendas De Uso Turistico,Sin Categoria,Alcala 35 4º Dcha,Calle,De Alcalá,35,,,,4,DCHA,,Madrid,VT-12999
Viviendas De Uso Turistico,Sin Categoria,Nuncio 19 Esc Iz 3º B,Calle,Del Nuncio,19,,,IZ,3,B,28005,Madrid,VT-13000
Viviendas De Uso Turistico,Sin Categoria,Samaniego 29 Bj E,Calle,De Samaniego,29,,,,BJ,E,28022,Madrid,VT-13001
Viviendas De Uso Turistico,Sin Categoria,Principe De Vergara 25 1º Dcha,Calle,Del Príncipe De Vergara,25,,,,1,DCHA,,Madrid,VT-13002
Viviendas De Uso Turistico,Sin Categoria,Postigo De San Martin 5 5º D,Calle,Del Postigo De San Martín,5,,,,5,D,28013,Madrid,VT-13003
Viviendas De Uso Turistico,Sin Categoria,Jorge Juan 55 Esc Ext 1º Dcha,Calle,De Jorge Juan,55,,,EXT,1,IZQ,,Madrid,VT-13004
Viviendas De Uso Turistico,Sin Categoria,Canillejas A Vicalvaro 77 5º,Avenida,De Canillejas A Vicálvaro,77,,,,5,,,Madrid,VT-13005
Viviendas De Uso Turistico,Sin Categoria,"Antonio Acuña, Nº 23, 4º B",Calle,De Antonio Acuña,23,,,,4,B,28009,Madrid,VT-13006
Viviendas De Uso Turistico,Sin Categoria,,Calle,Tercia,3,,,,0,C,28801,Alcalá De Henares,VT-13283
Viviendas De Uso Turistico,Sin Categoria,,Plaza,De La Villa,25,,,,2,A,28740,Rascafría,VT-13285
Viviendas De Uso Turistico,Sin Categoria,,Calle,De La Sierra De Gredos,3,,,,,,28560,Carabaña,VT-13378
Viviendas De Uso Turistico,Sin Categoria,,Carretera,M-502,11,,,,1,,28223,Pozuelo De Alarcón,VT-13421
Viviendas De Uso Turistico,Sin Categoria,,Carretera,De Miraflores,35,,,,BAJO,,28720,Bustarviejo,VT-13301
Viviendas De Uso Turistico,Sin Categoria,,Calle,Del Torrontero,12,,,,,,28193,Cervera De Buitrago,VT-13694
Viviendas De Uso Turistico,Sin Categoria,,Calle,Cerusita,2,,,,,,28260,Galapagar,VT-13543
Viviendas De Uso Turistico,Sin Categoria,,Calle,Nicaragua,28,,,,BJ,,28907,Getafe,VT-13402
Viviendas De Uso Turistico,Sin Categoria,,Calle,Hortensia,5,,,,BAJO,A,28903,Getafe,VT-13400
Viviendas De Uso Turistico,Sin Categoria,,Calle,Nardo,4,,,,3,C-D,28903,Getafe,VT-13399
Viviendas De Uso Turistico,Sin Categoria,,Calle,Fuenlabrada,22,,,,1,A,28901,Getafe,VT-13405
Viviendas De Uso Turistico,Sin Categoria,,Calle,Santander,20,,,,1,,28440,Guadarrama,VT-13412
Viviendas De Uso Turistico,Sin Categoria,,Calle,Almagro,8,,,,,,28440,Guadarrama,VT-13411
Viviendas De Uso Turistico,Sin Categoria,,Calle,Pico Del Yelmo,4,,,,,,28440,Guadarrama,VT-13408
Viviendas De Uso Turistico,Sin Categoria,,Calle,De Juana La Tambora,22,,,,B,,28695,Navas Del Rey,VT-13414
Pension,1-pension,Fp Hotels,Calle,Mayor,25,,,,BAJA,,28801,Alcalá De Henares,HM-4944
Viviendas De Uso Turistico,Sin Categoria,"San Vicente Ferrer, 32 2º Dcha.",Calle,De San Vicente Ferrer,32,,,,2,DCHA,,Madrid,VT-12374
Viviendas De Uso Turistico,Sin Categoria,"San Vicente Ferrer, 32 2º Izda.",Calle,De San Vicente Ferrer,32,,,,2,IZQ,,Madrid,VT-12375
Viviendas De Uso Turistico,Sin Categoria,"San Vicente Ferrer, 32 3º Dcha.",Calle,De San Vicente Ferrer,32,,,,3,DCHA,,Madrid,VT-12376
Viviendas De Uso Turistico,Sin Categoria,"San Vicente Ferrer, 32 3º Izda.",Calle,De San Vicente Ferrer,32,,,,3,IZQ,,Madrid,VT-12377
Viviendas De Uso Turistico,Sin Categoria,"San Vicente Ferrer, 32 4º Derecha",Calle,De San Vicente Ferrer,32,,,,4,DCHA,,Madrid,VT-12378
Viviendas De Uso Turistico,Sin Categoria,"San Vicente Ferrer, 32 4º Izda.",Calle,De San Vicente Ferrer,32,,,,4,IZQ,,Madrid,VT-12379
Viviendas De Uso Turistico,Sin Categoria,"San Vicente Ferrer, 32 Cc A Es",Calle,De San Vicente Ferrer,32,,,,CC,A,,Madrid,VT-12380
Viviendas De Uso Turistico,Sin Categoria,"San Vicente Ferrer, 32 Om C Un",Calle,De San Vicente Ferrer,32,,,,OM,UN,,Madrid,VT-12381
Viviendas De Uso Turistico,Sin Categoria,"Joaquin Costa, 59 -1 Pta. 0",Calle,De Joaquín Costa,59,,,,-1,0,28002,Madrid,VT-12382
Viviendas De Uso Turistico,Sin Categoria,"Joaquin Costa, 59 Bajo Pta. 0",Calle,De Joaquín Costa,59,,,,BAJO,0,28002,Madrid,VT-12383
Viviendas De Uso Turistico,Sin Categoria,"Joaquin Costa, 59",Calle,De Joaquín Costa,59,,,,1,0,28002,Madrid,VT-12384
Viviendas De Uso Turistico,Sin Categoria,"Joaquin Costa, 59 2º Pta. 0",Calle,De Joaquín Costa,59,,,,2,0,28002,Madrid,VT-12385
Viviendas De Uso Turistico,Sin Categoria,"Huertas, 12-2º E",Calle,De Las Huertas,12,,,,2,E,,Madrid,VT-12387
Viviendas De Uso Turistico,Sin Categoria,"Mayor, 43-2º",Calle,Mayor,43,,,,2,,28013,Madrid,VT-12390
Viviendas De Uso Turistico,Sin Categoria,"Quintana, 24-5º Pta. Dcha.",Calle,De Quintana,24,,,,5,D,28008,Madrid,VT-12391
Viviendas De Uso Turistico,Sin Categoria,"San Juan De Mata, 27-4º Pta. Dcha.",Calle,De San Juan De Mata,27,,,,4,DCHA,28011,Madrid,VT-12392
Viviendas De Uso Turistico,Sin Categoria,"Espiritu Santo, 35-5º Pta. Dcha.",Calle,Del Espíritu Santo,35,,,,5,DCHA,28004,Madrid,VT-12397
Viviendas De Uso Turistico,Sin Categoria,"Jacometrezo, 13-1º Pta. Izq.",Calle,De Jacometrezo,13,,,,1,IZQ,28013,Madrid,VT-12398
Viviendas De Uso Turistico,Sin Categoria,"Jacometrezo, 13-1º Pta. Dcha.",Calle,De Jacometrezo,13,,,,1,DCHA,28013,Madrid,VT-12399
Viviendas De Uso Turistico,Sin Categoria,"Mesón De Paredes, 54-1º Esc. Ext. Pta. Dcha.",Calle,Del Mesón De Paredes,54,,,EXT,1,DCHA,28012,Madrid,VT-12400
Viviendas De Uso Turistico,Sin Categoria,"Luna, 28-4º Pta. 2",Calle,De La Luna,28,,,,4,PTA. 2,28004,Madrid,VT-12401
Viviendas De Uso Turistico,Sin Categoria,"Luna, 28-4º Pta. 6",Calle,De La Luna,28,,,,4,PTA. 6,28004,Madrid,VT-12402
Viviendas De Uso Turistico,Sin Categoria,"Jesus Del Valle, 15 Bajo Pta. Izq.",Calle,De Jesús Del Valle,15,,,,BAJO,PTA. I,28004,Madrid,VT-12403
Viviendas De Uso Turistico,Sin Categoria,"Provisiones, 26 Ptal. Izq. 4º C",Calle,De Provisiones,26,,,,4,C,28012,Madrid,VT-12404
Viviendas De Uso Turistico,Sin Categoria,"Doctor Fourquet, 31-3º C",Calle,Del Doctor Fourquet,31,,,,3,C,28012,Madrid,VT-12405
Viviendas De Uso Turistico,Sin Categoria,"Antonio Zamora, 16 Bajo B1",Calle,De Antonio Zamora,16,,,,BAJO,B1,28011,Madrid,VT-12406
Viviendas De Uso Turistico,Sin Categoria,"Antonio Zamora, 16 Bajo Pta. B2",Calle,De Antonio Zamora,16,,,,BAJO,B2,28011,Madrid,VT-12407
Viviendas De Uso Turistico,Sin Categoria,"Antonio Zamora,16 Bajo C1",Calle,De Antonio Zamora,16,,,,BAJO,C1,28011,Madrid,VT-12408
Viviendas De Uso Turistico,Sin Categoria,"Antonio Zamora, 16 Bajo C2",Calle,De Antonio Zamora,16,,,,BAJO,C2,28011,Madrid,VT-12409
Viviendas De Uso Turistico,Sin Categoria,"Antonio Zamora, 16 Bajo Esc. Ext. Pta. Ctro",Calle,De Antonio Zamora,16,,,,ESC.EX,PTA. C,28011,Madrid,VT-12410
Viviendas De Uso Turistico,Sin Categoria,"Antonio Zamora, 16 Bajo Esc. Ext. Pta. Ctro. Dcha.",Calle,De Antonio Zamora,16,,,,ESC.EX,PTA.CT,28011,Madrid,VT-12411
Viviendas De Uso Turistico,Sin Categoria,"Antonio Zamora, 16 Ptal. Ext.1º Ctro.",Calle,De Antonio Zamora,16,,,,1,PTA CT,28011,Madrid,VT-12412
Viviendas De Uso Turistico,Sin Categoria,Elvira 10 5º B,Calle,De Elvira,10,,,,5,B,28028,Madrid,VT-13011
Viviendas De Uso Turistico,Sin Categoria,Tres 203,Calle,Tres (alarilla),203,,,,,,28597,Fuentidueña De Tajo,VT-13014
Viviendas De Uso Turistico,Sin Categoria,Pelayo 9 3º A,Calle,De Pelayo,9,,,,3,A,28004,Madrid,VT-13016
Viviendas De Uso Turistico,Sin Categoria,Embajadores 4 4º Izda B,Calle,De Los Embajadores,4,,,,4,IZDA B,,Madrid,VT-13017
Viviendas De Uso Turistico,Sin Categoria,Calatrava 38 7º D,Calle,De Calatrava,38,,,,7,D,28005,Madrid,VT-13018
Viviendas De Uso Turistico,Sin Categoria,Antonio Zamora 83 Bajo C,Calle,De Antonio Zamora,83,,,,BAJO,C,28011,Madrid,VT-13019
Viviendas De Uso Turistico,Sin Categoria,Joaquin Dicenta 20 Portal B 5º D,Calle,De Joaquín Dicenta,20,,B,,5,D,28029,Madrid,VT-13020
Viviendas De Uso Turistico,Sin Categoria,Ulises 109 3º G,Calle,De Ulises,109,,,,3,G,28043,Madrid,VT-13023
Viviendas De Uso Turistico,Sin Categoria,Versalles 38,Rotonda,Versalles,38,,,,BAJO,,28514,Villar Del Olmo,VT-13024
Viviendas De Uso Turistico,Sin Categoria,"Gran Via De Hortaleza, Nº 82, Portal C, 1º A",Avenida,De La Gran Vía De Hortaleza,82,,,,1,A,,Madrid,VT-13025
Viviendas De Uso Turistico,Sin Categoria,"Bailen, Nº 15, Esc. Int., 4º Ctro. Dcha.",Calle,De Bailén,15,,,INT.,4,CTR DR,,Madrid,VT-13026
Viviendas De Uso Turistico,Sin Categoria,"Puerto De Maderi, Nº 25, 2º B",Calle,Del Puerto De Maderi,25,,,,2,B,28053,Madrid,VT-13027
Viviendas De Uso Turistico,Sin Categoria,"Castellana, 270, 3º D",Paseo,De La Castellana,270,,,,3,D,28046,Madrid,VT-13028
Viviendas De Uso Turistico,Sin Categoria,Canarias 31 Bj 1d,Calle,De Las Canarias,31,,,,BJ,1D,28045,Madrid,VT-13030
Viviendas De Uso Turistico,Sin Categoria,Canarias 31 Bj 2e,Calle,De Las Canarias,31,,,,BJ,2E,28045,Madrid,VT-13031
Viviendas De Uso Turistico,Sin Categoria,"Povedilla, Nº 15, Sotano 4",Calle,De Povedilla,15,,,,SOTANO,4,28009,Madrid,VT-13032
Viviendas De Uso Turistico,Sin Categoria,"Meson De Paredes, Nº 57, Esc. Int., 1º 1",Calle,Del Mesón De Paredes,57,,,INT,1,1,28012,Madrid,VT-13033
Viviendas De Uso Turistico,Sin Categoria,"Puerto De Canencia, Nº 37",Calle,Puerto De Canencia,37,,,,BAJO,,28729,Venturada,VT-13034
Viviendas De Uso Turistico,Sin Categoria,Caceres 5 Bajo 1,Calle,De Cáceres,5,,,,BAJO,1,28045,Madrid,VT-13039
Viviendas De Uso Turistico,Sin Categoria,San Diego 140 2º B,Avenida,De San Diego,140,,,,2,B,,Madrid,VT-13040
Viviendas De Uso Turistico,Sin Categoria,San Illan 37 Portal Dcha Bajo A,Paseo,De San Illán,37,,Dcha,A,Bajo,,28019,Madrid,VT-13041
Viviendas De Uso Turistico,Sin Categoria,Argumosa 21 3º 2,Calle,De Argumosa,21,,,,3,2,28012,Madrid,VT-13042
Viviendas De Uso Turistico,Sin Categoria,Gran Via 68 4º C,Calle,Gran Vía,68,,,,4,C,28013,Madrid,VT-13043
Viviendas De Uso Turistico,Sin Categoria,Amparo 103 1º D,Calle,Del Amparo,103,,,,1,D,28012,Madrid,VT-13044
Viviendas De Uso Turistico,Sin Categoria,Goleta 1 Puerta 23,Calle,Goleta,1,,,,,23,28680,San Martín De Valdeiglesias,VT-13045
Viviendas De Uso Turistico,Sin Categoria,Chinchilla 1 1º 4,Calle,De La Chinchilla,1,,,,1,4,28013,Madrid,VT-13046
Viviendas De Uso Turistico,Sin Categoria,Marcenado 17 Local 1,Calle,De Marcenado,17,,,,LOCAL,1,28002,Madrid,VT-13047
Hotel,3-hotel,Posada De Alameda,Calle,Grande,32,,,,,,28749,Alameda Del Valle,HM-4095
Viviendas De Uso Turistico,Sin Categoria,,Calle,Comunidad De Madrid,33,,,,,,28191,Horcajuelo De La Sierra,VT-13327
Viviendas De Uso Turistico,Sin Categoria,,Calle,Del Amparo,40,,,INT,2,DCHA,28012,Madrid,VT-9611
Casa Huespedes,Casa Huespedes,Woohoo Rooms Hortaleza,Calle,De Hortaleza,21,,,,2,,,Madrid,HM-1353
Viviendas De Uso Turistico,Sin Categoria,"Antonio Zamora, 16-2º A1",Calle,De Antonio Zamora,16,,,,2,PTA. A,28011,Madrid,VT-12413
Viviendas De Uso Turistico,Sin Categoria,"Antonio Zamora, 16-2º Pta. A2",Calle,De Antonio Zamora,16,,,,2,PTA. A,28011,Madrid,VT-12414
Viviendas De Uso Turistico,Sin Categoria,"Antonio Zamora, 16-3º Pta. B2",Calle,De Antonio Zamora,16,,,,3,PTA. B,28011,Madrid,VT-12415
Viviendas De Uso Turistico,Sin Categoria,"Antonio Zamora, 16 Ptal. Ext. 3º Pta. Ctro.",Calle,De Antonio Zamora,16,,,,3,PTA. C,28011,Madrid,VT-12416
Viviendas De Uso Turistico,Sin Categoria,"Antonio Zamora, 16 Ptal. Ext. 3º Pta. Ctro. Dcha.",Calle,De Antonio Zamora,16,,,,3,CT-DCH,28011,Madrid,VT-12417
Viviendas De Uso Turistico,Sin Categoria,"Gonzalez Sola, Nº 2, 1º A",Calle,De González Sola,2,,,,1,A,28029,Madrid,VT-12418
Viviendas De Uso Turistico,Sin Categoria,"Amaniel, 27, Bajo B, Esc. 5",Calle,De Amaniel,27,,,,ESC.5,B,28015,Madrid,VT-12420
Viviendas De Uso Turistico,Sin Categoria,"Alhelies, Nº 9, Bajo",Avenida,De Los Alhelíes,9,,,,BAJO,,28016,Madrid,VT-12421
Viviendas De Uso Turistico,Sin Categoria,"Fuencarral, Nº 29, Esc. 1, 3º A",Calle,De Fuencarral,29,,,,"ESC.1,",A,,Madrid,VT-12422
Viviendas De Uso Turistico,Sin Categoria,"Columela, Nº 2, 5º Iz",Calle,De Columela,2,,,,5,IZ,28001,Madrid,VT-12423
Viviendas De Uso Turistico,Sin Categoria,"Ponzano, 69-72-4º Pta. 10",Calle,De Ponzano,69-72,,,,4,PTA. 1,,Madrid,VT-12425
Viviendas De Uso Turistico,Sin Categoria,"Conde De Miranda, 1-2º Pta. 3",Calle,Del Conde De Miranda,1,,,,2,3,28005,Madrid,VT-12426
Viviendas De Uso Turistico,Sin Categoria,"Mesón De Paredes, 40-3º A",Calle,Del Mesón De Paredes,40,,,,3,,28012,Madrid,VT-12427
Viviendas De Uso Turistico,Sin Categoria,"Maria Teresa Saenz De Heredia, 7-4º D",Calle,De María Teresa Sáenz De Heredia,7,,,,4,D,28017,Madrid,VT-12428
Viviendas De Uso Turistico,Sin Categoria,"Jorge Juan, 66-2º B",Calle,De Jorge Juan,66,,,,2,B,,Madrid,VT-12429
Viviendas De Uso Turistico,Sin Categoria,"Quesada, 7-4º A",Calle,De Quesada,7,,,,4,A,28010,Madrid,VT-12430
Viviendas De Uso Turistico,Sin Categoria,"Mayor, 40-6º",Calle,Mayor,40,,,,6,,28013,Madrid,VT-12431
Viviendas De Uso Turistico,Sin Categoria,"Caballero De Gracia, 10-1º Pta. 9",Calle,Del Caballero De Gracia,10,,,,1,9,28013,Madrid,VT-12434
Viviendas De Uso Turistico,Sin Categoria,"Alcala De Henares 21,",Avenida,De Alcalá De Henares,21,,,,,,28500,Arganda Del Rey,VT-12435
Viviendas De Uso Turistico,Sin Categoria,"Venus, Parcela 44-45, Nº 16, 1º 1",Calle,Venus,16,,,,1,1,28210,Valdemorillo,VT-12437
Viviendas De Uso Turistico,Sin Categoria,"Ibiza, Nº 27, 3º B",Calle,De Ibiza,27,,,,3,B,28009,Madrid,VT-12439
Viviendas De Uso Turistico,Sin Categoria,"Recoletos, Nº 20, Esc. 1 4º C",Calle,De Recoletos,20,,,,ESC.1,C,28001,Madrid,VT-12440
Viviendas De Uso Turistico,Sin Categoria,"Tesoro, Nº 15, 2º",Calle,Del Tesoro,15,,,,2,,28004,Madrid,VT-12443
Viviendas De Uso Turistico,Sin Categoria,"Costa Del Sol, Nº 19, 6º 1",Calle,De La Costa Del Sol,19,,,,6,1,28033,Madrid,VT-12444
Viviendas De Uso Turistico,Sin Categoria,"Castellana, Nº 181, 10º A",Paseo,De La Castellana,181,,,,10,A,28046,Madrid,VT-12446
Viviendas De Uso Turistico,Sin Categoria,"Bejar, Nº 23, 3º Dcha. A",Calle,De Béjar,23,,,,3,DCHA A,28028,Madrid,VT-12447
Viviendas De Uso Turistico,Sin Categoria,"Bejar, Nº 23. 3º Iz. B",Calle,De Béjar,23,,,,3,IZQ B,28028,Madrid,VT-12448
Viviendas De Uso Turistico,Sin Categoria,"Tirso De Molina, Nº 18, 1º A",Plaza,De Tirso De Molina,18,,,,1,A,28012,Madrid,VT-12449
Viviendas De Uso Turistico,Sin Categoria,"Sor Angela De La Cruz, Nº 9, Esc. 1, 10º B",Calle,De Sor Ángela De La Cruz,9,,,1,10,B,28020,Madrid,VT-12450
Viviendas De Uso Turistico,Sin Categoria,Nuñez De Balboa 13 1º Izda,Calle,De Núñez De Balboa,13,,,,1,IZQ,,Madrid,VT-13050
Viviendas De Uso Turistico,Sin Categoria,Monteleon 33 1º 2,Calle,De Monteleón,33,,,,1,2,,Madrid,VT-13052
Viviendas De Uso Turistico,Sin Categoria,Hernan Cortes 6 Sotano Izda,Calle,De Hernán Cortés,6,,,,SOTANO,IZQ,28004,Madrid,VT-13053
Viviendas De Uso Turistico,Sin Categoria,Sanchez Barcaiztegui 33 Esc I 1º B,Calle,De Sánchez Barcaiztegui,33,,,I,1,B,28007,Madrid,VT-13054
Viviendas De Uso Turistico,Sin Categoria,Lomas De Horcajo 5 Esc Ext 1º D,Calle,De Las Lomas De Horcajo,5,,,EXT,1,D,28053,Madrid,VT-13055
Viviendas De Uso Turistico,Sin Categoria,Hernan Cortes 7 1º Izda,Calle,De Hernán Cortés,7,,,,1,IZ,28004,Madrid,VT-13056
Viviendas De Uso Turistico,Sin Categoria,Travesia Del Almendro 3 Bajo,Travesia,Del Almendro,3,,,,BAJO,IZQ,28005,Madrid,VT-13058
Viviendas De Uso Turistico,Sin Categoria,Moreno Nieto 21 4º D,Calle,De Moreno Nieto,21,,,,4,D,28005,Madrid,VT-13060
Viviendas De Uso Turistico,Sin Categoria,Urgel 17 3º,Calle,De Urgel,17,,,,3,,28019,Madrid,VT-13062
Viviendas De Uso Turistico,Sin Categoria,Toledo 23 4º A,Calle,De Toledo,23,,,,4,A,28005,Madrid,VT-13063
Viviendas De Uso Turistico,Sin Categoria,Palermo 58 1º Izda,Calle,De Palermo,58,,,3,1,IZQ,28043,Madrid,VT-13067
Viviendas De Uso Turistico,Sin Categoria,San Bernardo 84 Bajo E,Calle,De San Bernardo,84,,,,BAJO,I,28015,Madrid,VT-13069
Viviendas De Uso Turistico,Sin Categoria,Canarias 57 2º 4,Calle,De Las Canarias,57,,,,2,4,28045,Madrid,VT-13072
Viviendas De Uso Turistico,Sin Categoria,Bailen 45 Bajo Dcha,Calle,De Bailén,45,,,,BAJO,DCHA,,Madrid,VT-13073
Viviendas De Uso Turistico,Sin Categoria,Fuencarral 22 Esc Ext 2º B,Calle,De Fuencarral,22,,,EXT,2,B,,Madrid,VT-13074
Viviendas De Uso Turistico,Sin Categoria,Gran Via 68 4º D,Calle,Gran Vía,68,,,,4,D,28013,Madrid,VT-13077
Viviendas De Uso Turistico,Sin Categoria,Tres Cruces 12 4º H,Calle,De Las Tres Cruces,12,,,,4,H,28013,Madrid,VT-13078
Viviendas De Uso Turistico,Sin Categoria,Pizarro 4 Bajo C,Calle,De Pizarro,4,,,,BAJO,C,28004,Madrid,VT-13080
Viviendas De Uso Turistico,Sin Categoria,Juan Alvarez De Mindizabal 6 Esc Iz 1º Ext,Calle,De Juan Álvarez Mendizábal,6,,,,ESC-IZ,EXT,28008,Madrid,VT-13081
Viviendas De Uso Turistico,Sin Categoria,"Viriato, Nº 2, 5º 3",Calle,De Viriato,2,,,,5,3,28010,Madrid,VT-13082
Viviendas De Uso Turistico,Sin Categoria,"Juanelo, Nº 8, Bajo Dcha.",Calle,De Juanelo,8,,,,BAJO,DCHA,28012,Madrid,VT-13083
Viviendas De Uso Turistico,Sin Categoria,"Peñuelas, Nº 3, Bajo A",Calle,De Peñuelas,3,,,,BAJO,A,28005,Madrid,VT-13084
Viviendas De Uso Turistico,Sin Categoria,"Maestro Alonso, Nº 5, Bajo 2",Calle,Del Maestro Alonso,5,,,,BAJO,2,28028,Madrid,VT-13085
Viviendas De Uso Turistico,Sin Categoria,"Pablo Montesinos, Nº 2, 3º G",Calle,De Pablo Montesinos,2,,,,3,G,28019,Madrid,VT-13087
Viviendas De Uso Turistico,Sin Categoria,"Santa Brigida, Nº 2, 1º B",Calle,De Santa Brígida,2,,,,1,B,28004,Madrid,VT-13088
Viviendas De Uso Turistico,Sin Categoria,"Santa Brigida, Nº 2, 2º B",Calle,De Santa Brígida,2,,,,2,B,28004,Madrid,VT-13089
Viviendas De Uso Turistico,Sin Categoria,,Plaza,Atalaya,1,,,,,,28792,Miraflores De La Sierra,VT-13404
Casa Rural,Casa Rural,Casa El Guadarnes,Camino,El Remosquil,65,,,,,,28729,Navalafuente,TR-99
Viviendas De Uso Turistico,Sin Categoria,"Nuncio, Nº 9, Bajo Izq.",Calle,Del Nuncio,9,,,,BAJO,IZQ,28005,Madrid,VT-12452
Viviendas De Uso Turistico,Sin Categoria,"Pirra, 18 M, 3º Iz",Calle,De Pirra,18,,M,,3,IZ,28022,Madrid,VT-12454
Viviendas De Uso Turistico,Sin Categoria,"Toledo, Nº 69, 4º C",Calle,De Toledo,69,,,,4,C,28005,Madrid,VT-12455
Viviendas De Uso Turistico,Sin Categoria,"Paseo Extremadura, Nº 171, Esc. 1, 1º C",Paseo,De Extremadura,171,,,1,1,C,28011,Madrid,VT-12456
Viviendas De Uso Turistico,Sin Categoria,"Miguel Moya, Nº 4, Esc. 1, 3º Yn",Calle,De Miguel Moya,4,,,1,3,YN,28004,Madrid,VT-12457
Viviendas De Uso Turistico,Sin Categoria,"Miguel Moya, Nº 4, Esc. 1, 3º Ed",Calle,De Miguel Moya,4,,,1,3,ED,28004,Madrid,VT-12458
Viviendas De Uso Turistico,Sin Categoria,"Canto El Hatillo, Nº 13",Calle,Del Canto El Hatillo,13,,,,BAJO,,28214,Fresnedillas De La Oliva,VT-12459
Viviendas De Uso Turistico,Sin Categoria,"Tortosa, Nº 3, Esc. 1, 2º C",Calle,De Tortosa,3,,,1,2,C,28045,Madrid,VT-12461
Viviendas De Uso Turistico,Sin Categoria,"Juan Tornero, Nº 14, 1º B",Calle,De Juan Tornero,14,,,,1,B,28011,Madrid,VT-12462
Viviendas De Uso Turistico,Sin Categoria,"Guerrero Y Mendoza, 41, Bajo",Calle,De Guerrero Y Mendoza,41,,,,BAJO,,28002,Madrid,VT-12463
Viviendas De Uso Turistico,Sin Categoria,"Maria De Guzman, Nº 42, 5º Int A",Calle,De María De Guzmán,42,,,,5-INT,A,28003,Madrid,VT-12464
Viviendas De Uso Turistico,Sin Categoria,"Paseo De La Esperanza, Nº 31",Paseo,De La Esperanza,31,,,,5,A,28005,Madrid,VT-12465
Viviendas De Uso Turistico,Sin Categoria,"Hortaleza, Nº 4, 1 In, De.A",Calle,De Hortaleza,4,,,,1-IN,DE. A,28004,Madrid,VT-12466
Viviendas De Uso Turistico,Sin Categoria,"Acuerdo, Nº 9, Bajo 1",Calle,Del Acuerdo,9,,,,BAJO,1,28015,Madrid,VT-12469
Viviendas De Uso Turistico,Sin Categoria,"Doctor Vallejo, Nº 12, Esc. 2, 1º A",Calle,Del Doctor Vallejo,12,,,2,1,A,28027,Madrid,VT-12470
Viviendas De Uso Turistico,Sin Categoria,"Atocha, Nº 55, 2º C9",Calle,De Atocha,55,,,,2,C9,28012,Madrid,VT-12471
Viviendas De Uso Turistico,Sin Categoria,"Ballesta, Nº 9, Esc. 1, 4º E",Calle,De La Ballesta,9,,,1,4,E,28004,Madrid,VT-12472
Viviendas De Uso Turistico,Sin Categoria,"Tablada, Nº 29, Esc. Yi, 1º 1",Calle,De Tablada,29,,,,ESC.YI,1,28039,Madrid,VT-12473
Viviendas De Uso Turistico,Sin Categoria,"San Ildefonso, Nº 28, Bajo E",Calle,De San Ildefonso,28,,,,BAJO,E,28012,Madrid,VT-12474
Viviendas De Uso Turistico,Sin Categoria,"Silva, Nº 20, 4º In A",Calle,De Silva,20,,,,4-IN,A,,Madrid,VT-12475
Viviendas De Uso Turistico,Sin Categoria,"Coruña, 18, Bajo",Calle,La Coruña,18,,,,BAJO,,28380,Colmenar De Oreja,VT-12477
Viviendas De Uso Turistico,Sin Categoria,"Gran Via, Nº 15, 2º A",Calle,Gran Vía,15,,,,2,A,28013,Madrid,VT-12478
Viviendas De Uso Turistico,Sin Categoria,"Herradores, Nº 7, 4º B",Plaza,De Los Herradores,7,,,,4,B,28013,Madrid,VT-12480
Viviendas De Uso Turistico,Sin Categoria,"Carmen, Nº 26, 5º Iz",Calle,Del Carmen,26,,,,5,IZ,28013,Madrid,VT-12481
Viviendas De Uso Turistico,Sin Categoria,"Carmen, Nº 26, 4º Iz",Calle,Del Carmen,26,,,,4,IZ,28013,Madrid,VT-12482
Viviendas De Uso Turistico,Sin Categoria,"Carmen, Nº 26, 4º Dcha",Calle,Del Carmen,26,,,,4,DCHA,28013,Madrid,VT-12483
Viviendas De Uso Turistico,Sin Categoria,"Carmen, Nº 26, 3º Dcha",Calle,Del Carmen,26,,,,3,DCHA,28013,Madrid,VT-12484
Viviendas De Uso Turistico,Sin Categoria,"Carmen, Nº 26, 2º Dcha.",Calle,Del Carmen,26,,,,2,DCHA,28013,Madrid,VT-12485
Viviendas De Uso Turistico,Sin Categoria,"Alagon, Nº 31, Bajo D",Calle,De Alagón,31,,,,BAJO,D,28042,Madrid,VT-12486
Viviendas De Uso Turistico,Sin Categoria,"Villagarcia, Nº 16, 2º A",Calle,De Villagarcía,16,,,,2,A,28011,Madrid,VT-12487
Viviendas De Uso Turistico,Sin Categoria,"Abel, Nº 16, 3º C",Calle,De Abel,16,,,,3,C,28039,Madrid,VT-12488
Viviendas De Uso Turistico,Sin Categoria,"Mayor, 21, 4º Dcha",Calle,Mayor,21,,,,4,DCHA,28013,Madrid,VT-12489
Viviendas De Uso Turistico,Sin Categoria,"Jaime Vera, Nº 8, 2º A",Calle,De Jaime Vera,8,,,,2,A,28011,Madrid,VT-13090
Viviendas De Uso Turistico,Sin Categoria,"Ayala, Nº 112, 5º Cd-ci",Calle,De Ayala,112,,,,5,CD-CI,,Madrid,VT-13091
Viviendas De Uso Turistico,Sin Categoria,"Miguel Servet, 3 2º Pta. A",Calle,De Miguel Servet,3,,,,2,A,28012,Madrid,VT-13094
Viviendas De Uso Turistico,Sin Categoria,"Espronceda, 10 1º Pta. 8",Calle,De Espronceda,10,,,,1,PTA. 8,28003,Madrid,VT-13095
Viviendas De Uso Turistico,Sin Categoria,"Mayor, 1 4º Pta. 25",Calle,Mayor,1,,,,4,25,28013,Madrid,VT-13097
Viviendas De Uso Turistico,Sin Categoria,"Oso, 6  4º Izda.",Calle,Del Oso,6,,,,4,IZQ,28012,Madrid,VT-13098
Viviendas De Uso Turistico,Sin Categoria,"Lerida, 12 3º C",Calle,De Lérida,12,,,,3,C,28020,Madrid,VT-13101
Viviendas De Uso Turistico,Sin Categoria,"Corregidos Jose De Pasamonte, 27 Bajo D",Calle,Del Corregidor José De Pasamonte,27,,,,BAJO,D,28030,Madrid,VT-13112
Viviendas De Uso Turistico,Sin Categoria,"Vizcaya, 10 1º D",Calle,De Vizcaya,10,,,,1,D,28045,Madrid,VT-13113
Viviendas De Uso Turistico,Sin Categoria,"Mirador, 105 Bajo",Avenida,Del Mirador,105,,,,,,28696,Pelayos De La Presa,VT-13117
Viviendas De Uso Turistico,Sin Categoria,"Sambara, 7 Bajo F",Calle,De Sambara,7,,,,BAJO,F,28027,Madrid,VT-13118
Viviendas De Uso Turistico,Sin Categoria,"Manzana, 17 3º D",Calle,De La Manzana,17,,,,3,D,28015,Madrid,VT-13119
Viviendas De Uso Turistico,Sin Categoria,"Montera, 21 5º C",Calle,De La Montera,21,,,,5,C,28013,Madrid,VT-13120
Viviendas De Uso Turistico,Sin Categoria,"Espejo, 9 4ºpta. 5",Calle,Del Espejo,9,,,,4,5,28013,Madrid,VT-13122
Viviendas De Uso Turistico,Sin Categoria,"Fundadores, 5 6º Pta. 8",Calle,De Los Fundadores,5,,,,6,8,28028,Madrid,VT-13123
Viviendas De Uso Turistico,Sin Categoria,"Amparo, 23 3º Dcha.",Calle,Del Amparo,23,,,,3,DCHA,28012,Madrid,VT-13124
Viviendas De Uso Turistico,Sin Categoria,"Gran Via, 54 6º Pta. 5",Calle,Gran Vía,54,,,,6,5,28013,Madrid,VT-13125
Viviendas De Uso Turistico,Sin Categoria,"Concepcion Jeronima, 3 3º B",Calle,De Concepción Jerónima,3,,,,3,B,28012,Madrid,VT-13126
Viviendas De Uso Turistico,Sin Categoria,"Alvarez Gato, 5 3º Pta. I",Calle,De Álvarez Gato,5,,,,3,PTA. I,28012,Madrid,VT-13128
Apartamento Rural,Apartamento Rural,El Bulin De Montejo,Travesia,Turco,38,,,,,,28190,Montejo De La Sierra,TR-400
Hotel,4-hotel,Sercotel Madrid Aeropuerto,Calle,Del Galeón,25,,,,,,28042,Madrid,HM-4410
Viviendas De Uso Turistico,Sin Categoria,,Calle,Camino Nuevo,22,,,,,,28792,Miraflores De La Sierra,VT-13386
Hotel,3-hotel,Sb Express Madrid Norte,Paseo,Europa,11,,,,,,28702,San Sebastián De Los Reyes,HM-4422
Casa Huespedes,Casa Huespedes,Aloja Madrid,Calle,De Andrés Mellado,24,,,,1,,28015,Madrid,HM-4946
Hotel,3-hotel,Hotel La Cantueña,Carretera,De Toledo Km 18700,18700,,,,,,28946,Fuenlabrada,HM-4947
Viviendas De Uso Turistico,Sin Categoria,,Avenida,Sexta,2,,,,,,28770,Colmenar Viejo,VT-61
Viviendas De Uso Turistico,Sin Categoria,,Calle,Zarzas,16,,,,,,28296,Santa María De La Alameda,VT-13340
Viviendas De Uso Turistico,Sin Categoria,,Calle,De Labajos,4,,,,1,VUT1,28034,Madrid,VT-13549
Viviendas De Uso Turistico,Sin Categoria,,Calle,Del Cisne,25,,,,0,,28410,Manzanares El Real,VT-13337
Viviendas De Uso Turistico,Sin Categoria,,Calle,De La Carrera Del Señor,4,,,,1,,28470,Cercedilla,VT-13342
Viviendas De Uso Turistico,Sin Categoria,"Mayor, 21, 3º Izda",Calle,Mayor,21,,,,3,IZQ,28013,Madrid,VT-12490
Viviendas De Uso Turistico,Sin Categoria,"Carlos Arniches, Nº 25, Bajo D",Calle,De Carlos Arniches,25,,,,BAJO,D,28005,Madrid,VT-12491
Viviendas De Uso Turistico,Sin Categoria,"Hierbabuena, Nº 46 , 5º A",Calle,De La Hierbabuena,46,,,,5,A,28039,Madrid,VT-12495
Viviendas De Uso Turistico,Sin Categoria,"Moncada, Nº 113, 1º C",Calle,De Moncada,113,,,,1,C,28021,Madrid,VT-12497
Viviendas De Uso Turistico,Sin Categoria,"Sombrereria, Nº 8, Esc. Y, 2º 4",Calle,De Sombrerería,8,,,Y,2,4,28012,Madrid,VT-12498
Viviendas De Uso Turistico,Sin Categoria,"Conde De Peñalver, Nº 90, 1º Izq",Calle,Del Conde De Peñalver,90,,,,1,IZQ,28006,Madrid,VT-12499
Viviendas De Uso Turistico,Sin Categoria,"San Leopoldo, Nº 68, Bajo Izq",Calle,De San Leopoldo,68,,,,BAJO,IZQ,28029,Madrid,VT-12500
Viviendas De Uso Turistico,Sin Categoria,"Cochabamba, Nº 18, 1º B",Calle,De Cochabamba,18,,,,1,B,28016,Madrid,VT-12501
Viviendas De Uso Turistico,Sin Categoria,"Gonzalo De Cordoba, Nº 17, 5º C",Calle,De Gonzalo De Córdoba,17,,,,5,C,28010,Madrid,VT-12502
Viviendas De Uso Turistico,Sin Categoria,"Calatrava, Nº 15, 2º Norte",Calle,De Calatrava,15,,,,2,NORTE,28005,Madrid,VT-12504
Viviendas De Uso Turistico,Sin Categoria,"Calatrava, 15, 2º Sur",Calle,De Calatrava,15,,,,2,SUR,28005,Madrid,VT-12505
Viviendas De Uso Turistico,Sin Categoria,"Andalucia, Nº 6, 1º Izq.",Calle,De Andalucía,6,,,,1,IZQ,28007,Madrid,VT-12506
Viviendas De Uso Turistico,Sin Categoria,"Veneras, Nº 1, 3º Dcha.",Calle,De Veneras,1,,,,3,DCHA,28013,Madrid,VT-12507
Viviendas De Uso Turistico,Sin Categoria,"Lagasca, Nº 12, 6º Ext",Calle,De Lagasca,12,,,,6,EXT,,Madrid,VT-12508
Viviendas De Uso Turistico,Sin Categoria,"Chinchilla, Nº 1, 4º 6",Calle,De La Chinchilla,1,,,,4,6,28013,Madrid,VT-12509
Viviendas De Uso Turistico,Sin Categoria,"Isabel Mendez, Nº 7, 2º Izq.",Calle,De Isabel Méndez,7,,,,2,IZQ,28038,Madrid,VT-12511
Viviendas De Uso Turistico,Sin Categoria,"Goleta, Nº 31",Calle,Goleta,31,,,,,,28680,San Martín De Valdeiglesias,VT-12512
Viviendas De Uso Turistico,Sin Categoria,"Andalucia, Nº 6, 4º A",Calle,De Andalucía,6,,,,4,A,28007,Madrid,VT-12513
Viviendas De Uso Turistico,Sin Categoria,"Luis Velez De Guevara, Nº 6, 5º 1",Calle,De Luis Vélez De Guevara,6,,,,5,1,28012,Madrid,VT-12514
Viviendas De Uso Turistico,Sin Categoria,"Caballero De Gracia, Nº 36, 4º 1",Calle,Del Caballero De Gracia,36,,,,4,1,28013,Madrid,VT-12516
Viviendas De Uso Turistico,Sin Categoria,"San Florencio, Nº 5, Bajo 6",Calle,De San Florencio,5,,,,BAJO,6,28038,Madrid,VT-12517
Viviendas De Uso Turistico,Sin Categoria,"Colon, Nº 33",Calle,Colón,33,,,,,,28680,San Martín De Valdeiglesias,VT-12518
Viviendas De Uso Turistico,Sin Categoria,"Antonio Folgueras, Nº 17, 4º D",Calle,De Antonio Folgueras,17,,,,4,D,28018,Madrid,VT-12519
Viviendas De Uso Turistico,Sin Categoria,"Los Parques, Nº 7, Portal 6, 1º B",Paseo,De Los Parques,7,,6,,1,B,28109,Alcobendas,VT-12520
Viviendas De Uso Turistico,Sin Categoria,"Evaristo San Miguel, Nº 5, Bajo A",Calle,De Evaristo San Miguel,5,,,,BAJO,A,28008,Madrid,VT-12521
Viviendas De Uso Turistico,Sin Categoria,"Piamonte, Nº 25, 5º Ext.",Calle,De Piamonte,25,,,,5,EXT,28004,Madrid,VT-12522
Viviendas De Uso Turistico,Sin Categoria,"Eustaquio Rodriguez, Nº 8, 1º A",Calle,De Eustaquio Rodríguez,8,,,,1,A,28003,Madrid,VT-12523
Viviendas De Uso Turistico,Sin Categoria,"Eustaquio Rodriguez, Nº 8, 1ºb",Calle,De Eustaquio Rodríguez,8,,,,1,B,28003,Madrid,VT-12524
Viviendas De Uso Turistico,Sin Categoria,"Eustaquio Rodriguez, Nº 8, 1ºc",Calle,De Eustaquio Rodríguez,8,,,,1,C,28003,Madrid,VT-12525
Viviendas De Uso Turistico,Sin Categoria,"Eustaquio Rodriguez, Nº 8, 2º A",Calle,De Eustaquio Rodríguez,8,,,,2,A,28003,Madrid,VT-12526
Viviendas De Uso Turistico,Sin Categoria,"Eustaquio Rodriguez, Nº 8, 2º C",Calle,De Eustaquio Rodríguez,8,,,,2,C,28003,Madrid,VT-12527
Viviendas De Uso Turistico,Sin Categoria,"Eustaquio Rodriguez, Nº 8, 3º A",Calle,De Eustaquio Rodríguez,8,,,,3,A,28003,Madrid,VT-12528
Viviendas De Uso Turistico,Sin Categoria,"Cactus, 26 2º B",Calle,Del Cactus,26,,,,2,B,28039,Madrid,VT-13129
Viviendas De Uso Turistico,Sin Categoria,"Fernandez De Los Rios, 85 6º Pta. 7",Calle,De Fernández De Los Ríos,85,,,,6,PTA. 7,28015,Madrid,VT-13131
Viviendas De Uso Turistico,Sin Categoria,"Caballero De Gracia, 8 4º Pta. 3",Calle,Del Caballero De Gracia,8,,,,4,PTA. 3,28013,Madrid,VT-13132
Viviendas De Uso Turistico,Sin Categoria,"Caballero De Gracia, 8 4º Pta. 4",Calle,Del Caballero De Gracia,8,,,,4,4,28013,Madrid,VT-13133
Viviendas De Uso Turistico,Sin Categoria,"Rodas, 7 Bajo Pta. 7",Calle,De Rodas,7,,,,BAJO,PTA. 7,28005,Madrid,VT-13135
Viviendas De Uso Turistico,Sin Categoria,"Valverde, 27 3º Pta. 10",Calle,De Valverde,27,,,,3,PTA. 1,28004,Madrid,VT-13137
Viviendas De Uso Turistico,Sin Categoria,"Meson De Paredes, 80 1º Pta. 6",Calle,Del Mesón De Paredes,80,,,,1,6,28012,Madrid,VT-13141
Viviendas De Uso Turistico,Sin Categoria,"Olvido, 81 Bajo Izda.",Calle,Del Olvido,81,,,,BAJO,IZQ,28026,Madrid,VT-13144
Viviendas De Uso Turistico,Sin Categoria,"Santa Julia, Nº 21, 2º Izq.",Calle,De Santa Julia,21,,,,2,IZQ,28053,Madrid,VT-13145
Viviendas De Uso Turistico,Sin Categoria,"Jose Calvo, Nº 1, 1º F",Calle,De José Calvo,1,,,,1,F,28039,Madrid,VT-13152
Viviendas De Uso Turistico,Sin Categoria,"Jose Calvo, Nº 1, 3º B",Calle,De José Calvo,1,,,,3,B,28039,Madrid,VT-13153
Viviendas De Uso Turistico,Sin Categoria,"Jose Calvo, Nº 1, 3º F",Calle,De José Calvo,1,,,,3,F,28039,Madrid,VT-13154
Viviendas De Uso Turistico,Sin Categoria,"Jose Calvo, Nº 1, 5º B",Calle,De José Calvo,1,,,,5,B,28039,Madrid,VT-13155
Viviendas De Uso Turistico,Sin Categoria,"Jose Calvo, Nº 1, 5º D",Calle,De José Calvo,1,,,,5,D,28039,Madrid,VT-13156
Viviendas De Uso Turistico,Sin Categoria,"Jose Calvo, Nº 1, 5º F",Calle,De José Calvo,1,,,,5,F,28039,Madrid,VT-13157
Viviendas De Uso Turistico,Sin Categoria,"Andres Borrego, Nº 9, Bajo",Calle,De Andrés Borrego,9,,,,BAJO,,28004,Madrid,VT-13158
Viviendas De Uso Turistico,Sin Categoria,"Sierra Gador, Nº 64, 1º",Calle,De Sierra Gador,64,,,,1,,28031,Madrid,VT-13159
Viviendas De Uso Turistico,Sin Categoria,,Calle,José Ortega Y Gasset,24,,,,,,28294,Robledo De Chavela,VT-13333
Hotel,2-hotel,Pizarro,Calle,Fuensalida,28,,,,,,28970,Humanes De Madrid,HM-4556
Hostal,3-hostal,San Marcos,Calle,De José Azorín,1,,,,,,28330,San Martín De La Vega,HM-4597
Hotel,4-hotel,Hotel Chamartin The One,Calle,De Agustín De Foxá,,,,,,,28036,Madrid,HM-3909
Pension,1-pension,Chamberi Suites,Calle,De Robledillo,6,,BIS,,Bajo,,28003,Madrid,HM-4914
Viviendas De Uso Turistico,Sin Categoria,,Calle,De Churruca,11,,,,2,DCHA,28004,Madrid,VT-13140
Viviendas De Uso Turistico,Sin Categoria,,Calle,Del Matadero,9,,,,,,28595,Estremera,VT-13370
Casa Rural,Casa Rural,Villa Costa Madrid,Avenida,De Los Pinos,18,,,,,,28680,San Martín De Valdeiglesias,TR-407
Hotel-apart.,2-hotel-apart.,Smartrental Collection Gran Vía Centric,Calle,Gran Vía,42,,,,,,28013,Madrid,HM-4945
Viviendas De Uso Turistico,Sin Categoria,,Calle,Dos,15,,,,,,,Nuevo Baztán,VT-4694
Viviendas De Uso Turistico,Sin Categoria,,Calle,De Labajos,4,,,,1,2,28034,Madrid,VT-13570
Viviendas De Uso Turistico,Sin Categoria,,Avenida,Del Cerro Mesa,45,,,,,,28695,Navas Del Rey,VT-13417
Hotel Rural,1-hoja De Roble,Posada-restaurante La Posada De Horcahuelo,Calle,Blanca,17,,,,,,,Horcajuelo De La Sierra,TR-271
Viviendas De Uso Turistico,Sin Categoria,,Paseo,De La Dirección,46,,,,1,B,28039,Madrid,VT-13344
Viviendas De Uso Turistico,Sin Categoria,,Calle,De Emilio Ferrari,27,,,,BJO,,28017,Madrid,VT-13518
Hotel,2-hotel,Hotel Humanes,Avenida,De La Industria,23,,,,,,28970,Humanes De Madrid,HM-4813
Viviendas De Uso Turistico,Sin Categoria,"Eustaquio Rodriguez, Nº 8, 3º B",Calle,De Eustaquio Rodríguez,8,,,,3,B,28003,Madrid,VT-12529
Viviendas De Uso Turistico,Sin Categoria,"Eustaquio Rodriguez, Nº 8, 3º C",Calle,De Eustaquio Rodríguez,8,,,,3,C,28003,Madrid,VT-12530
Viviendas De Uso Turistico,Sin Categoria,"Eustaquio Rodriguez, Nº 8, 4º A",Calle,De Eustaquio Rodríguez,8,,,,4,A,28003,Madrid,VT-12531
Viviendas De Uso Turistico,Sin Categoria,"Eustaquio Rodriguez, Nº 8, 4º B",Calle,De Eustaquio Rodríguez,8,,,,4,B,28003,Madrid,VT-12532
Viviendas De Uso Turistico,Sin Categoria,"Eustaquio Rodriguez, Nº 8, 5º A",Calle,De Eustaquio Rodríguez,8,,,,5,A,28003,Madrid,VT-12533
Viviendas De Uso Turistico,Sin Categoria,"Eustaquio Rodriguez, Nº 8, 5º B",Calle,De Eustaquio Rodríguez,8,,,,5,B,28003,Madrid,VT-12534
Viviendas De Uso Turistico,Sin Categoria,"Eustaquio Rodriguez, Nº 8, 5º C",Calle,De Eustaquio Rodríguez,8,,,,5,C,28003,Madrid,VT-12535
Viviendas De Uso Turistico,Sin Categoria,"Eustaquio Rodriguez, Nº 8, 6º",Calle,De Eustaquio Rodríguez,8,,,,6,,28003,Madrid,VT-12536
Viviendas De Uso Turistico,Sin Categoria,"Eustaquio Rodriguez, Nº 8, 4º C",Calle,De Eustaquio Rodríguez,8,,,,4,C,28003,Madrid,VT-12537
Viviendas De Uso Turistico,Sin Categoria,"Nuñez De Arce, 14, Ent. B",Calle,De Núñez De Arce,14,,,,ENT,B,28012,Madrid,VT-12538
Viviendas De Uso Turistico,Sin Categoria,"Nuñez De Arce, Nº 14, Ent C",Calle,De Núñez De Arce,14,,,,ENT,C,28012,Madrid,VT-12539
Viviendas De Uso Turistico,Sin Categoria,"Nuñez De Arce, Nº 14, Ent D",Calle,De Núñez De Arce,14,,,,ENT,D,28012,Madrid,VT-12540
Viviendas De Uso Turistico,Sin Categoria,"Nuñez De Arce, Nº 14, Bajo E",Calle,De Núñez De Arce,14,,,,BAJO,E,28012,Madrid,VT-12541
Viviendas De Uso Turistico,Sin Categoria,"Enrique Velasco, Nº 12b, 2º A",Calle,De Enrique Velasco,12,,,,2,A,28038,Madrid,VT-12542
Viviendas De Uso Turistico,Sin Categoria,"Delicias, Nº 91, 6º A1",Paseo,De Las Delicias,91,,,,6,A1,28045,Madrid,VT-12543
Viviendas De Uso Turistico,Sin Categoria,"Delicias, 91, 6º A2",Paseo,De Las Delicias,91,,,,6,A2,28045,Madrid,VT-12544
Viviendas De Uso Turistico,Sin Categoria,"Delicias, Nº 91, 6º A3",Paseo,De Las Delicias,91,,,,6,A3,28045,Madrid,VT-12545
Viviendas De Uso Turistico,Sin Categoria,"Benicasim, Nº 2, Esc. 1, 4º 17",Calle,De Benicasim,2,,,1,4,17,28011,Madrid,VT-12548
Viviendas De Uso Turistico,Sin Categoria,"Los Mancebos, Nº 18, Bajo Dcha.",Calle,De Los Mancebos,18,,,,BAJO,DCHA,28005,Madrid,VT-12549
Viviendas De Uso Turistico,Sin Categoria,"Encina, Nº 6",Calle,Encina,6,,,,,,28222,Majadahonda,VT-12550
Viviendas De Uso Turistico,Sin Categoria,"Julian Besteiro, Nº 35, 6º 3",Calle,De Julián Besteiro,35,,,,6,3,28020,Madrid,VT-12551
Viviendas De Uso Turistico,Sin Categoria,"Palma, Nº 60, 4º Cd, C",Calle,De La Palma,60,,,,4,"CD,C",,Madrid,VT-12552
Viviendas De Uso Turistico,Sin Categoria,"Juan Martin El Empecinado, Nº 25,port. 4, Esc. A, 6º A",Calle,De Juan Martín El Empecinado,25,,4,A,6,A,28045,Madrid,VT-12553
Viviendas De Uso Turistico,Sin Categoria,"Institucion Libre De Enseñanza, Nº 36, 3º 6",Avenida,De Los Hermanos García Noblejas,36,,,,3,6,,Madrid,VT-12554
Viviendas De Uso Turistico,Sin Categoria,"Los Llanos, Nº 35",Avenida,De Los Llanos,35,,,,,,28696,Pelayos De La Presa,VT-12555
Viviendas De Uso Turistico,Sin Categoria,"Toledo, Nº 87, Bajo D",Calle,De Toledo,87,,,,BAJO,D,28005,Madrid,VT-12556
Viviendas De Uso Turistico,Sin Categoria,"Ciegos, Nº 2, Portal 3, 4º B",Cuesta,De Los Ciegos,2,,3,,4,B,28005,Madrid,VT-12557
Viviendas De Uso Turistico,Sin Categoria,"Silva, Nº 25, 4º F",Calle,De Silva,25,,,,4,F,,Madrid,VT-12558
Viviendas De Uso Turistico,Sin Categoria,"Margarita Garcia Delgado, Nº 7, Bajo",Calle,De Margarita García Delgado,7,,,,BAJO,,28680,San Martín De Valdeiglesias,VT-12559
Viviendas De Uso Turistico,Sin Categoria,"Brigida Alonso, Nº 7, Bajo 4",Calle,De Brígida Alonso,7,,,,BAJO,4,28038,Madrid,VT-12560
Viviendas De Uso Turistico,Sin Categoria,"Navalcarnero, Nº 35, Bajo",Carretera,M-507 (navalcarnero),35,,,,,,28649,Rozas De Puerto Real,VT-12561
Viviendas De Uso Turistico,Sin Categoria,"Prudencio Alvaro, Nº 3, 2º Izq.",Calle,De Prudencio Álvaro,3,,,,2,IZQ,28027,Madrid,VT-12562
Viviendas De Uso Turistico,Sin Categoria,"Martin De Los Heros, Nº 31, 6º 2",Calle,De Martín De Los Heros,31,,,,6,2,28008,Madrid,VT-12564
Viviendas De Uso Turistico,Sin Categoria,"Olivar, Nº 13, Portal 13, 1º 5 Int.",Calle,Del Olivar,13,,,,1,INT 5,28012,Madrid,VT-12565
Viviendas De Uso Turistico,Sin Categoria,"Rio Sella, Nº 6, Bajo, 10",Calle,Del Río Sella,6,,,,BAJO,10,28934,Móstoles,VT-12566
Viviendas De Uso Turistico,Sin Categoria,"Claudio Coello,  102-4º A",Calle,De Claudio Coello,102,,,,4,A,,Madrid,VT-11953
Viviendas De Uso Turistico,Sin Categoria,"Postigo De San Martin, 9-4º Pta. Dcha.",Calle,Del Postigo De San Martín,9,,,,4,PTA. D,28013,Madrid,VT-11954
Viviendas De Uso Turistico,Sin Categoria,"Lope De Vega, 29-1º B",Calle,De Lope De Vega,29,,,,1,B,28014,Madrid,VT-11956
Viviendas De Uso Turistico,Sin Categoria,"Cervantes, 1",Calle,Cervantes,1,,,,,,28296,Santa María De La Alameda,VT-11958
Viviendas De Uso Turistico,Sin Categoria,"Alcala, 202-1º A",Calle,De Alcalá,202,,,,1,A,,Madrid,VT-11959
Viviendas De Uso Turistico,Sin Categoria,"Veronica, 7-3º Esc. Ext. Pta. Dcha.",Calle,De Verónica,7,,,,ESC.EX,PTA. D,28014,Madrid,VT-11961
Viviendas De Uso Turistico,Sin Categoria,"Salitre, 43 Bajo G",Calle,De Salitre,43,,,,BAJO,G,28012,Madrid,VT-11963
Viviendas De Uso Turistico,Sin Categoria,"Avda. Pablo Iglesias, 27 Ptal. 1 1º Esc.1 D",Avenida,De Pablo Iglesias,27,,,,"ESC.1,",D,,Madrid,VT-11966
Viviendas De Uso Turistico,Sin Categoria,"Avda. Pablo Iglesias, 27 Ptal. 1  Bajo Esc.1 Pta. D",Avenida,De Pablo Iglesias,27,,,,"ESC.1,",D,,Madrid,VT-11967
Viviendas De Uso Turistico,Sin Categoria,"Villaamil, 64 Local 3º",Calle,De Villaamil,64,,,,LOCAL,3,28039,Madrid,VT-11968
Viviendas De Uso Turistico,Sin Categoria,"Villaamil, 64 Local 4º",Calle,De Villaamil,64,,,,LOCAL,4,28039,Madrid,VT-11969
Viviendas De Uso Turistico,Sin Categoria,"Antonio Grilo, 9 Ptal. 1 1º Esc. Ext. D",Calle,De Antonio Grilo,9,,,,ESC.EX,D,28015,Madrid,VT-11970
Viviendas De Uso Turistico,Sin Categoria,"Bami, 28 4º D",Plaza,De Bami,28,,,,4,D,28017,Madrid,VT-11971
Viviendas De Uso Turistico,Sin Categoria,Avenida  De Los Pinos 17,Avenida,Pinos,17,,,,,,28680,San Martín De Valdeiglesias,VT-11973
Viviendas De Uso Turistico,Sin Categoria,"Lopez De Hoyos, 98 1º Int. Izda.",Calle,De López De Hoyos,98,,,,1,INT. I,,Madrid,VT-11978
Viviendas De Uso Turistico,Sin Categoria,"Mayor, 1 2º Pta. 28",Calle,Mayor,1,,,,2,28,28013,Madrid,VT-11980
Viviendas De Uso Turistico,Sin Categoria,"Mayor, 1 2º Pta. 24",Calle,Mayor,1,,,,2,24,28013,Madrid,VT-11981
Viviendas De Uso Turistico,Sin Categoria,"Mayor, 1 3º Pta. 21",Calle,Mayor,1,,,,3,21,28013,Madrid,VT-11982
Viviendas De Uso Turistico,Sin Categoria,"Mayor, 1 3º Pta. 19",Calle,Mayor,1,,,,3,19,28013,Madrid,VT-11983
Viviendas De Uso Turistico,Sin Categoria,"Concordia, Nº 7, 1º C",Calle,De La Concordia,7,,,,1,C,28053,Madrid,VT-12567
Viviendas De Uso Turistico,Sin Categoria,"Vital Aza, Nº 66, Bajo 5",Calle,De Vital Aza,66,,,,BAJO,5,28017,Madrid,VT-12568
Viviendas De Uso Turistico,Sin Categoria,"Murcia, Nº 30, 3º B",Calle,De Murcia,30,,,,3,B,28045,Madrid,VT-12570
Viviendas De Uso Turistico,Sin Categoria,"Juan De Asutria, Nº 3, 2º D",Calle,De Juan De Austria,3,,,,2,D,28010,Madrid,VT-12573
Viviendas De Uso Turistico,Sin Categoria,"Muñoz Torrero, Nº 6, 1º C",Calle,De Muñoz Torrero,6,,,,1,C,28004,Madrid,VT-12575
Viviendas De Uso Turistico,Sin Categoria,"Gabasti, Nº 3, 3º B",Calle,De Gabasti,3,,,,3,B,28027,Madrid,VT-12577
Viviendas De Uso Turistico,Sin Categoria,"Hermosilla, Nº 75, 1º 26",Calle,De Hermosilla,75,,,,1,26,,Madrid,VT-12578
Viviendas De Uso Turistico,Sin Categoria,"Nuñez De Arce, Nº 14, 1º G",Calle,De Núñez De Arce,14,,,,1,G,28012,Madrid,VT-12579
Viviendas De Uso Turistico,Sin Categoria,"Nuñez De Arce, Nº 14, 2º G",Calle,De Núñez De Arce,14,,,,2,G,28012,Madrid,VT-12580
Viviendas De Uso Turistico,Sin Categoria,"Santa Isabel, Nº 12, 4º B",Calle,De Santa Isabel,12,,,,4,B,28012,Madrid,VT-12581
Viviendas De Uso Turistico,Sin Categoria,"Cabestreros, Nº 10, Bajo Dcha",Calle,De Los Cabestreros,10,,,,BAJO,DCHA,28012,Madrid,VT-12582
Viviendas De Uso Turistico,Sin Categoria,"Felipe Iv, Nº 7, Bajo 1",Calle,De Felipe Iv,7,,,,BAJO,1,28014,Madrid,VT-12583
Viviendas De Uso Turistico,Sin Categoria,"Felipe Iv, Nº 7, Bajo 2",Calle,De Felipe Iv,7,,,,BAJO,2,28014,Madrid,VT-12584
Viviendas De Uso Turistico,Sin Categoria,"Felipe Iv, Nº 7, Bajo 3",Calle,De Felipe Iv,7,,,,BAJO,3,28014,Madrid,VT-12585
Viviendas De Uso Turistico,Sin Categoria,"Felipe Iv, Nº 7, Bajo 4",Calle,De Felipe Iv,7,,,,BAJO,4,28014,Madrid,VT-12586
Viviendas De Uso Turistico,Sin Categoria,"Felipe Iv, Nº 7, Bajo 5",Calle,De Felipe Iv,7,,,,BAJO,5,28014,Madrid,VT-12587
Viviendas De Uso Turistico,Sin Categoria,"Fucar, Nº 7, 1º A",Calle,De Fucar,7,,,,1,A,28014,Madrid,VT-12588
Viviendas De Uso Turistico,Sin Categoria,"Fucar, Nº 7, 1º B",Calle,De Fucar,7,,,,1,B,28014,Madrid,VT-12589
Viviendas De Uso Turistico,Sin Categoria,"Fucar, Nº 7, 1º C",Calle,De Fucar,7,,,,1,C,28014,Madrid,VT-12590
Viviendas De Uso Turistico,Sin Categoria,"Fucar, Nº 7, 1º D",Calle,De Fucar,7,,,,1,D,28014,Madrid,VT-12591
Viviendas De Uso Turistico,Sin Categoria,"Fucar, Nº 7, 2º A",Calle,De Fucar,7,,,,2,A,28014,Madrid,VT-12592
Viviendas De Uso Turistico,Sin Categoria,"Fucar, Nº 7, 2º B",Calle,De Fucar,7,,,,2,B,28014,Madrid,VT-12593
Viviendas De Uso Turistico,Sin Categoria,"Fucar, Nº 7, 2º C",Calle,De Fucar,7,,,,2,C,28014,Madrid,VT-12594
Viviendas De Uso Turistico,Sin Categoria,"Fucar, Nº 7, 2º D",Calle,De Fucar,7,,,,2,D,28014,Madrid,VT-12595
Viviendas De Uso Turistico,Sin Categoria,"Fucar, Nº 7, 4º A",Calle,De Fucar,7,,,,4,A,28014,Madrid,VT-12596
Viviendas De Uso Turistico,Sin Categoria,"Fucar, Nº 7, 4º B",Calle,De Fucar,7,,,,4,B,28014,Madrid,VT-12597
Viviendas De Uso Turistico,Sin Categoria,"Fucar, Nº 7, 5º A",Calle,De Fucar,7,,,,5,A,28014,Madrid,VT-12598
Viviendas De Uso Turistico,Sin Categoria,"Lagasca, Nº 6, 4º A",Calle,De Lagasca,6,,,,4,A,,Madrid,VT-12600
Viviendas De Uso Turistico,Sin Categoria,"Autogiro, Nº 42, 1º B",Calle,Del Autogiro,42,,,,1,B,28042,Madrid,VT-12602
Viviendas De Uso Turistico,Sin Categoria,"Libreros, Nº 5, Esc. 1, Bajo2",Calle,De Los Libreros,5,,,1,0,2,28004,Madrid,VT-12603
Viviendas De Uso Turistico,Sin Categoria,"General, Nº 18, Esc. Iz, 1º 1",Avenida,General,18,,,IZQ,1,1,28042,Madrid,VT-12604
Viviendas De Uso Turistico,Sin Categoria,"Zurron, Nº 30, Esc. 1, 1º A",Paseo,Del Zurrón,30,,,,ESC.1,A,28042,Madrid,VT-13209
Viviendas De Uso Turistico,Sin Categoria,"Carrera De San Francisco, Nº 7, 2º 2",Carrera,De San Francisco,7,,,,2,2,28005,Madrid,VT-13210
Viviendas De Uso Turistico,Sin Categoria,"Segovia, Nº 45, Esc. D, 4º Izq.",Calle,De Segovia,45,,,,ESC.-D,IZQ,28005,Madrid,VT-13211
Viviendas De Uso Turistico,Sin Categoria,"Leon, Nº 13, 1º B",Calle,Del León,13,,,,1,B,28014,Madrid,VT-13212
Viviendas De Uso Turistico,Sin Categoria,"Claudio Coello, Nº 113, 4º Centro Izq.",Calle,De Claudio Coello,113,,,,4-CENT,IZQ,,Madrid,VT-13216
Viviendas De Uso Turistico,Sin Categoria,"Fernando Vi, Nº 27, Bajo B",Calle,De Fernando Vi,27,,,,BAJO,B,28004,Madrid,VT-13217
Viviendas De Uso Turistico,Sin Categoria,"La Bolsa, Nº 10, Esc. 2, 1º Dcha. A",Calle,De La Bolsa,10,,,,"ESC2,",DCHA A,28012,Madrid,VT-13218
Viviendas De Uso Turistico,Sin Categoria,"Costanilla De Los Angeles, Nº 15, 3º C",Costanilla,De Los Ángeles,15,,,,3,C,28013,Madrid,VT-13219
Viviendas De Uso Turistico,Sin Categoria,"Florencio Llorente, Nº 21, 4º Izq.",Calle,De Florencio Llorente,21,,,,4,IZQ,28027,Madrid,VT-13222
Hostal,2-hostal,Juliette,Calle,Gran Vía,44,,,,2,DR,28013,Madrid,HM-4924
Apart-turistico,1-apart-turistico,Apartamentos Plaza De Santiago 2,Calle,De Edmundo Meric,16,,,,,,28320,Pinto,AM-1368
Viviendas De Uso Turistico,Sin Categoria,,Calle,De Los Mandiles,14,,,,,,28740,Rascafría,VT-13424
Viviendas De Uso Turistico,Sin Categoria,,Calle,Navarra,1,,,1,2,B,28231,"Rozas De Madrid, Las",VT-13328
Viviendas De Uso Turistico,Sin Categoria,,Calle,De Mataró,28,,,,,,28034,Madrid,VT-13310
Viviendas De Uso Turistico,Sin Categoria,"Alfredo Castro Camba, 32, 3º C",Calle,De Alfredo Castro Camba,32,,,,3,C,28053,Madrid,VT-11993
Viviendas De Uso Turistico,Sin Categoria,"Sauco, 6, Bajo 5",Calle,Del Saúco,6,,,,BAJO,5,28039,Madrid,VT-11994
Viviendas De Uso Turistico,Sin Categoria,"Puerto Arlaban, 88, 3º C",Calle,Del Puerto De Arlabán,88,,,,3,C,28053,Madrid,VT-11995
Viviendas De Uso Turistico,Sin Categoria,"Dulcinea, 67, 4º D",Calle,De Dulcinea,67,,,,4,D,28020,Madrid,VT-11996
Viviendas De Uso Turistico,Sin Categoria,"Delicias, 26, Esc. Dcha., 4º A",Calle,De Delicias,26,,,,ESC.-D,A,28045,Madrid,VT-11997
Viviendas De Uso Turistico,Sin Categoria,"Delicias, 26, Esc. Dcha., 4º B",Calle,De Delicias,26,,,,ESC.DR,B,28045,Madrid,VT-11998
Viviendas De Uso Turistico,Sin Categoria,"Delicias, 26, Esc. Dcha., 4º C",Calle,De Delicias,26,,,,ESC.DR,C,28045,Madrid,VT-11999
Viviendas De Uso Turistico,Sin Categoria,"Delicias, 26, Esc. Izda. 1º A",Calle,De Delicias,26,,,,ESC.IZ,A,28045,Madrid,VT-12000
Viviendas De Uso Turistico,Sin Categoria,"Delicias, 26, Esc. Izda. 1º C",Calle,De Delicias,26,,,,ESC.IZ,C,28045,Madrid,VT-12001
Viviendas De Uso Turistico,Sin Categoria,"Delicias, 26, Esc. Dcha. 3º C",Calle,De Delicias,26,,,,ESC.DR,C,28045,Madrid,VT-12002
Viviendas De Uso Turistico,Sin Categoria,"Delicias, 26, Esc. Dcha., 3º B",Calle,De Delicias,26,,,,ESC.DR,B,28045,Madrid,VT-12003
Viviendas De Uso Turistico,Sin Categoria,"Delicias, 26, Esc. Dcha. 3º A",Calle,De Delicias,26,,,DER,,A,28045,Madrid,VT-12004
Viviendas De Uso Turistico,Sin Categoria,"Meson De Paredes, 80 Bajo Pta. 8",Calle,Del Mesón De Paredes,80,,,,BAJO,PTA. 8,28012,Madrid,VT-12006
Viviendas De Uso Turistico,Sin Categoria,"Tesoro, 31, 3º A",Calle,Del Tesoro,31,,,,3,A,28004,Madrid,VT-12012
Viviendas De Uso Turistico,Sin Categoria,"Av. Valencia, 24, Bajo Navalcarnero",Avenida,Valencia,24,,,,BAJO,,28600,Navalcarnero,VT-12013
Viviendas De Uso Turistico,Sin Categoria,"Espejo, 9, 4º 1",Calle,Del Espejo,9,,,,4,1,28013,Madrid,VT-12014
Viviendas De Uso Turistico,Sin Categoria,"Comercio, 8, Portal D, 4º B",Calle,Del Comercio,8,,,,4,B,,Madrid,VT-12016
Viviendas De Uso Turistico,Sin Categoria,"Principe De Anglona, 1 Bajo Dcha.",Calle,Del Príncipe Anglona,1,,,,BAJO,PTA. D,28005,Madrid,VT-12017
Viviendas De Uso Turistico,Sin Categoria,"Ruda, 16-1º Pta. Izq.",Calle,De La Ruda,16,,,,1,PTA. I,28005,Madrid,VT-12018
Viviendas De Uso Turistico,Sin Categoria,"Calatrava, 18-2º Pta. Ext. I",Calle,De Calatrava,18,,,,2,PTA. E,28005,Madrid,VT-12022
Viviendas De Uso Turistico,Sin Categoria,"Calatrava, 18-3º Pta. Int. D",Calle,De Calatrava,18,,,,3,PTA.IN,28005,Madrid,VT-12023
Viviendas De Uso Turistico,Sin Categoria,"Moratalaz, Nº 67, 1º Iz",Avenida,De Moratalaz,67,,,,1,IZ,28030,Madrid,VT-12607
Viviendas De Uso Turistico,Sin Categoria,"Amparo, Nº 74, 1º B",Calle,Del Amparo,74,,,,1,B,28012,Madrid,VT-12608
Viviendas De Uso Turistico,Sin Categoria,"San Ildefonso, Nº 5, 2º A",Plaza,De San Ildefonso,5,,,,2,A,28004,Madrid,VT-12610
Viviendas De Uso Turistico,Sin Categoria,"Inversiones Nueva Granada, Sl",Calle,De Moratín,46,,,,BAJO,A,28014,Madrid,VT-12613
Viviendas De Uso Turistico,Sin Categoria,"San Bernanrdo, Nº 85, 4º Iz",Calle,De San Bernardo,85,,,,4,IZ,,Madrid,VT-12620
Viviendas De Uso Turistico,Sin Categoria,"Sancho Davila, Nº 18, 6º Ab",Calle,De Sancho Dávila,18,,,,6,A-B,28028,Madrid,VT-12621
Viviendas De Uso Turistico,Sin Categoria,"Arroyo, Nº 33, Bajo 119",Calle,Del Arroyo,33,,,,BAJO,119,28294,Robledo De Chavela,VT-12624
Viviendas De Uso Turistico,Sin Categoria,"San Marcos, Nº 17, 1º Yd",Calle,De San Marcos,17,,,,1,YD,28004,Madrid,VT-12625
Viviendas De Uso Turistico,Sin Categoria,"Juan Duque, Nº 3, Esc. Int. 1º Dcha.",Calle,De Juan Duque,3,,,,1,DCHA,28005,Madrid,VT-12626
Viviendas De Uso Turistico,Sin Categoria,"Rafael Calvo, Nº 7, Esc. Iz., 6º C",Calle,De Rafael Calvo,7,,,IZQ,6,C,28010,Madrid,VT-12627
Viviendas De Uso Turistico,Sin Categoria,"Ministriles, Nº 7, Bajo Dcha.",Calle,De Ministriles,7,,,,BAJO,DCHA,28012,Madrid,VT-12629
Viviendas De Uso Turistico,Sin Categoria,"Navas De Tolosa, Nº 8, 1º Iz",Calle,De Las Navas De Tolosa,8,,,,1,IZ,28013,Madrid,VT-12630
Viviendas De Uso Turistico,Sin Categoria,"Lombia, Nº 7, Esc.3, 3º C Izq",Calle,De Lombía,7,,,3,3,IZQ C,28009,Madrid,VT-12631
Viviendas De Uso Turistico,Sin Categoria,"Amor De Dios, Nº 13, Esc. Ext. 4º 5",Calle,Del Amor De Dios,13,,,EXT,4,5,28014,Madrid,VT-12632
Viviendas De Uso Turistico,Sin Categoria,"Florencio Llorente, Nº 8, Ss Dcha",Calle,De Florencio Llorente,8,,,,SS,DCHA,28027,Madrid,VT-12633
Viviendas De Uso Turistico,Sin Categoria,"Ruiz, Nº 13, 5º D",Calle,De Ruiz,13,,,,5,D,,Madrid,VT-12634
Viviendas De Uso Turistico,Sin Categoria,"Conde De Miranda, Nº 1, 1º 12",Calle,Del Conde De Miranda,1,,,,1,12,28005,Madrid,VT-12637
Viviendas De Uso Turistico,Sin Categoria,"Cebada, Nº 14, 3º Iz",Plaza,De La Cebada,14,,,,3,IZ,28005,Madrid,VT-12638
Viviendas De Uso Turistico,Sin Categoria,"M-302, Km. 7,8",Carretera,M-302,"7,8",,,,,,28530,Morata De Tajuña,VT-12639
Viviendas De Uso Turistico,Sin Categoria,"Salitre, Nº 24, Bajo Iz.",Calle,De Salitre,24,,,,BAJO,IZ,28012,Madrid,VT-12640
Viviendas De Uso Turistico,Sin Categoria,"Agustin Duran, Nº 5, 1º A",Calle,De Agustín Durán,5,,,,1,A,28028,Madrid,VT-12641
Viviendas De Uso Turistico,Sin Categoria,"Alcala, Nº 194, 1º Izq",Calle,De Alcalá,194,,,,1,IZQ,,Madrid,VT-12642
Viviendas De Uso Turistico,Sin Categoria,"Carrera De San Francisco, Nº 3, Bajo Izq.",Carrera,De San Francisco,3,,,,BAJO,IZQ,28005,Madrid,VT-12643
Viviendas De Uso Turistico,Sin Categoria,"La Ponderosa, Nº 39",Avenida,De La Ponderosa,39,,,,,,28492,Manzanares El Real,VT-12644
Casa Rural,Casa Rural,Casa Rural San Isidro,Calle,De Los Mesones,18,,,,,,28170,Valdepiélagos,TR-385
Hotel,3-hotel,Hotel Hampton By Hilton Alcobendas,Avenida,Fernando Alonso,4,,,,,,28108,Alcobendas,HM-4932
Viviendas De Uso Turistico,Sin Categoria,,Calle,De Mataró,25,,,,,,28034,Madrid,VT-13311
Viviendas De Uso Turistico,Sin Categoria,"Calatrava, 18 Bajo Pta. Ext. D",Calle,De Calatrava,18,,,,BAJO,PTA.EX,28005,Madrid,VT-12024
Viviendas De Uso Turistico,Sin Categoria,"Nuñez De Balboa 11, 6º D",Calle,De Núñez De Balboa,11,,,,6,D,,Madrid,VT-12043
Viviendas De Uso Turistico,Sin Categoria,Deposito 4,Calle,Del Depósito,4,,,,,,28293,Zarzalejo,VT-12044
Viviendas De Uso Turistico,Sin Categoria,"Olivar, 31, 2º Int. Dcha.",Calle,Del Olivar,31,,,,2,INT DC,28012,Madrid,VT-12045
Viviendas De Uso Turistico,Sin Categoria,"Nuñez De Balboa, 11, 5º D",Calle,De Núñez De Balboa,11,,,,5,D,,Madrid,VT-12046
Viviendas De Uso Turistico,Sin Categoria,"Augusto Figueroa, 17, 2º 3",Calle,De Augusto Figueroa,17,,,,2,3,28004,Madrid,VT-12047
Viviendas De Uso Turistico,Sin Categoria,"Alfonso X, 4, 2º 2",Calle,De Alfonso X,4,,,,2,2,28010,Madrid,VT-12048
Viviendas De Uso Turistico,Sin Categoria,"Andres Mellado, 3, 1º Iz",Calle,De Andrés Mellado,3,,,,1,IZ,,Madrid,VT-12049
Viviendas De Uso Turistico,Sin Categoria,"Lopez De Hoyos, 60, 4º 2",Calle,De López De Hoyos,60,,,,4,2,,Madrid,VT-12050
Viviendas De Uso Turistico,Sin Categoria,"General Pardiñas, 46, Bajo G",Calle,Del General Pardiñas,46,,,,BAJO,G,,Madrid,VT-12051
Viviendas De Uso Turistico,Sin Categoria,"Infantas, 12, 2º D",Calle,De Las Infantas,12,,,,2,D,28004,Madrid,VT-12052
Viviendas De Uso Turistico,Sin Categoria,"Ponzano, 51, Esc. Ext., 1º Izda",Calle,De Ponzano,51,,,,ESC.EX,IZQ,,Madrid,VT-12053
Viviendas De Uso Turistico,Sin Categoria,"Barrafon, 18, 2º Iz",Calle,De Barrafón,18,,,,2,IZ,28011,Madrid,VT-12054
Viviendas De Uso Turistico,Sin Categoria,"Doctor Salgado, 67, At - A",Calle,Del Doctor Salgado,67,,,,AT,A,28038,Madrid,VT-12057
Viviendas De Uso Turistico,Sin Categoria,"Cedros, 63, Bajo C",Calle,De Los Cedros,63,,,,BAJO,C,28029,Madrid,VT-12059
Viviendas De Uso Turistico,Sin Categoria,"Ventura De La Vega, 10, 3º C",Calle,De Ventura De La Vega,10,,,,3,C,28014,Madrid,VT-12060
Viviendas De Uso Turistico,Sin Categoria,"Maldonadas, Nº 1, 2º A",Calle,De Las Maldonadas,1,,,,2,A,28005,Madrid,VT-12645
Viviendas De Uso Turistico,Sin Categoria,"Paloma, Nº 6, Bajo Bis A",Calle,De La Paloma,6,,,,BAJO,BIS A,28005,Madrid,VT-12647
Viviendas De Uso Turistico,Sin Categoria,"Doctor Laguna, Nº 2, Bajo C",Plaza,Del Doctor Laguna,2,,,,BAJO,C,28009,Madrid,VT-12648
Viviendas De Uso Turistico,Sin Categoria,"Amparo, Nº 86, 1º 4",Calle,Del Amparo,86,,,,1,4,28012,Madrid,VT-12649
Viviendas De Uso Turistico,Sin Categoria,"Mendivil, Nº 9, 2º D",Calle,De Mendívil,9,,,,2,D,28038,Madrid,VT-12652
Viviendas De Uso Turistico,Sin Categoria,"Divino Pastor, Bajo L Dcha.",Calle,Del Divino Pastor,18,,,,BAJO,L DCHA,28004,Madrid,VT-12653
Viviendas De Uso Turistico,Sin Categoria,"Ilustracion, Nº 10, Sotano 6",Calle,De La Ilustración,10,,,,SOTANO,6,28008,Madrid,VT-12654
Viviendas De Uso Turistico,Sin Categoria,"Jerte, Nº 8, Bajo C",Calle,De Jerte,8,,,,BAJO,C,28005,Madrid,VT-12655
Viviendas De Uso Turistico,Sin Categoria,"Alondra, Nº 19",Calle,De La Alondra,19,,,,,,28470,Cercedilla,VT-12656
Viviendas De Uso Turistico,Sin Categoria,"Santa Isabel, Nº 35, 1º Int. Dcha.",Calle,De Santa Isabel,35,,,,1,INT.DC,28012,Madrid,VT-12658
Viviendas De Uso Turistico,Sin Categoria,"Linneo, Nº 3, Esc. B 3º",Calle,De Linneo,3,,,B,3,,28005,Madrid,VT-12659
Viviendas De Uso Turistico,Sin Categoria,"Victoria, Nº 3, 3º 4",Calle,De La Victoria,3,,,,3,4,28012,Madrid,VT-12660
Viviendas De Uso Turistico,Sin Categoria,"Castello, Nº 10, Esc. Int. 3º Iz",Calle,De Castelló,10,,,INT,3,IZ,,Madrid,VT-12661
Viviendas De Uso Turistico,Sin Categoria,"Nuñez De Arce, Nº 10, 2º D",Calle,De Núñez De Arce,10,,,,2,D,28012,Madrid,VT-12663
Viviendas De Uso Turistico,Sin Categoria,"Luis Velez De Guevara, Nº 4, 3º C",Calle,De Luis Vélez De Guevara,4,,,,3,C,28012,Madrid,VT-12664
Viviendas De Uso Turistico,Sin Categoria,"Nuñez De Arce, Nº 9, Esc. Int. Bajo D",Calle,De Núñez De Arce,9,,,INT,BAJO,D,28012,Madrid,VT-12665
Viviendas De Uso Turistico,Sin Categoria,"Santa Ana, Nº 5, 1º D",Calle,De Santa Ana,5,,,,1,D,28005,Madrid,VT-12666
Viviendas De Uso Turistico,Sin Categoria,"Tomas Redondo, Nº 3, Bajo 3",Calle,De Tomás Redondo,3,,,,BAJO,3,28033,Madrid,VT-12667
Viviendas De Uso Turistico,Sin Categoria,"Pelayo, Nº 32, 3º A",Calle,De Pelayo,32,,,,3,A,28004,Madrid,VT-12669
Viviendas De Uso Turistico,Sin Categoria,"Ezequiel Solana, Nº 118, 4º A",Calle,De Ezequiel Solana,118,,,,4,A,28017,Madrid,VT-12670
Viviendas De Uso Turistico,Sin Categoria,"Paseo De Las Delicias, Nº 12, Esc. Int., 5º D",Paseo,De Las Delicias,12,,,,ESC.IN,D,28045,Madrid,VT-12673
Viviendas De Uso Turistico,Sin Categoria,"Paseo De Las Delicias, Nº 62, Esc. Ext., 1º D",Paseo,De Las Delicias,62,,,EXT,1,D,28045,Madrid,VT-12674
Viviendas De Uso Turistico,Sin Categoria,"Lope De Vega, Nº 7, 1º I",Calle,De Lope De Vega,7,,,,1,I,28014,Madrid,VT-12675
Viviendas De Uso Turistico,Sin Categoria,"Mediodia Grande, Nº 14, Bajo",Calle,Del Mediodía Grande,14,,,,BAJO,,28005,Madrid,VT-12678
Viviendas De Uso Turistico,Sin Categoria,"Santo Domingo, Nº 12, 4º Izq",Cuesta,De Santo Domingo,12,,,,4,IZQ,28013,Madrid,VT-12680
Viviendas De Uso Turistico,Sin Categoria,"Doce De Octubre, Nº 12, 4º D",Calle,Del Doce De Octubre,12,,,,4,D,28009,Madrid,VT-12681
Viviendas De Uso Turistico,Sin Categoria,"Concepcion Arenal, Nº 10, Bajo",Calle,De Concepción Arenal,10,,,,BAJO,,28330,San Martín De La Vega,VT-12683
Viviendas De Uso Turistico,Sin Categoria,,Calle,Los Chopos,12,,,,,,28680,San Martín De Valdeiglesias,VT-13256
Hotel,4-hotel,Hotel Infantas,Calle,De Las Infantas,29,,,,,,28004,Madrid,HM-4500
Viviendas De Uso Turistico,Sin Categoria,,Calle,De La Concepcion,14,,,,,,,Villamanrique De Tajo,VT-13288
Viviendas De Uso Turistico,Sin Categoria,"Breton De Los Herreros, 36 2º Dcha.",Calle,De Bretón De Los Herreros,36,,,,2,DCHA,28003,Madrid,VT-12075
Viviendas De Uso Turistico,Sin Categoria,"Breton De Los Herreros, 36 Bajo Izda.",Calle,De Bretón De Los Herreros,36,,,,BAJO,IZQ,28003,Madrid,VT-12076
Viviendas De Uso Turistico,Sin Categoria,"Moratin, 42 Bajo Dcha.",Calle,De Moratín,42,,,,BAJO,DCHA,28014,Madrid,VT-12078
Viviendas De Uso Turistico,Sin Categoria,"Cervantes, 6 1º Izda.",Calle,De Cervantes,6,,,,1,IZQ,28014,Madrid,VT-12079
Viviendas De Uso Turistico,Sin Categoria,"Cervantes, 6 1º Dcha.",Calle,De Cervantes,6,,,,1,CHA.,28014,Madrid,VT-12080
Viviendas De Uso Turistico,Sin Categoria,"Cervantes, 6 2º Izda.",Calle,De Cervantes,6,,,,2,IZQ,28014,Madrid,VT-12081
Viviendas De Uso Turistico,Sin Categoria,"Cervantes, 6 2º Dcha.",Calle,De Cervantes,6,,,,2,DCHA,28014,Madrid,VT-12082
Viviendas De Uso Turistico,Sin Categoria,"Cervantes, 6 3º Izda.",Calle,De Cervantes,6,,,,3,IZQ,28014,Madrid,VT-12083
Viviendas De Uso Turistico,Sin Categoria,"Cervantes, 6 3º Dcha.",Calle,De Cervantes,6,,,,3,DCHA,28014,Madrid,VT-12084
Viviendas De Uso Turistico,Sin Categoria,"Cervantes, 6 4º Duplex Izq.",Calle,De Cervantes,6,,,,4-DUPL,IZQ,28014,Madrid,VT-12085
Viviendas De Uso Turistico,Sin Categoria,"Cervantes, 6 4º Duplex. Dcha.",Calle,De Cervantes,6,,,,4-DUPL,DCHA,28014,Madrid,VT-12086
Viviendas De Uso Turistico,Sin Categoria,"Cervantes, 12 1º Dcha.",Calle,De Cervantes,12,,,,1,DCHA,28014,Madrid,VT-12087
Viviendas De Uso Turistico,Sin Categoria,"Cervantes, 12 1º Izq.",Calle,De Cervantes,12,,,,1,IZQ,28014,Madrid,VT-12088
Viviendas De Uso Turistico,Sin Categoria,"Cervantes, 12 2º Dcha.",Calle,De Cervantes,12,,,,2,DCHA,28014,Madrid,VT-12089
Viviendas De Uso Turistico,Sin Categoria,"Cervantes, 12 2º Izda.",Calle,De Cervantes,12,,,,2,IZQ,28014,Madrid,VT-12090
Viviendas De Uso Turistico,Sin Categoria,"Cervantes, 12 3º Dcha.",Calle,De Cervantes,12,,,,3,DCHA,28014,Madrid,VT-12091
Viviendas De Uso Turistico,Sin Categoria,"Cervantes, 12 3º Izda.",Calle,De Cervantes,12,,,,3,IZQ,28014,Madrid,VT-12092
Viviendas De Uso Turistico,Sin Categoria,"Cervantes, 12 4º Dup. Izda.",Calle,De Cervantes,12,,,,4,DUP. I,28014,Madrid,VT-12093
Viviendas De Uso Turistico,Sin Categoria,"Cervantes, 12 4º Dup. D",Calle,De Cervantes,12,,,,4,DUP. D,28014,Madrid,VT-12094
Viviendas De Uso Turistico,Sin Categoria,"Cervantes, 12 4º Dcha.",Calle,De Cervantes,12,,,,4,DCHA,28014,Madrid,VT-12095
Viviendas De Uso Turistico,Sin Categoria,"Cervantes, 12 4º Izda.",Calle,De Cervantes,12,,,,4,IZQ,28014,Madrid,VT-12096
Viviendas De Uso Turistico,Sin Categoria,"Cervantes, 12 5º Izda.",Calle,De Cervantes,12,,,,5,IZQ,28014,Madrid,VT-12097
Viviendas De Uso Turistico,Sin Categoria,"Cervantes, 12 5º Dcha.",Calle,De Cervantes,12,,,,5,DCHA,28014,Madrid,VT-12098
Viviendas De Uso Turistico,Sin Categoria,"San Pedro Martir, 9 1º E",Calle,De San Pedro Mártir,9,,,,1,E,28012,Madrid,VT-12100
Viviendas De Uso Turistico,Sin Categoria,"General Ricardos, Nº 196, Esc. Iz. 1º D",Calle,Del General Ricardos,196,,,,ESC.-I,D,,Madrid,VT-12684
Viviendas De Uso Turistico,Sin Categoria,"Donostiarra, Nº 5, Bajo 3",Avenida,De Donostiarra,5,,,,BAJO,3,28027,Madrid,VT-12685
Viviendas De Uso Turistico,Sin Categoria,"Artistas, Nº 19",Calle,Artistas,19,,,,,,28296,Santa María De La Alameda,VT-12689
Viviendas De Uso Turistico,Sin Categoria,"Goyeneche, Nº 4",Calle,De Goyeneche,4,,,,,,28026,Madrid,VT-12690
Viviendas De Uso Turistico,Sin Categoria,"Tabernillas, Nº 6, Bajo",Calle,De Tabernillas,6,,,,BAJO,A,28005,Madrid,VT-12691
Viviendas De Uso Turistico,Sin Categoria,"Pio Xii, Nº 75, Bajo B",Avenida,De Pío Xii,75,,,,BAJO,B,,Madrid,VT-12693
Viviendas De Uso Turistico,Sin Categoria,"Almansa, Nº 102, Portal C, Esc. 3, 8º A",Calle,De Almansa,102,,C,3,8,A,,Madrid,VT-12694
Viviendas De Uso Turistico,Sin Categoria,"Doctor Guiu, Nº 22a, Bajo",Calle,Del Doctor Guiu,22,,,,BAJO,,28035,Madrid,VT-12695
Viviendas De Uso Turistico,Sin Categoria,"Peña Prieta, Nº 10, 2º F",Avenida,De Peña Prieta,10,,,,2,F,28038,Madrid,VT-12696
Viviendas De Uso Turistico,Sin Categoria,"Motilla Del Palancar, Nº 41, 3º D",Calle,De Motilla Del Palancar,41,,,,3,D,28043,Madrid,VT-12697
Viviendas De Uso Turistico,Sin Categoria,"General Ricardos, Nº 196, Esc. Iz., 3º C",Calle,Del General Ricardos,196,,,IZQ,3,C,,Madrid,VT-12698
Viviendas De Uso Turistico,Sin Categoria,"Encomienda, Nº 8, Bajo 1",Calle,De La Encomienda,8,,,,BAJO,1,28012,Madrid,VT-12700
Viviendas De Uso Turistico,Sin Categoria,"Nuñez De Balboa, Nº 118, 4º A",Calle,De Núñez De Balboa,118,,,,4,A,,Madrid,VT-12701
Viviendas De Uso Turistico,Sin Categoria,"Valencia, Nº 14, 1º Centro Ext.",Ronda,De Valencia,14,,,,1,C EX,28012,Madrid,VT-12704
Viviendas De Uso Turistico,Sin Categoria,"Niza, Nº 10, Esc. 1, 4º B",Calle,De Niza,10,,,1,4,B,28022,Madrid,VT-12705
Viviendas De Uso Turistico,Sin Categoria,"Zurich, Nº 37",Calle,Zurich,37,,,,,,28294,Robledo De Chavela,VT-12706
Viviendas De Uso Turistico,Sin Categoria,"Galeria De Robles, Nº 5, Esc. Int. 1º Dcha",Calle,De La Galería De Robles,5,,,INT,1,DCHA,28004,Madrid,VT-12707
Viviendas De Uso Turistico,Sin Categoria,"Campezo, Nº 9, Bl 1, 2-2, 2º E",Calle,De Campezo,9,1,2-2,,2,E,28022,Madrid,VT-12708
Viviendas De Uso Turistico,Sin Categoria,"Lopez Grass, Nº 50, Bajo B",Calle,De López Grass,50,,,,BAJO,B,28038,Madrid,VT-12709
Viviendas De Uso Turistico,Sin Categoria,"Achuri, Nº 25, 3º B",Calle,De Achuri,25,,,,3,B,28017,Madrid,VT-12710
Viviendas De Uso Turistico,Sin Categoria,"Augusto Figueroa, Nº 9, 2º 6",Calle,De Augusto Figueroa,9,,,,2,6,28004,Madrid,VT-12711
Viviendas De Uso Turistico,Sin Categoria,"Josep Pla, Nº 14, 9º Da",Calle,De Josep Pla,14,,,,9,DA,28002,Madrid,VT-12712
Viviendas De Uso Turistico,Sin Categoria,"Torremolinos, Nº 20, Bajo A",Calle,De Torremolinos,20,,,,BAJO,A,28018,Madrid,VT-12713
Viviendas De Uso Turistico,Sin Categoria,"Josep Pla, Nº 26, 1º A",Calle,De Josep Pla,26,,,,1,A,28002,Madrid,VT-12714
Viviendas De Uso Turistico,Sin Categoria,"Salitre, Nº 45, Bajo",Calle,De Salitre,45,,,,BAJO,,28012,Madrid,VT-12715
Viviendas De Uso Turistico,Sin Categoria,"O'donnell, 25 7º Izq.",Calle,De O'donnell,25,,,,7,IZQ,,Madrid,VT-12717
Viviendas De Uso Turistico,Sin Categoria,"Manuel Aleixandre, 2 3º A",Calle,De Manuel Aleixandre,2,,,,3,A,28045,Madrid,VT-12718
Viviendas De Uso Turistico,Sin Categoria,"Pez, 12 Bajo Pta. 3",Calle,Del Pez,12,,,,BAJO,PTA. 3,28004,Madrid,VT-12719
Viviendas De Uso Turistico,Sin Categoria,"Doctor Cortezo, 12 5º Ext. Pta. 1",Calle,Del Doctor Cortezo,12,,,EX,5,1,28012,Madrid,VT-12721
Viviendas De Uso Turistico,Sin Categoria,"Caramuel, 32 2º Izda.",Calle,De Caramuel,32,,,,2,IZQ,,Madrid,VT-12722
Hotel,5 Estrellas L,Four Seasons Madrid,Calle,De Sevilla,3,,,,,,28014,Madrid,HM-4927
Viviendas De Uso Turistico,Sin Categoria,"Travesia De Maria Juana, 7, Bajo 1",Travesia,De María Juana,7,,,,BAJO,1,28039,Madrid,VT-12111
Viviendas De Uso Turistico,Sin Categoria,"Salitre, 60, 1º B",Calle,De Salitre,60,,,,1,B,28012,Madrid,VT-12112
Viviendas De Uso Turistico,Sin Categoria,"Los Escoriales, 26, Bajo",Calle,Los Escoriales,26,,,,B,,28440,Guadarrama,VT-12113
Viviendas De Uso Turistico,Sin Categoria,"Cadiz, 9, 3º 2",Calle,De Cádiz,9,,,,3,2,28012,Madrid,VT-12114
Viviendas De Uso Turistico,Sin Categoria,"Paseo De La Habana, 134, Portal B, 6º D",Paseo,De La Habana,134,,,,P.B--6,D,28036,Madrid,VT-12115
Viviendas De Uso Turistico,Sin Categoria,"Hernan Cortes, 18 Cc Esc. A Pta. Esp",Calle,De Hernán Cortés,18,,,,"ESC.A,",PTA. E,28004,Madrid,VT-12116
Viviendas De Uso Turistico,Sin Categoria,"Hernan Cortes, 18-1º Esc. 01 Pta. 01",Calle,De Hernán Cortés,18,,,,ESC.O1,PTA. 0,28004,Madrid,VT-12117
Viviendas De Uso Turistico,Sin Categoria,"Hernan Cortes, 18-3º Esc. 01, Pta.  01",Calle,De Hernán Cortés,18,,,,ESC.-0,PTA.01,28004,Madrid,VT-12118
Viviendas De Uso Turistico,Sin Categoria,"Hernan Cortes, 18-4º Esc.01, Pta. Cn",Calle,De Hernán Cortés,18,,,,ESC.01,PTA. C,28004,Madrid,VT-12119
Viviendas De Uso Turistico,Sin Categoria,"Hernan Cortes, 18, 4º Esc. 0º, Pta. Izq.",Calle,De Hernán Cortés,18,,,,ESC.01,PTA. I,28004,Madrid,VT-12120
Viviendas De Uso Turistico,Sin Categoria,"Hernan Cortes, 18 4º Esc. 02 Pta. Izq.",Calle,De Hernán Cortés,18,,,,ESC.-0,PTA. I,28004,Madrid,VT-12121
Viviendas De Uso Turistico,Sin Categoria,"Hernan Cortes, 18-4º Esc. 01, Pta. Izq.",Calle,De Hernán Cortés,18,,,,ESC.-0,PTA. I,28004,Madrid,VT-12122
Viviendas De Uso Turistico,Sin Categoria,"Hernan Cortes, 18 1º Esc. 02 Pta. Dcha.",Calle,De Hernán Cortés,18,,,,ESC.02,PTA.DC,28004,Madrid,VT-12123
Viviendas De Uso Turistico,Sin Categoria,"Hernan Cortes, 18 1º Esc. 02 Pta. Izq.",Calle,De Hernán Cortés,18,,,,ESC.-0,PTA. I,28004,Madrid,VT-12124
Viviendas De Uso Turistico,Sin Categoria,"Hernan Cortes, 18 2º Esc. 02 Pta. Dcha.",Calle,De Hernán Cortés,18,,,,ESC.-0,PTA. D,28004,Madrid,VT-12125
Viviendas De Uso Turistico,Sin Categoria,"Hernan Cortes, 18 2º Esc. 02, Pta. Izq.",Calle,De Hernán Cortés,18,,,,ESC.-0,PTA. I,28004,Madrid,VT-12126
Viviendas De Uso Turistico,Sin Categoria,"Hernan Cortes, 18 3º Esc. 02 Pta. Dcha.",Calle,De Hernán Cortés,18,,,,ESC.-0,PTA. D,28004,Madrid,VT-12127
Viviendas De Uso Turistico,Sin Categoria,"Hernan Cortes, 18 3º Esc. 02, Pta. Izq.",Calle,De Hernán Cortés,18,,,,ESC.-0,PTA. I,28004,Madrid,VT-12128
Viviendas De Uso Turistico,Sin Categoria,"Olivar, 25, Bajo",Calle,Del Olivar,25,,,,BAJO,,28012,Madrid,VT-12133
Viviendas De Uso Turistico,Sin Categoria,"Ayala, 63-1º B",Calle,De Ayala,63,,,,1,B,,Madrid,VT-12135
Viviendas De Uso Turistico,Sin Categoria,"Ayala, 63-2º A",Calle,De Ayala,63,,,,2,A,,Madrid,VT-12136
Viviendas De Uso Turistico,Sin Categoria,"Ayala, 63 2º B",Calle,De Ayala,63,,,,2,B,,Madrid,VT-12137
Viviendas De Uso Turistico,Sin Categoria,"Ayala, 63-2º C",Calle,De Ayala,63,,,,2,C,,Madrid,VT-12138
Viviendas De Uso Turistico,Sin Categoria,"Ayala, 63-3º A",Calle,De Ayala,63,,,,3,A,,Madrid,VT-12139
Viviendas De Uso Turistico,Sin Categoria,"Ayala, 63-3º B",Calle,De Ayala,63,,,,3,B,,Madrid,VT-12140
Viviendas De Uso Turistico,Sin Categoria,"Ayala, 63-3º C",Calle,De Ayala,63,,,,3,C,,Madrid,VT-12141
Viviendas De Uso Turistico,Sin Categoria,"Ayala, 63-4º A",Calle,De Ayala,63,,,,4,A,,Madrid,VT-12142
Viviendas De Uso Turistico,Sin Categoria,"Leganitos, 6 3º B",Calle,De Leganitos,6,,,,3,B,28013,Madrid,VT-12723
Viviendas De Uso Turistico,Sin Categoria,"Peranche, Nº 11",Calle,Peranche,11,,,,,,28740,Rascafría,VT-12724
Viviendas De Uso Turistico,Sin Categoria,"España, Nº 18, 11º 2",Plaza,De España,18,,,,11,2,,Madrid,VT-12726
Viviendas De Uso Turistico,Sin Categoria,"Delicias, 13, Esc. Entro, 2º Cder",Paseo,De Las Delicias,13,,,CENTRO,2,C-DER,28045,Madrid,VT-12727
Viviendas De Uso Turistico,Sin Categoria,"Amparo, 51 3º Ext. Dcha.",Calle,Del Amparo,51,,,,3,DCH,28012,Madrid,VT-12732
Viviendas De Uso Turistico,Sin Categoria,"Buenavista, 44 4º Pta. 5",Calle,De Buenavista,44,,,,4,5,28012,Madrid,VT-12733
Viviendas De Uso Turistico,Sin Categoria,"Sombrereria, 10 3º Pta. 6",Calle,De Sombrerería,10,,,,3,PTA. 6,28012,Madrid,VT-12734
Viviendas De Uso Turistico,Sin Categoria,"Rodas, Nº 7, Bajo 2",Calle,De Rodas,7,,,,BAJO,2,28005,Madrid,VT-12735
Viviendas De Uso Turistico,Sin Categoria,"Palomar, Nº 8, Bajo",Calle,Palomar,8,,,,BAJO,,28350,Ciempozuelos,VT-12736
Viviendas De Uso Turistico,Sin Categoria,"Encomienda, , 18 2º Dcha.",Calle,De La Encomienda,18,,,,2,DCHA,28012,Madrid,VT-12737
Viviendas De Uso Turistico,Sin Categoria,"Valderribas, Nº 6, Bajo",Calle,De Valderribas,6,,,,BAJO,,28007,Madrid,VT-12738
Viviendas De Uso Turistico,Sin Categoria,"Atocha, 33 1º D2",Calle,De Atocha,33,,,,1,D2,28012,Madrid,VT-12739
Viviendas De Uso Turistico,Sin Categoria,"Alonso Cano, 36 6º C",Calle,De Alonso Cano,36,,,,6,C,,Madrid,VT-12740
Viviendas De Uso Turistico,Sin Categoria,"Delicias, 29 Bajo B",Calle,De Delicias,29,,,,BAJO,B,28045,Madrid,VT-12741
Viviendas De Uso Turistico,Sin Categoria,"Ancha Particular, 7 3º Pta. 1",Calle,Ancha Particular,7,,,,3,PTA. 1,28300,Aranjuez,VT-12743
Viviendas De Uso Turistico,Sin Categoria,"Puerta De Toledo, Nº 3, 5º 3",Glorieta,De Puerta De Toledo,3,,,,5,3,28005,Madrid,VT-12744
Viviendas De Uso Turistico,Sin Categoria,"Ciudad Real, Nº 18, Esc. Int. Bajo A",Calle,De Ciudad Real,18,,,INT,0,A,28045,Madrid,VT-12747
Viviendas De Uso Turistico,Sin Categoria,"Virtudes, Nº 20, Bajo 6",Calle,De Las Virtudes,20,,,,BAJO,6,28010,Madrid,VT-12749
Viviendas De Uso Turistico,Sin Categoria,"La Bañeza, Nº 31, Bajo Pb",Calle,De La Bañeza,31,,,,BAJO,PB,,Madrid,VT-12750
Viviendas De Uso Turistico,Sin Categoria,"Tribulete, Nº 25, 2º 16",Calle,De Tribulete,25,,,,2,16,28012,Madrid,VT-12752
Viviendas De Uso Turistico,Sin Categoria,"Fernandez De Los Rios, Nº 36, Esc. Int. , 4º Ct Dr",Calle,De Fernández De Los Ríos,36,,,INT,4,CT DR,28015,Madrid,VT-12753
Viviendas De Uso Turistico,Sin Categoria,"Vizcaya, Nº 6, 5º A",Calle,De Vizcaya,6,,,,5,A,28045,Madrid,VT-12754
Viviendas De Uso Turistico,Sin Categoria,"Gomeznarro, 162 Bajo",Calle,De Gomeznarro,162,,,,BAJO,,28043,Madrid,VT-12755
Viviendas De Uso Turistico,Sin Categoria,"Bravo Murillo, 23 5º Esc. 2 Pta. A",Calle,De Bravo Murillo,23,,,2,5,A,,Madrid,VT-12756
Viviendas De Uso Turistico,Sin Categoria,"Toledo, 107 4º Centro",Calle,De Toledo,107,,,,4,CENTRO,28005,Madrid,VT-12758
Viviendas De Uso Turistico,Sin Categoria,"Fernando Giraldez, Nº 41, 4º A",Calle,De Fernando Giráldez,41,,,,4,A,28038,Madrid,VT-12760
Viviendas De Uso Turistico,Sin Categoria,"Andres Torrejon, Nº 4, 4º C",Calle,De Andrés Torrejón,4,,,,4,C,28014,Madrid,VT-12761
Viviendas De Uso Turistico,Sin Categoria,"Granada, Nº 43, 6º C",Calle,De Granada,43,,,,6,C,28007,Madrid,VT-12762
Viviendas De Uso Turistico,Sin Categoria,,Calle,Jorge Manrique,1,,,,Bajo,,28150,Valdetorres De Jarama,VT-13280
Hostal,1-hostal,Ruano,Calle,Mayor,1,,,,3,DCH,28013,Madrid,HM-1445
Hostal,1-hostal,La Estacion,Ronda,De Atocha,3,,,,7,,28012,Madrid,HM-153
Viviendas De Uso Turistico,Sin Categoria,,Calle,De San Pedro,26,,,,BAJ,2,28014,Madrid,VT-8542
Hotel,4-hotel,Hotel Villa Odon,Avenida,Quitapesares,35,,,,,,28670,Villaviciosa De Odón,HM-4526
Hostal,2-hostal,Odesa,Calle,De Hortaleza,38,,,,3,IZQ,28004,Madrid,HM-3803
Casa Rural,Casa Rural,Casa Rural Sierra Oeste,Avenida,De La Cruz Verde,31,,,,,,28293,Zarzalejo,TR-402
Viviendas De Uso Turistico,Sin Categoria,"Ayala, 63-4º B",Calle,De Ayala,63,,,,4,B,,Madrid,VT-12143
Viviendas De Uso Turistico,Sin Categoria,"Ayala, 63-4º C",Calle,De Ayala,63,,,,4,C,,Madrid,VT-12144
Viviendas De Uso Turistico,Sin Categoria,"Ayala, 63-5º A",Calle,De Ayala,63,,,,5,A,,Madrid,VT-12145
Viviendas De Uso Turistico,Sin Categoria,"Ayala, 63-5º B",Calle,De Ayala,63,,,,5,B,,Madrid,VT-12146
Viviendas De Uso Turistico,Sin Categoria,"Ayala, 63-5º C",Calle,De Ayala,63,,,,5,C,,Madrid,VT-12147
Viviendas De Uso Turistico,Sin Categoria,"Ayala, 63-6º A",Calle,De Ayala,63,,,,6,A,,Madrid,VT-12148
Viviendas De Uso Turistico,Sin Categoria,"Ayala, 63-6º B",Calle,De Ayala,63,,,,6,B,,Madrid,VT-12149
Viviendas De Uso Turistico,Sin Categoria,"Ayala, 63-7º A",Calle,De Ayala,63,,,,7,A,,Madrid,VT-12150
Viviendas De Uso Turistico,Sin Categoria,"Ayala, 63-7º B",Calle,De Ayala,63,,,,7,B,,Madrid,VT-12151
Viviendas De Uso Turistico,Sin Categoria,"General Pardiñas, 48, Esc. Ext, 1º Dcha",Calle,Del General Pardiñas,48,,,,ESC.EX,DCHA,,Madrid,VT-12153
Viviendas De Uso Turistico,Sin Categoria,"Almendrales, 18, Bajo 6",Calle,De Almendrales,18,,,,BAJO,6,28026,Madrid,VT-12154
Viviendas De Uso Turistico,Sin Categoria,"Almendrales, 18, Bajo 8",Calle,De Almendrales,18,,,,BAJO,8,28026,Madrid,VT-12155
Viviendas De Uso Turistico,Sin Categoria,"Almendrales, 18, Bajo 1",Calle,De Almendrales,18,,,,BAJO,1,28026,Madrid,VT-12156
Viviendas De Uso Turistico,Sin Categoria,"Almendrales, 18, Bajo 2",Calle,De Almendrales,18,,,,BAJO,2,28026,Madrid,VT-12157
Viviendas De Uso Turistico,Sin Categoria,"Almendrales, 18, Bajo 7",Calle,De Almendrales,18,,,,BAJO,7,28026,Madrid,VT-12158
Viviendas De Uso Turistico,Sin Categoria,"Almendrales, 18, Bajo 3",Calle,De Almendrales,18,,,,BAJO,3,28026,Madrid,VT-12159
Viviendas De Uso Turistico,Sin Categoria,"Almendrales, 18, Bajo 4",Calle,De Almendrales,18,,,,BAJO,4,28026,Madrid,VT-12160
Viviendas De Uso Turistico,Sin Categoria,"Albufera, 29,  5º C",Avenida,De La Albufera,29,,,,5,C,,Madrid,VT-12161
Viviendas De Uso Turistico,Sin Categoria,"Espiritu Santo, 6, 2º Iz",Calle,Del Espíritu Santo,6,,,,2,IZ,28004,Madrid,VT-12162
Viviendas De Uso Turistico,Sin Categoria,"Robles, 16 2º Pta. 1",Calle,De Robles,16,,,,2,1,28053,Madrid,VT-12163
Viviendas De Uso Turistico,Sin Categoria,"Genova, 4 2º Izda.",Calle,De Génova,4,,,,2,IZQ,28004,Madrid,VT-12164
Viviendas De Uso Turistico,Sin Categoria,"Minas, 7 1º Izda.",Calle,De Las Minas,7,,,,1,IZQ,28004,Madrid,VT-12165
Viviendas De Uso Turistico,Sin Categoria,"Victoria, 1 5º Esc. 1 Pta. 2",Calle,De La Victoria,1,,,1,5,2,28012,Madrid,VT-12166
Viviendas De Uso Turistico,Sin Categoria,"Abelias, 16 Bajo",Calle,De Las Abelias,16,,,,BAJO,,28042,Madrid,VT-12167
Viviendas De Uso Turistico,Sin Categoria,"Cruces, 14 2º Esc 2 Pta. A",Calle,De Las Cruces,14,,,,2,ESC2 P,28491,Navacerrada,VT-12169
Viviendas De Uso Turistico,Sin Categoria,"Francisco Paino, 28 2º Dcha.",Calle,De Francisco Paino,28,,,,2,DCHA,28025,Madrid,VT-12170
Viviendas De Uso Turistico,Sin Categoria,"Antonio Lopez, 13 2º D",Calle,De Antonio López,13,,,,2,D,,Madrid,VT-12171
Viviendas De Uso Turistico,Sin Categoria,"Mercedes Arteaga, 48 5º E",Calle,De Mercedes Arteaga,48,,,,5,E,28019,Madrid,VT-12172
Viviendas De Uso Turistico,Sin Categoria,"Corredera Baja De San Pablo, 10, 4º C",Calle,De La Corredera Baja De San Pablo,10,,,,4,C,28004,Madrid,VT-12173
Viviendas De Uso Turistico,Sin Categoria,"Cava Baja, 30, 2º A",Calle,De La Cava Baja,30,,,,2,A,28005,Madrid,VT-12174
Viviendas De Uso Turistico,Sin Categoria,"Hortaleza, 104, 4º 4",Calle,De Hortaleza,104,,,,4,4,28004,Madrid,VT-12176
Viviendas De Uso Turistico,Sin Categoria,"Desengaño, 12, 4º 1",Calle,Del Desengaño,12,,,,4,1,28004,Madrid,VT-12177
Viviendas De Uso Turistico,Sin Categoria,"Marques De Santa Ana, 11, Bajo Dcha",Calle,Del Marqués De Santa Ana,11,,,,BAJO,DCHA,28004,Madrid,VT-12178
Viviendas De Uso Turistico,Sin Categoria,"Fuencarral, 71, 2º Dcha",Calle,De Fuencarral,71,,,,2,DCHA,,Madrid,VT-12179
Viviendas De Uso Turistico,Sin Categoria,"Sanchez Pacheco, Nº 44, Bajo B",Calle,De Sánchez Pacheco,44,,,,BAJO,B,28002,Madrid,VT-12180
Viviendas De Uso Turistico,Sin Categoria,"Sanchez Pacheco, Nº 44, 1º A",Calle,De Sánchez Pacheco,44,,,,1,A,28002,Madrid,VT-12181
Viviendas De Uso Turistico,Sin Categoria,"Sanchez Pacheco, Nº 44, 1º B",Calle,De Sánchez Pacheco,44,,,,1,B,28002,Madrid,VT-12182
Viviendas De Uso Turistico,Sin Categoria,"Sanchez Pacheco, Nº 44, 2º A",Calle,De Sánchez Pacheco,44,,,,2,A,28002,Madrid,VT-12183
Viviendas De Uso Turistico,Sin Categoria,"Ave Maria, Nº 17, 6º B",Calle,De Ave María,17,,,,6,B,28012,Madrid,VT-12763
Viviendas De Uso Turistico,Sin Categoria,"Mariano Vela, Nº 45, 3º B",Calle,De Mariano Vela,45,,,,3,B,28026,Madrid,VT-12764
Viviendas De Uso Turistico,Sin Categoria,"Aguileñas, Nº 15, Bajo 3.3",Calle,De Aguileñas,15,,,,BAJO,3.3,28029,Madrid,VT-12765
Viviendas De Uso Turistico,Sin Categoria,"Delicias, Nº 143, 1º 2",Paseo,De Las Delicias,143,,,,1,2,28045,Madrid,VT-12766
Viviendas De Uso Turistico,Sin Categoria,"Malcampo, 18 3º Pta. 5",Calle,De Malcampo,18,,,,3,PTA. 5,28002,Madrid,VT-12767
Viviendas De Uso Turistico,Sin Categoria,"Limon, 16 2º D",Calle,Del Limón,16,,,,3,D,28015,Madrid,VT-12768
Viviendas De Uso Turistico,Sin Categoria,"Olivos, 4",Calle,Olivos,4,,,,,,28696,Pelayos De La Presa,VT-12769
Viviendas De Uso Turistico,Sin Categoria,"Lain Calvo, 13 Bajo Esc. Centro Pta. Izq.",Calle,De Laín Calvo,13,,,CTRO,BAJO,IZQ,28011,Madrid,VT-12770
Viviendas De Uso Turistico,Sin Categoria,"Timbales, 3 5º Pta. 2",Calle,De Los Timbales,3,,,,5,PTA. 2,28054,Madrid,VT-12771
Viviendas De Uso Turistico,Sin Categoria,"Antonio Arias, 4 1º Pta. 2",Calle,De Antonio Arias,4,,,,1,D,28009,Madrid,VT-12772
Viviendas De Uso Turistico,Sin Categoria,"Mejico, 49 3º E",Calle,De Méjico,49,,,,3,E,28028,Madrid,VT-12773
Viviendas De Uso Turistico,Sin Categoria,"Lopez De Hoyos, 336  Esc. 3  5º B",Calle,De López De Hoyos,336,,,,5,B,,Madrid,VT-12774
Viviendas De Uso Turistico,Sin Categoria,"Conde De Cartagena,45",Calle,Del Conde De Cartagena,45,,,,,,28007,Madrid,VT-12775
Viviendas De Uso Turistico,Sin Categoria,"Gobernador, 3 3º Pta. 1",Calle,Del Gobernador,3,,,,3,1,28014,Madrid,VT-12776
Viviendas De Uso Turistico,Sin Categoria,"Las Matas, 2 4º C",Calle,De Las Matas,2,,,,4,C,28039,Madrid,VT-12777
Viviendas De Uso Turistico,Sin Categoria,"Amparo, 58 3º B",Calle,Del Amparo,58,,,,3,B,28012,Madrid,VT-12779
Viviendas De Uso Turistico,Sin Categoria,"Costanilla Angeles, 14",Costanilla,De Los Ángeles,14,,,,1,,28013,Madrid,VT-12780
Viviendas De Uso Turistico,Sin Categoria,"San Hermenegildo, 24 1º A",Calle,De San Hermenegildo,24,,,,1,A,28015,Madrid,VT-12781
Viviendas De Uso Turistico,Sin Categoria,"Angeles, 14 3º",Costanilla,De Los Ángeles,14,,,,3,,28013,Madrid,VT-12782
Viviendas De Uso Turistico,Sin Categoria,"Angeles, 14 4º",Costanilla,De Los Ángeles,14,,,,4,,28013,Madrid,VT-12783
Viviendas De Uso Turistico,Sin Categoria,"Angeles, 14 2º",Costanilla,De Los Ángeles,14,,,,2,,28013,Madrid,VT-12784
Viviendas De Uso Turistico,Sin Categoria,"Vallehermoso, 39 Ss Dcha",Calle,De Vallehermoso,39,,,,SS,DCHA,,Madrid,VT-12785
Viviendas De Uso Turistico,Sin Categoria,"Avda. Rosal, 5",Avenida,Del Rosal,5,,,,,,28491,Navacerrada,VT-12786
Viviendas De Uso Turistico,Sin Categoria,"Juanelo, 18 Bajo Interior Izda.",Calle,De Juanelo,18,,,,BAJO,INT IZ,28012,Madrid,VT-12787
Viviendas De Uso Turistico,Sin Categoria,"Orense, 26 7º Pta. E",Calle,De Orense,26,,,,7,E,28020,Madrid,VT-12788
Viviendas De Uso Turistico,Sin Categoria,"Antonio Toledano, 28 Bajo 4a",Calle,De Antonio Toledano,28,,,,BAJO,4A,28028,Madrid,VT-12789
Viviendas De Uso Turistico,Sin Categoria,"Cardenal Cisneros, 52 4º Centro",Calle,Del Cardenal Cisneros,52,,,,4,CENTRO,28010,Madrid,VT-12790
Viviendas De Uso Turistico,Sin Categoria,"Lagasca, 10 Bajo L1",Calle,De Lagasca,10,,,,BAJO,L1,,Madrid,VT-12791
Viviendas De Uso Turistico,Sin Categoria,"Magdalena, 11 3º Dcha",Calle,De La Magdalena,11,,,,3,DCHA,28012,Madrid,VT-12792
Viviendas De Uso Turistico,Sin Categoria,"Prado, 10 1º B",Calle,Del Prado,10,,,,1,B,28014,Madrid,VT-12793
Viviendas De Uso Turistico,Sin Categoria,"Valle De Cerrato, 5 Esc. 4 Pta. C",Calle,Valle Del Cerrato,5,,,4,2,C,28229,Villanueva Del Pardillo,VT-12794
Viviendas De Uso Turistico,Sin Categoria,"Paseo Virgen Del Puerto, 29 1º A",Paseo,De La Virgen Del Puerto,29,,,,1,A,28005,Madrid,VT-12795
Viviendas De Uso Turistico,Sin Categoria,"Costa Del Sol, 13 Bajo Pta. 5",Calle,De La Costa Del Sol,13,,,,BAJO,5,28033,Madrid,VT-12796
Viviendas De Uso Turistico,Sin Categoria,"Prado, 10 1º F",Calle,Del Prado,10,,,,1,F,28014,Madrid,VT-12797
Viviendas De Uso Turistico,Sin Categoria,"Alhambra, Nº 38 Bajo",Calle,Alhambra,38,,,,BAJO,,28320,Pinto,VT-12800
Viviendas De Uso Turistico,Sin Categoria,"Mediodia Grande, Nº 14, Bajo 2",Calle,Del Mediodía Grande,14,,,,BAJO,2,28005,Madrid,VT-12801
Viviendas De Uso Turistico,Sin Categoria,"Oriente, 5 2º Izda.",Calle,De Oriente,5,,,,2,IZQ,28005,Madrid,VT-12802
Hotel,1-hotel,Hotel Riojano,Calle,De Las Islas Cíes,1 A,,-,-,0,-,28970,Humanes De Madrid,HM-4922
Viviendas De Uso Turistico,Sin Categoria,,Calle,Caballero De Gracia,8,,,,4,6,28013,Madrid,VT-3188
Apartamento Rural,Apartamento Rural,Piedra Libre,Calle,De Las Amapolas,9,,,,,,28410,Manzanares El Real,TR-398
Hostal,3-hostal,Hostal Anton Martin,Calle,Magdalena,29,,,,"0,1,2",,28012,Madrid,HM-3636
Viviendas De Uso Turistico,Sin Categoria,"Sanchez Pacheco, Nº 44 , 2º B",Calle,De Sánchez Pacheco,44,,,,2,B,28002,Madrid,VT-12184
Viviendas De Uso Turistico,Sin Categoria,"Sanchez Pacheco, Nº 44, 3º A",Calle,De Sánchez Pacheco,44,,,,3,A,28002,Madrid,VT-12185
Viviendas De Uso Turistico,Sin Categoria,"Sanchez Pacheco, Nº 44, 3º B",Calle,De Sánchez Pacheco,44,,,,3,B,28002,Madrid,VT-12186
Viviendas De Uso Turistico,Sin Categoria,"Sanchez Pacheco, Nº 46, Bajo A",Calle,De Sánchez Pacheco,46,,,,BAJO,A,28002,Madrid,VT-12187
Viviendas De Uso Turistico,Sin Categoria,"Sanchez Pacheco, Nº 46, 1º A",Calle,De Sánchez Pacheco,46,,,,1,A,28002,Madrid,VT-12188
Viviendas De Uso Turistico,Sin Categoria,"Sanchez Pacheco, Nº 46, 1º B",Calle,De Sánchez Pacheco,46,,,,1,B,28002,Madrid,VT-12189
Viviendas De Uso Turistico,Sin Categoria,"Sanchez Pacheco, Nº 46, 1º C",Calle,De Sánchez Pacheco,46,,,,1,C,28002,Madrid,VT-12190
Viviendas De Uso Turistico,Sin Categoria,"Sanchez Pacheco, Nº 46, 1º D",Calle,De Sánchez Pacheco,46,,,,1,D,28002,Madrid,VT-12191
Viviendas De Uso Turistico,Sin Categoria,"Sanchez Pacheco, Nº 46, 1º E",Calle,De Sánchez Pacheco,46,,,,1,E,28002,Madrid,VT-12192
Viviendas De Uso Turistico,Sin Categoria,"Sanchez Pacheco, Nº 46, 1º F",Calle,De Sánchez Pacheco,46,,,,1,F,28002,Madrid,VT-12193
Viviendas De Uso Turistico,Sin Categoria,"Sanchez Pacheco, Nº 46, 1º G",Calle,De Sánchez Pacheco,46,,,,1,G,28002,Madrid,VT-12194
Viviendas De Uso Turistico,Sin Categoria,"Sanchez Pacheco, Nº 46, 1º H",Calle,De Sánchez Pacheco,46,,,,1,H,28002,Madrid,VT-12195
Viviendas De Uso Turistico,Sin Categoria,"Sanchez Pacheco, Nº 46, 1º I",Calle,De Sánchez Pacheco,46,,,,1,I,28002,Madrid,VT-12196
Viviendas De Uso Turistico,Sin Categoria,"Sanchez Pacheco, Nº 46, 1º J",Calle,De Sánchez Pacheco,46,,,,1,J,28002,Madrid,VT-12197
Viviendas De Uso Turistico,Sin Categoria,"Sanchez Pacheco, Nº 46, 2º A",Calle,De Sánchez Pacheco,46,,,,2,A,28002,Madrid,VT-12198
Viviendas De Uso Turistico,Sin Categoria,"Sanchez Pacheco, Nº 46, 2º B",Calle,De Sánchez Pacheco,46,,,,2,B,28002,Madrid,VT-12199
Viviendas De Uso Turistico,Sin Categoria,"Sanchez Pacheco, Nº 46, 2º C",Calle,De Sánchez Pacheco,46,,,,2,C,28002,Madrid,VT-12200
Viviendas De Uso Turistico,Sin Categoria,"Sanchez Pacheco, Nº 46, 2º D",Calle,De Sánchez Pacheco,46,,,,2,D,28002,Madrid,VT-12201
Viviendas De Uso Turistico,Sin Categoria,"Sanchez Pacheco, Nº 46, 3º A",Calle,De Sánchez Pacheco,46,,,,3,A,28002,Madrid,VT-12202
Viviendas De Uso Turistico,Sin Categoria,"Sanchez Pacheco, Nº 46, 3º B",Calle,De Sánchez Pacheco,46,,,,3,B,28002,Madrid,VT-12203
Viviendas De Uso Turistico,Sin Categoria,"Sanchez Pacheco, Nº 46, 3º C",Calle,De Sánchez Pacheco,46,,,,3,C,28002,Madrid,VT-12204
Viviendas De Uso Turistico,Sin Categoria,"Sanchez Pacheco, Nº 46, 3º D",Calle,De Sánchez Pacheco,46,,,,3,D,28002,Madrid,VT-12205
Viviendas De Uso Turistico,Sin Categoria,"Cardenal Cisneros, 73 Bajo A",Calle,Del Cardenal Cisneros,73,,,,BAJO,A,28010,Madrid,VT-12206
Viviendas De Uso Turistico,Sin Categoria,"Cardenal Cisneros, 73 Bajo B",Calle,Del Cardenal Cisneros,73,,,,BAJO,B,28010,Madrid,VT-12207
Viviendas De Uso Turistico,Sin Categoria,"Cardenal Cisneros, 73 Bajo C",Calle,Del Cardenal Cisneros,73,,,,BAJO,C,28010,Madrid,VT-12208
Viviendas De Uso Turistico,Sin Categoria,"Cardenal Cisneros, 73-1º A",Calle,Del Cardenal Cisneros,73,,,,1,A,28010,Madrid,VT-12209
Viviendas De Uso Turistico,Sin Categoria,"Cardenal Cisneros, 73-1º B",Calle,Del Cardenal Cisneros,73,,,,1,B,28010,Madrid,VT-12210
Viviendas De Uso Turistico,Sin Categoria,"Cardenal Cisneros, 73-1º C",Calle,Del Cardenal Cisneros,73,,,,1,C,28010,Madrid,VT-12211
Viviendas De Uso Turistico,Sin Categoria,"Cardenal Cisneros, 73-1º D",Calle,Del Cardenal Cisneros,73,,,,1,D,28010,Madrid,VT-12212
Viviendas De Uso Turistico,Sin Categoria,"Cardenal Cisneros, 73-1º E",Calle,Del Cardenal Cisneros,73,,,,1,E,28010,Madrid,VT-12213
Viviendas De Uso Turistico,Sin Categoria,"Cardenal Cisneros, 73-2º A",Calle,Del Cardenal Cisneros,73,,,,2,A,28010,Madrid,VT-12214
Viviendas De Uso Turistico,Sin Categoria,"Cardenal Cisneros, 73-2º B",Calle,Del Cardenal Cisneros,73,,,,2,B,28010,Madrid,VT-12215
Viviendas De Uso Turistico,Sin Categoria,"Cardenal Cisneros, 73-2º C",Calle,Del Cardenal Cisneros,73,,,,2,C,28010,Madrid,VT-12216
Viviendas De Uso Turistico,Sin Categoria,"Cardenal Cisneros, 73 2º D",Calle,Del Cardenal Cisneros,73,,,,2,D,28010,Madrid,VT-12217
Viviendas De Uso Turistico,Sin Categoria,"Cardenal Cisneros, 73-2º E",Calle,Del Cardenal Cisneros,73,,,,2,E,28010,Madrid,VT-12218
Viviendas De Uso Turistico,Sin Categoria,"Cardenal Cisneros, 73-3º A",Calle,Del Cardenal Cisneros,73,,,,3,A,28010,Madrid,VT-12219
Viviendas De Uso Turistico,Sin Categoria,"Cardenal Cisneros, 73-3ºb",Calle,Del Cardenal Cisneros,73,,,,3,B,28010,Madrid,VT-12220
Viviendas De Uso Turistico,Sin Categoria,"Cardenal Cisneros, 73-3º C",Calle,Del Cardenal Cisneros,73,,,,3,C,28010,Madrid,VT-12221
Viviendas De Uso Turistico,Sin Categoria,"Topete, 5 3º C Bis",Calle,Del Topete,5,,,,3,C BIS,28039,Madrid,VT-12804
Viviendas De Uso Turistico,Sin Categoria,"Gavilan, 5 Bajo C",Calle,Gavilán,5,,,,BAJO,C,28330,San Martín De La Vega,VT-12805
Viviendas De Uso Turistico,Sin Categoria,"Mira El Sol, 4 1º Pta. 37",Calle,De Mira El Sol,4,,,,1,37,28005,Madrid,VT-12806
Viviendas De Uso Turistico,Sin Categoria,"Olmo, 30 1º Dcha.",Calle,Del Olmo,30,,,,1,DCHA,28012,Madrid,VT-12807
Viviendas De Uso Turistico,Sin Categoria,"Artistas, 25",Calle,De Los Artistas,25,,,,BAJO,A,28020,Madrid,VT-12808
Viviendas De Uso Turistico,Sin Categoria,"Postas, 70 1º Pta. 14",Calle,De Postas,70,,,,1,14,28300,Aranjuez,VT-12809
Viviendas De Uso Turistico,Sin Categoria,"Ruiz De Alarcon, Nº 16, Bajo Dcha.",Calle,De Ruiz De Alarcón,16,,,,BAJO,DCHA,28014,Madrid,VT-12811
Viviendas De Uso Turistico,Sin Categoria,"Velarde, Nº 5, Bajo Izq.",Calle,De Velarde,5,,,,BAJO,IZQ,28004,Madrid,VT-12812
Viviendas De Uso Turistico,Sin Categoria,"Palo De Rosa, Nº 3, Esc. 3, 6º A",Calle,De Palo De Rosa,3,,3,,6,A,28005,Madrid,VT-12814
Viviendas De Uso Turistico,Sin Categoria,"Aduana, Nº 25, Esc. E, Bajo Centro",Calle,De La Aduana,25,,,,ESC.E,CENTRO,28013,Madrid,VT-12815
Viviendas De Uso Turistico,Sin Categoria,"Silva, Nº 13, 2º 5",Calle,De Silva,14,,,,2,5,,Madrid,VT-12816
Viviendas De Uso Turistico,Sin Categoria,"San Pedro, Nº 1, 3º D",Calle,De San Pedro,1,,,,3,D,28014,Madrid,VT-12817
Viviendas De Uso Turistico,Sin Categoria,"Conde De Miranda, Nº 1, 1º 25",Calle,Del Conde De Miranda,1,,,,1,25,28005,Madrid,VT-12818
Viviendas De Uso Turistico,Sin Categoria,"Santo Domingo, Nº 1, 11º A",Plaza,De Santo Domingo,1,,,,11,A,28013,Madrid,VT-12819
Viviendas De Uso Turistico,Sin Categoria,"Sombrerete, Nº 18, 2º Dcha.",Calle,De Sombrerete,18,,,,2,DCHA,28012,Madrid,VT-12820
Viviendas De Uso Turistico,Sin Categoria,"Juan Duque, 12 5º A",Calle,De Juan Duque,12,,,,5,A,28005,Madrid,VT-12821
Viviendas De Uso Turistico,Sin Categoria,"Alfonso Xii, 60 3º Ext. Dcha.",Calle,De Alfonso Xii,60,,,EXT.,3,DCHA,28014,Madrid,VT-12822
Viviendas De Uso Turistico,Sin Categoria,"Academia, 8",Calle,De La Academia,8,,,,7,A,28014,Madrid,VT-12823
Viviendas De Uso Turistico,Sin Categoria,"Eguilaz, Nº 10, 4º Yi",Calle,De Eguilaz,10,,,,4,YI,28010,Madrid,VT-12824
Viviendas De Uso Turistico,Sin Categoria,"Cartagena, Nº 90, 4º B",Calle,De Cartagena,90,,,,4,B,,Madrid,VT-12825
Viviendas De Uso Turistico,Sin Categoria,"Cañizares, Nº 14, 2º B",Calle,De Cañizares,14,,,,2,B,28012,Madrid,VT-12826
Viviendas De Uso Turistico,Sin Categoria,"Esteban Collantes, 28 Bajo Pta. 10",Calle,De Esteban Collantes,28,,,,BAJO,10,28017,Madrid,VT-12830
Viviendas De Uso Turistico,Sin Categoria,"Meson De Paredes, Nº 1, 2º Dcha.",Calle,Del Mesón De Paredes,1,,,,2,DCHA,28012,Madrid,VT-12831
Viviendas De Uso Turistico,Sin Categoria,"Magdalena, Nº 11, 2º Dcha.",Calle,De La Magdalena,11,,,,2,DCHA,28012,Madrid,VT-12832
Viviendas De Uso Turistico,Sin Categoria,"Jazmin, Nº 2, Bajo",Calle,Del Jazmín,2,,,,BAJO,,28470,Cercedilla,VT-12833
Viviendas De Uso Turistico,Sin Categoria,"Academia, Nº 8, Esc. D, 3º D",Calle,De La Academia,8,,,,3,D,28014,Madrid,VT-12834
Viviendas De Uso Turistico,Sin Categoria,"Lope De Rueda, Nº 29, 1º Cd",Calle,De Lope De Rueda,29,,,,1,C-D,28009,Madrid,VT-12835
Viviendas De Uso Turistico,Sin Categoria,"Salitre, Nº 26, 2º 2",Calle,De Salitre,26,,,,2,2,28012,Madrid,VT-12837
Viviendas De Uso Turistico,Sin Categoria,"Padilla, Nº 6, Esc. 1, 6º A",Calle,De Padilla,6,,,1,6,A,28006,Madrid,VT-12838
Viviendas De Uso Turistico,Sin Categoria,"Delicias, Nº 10, 5º D",Paseo,De Las Delicias,10,,,,5,D,28045,Madrid,VT-12840
Viviendas De Uso Turistico,Sin Categoria,"Cuartel De Simancas, Nº 5, 2º B",Calle,Del Cuartel De Simancas,5,,,,2,B,28053,Madrid,VT-12841
Viviendas De Uso Turistico,Sin Categoria,"Costanilla De Los Angeles, Nº 12, Esc. 3, 3º Izq",Costanilla,De Los Ángeles,12,,,3,3,IZQ,28013,Madrid,VT-12842
Viviendas De Uso Turistico,Sin Categoria,,Calle,De Sánchez Preciado,22,,4,,BAJO,A,28039,Madrid,VT-13318
Viviendas De Uso Turistico,Sin Categoria,,Calle,Del Lobo,6,,,,Bajo,,28743,Garganta De Los Montes,VT-13396
Hotel,3-hotel,B Y B Madrid Arganda,Avenida,De Madrid,105,,,,,,28500,Arganda Del Rey,HM-4425
Apart-turistico,1-apart-turistico,Arn1,Calle,Puenteareas,4,,,,,,28002,Madrid,AM-1376
Apart-turistico,2-apart-turistico,Farola,Calle,Luis Ruiz 75,,,,,BAJA,,28017,Madrid,AM-1377
Viviendas De Uso Turistico,Sin Categoria,"Cardenal Cisneros, 73-3º D",Calle,Del Cardenal Cisneros,73,,,,3,D,28010,Madrid,VT-12222
Viviendas De Uso Turistico,Sin Categoria,"Cardenal Cisneros, 73-3º E",Calle,Del Cardenal Cisneros,73,,,,3,E,28010,Madrid,VT-12223
Viviendas De Uso Turistico,Sin Categoria,"Cardenal Cisneros, 73-4º A",Calle,Del Cardenal Cisneros,73,,,,4,A,28010,Madrid,VT-12224
Viviendas De Uso Turistico,Sin Categoria,"Cardenal Cisneros, 73-4º B",Calle,Del Cardenal Cisneros,73,,,,4,B,28010,Madrid,VT-12225
Viviendas De Uso Turistico,Sin Categoria,"Cardenal Cisneros, 73-4º C",Calle,Del Cardenal Cisneros,73,,,,4,C,28010,Madrid,VT-12226
Viviendas De Uso Turistico,Sin Categoria,"Ave Maria, 26-4º Esc. Int. B",Calle,De Ave María,26,,,,ESC.IN,B,28012,Madrid,VT-12250
Viviendas De Uso Turistico,Sin Categoria,"Cuarteles, Nº 130, Bajo C",Calle,De Los Cuarteles,130,,,,BAJO,C,28300,Aranjuez,VT-12844
Viviendas De Uso Turistico,Sin Categoria,"San Andres, Nº 22, Bajo 2",Calle,De San Andrés,22,,,,BAJO,2,28004,Madrid,VT-12845
Viviendas De Uso Turistico,Sin Categoria,"Montera, Nº 14, 2º Dcha.",Calle,De La Montera,14,,,,2,DCHA,28013,Madrid,VT-12846
Viviendas De Uso Turistico,Sin Categoria,"Quevedo, Nº 4, 1º Izda.",Calle,De Quevedo,4,,,,1,IZQ,28014,Madrid,VT-12848
Viviendas De Uso Turistico,Sin Categoria,"Quevedo, Nº 4, 1º Dcha.",Calle,De Quevedo,4,,,,1,DCHA,28014,Madrid,VT-12849
Viviendas De Uso Turistico,Sin Categoria,"Quevedo, Nº 4, 3º",Calle,De Quevedo,4,,,,3,,28014,Madrid,VT-12850
Viviendas De Uso Turistico,Sin Categoria,"Zamora, Nº 15, Atico",Calle,De Zamora,15,,,,ATICO,,28039,Madrid,VT-12851
Viviendas De Uso Turistico,Sin Categoria,"San Juan De Ortega Nº 20g, Atico A",Calle,De San Juan De Ortega,20,,G,,ATICO,A,28050,Madrid,VT-12852
Viviendas De Uso Turistico,Sin Categoria,"Miguel Angel, Nº 3, Puerta 102",Calle,De Miguel Ángel,3,,,,102,,28010,Madrid,VT-12859
Viviendas De Uso Turistico,Sin Categoria,"Miguel Angel, Nº 3, Puerta 104",Calle,De Miguel Ángel,3,,,,104,,28010,Madrid,VT-12860
Viviendas De Uso Turistico,Sin Categoria,"Miguel Angel, Nº 3, Puerta 110",Calle,De Miguel Ángel,3,,,,110,,28010,Madrid,VT-12861
Viviendas De Uso Turistico,Sin Categoria,"Miguel Angel, Nº 3, Puerta 111",Calle,De Miguel Ángel,3,,,,111,,28010,Madrid,VT-12862
Viviendas De Uso Turistico,Sin Categoria,"Miguel Angel, Nº 3, Puerta 208",Calle,De Miguel Ángel,3,,,,208,,28010,Madrid,VT-12863
Viviendas De Uso Turistico,Sin Categoria,"Miguel Angel, Nº 3, Puerta 311",Calle,De Miguel Ángel,3,,,,311,,28010,Madrid,VT-12864
Viviendas De Uso Turistico,Sin Categoria,"Miguel Angel, Nº 3, Puerta 402",Calle,De Miguel Ángel,3,,,,402,,28010,Madrid,VT-12865
Viviendas De Uso Turistico,Sin Categoria,"Miguel Angel, Nº 3, Puerta 405",Calle,De Miguel Ángel,3,,,,405,,28010,Madrid,VT-12866
Viviendas De Uso Turistico,Sin Categoria,"Miguel Angel, Nº 3, Puerta 406",Calle,De Miguel Ángel,3,,,,406,,28010,Madrid,VT-12867
Viviendas De Uso Turistico,Sin Categoria,"Miguel Angel, Nº 3, Puerta 408",Calle,De Miguel Ángel,3,,,,408,,28010,Madrid,VT-12868
Viviendas De Uso Turistico,Sin Categoria,"Miguel Angel, Nº 3, Puerta 410",Calle,De Miguel Ángel,3,,,,410,,28010,Madrid,VT-12869
Viviendas De Uso Turistico,Sin Categoria,"Miguel Angel, Nº 3, Puerta 501",Calle,De Miguel Ángel,3,,,,501,,28010,Madrid,VT-12870
Viviendas De Uso Turistico,Sin Categoria,"Miguel Angel, Nº 3, Puerta 602",Calle,De Miguel Ángel,3,,,,602,,28010,Madrid,VT-12871
Viviendas De Uso Turistico,Sin Categoria,"Miguel Angel, Nº 3, Puerta 610",Calle,De Miguel Ángel,3,,,,610,,28010,Madrid,VT-12872
Viviendas De Uso Turistico,Sin Categoria,"Miguel Angel, Nº 3, Puerta 702",Calle,De Miguel Ángel,3,,,,702,,28010,Madrid,VT-12873
Viviendas De Uso Turistico,Sin Categoria,"Miguel Angel, Nº 3, Puerta 705",Calle,De Miguel Ángel,3,,,,705,,28010,Madrid,VT-12874
Viviendas De Uso Turistico,Sin Categoria,"Miguel Angel, Nº 3, Puerta 706",Calle,De Miguel Ángel,3,,,,706,,28010,Madrid,VT-12875
Viviendas De Uso Turistico,Sin Categoria,"Miguel Angel, Nº 3, Puerta 709",Calle,De Miguel Ángel,3,,,,709,,28010,Madrid,VT-12876
Viviendas De Uso Turistico,Sin Categoria,"Miguel Angel, Nº 3, Puerta 710",Calle,De Miguel Ángel,3,,,,710,,28010,Madrid,VT-12877
Viviendas De Uso Turistico,Sin Categoria,"Miguel Angel, Nº 3, Puerta 801",Calle,De Miguel Ángel,3,,,,801,,28010,Madrid,VT-12878
Viviendas De Uso Turistico,Sin Categoria,"Miguel Angel, Nº 3, Puerta 802",Calle,De Miguel Ángel,3,,,,802,,28010,Madrid,VT-12879
Viviendas De Uso Turistico,Sin Categoria,"Miguel Angel, Nº 3, Puerta 803",Calle,De Miguel Ángel,3,,,,803,,28010,Madrid,VT-12880
Viviendas De Uso Turistico,Sin Categoria,"Miguel Angel, Nº 3, Puerta 804",Calle,De Miguel Ángel,3,,,,804,,28010,Madrid,VT-12881
Viviendas De Uso Turistico,Sin Categoria,"Miguel Angel, Nº 3,puerta 805",Calle,De Miguel Ángel,3,,,,805,,28010,Madrid,VT-12882
Viviendas De Uso Turistico,Sin Categoria,"Miguel Angel, Nº 3, Puerta 806",Calle,De Miguel Ángel,3,,,,806,,28010,Madrid,VT-12883
Apartamento Rural,Apartamento Rural,Huertas 19,Calle,De Las Huertas,19,A  y B,,,,,28737,"Serna Del Monte, La",TR-276
Viviendas De Uso Turistico,Sin Categoria,,Paseo,De Los Olmos,3,,,,1,PTA. 9,28005,Madrid,VT-9917
Hostal,2-hostal,La Fontana,Calle,De Valverde,06,,06,,1,UNICA,28004,Madrid,HM-1848
Pension,3-pension,Palacio De Luna,Calle,Luna,6,,3,,,C-D,28004,Madrid,HM-1904
Hosterias,Sin Categoria,Covarrubias 21 Hostel,Calle,De Covarrubias,21,,,,0,L-10,28010,Madrid,HH-52
Casa Huespedes,Casa Huespedes,Lumiere,Calle,De Las Tres Cruces,4,,,,3,DCHA,28013,Madrid,HM-4381
Viviendas De Uso Turistico,Sin Categoria,"Palma, Nº 34, 1º F",Calle,De La Palma,34,,,,1,F,,Madrid,VT-12271
Viviendas De Uso Turistico,Sin Categoria,"Palma, 3º 34, 2º E",Calle,De La Palma,34,,,,2,E,,Madrid,VT-12272
Viviendas De Uso Turistico,Sin Categoria,"Felipe Ii, Nº 13, 6º Izda.",Avenida,De Felipe Ii,13,,,,6,IZQ,28009,Madrid,VT-12273
Viviendas De Uso Turistico,Sin Categoria,"Felipe Ii, Nº 13, 4º Dcha.",Avenida,De Felipe Ii,13,,,,4,DCHA,28009,Madrid,VT-12274
Viviendas De Uso Turistico,Sin Categoria,"Augusto Figueroa, Nº 4, 3º D",Calle,De Augusto Figueroa,4,,,,3,D,28004,Madrid,VT-12275
Viviendas De Uso Turistico,Sin Categoria,"San Patricio, Nº 4, 2º Iz.",Calle,De San Patricio,4,,,,2,IZQ,28019,Madrid,VT-12276
Viviendas De Uso Turistico,Sin Categoria,"Atocha, Nº 94, 3º F",Calle,De Atocha,94,,,,3,F,28012,Madrid,VT-12277
Viviendas De Uso Turistico,Sin Categoria,"Rosas De Aravaca, Nº 33  Bajo C",Calle,De Las Rosas De Aravaca,33,,,,BAJO,C,28023,Madrid,VT-12278
Viviendas De Uso Turistico,Sin Categoria,"Rafael De Riego, Nº 10, Esc. 1, 3º A",Calle,De Rafael De Riego,10,,,,ESC.-1,A,28045,Madrid,VT-12279
Viviendas De Uso Turistico,Sin Categoria,"Desengaño, Nº 22, 3º B",Calle,Del Desengaño,22,,,,3,B,28004,Madrid,VT-12281
Viviendas De Uso Turistico,Sin Categoria,"Carabela, Nº 39, Esc. 6, Bajo Dcha.",Calle,De La Carabela,39,,,,ESC.6,DCHA,28042,Madrid,VT-12282
Viviendas De Uso Turistico,Sin Categoria,"Campillo, Nº 4, Bajo",Travesia,Del Campillo,4,,,,BAJO,,28749,Alameda Del Valle,VT-12283
Viviendas De Uso Turistico,Sin Categoria,"Costanilla De Los Desamparados,3, 2º D",Costanilla,De Los Desamparados,3,,,,2,D,28014,Madrid,VT-12284
Viviendas De Uso Turistico,Sin Categoria,"Marques De Zafra, Nº 48, 2º D",Paseo,Del Marqués De Zafra,48,,,,2,D,28028,Madrid,VT-12285
Viviendas De Uso Turistico,Sin Categoria,"Melancolicos, Nº 43, Bajo Iz.",Paseo,De Los Melancólicos,43,,,,Bajo,IZQ,28005,Madrid,VT-12286
Viviendas De Uso Turistico,Sin Categoria,"Peñuelas, Nº 3, Esc. Int., 2º C",Calle,De Peñuelas,3,,,,ESC.IN,C,28005,Madrid,VT-12288
Viviendas De Uso Turistico,Sin Categoria,"Salitre, Nº 45, 3º Centro",Calle,De Salitre,45,,,,3,CENTRO,28012,Madrid,VT-12289
Viviendas De Uso Turistico,Sin Categoria,"Don Felipe, Nº 11, Esc. Int. 2º Dcha.",Calle,De Don Felipe,11,,,,ESC.IN,DCHA,28004,Madrid,VT-12290
Viviendas De Uso Turistico,Sin Categoria,"General Ricardos, 69, 1º E",Calle,Del General Ricardos,69,,,,1,E,28019,Madrid,VT-12291
Viviendas De Uso Turistico,Sin Categoria,"Plaza Comendadoras, 2 Cc Esc. A Pta. Es",Plaza,De Las Comendadoras,2,,,,"ESC.A,",PTA. E,28015,Madrid,VT-12292
Viviendas De Uso Turistico,Sin Categoria,"Plaza Comendadoras, 2 Bajo Izq.",Plaza,De Las Comendadoras,2,,,,BAJO,PTA. I,28015,Madrid,VT-12293
Viviendas De Uso Turistico,Sin Categoria,"Plaza Comendadoras, 2-1º Pta. Dcha.",Plaza,De Las Comendadoras,2,,,,1,PTA. D,28015,Madrid,VT-12294
Viviendas De Uso Turistico,Sin Categoria,"Plaza Comendadoras, 2 1º Pta. Izq.",Plaza,De Las Comendadoras,2,,,,1,PTA. I,28015,Madrid,VT-12295
Viviendas De Uso Turistico,Sin Categoria,"Plaza Comendadoras, 2 2º Pta. Dcha.",Plaza,De Las Comendadoras,2,,,,2,PTA. D,28015,Madrid,VT-12296
Viviendas De Uso Turistico,Sin Categoria,"Plaza Comendadoras, 2 2º Pta. Izq.",Plaza,De Las Comendadoras,2,,,,2,PTA. I,28015,Madrid,VT-12297
Viviendas De Uso Turistico,Sin Categoria,"Miguel Angel, Nº 3, Puerta 807",Calle,De Miguel Ángel,3,,,,807,,28010,Madrid,VT-12884
Viviendas De Uso Turistico,Sin Categoria,"Fundadores 6, 4º 4",Calle,De Los Fundadores,6,,,,4,4,28028,Madrid,VT-12885
Viviendas De Uso Turistico,Sin Categoria,"San Quintin 6, 1º B",Calle,De San Quintín,6,,,,1,B,28013,Madrid,VT-12886
Viviendas De Uso Turistico,Sin Categoria,"Espiritu Santo 7, 1º Iz",Calle,Del Espíritu Santo,7,,,,1,IZ,28004,Madrid,VT-12887
Viviendas De Uso Turistico,Sin Categoria,"Santiago 9, 2º Iz",Calle,De Santiago,9,,,,2,IZ,28013,Madrid,VT-12888
Viviendas De Uso Turistico,Sin Categoria,"Cesar Cort Boti, Nº 73, Portal 2, 1º C",Calle,De César Cort Botí,73,,2,A,1,C,28055,Madrid,VT-12890
Viviendas De Uso Turistico,Sin Categoria,"Espejo 13, Bajo Dcha.",Calle,Del Espejo,13,,,,BAJO,DCHA,28013,Madrid,VT-12891
Viviendas De Uso Turistico,Sin Categoria,"Jesus Del Valle 36, Bajo 1 Dcha",Calle,De Jesús Del Valle,36,,,,BAJO,DCHA 1,28004,Madrid,VT-12892
Viviendas De Uso Turistico,Sin Categoria,"San Bernardo 84, Bajo G",Calle,De San Bernardo,84,,,,BAJO,G,,Madrid,VT-12893
Viviendas De Uso Turistico,Sin Categoria,"Bami, Nº 3, 3º D",Plaza,De Bami,3,,,,3,D,28017,Madrid,VT-12894
Viviendas De Uso Turistico,Sin Categoria,"Conde Duque 4, 1º",Calle,Del Conde Duque,4,,,,1,,28015,Madrid,VT-12895
Viviendas De Uso Turistico,Sin Categoria,"Paredes De Nava 17, Bajo B2",Calle,De Paredes De Nava,17,,,,B,B2,28017,Madrid,VT-12897
Viviendas De Uso Turistico,Sin Categoria,"Almonacid, Nº 28, 2º C",Calle,De Almonacid,28,,,,2,C,28038,Madrid,VT-12898
Viviendas De Uso Turistico,Sin Categoria,"Via Lusitana, Nº 72, Bajo 9",Calle,Vía Lusitana,72,,,,BAJO,9,,Madrid,VT-12899
Viviendas De Uso Turistico,Sin Categoria,"Virgen Del Coro, Nº 12, 10º 3",Calle,De La Virgen Del Coro,12,,,,10,3,28027,Madrid,VT-12900
Viviendas De Uso Turistico,Sin Categoria,Mar De Oman 25,Calle,Del Mar De Omán,25,,,,,,28033,Madrid,VT-12902
Viviendas De Uso Turistico,Sin Categoria,"Rodas 5, 2º 2",Calle,De Rodas,5,,,,2,2,28005,Madrid,VT-12904
Viviendas De Uso Turistico,Sin Categoria,"Bejar 23, 2º Dr A",Calle,De Béjar,23,,,,2,DR A,28028,Madrid,VT-12905
Viviendas De Uso Turistico,Sin Categoria,"Bejar 23, 3º Dr. B",Calle,De Béjar,23,,,,3,DR B,28028,Madrid,VT-12906
Viviendas De Uso Turistico,Sin Categoria,Fuente Redonda 4,Calle,De Los Fuente Redonda,4,,,,,,28976,Batres,VT-12907
Viviendas De Uso Turistico,Sin Categoria,Cava Baja 39 4º Dr,Calle,De La Cava Baja,39,,,,4,DR,28005,Madrid,VT-12908
Viviendas De Uso Turistico,Sin Categoria,Valencia 18 1º D,Calle,De Valencia,18,,,,1,D,28012,Madrid,VT-12909
Viviendas De Uso Turistico,Sin Categoria,Echegaray 10 So 1 Int Dr,Calle,De Echegaray,10,,,INT,SO,DCHA,28014,Madrid,VT-12910
Viviendas De Uso Turistico,Sin Categoria,Alcala 349 Bajo D,Calle,De Alcalá,349,,,,BAJO,D,,Madrid,VT-12911
Viviendas De Uso Turistico,Sin Categoria,Santa Engracia 110 1º D,Calle,De Santa Engracia,110,,,,1,D,,Madrid,VT-12912
Viviendas De Uso Turistico,Sin Categoria,Concepcion Jeronima 3 2º B,Calle,De Concepción Jerónima,3,,,,2,B,28012,Madrid,VT-12913
Viviendas De Uso Turistico,Sin Categoria,Concepcion Jeronima 3 4º A,Calle,De Concepción Jerónima,3,,,,4,A,28012,Madrid,VT-12914
Viviendas De Uso Turistico,Sin Categoria,San Vicente Ferrer 58 2º C,Calle,De San Vicente Ferrer,58,,,,2,C,,Madrid,VT-12915
Viviendas De Uso Turistico,Sin Categoria,Manoteras 30 Portal B 4º 401,Avenida,De Manoteras,30,,B,,401,4,28050,Madrid,VT-12916
Viviendas De Uso Turistico,Sin Categoria,Salonica 43 B,Calle,Salónica,43,,,,,B,28232,"Rozas De Madrid, Las",VT-12917
Viviendas De Uso Turistico,Sin Categoria,Mayor 37 5º Iz,Calle,Mayor,37,,,,5,IZ,28013,Madrid,VT-12918
Viviendas De Uso Turistico,Sin Categoria,Maria Teresa Acosta 2 3º,Calle,De María Teresa Acosta,2,,,,3,,28011,Madrid,VT-12919
Viviendas De Uso Turistico,Sin Categoria,"Carlos Trias Beltran, 4 6º 610 A",Plaza,De Carlos Trias Bertrán,4,,,,6,610 A,28020,Madrid,VT-12921
Viviendas De Uso Turistico,Sin Categoria,"San Raimundo, Nº 53, Bajo C",Calle,De San Raimundo,53,,,,BAJO,C,28039,Madrid,VT-12922
Viviendas De Uso Turistico,Sin Categoria,"Conde De Aranda, Nº 3, 1º G",Calle,Del Conde De Aranda,3,,,,1,G,28001,Madrid,VT-12923
Viviendas De Uso Turistico,Sin Categoria,"Conde De Aranda, Nº 3, 2º G",Calle,Del Conde De Aranda,3,,,,2,G,28001,Madrid,VT-12924
Viviendas De Uso Turistico,Sin Categoria,,Calle,De Las Arenas,S/N,,,,,,28490,Becerril De La Sierra,VT-13376
Viviendas De Uso Turistico,Sin Categoria,,Calle,De La Potasa,20,,,,BJ,L-30,28021,Madrid,VT-13266
Casa Rural,Casa Rural,El Barranco De Miraflores,Avenida,De Madrid,22,,,,,,,Miraflores De La Sierra,TR-378
Apartamento Rural,Apartamento Rural,Via Fera,Camino,Del Molino,1,,,,,,28737,Braojos,TR-387
Apart-turistico,1-apart-turistico,Cielo Madrid,Calle,De Matilde Hernández,40,,,,,,28019,Madrid,AM-1371
Viviendas De Uso Turistico,Sin Categoria,,Calle,De La Mica,4,,,,BJ,,28021,Madrid,VT-13275
Viviendas De Uso Turistico,Sin Categoria,,Calle,De Palmeras,7,,,,,,28701,San Sebastián De Los Reyes,VT-13268
Viviendas De Uso Turistico,Sin Categoria,,Plaza,Cervantes,13,,,,1,B,28801,Alcalá De Henares,VT-13269
Hostal,2-hostal,Arriaza,Calle,De Arriaza,3,,,,2,IZQ,28008,Madrid,HM-1141
Casa Huespedes,Casa Huespedes,Abel,Calle,San bernardino,15,,,,1,IZQUI,28015,Madrid,HM-3421
Pension,1-pension,"Inversiones Margarfer,sl",Avenida,Cristóbal Colón,16,,,,1,IZQ,28850,Torrejón De Ardoz,HM-4934
Viviendas De Uso Turistico,Sin Categoria,,Calle,Oviedo,770,,,,,,28648,Cadalso De Los Vidrios,VT-13281
Viviendas De Uso Turistico,Sin Categoria,,Calle,Oviedo,764,,,,,,28648,Cadalso De Los Vidrios,VT-13282
Viviendas De Uso Turistico,Sin Categoria,,Calle,María Auxiliadora,9,,,,,,28223,Pozuelo De Alarcón,VT-13423
Hostal,2-hostal,Dulcinea,Calle,De Cervantes,19,,,,2,C Y D,28014,Madrid,HM-1456
Viviendas De Uso Turistico,Sin Categoria,"Plaza Comendadoras, 2 3º Pta. Dcha.",Plaza,De Las Comendadoras,2,,,,3,PTA. D,28015,Madrid,VT-12298
Viviendas De Uso Turistico,Sin Categoria,"Plaza Comendadoras, 2 3º Pta. Izq.",Plaza,De Las Comendadoras,2,,,,3,PTA.IZ,28015,Madrid,VT-12299
Viviendas De Uso Turistico,Sin Categoria,"Plaza Comendadoras, 2 4º Pta. Dcha.",Plaza,De Las Comendadoras,2,,,,4,PTA. D,28015,Madrid,VT-12300
Viviendas De Uso Turistico,Sin Categoria,"Plaza Comendadoras, 2 4º Pta. Izq.",Plaza,De Las Comendadoras,2,,,,4,PTA. I,28015,Madrid,VT-12301
Viviendas De Uso Turistico,Sin Categoria,"Plaza Comendadoras, 2 5º Pta. Dcha.",Plaza,De Las Comendadoras,2,,,,5,PTA. D,28015,Madrid,VT-12302
Viviendas De Uso Turistico,Sin Categoria,"Plaza Comendadoras, 2 5º Pta. Izq.",Plaza,De Las Comendadoras,2,,,,5,PTA. I,28015,Madrid,VT-12303
Viviendas De Uso Turistico,Sin Categoria,"Hartzenbusch, 5 Cc Pta. Es",Calle,De Hartzenbusch,5,,,,CC,PTA. E,28010,Madrid,VT-12304
Viviendas De Uso Turistico,Sin Categoria,"Hartzenbusch, 5 Bajo Pta. Ctro.",Calle,De Hartzenbusch,5,,,,BAJO,PTA. C,28010,Madrid,VT-12305
Viviendas De Uso Turistico,Sin Categoria,"Hartzenbusch, 5 1º Pta. Cn",Calle,De Hartzenbusch,5,,,,1,PTA. C,28010,Madrid,VT-12306
Viviendas De Uso Turistico,Sin Categoria,"Hartzenbusch, 5 1º Pta. Dcha.",Calle,De Hartzenbusch,5,,,,1,PTA. D,28010,Madrid,VT-12307
Viviendas De Uso Turistico,Sin Categoria,"Hartzenbusch, 5 1º Pta. Izq.",Calle,De Hartzenbusch,5,,,,1,PTA. I,28010,Madrid,VT-12308
Viviendas De Uso Turistico,Sin Categoria,"Hartzenbusch, 5 2º Pta. Cn",Calle,De Hartzenbusch,5,,,,2,PTA. C,28010,Madrid,VT-12309
Viviendas De Uso Turistico,Sin Categoria,"Hartzenbusch, 5 2º Pta. Dcha.",Calle,De Hartzenbusch,5,,,,2,PTA. D,28010,Madrid,VT-12310
Viviendas De Uso Turistico,Sin Categoria,"Hartzenbusch, 5 2º Pta. Izq.",Calle,De Hartzenbusch,5,,,,2,PTA. I,28010,Madrid,VT-12311
Viviendas De Uso Turistico,Sin Categoria,"Hartzenbusch, 5 3º Pta. Cn",Calle,De Hartzenbusch,5,,,,3,PTA. C,28010,Madrid,VT-12312
Viviendas De Uso Turistico,Sin Categoria,"Hartzenbusch, 5 3º Pta. Dcha.",Calle,De Hartzenbusch,5,,,,3,PTA. D,28010,Madrid,VT-12313
Viviendas De Uso Turistico,Sin Categoria,"Hartzenbusch, 5 3º Pta. Izq.",Calle,De Hartzenbusch,5,,,,3,PTA. I,28010,Madrid,VT-12314
Viviendas De Uso Turistico,Sin Categoria,"Hartzenbusch, 5 4º Pta. Cn",Calle,De Hartzenbusch,5,,,,4,PTA. C,28010,Madrid,VT-12315
Viviendas De Uso Turistico,Sin Categoria,"Hartzenbusch, 5 4º Pta. Dcha.",Calle,De Hartzenbusch,5,,,,4,PTA. D,28010,Madrid,VT-12316
Viviendas De Uso Turistico,Sin Categoria,"Hartzenbusch, 5 4º Pta. Izq.",Calle,De Hartzenbusch,5,,,,4,PTA. I,28010,Madrid,VT-12317
Viviendas De Uso Turistico,Sin Categoria,"Etruria, 26 3º A",Calle,De Etruria,26,,,,3,A,28022,Madrid,VT-12319
Viviendas De Uso Turistico,Sin Categoria,"Paseo Jesuitas, 34 3º",Paseo,De Los Jesuitas,34,,,,3,,28011,Madrid,VT-12320
Viviendas De Uso Turistico,Sin Categoria,"Bocangel, 8 1º D",Calle,De Bocángel,8,,,,1,D,28028,Madrid,VT-12321
Viviendas De Uso Turistico,Sin Categoria,"Luna, 22 Bajo Pta. 3",Calle,De La Luna,22,,,,BAJO,PTA. 3,28004,Madrid,VT-12323
Viviendas De Uso Turistico,Sin Categoria,"Echegaray, 10 -1 Izq.",Calle,De Echegaray,10,,,,-1,IZQ,28014,Madrid,VT-12324
Viviendas De Uso Turistico,Sin Categoria,"Santa Marta, Nº 23, Bajo A",Calle,De Santa Marta,23,,,,BAJO,A,28038,Madrid,VT-12325
Viviendas De Uso Turistico,Sin Categoria,"Santa Marta, 23, 1º Centro",Calle,De Santa Marta,23,,,,1,CENTRO,28038,Madrid,VT-12326
Viviendas De Uso Turistico,Sin Categoria,"Santa Marta, 23, 1º Dcha",Calle,De Santa Marta,23,,,,1,DCHA,28038,Madrid,VT-12327
Viviendas De Uso Turistico,Sin Categoria,"Santa Marta, 23, 1º Izda",Calle,De Santa Marta,23,,,,1,IZQ,28038,Madrid,VT-12328
Viviendas De Uso Turistico,Sin Categoria,"Santa Marta, 23, 2º Centro",Calle,De Santa Marta,23,,,,2,CENTRO,28038,Madrid,VT-12329
Viviendas De Uso Turistico,Sin Categoria,"Monterrey, Nº 389, Bajo",Avenida,De Monterrey,389,,,,BAJO,,28680,San Martín De Valdeiglesias,VT-12330
Viviendas De Uso Turistico,Sin Categoria,"Conde De Aranda, Nº 3, 3º G",Calle,Del Conde De Aranda,3,,,,3,G,28001,Madrid,VT-12925
Viviendas De Uso Turistico,Sin Categoria,"Conde De Aranda, Nº 3, 4º G",Calle,Del Conde De Aranda,3,,,,4,G,28001,Madrid,VT-12926
Viviendas De Uso Turistico,Sin Categoria,"Conde De Aranda, Nº 3, 5º B",Calle,Del Conde De Aranda,3,,,,5,B,28001,Madrid,VT-12927
Viviendas De Uso Turistico,Sin Categoria,"Ezequiel Solana, Nº 118, 4º C",Calle,De Ezequiel Solana,118,,,,4,C,28017,Madrid,VT-12928
Viviendas De Uso Turistico,Sin Categoria,"Ribera De Curtidores, Nº 16, 4º Centro Izda. B",Calle,De La Ribera De Curtidores,16,,,,4,CENTRO,28005,Madrid,VT-12929
Viviendas De Uso Turistico,Sin Categoria,Segovia 7 5º B,Calle,De Segovia,7,,,,5,B,28005,Madrid,VT-12930
Viviendas De Uso Turistico,Sin Categoria,Velazquez 20 Esc Int 9º Iz,Calle,De Velázquez,20,,,INT,9,IZ,,Madrid,VT-12932
Viviendas De Uso Turistico,Sin Categoria,Lope De Vega 39 3º Dr,Calle,De Lope De Vega,39,,,,3,DR,28014,Madrid,VT-12933
Viviendas De Uso Turistico,Sin Categoria,Mayor 32 1º 5,Calle,Mayor,32,,,,1,5,28013,Madrid,VT-12934
Viviendas De Uso Turistico,Sin Categoria,"Salvador Almela Navarro 3 Bq 3, 2º B",Calle,Salvador Almela Navarro,3,,3,,2,B,28200,San Lorenzo De El Escorial,VT-12935
Viviendas De Uso Turistico,Sin Categoria,"Don Ramón De La Cruz, Nº 72, Esc. 1, -1º 1",Calle,De Don Ramón De La Cruz,72,,,1,-1,01,,Madrid,VT-12937
Viviendas De Uso Turistico,Sin Categoria,"Fuencarral, Nº 33, 1º 7",Calle,De Fuencarral,33,,,,1,7,,Madrid,VT-12938
Viviendas De Uso Turistico,Sin Categoria,"Rafael Herrera, Nº 11, 2º 205",Calle,De Rafael Herrera,11,,,,2,205,28036,Madrid,VT-12939
Viviendas De Uso Turistico,Sin Categoria,"Meson De Paredes, Nº 53, 3º D",Calle,Del Mesón De Paredes,53,,,,3,D,28012,Madrid,VT-12940
Viviendas De Uso Turistico,Sin Categoria,Santa Maria De La Cabeza 128 2º C,Paseo,De Santa María De La Cabeza,128,,,,2,C,,Madrid,VT-12942
Viviendas De Uso Turistico,Sin Categoria,Barrafon 18 1º Dcha,Calle,De Barrafón,18,,,,1,DCHA,28011,Madrid,VT-12944
Viviendas De Uso Turistico,Sin Categoria,Pablo Luna 8 1º G,Calle,De Pablo Luna,8,,,,1,G,28046,Madrid,VT-12949
Viviendas De Uso Turistico,Sin Categoria,Estacion 20,Avenida,De La Estación,20,,,,,,28739,Gargantilla Del Lozoya Y Pinilla De Buitrago,VT-12950
Viviendas De Uso Turistico,Sin Categoria,Palma 40 3º D,Calle,De La Palma,40,,,,3,D,,Madrid,VT-12951
Viviendas De Uso Turistico,Sin Categoria,Almendro 10 1º F,Calle,Del Almendro,10,,,,1,F,28005,Madrid,VT-12952
Viviendas De Uso Turistico,Sin Categoria,Claudio Coello 88 1º B,Calle,De Claudio Coello,88,,,,1,B,,Madrid,VT-12953
Viviendas De Uso Turistico,Sin Categoria,Santillana Del Mar 21 Esc 1 2º Iz,Calle,De Santillana Del Mar,21,,,1,2,IZ,28038,Madrid,VT-12956
Viviendas De Uso Turistico,Sin Categoria,Latoneros 1 5º Iz,Calle,De Latoneros,1,,,,5,IZ,28005,Madrid,VT-12957
Viviendas De Uso Turistico,Sin Categoria,Latoneros 1 4º Dcha,Calle,De Latoneros,1,,,,4,DCHA,28005,Madrid,VT-12958
Viviendas De Uso Turistico,Sin Categoria,Latoneros 1 1º,Calle,De Latoneros,1,,,,1,,28005,Madrid,VT-12959
Viviendas De Uso Turistico,Sin Categoria,Latoneros 3 4º,Calle,De Latoneros,3,,,,4,,28005,Madrid,VT-12960
Viviendas De Uso Turistico,Sin Categoria,Toledo 10 1º A,Calle,De Toledo,10,,,,1,A,28005,Madrid,VT-12961
Pension,1-pension,Naranjo,Calle,Del Naranjo,12,,,,VARIAS,,28039,Madrid,HM-4935
Hotel Rural,3-hoja De Roble,Retamares Events Suites & Golf,Calle,Aldebarán,71,,,,,,28130,Valdeolmos-alalpardo,TR-396
Viviendas De Uso Turistico,Sin Categoria,,Travesia,De Las Canteras,5,,,,,,28192,"Berrueco, El",VT-13289
Hostal,3-hostal,Gallardo,Calle,De Fuencarral,95,,,,4,DR,28004,Madrid,HM-3788
Apartamento Rural,Apartamento Rural,La Villa,Calle,De Los Mártires,12,,,,,,28730,Buitrago Del Lozoya,TR-397
Apart-turistico,1-apart-turistico,Apartamentos Turisticos La Isla Ii,Calle,Ancha,17,,,,,,28914,Leganés,AM-1373
Viviendas De Uso Turistico,Sin Categoria,,Calle,Orquídea,2,,,,1,C,28003,Alcalá De Henares,VT-13290
Pension,2-pension,Alojamiento El Hostall,Calle,Caballero De Gracia,6,,,,2,,28013,Madrid,HM-1333
Pension,1-pension,El Tejar,Plaza,"Del Tejar, Baja Local 2",4,,,,BAJO,,28921,Móstoles,HM-4938
Viviendas De Uso Turistico,Sin Categoria,,Calle,Joaquín García Morato,13,,,,BAJO,C,28440,Guadarrama,VT-13409
Viviendas De Uso Turistico,Sin Categoria,,Calle,Joaquín García Morato,13,,,,BAJO,B,28440,Guadarrama,VT-13410
Viviendas De Uso Turistico,Sin Categoria,,Pasaje,De Escobedos,3,,,,4,A,28807,Alcalá De Henares,VT-13265
Viviendas De Uso Turistico,Sin Categoria,,Calle,De La Pintura,12,,,,,,,Guadalix De La Sierra,VT-13477
Viviendas De Uso Turistico,Sin Categoria,,Calle,Goleta,22,,,,,16,,San Martín De Valdeiglesias,VT-8125
Viviendas De Uso Turistico,Sin Categoria,,Avenida,Del Manzanares,200,,,,5,B,28026,Madrid,VT-1153
Viviendas De Uso Turistico,Sin Categoria,,Calle,Gran Vía,67,,,CENTRO,2,7,28013,Madrid,VT-612
Viviendas De Uso Turistico,Sin Categoria,,Calle,De San Martín De Porres,14,,,,BAJO,2,28035,Madrid,VT-11339
Viviendas De Uso Turistico,Sin Categoria,,Calle,De Barcelona,3,,,,3,B,28012,Madrid,VT-1143
Viviendas De Uso Turistico,Sin Categoria,,Calle,De Santurce,1,,,,BAJO,B1,28017,Madrid,VT-13561
Viviendas De Uso Turistico,Sin Categoria,,Calle,Del Arco,31,,,,,,28380,Colmenar De Oreja,VT-13580
Viviendas De Uso Turistico,Sin Categoria,,Calle,De La Reina Sofía,3,,,,,,28330,San Martín De La Vega,VT-13591
Viviendas De Uso Turistico,Sin Categoria,,Calle,De Moratín,22,,,,3,,28014,Madrid,VT-1176
Hotel,4-hotel,Artiem Madrid,Calle,De Juan Pérez Zúñiga,20,,,,,,28027,Madrid,HM-4313
Casa Huespedes,Casa Huespedes,Casa De Huespedes,Calle,De Los Artistas,38,,,,-1,A 2,28020,Madrid,HM-4990
Viviendas De Uso Turistico,Sin Categoria,,Carrera,De Bustarviejo,16,,,DCHA.,SOTANO,2,28792,Miraflores De La Sierra,VT-13663
Viviendas De Uso Turistico,Sin Categoria,,Calle,Pinto,85,,2,,1,1,28982,Parla,VT-13684
Viviendas De Uso Turistico,Sin Categoria,,Calle,Pinto,85,,2,,1,3,28982,Parla,VT-13685
Pension,1-pension,Woohoo Rooms Gran Via,Calle,Gran Vía,44,,,,2,IZQ,28013,Madrid,HM-4757
Viviendas De Uso Turistico,Sin Categoria,,Travesia,Del Horno De La Mata,9,,,,3,D,28004,Madrid,VT-2005
Viviendas De Uso Turistico,Sin Categoria,,Calle,Víctor Hugo,5,,,,2,D,28004,Madrid,VT-4409
Apart-turistico,1-apart-turistico,San Lorenzo 26,Calle,De San Lorenzo,26,,,,,,28004,Madrid,AM-312
Viviendas De Uso Turistico,Sin Categoria,,Calle,De Pérez Galdós,7,,,,2,C,28004,Madrid,VT-1702
Viviendas De Uso Turistico,Sin Categoria,,Calle,De Clara Del Rey,33,,,Centro,Bajo,B1,28002,Madrid,VT-13677
Viviendas De Uso Turistico,Sin Categoria,,Calle,De Álvaro De Luna,19,,,,,,28695,Navas Del Rey,VT-13676
Viviendas De Uso Turistico,Sin Categoria,,Calle,De La Corredera Baja De San Pablo,33,,,,5,A,28004,Madrid,VT-2156
Viviendas De Uso Turistico,Sin Categoria,,Calle,De Cándido Mateos,33,,,,1,B,28035,Madrid,VT-6978
Viviendas De Uso Turistico,Sin Categoria,,Calle,De La Flor Alta,6,,,,4,E,28004,Madrid,VT-6966
Viviendas De Uso Turistico,Sin Categoria,,Calle,De Augusto Figueroa,25,,,,2,B,28004,Madrid,VT-4447
Pension,2-pension,Santa Ana Colors,Calle,De Las Huertas,14,,,EXT,2,IZQ,28012,Madrid,HM-4359
Viviendas De Uso Turistico,Sin Categoria,,Calle,De Juan De La Cosa,5D,,,,0,,28680,San Martín De Valdeiglesias,VT-13526
Viviendas De Uso Turistico,Sin Categoria,,Calle,De La Virgen,4,,,,1,A,28053,Madrid,VT-9922
Apart-turistico,1-apart-turistico,Miyas,Calle,Redondilla,4,,,,ss,IZ,28005,Madrid,AM-1395
Viviendas De Uso Turistico,Sin Categoria,,Calle,De Teruel,15,,,,Bajo,DRCH,28020,Madrid,VT-13868
Viviendas De Uso Turistico,Sin Categoria,,Calle,Del Empecinado,21,,,,0,,28801,Alcalá De Henares,VT-13611
Viviendas De Uso Turistico,Sin Categoria,,Calle,De Carvajales,9,,,,0,L-20,28005,Madrid,VT-13612
Viviendas De Uso Turistico,Sin Categoria,,Calle,Del Calvario,7,,,,4,IZQ,28012,Madrid,VT-11233
Viviendas De Uso Turistico,Sin Categoria,,Calle,De La Corredera Baja De San Pablo,33,,,,5,B,28004,Madrid,VT-2155
Viviendas De Uso Turistico,Sin Categoria,,Calle,De Ministriles,19,,,EXT,PB,IZQ,28012,Madrid,VT-3576
Hotel,4-hotel,Pcm Forum Alcalá,Calle,Bulgaria,2,,,,BAJO,,28802,Alcalá De Henares,HM-4641
Viviendas De Uso Turistico,Sin Categoria,,Calle,Del Barco,28,,,,Bajo,E,28004,Madrid,VT-10636
Viviendas De Uso Turistico,Sin Categoria,,Calle,Del Charcón,1,,,2,BAJO,1B,28413,"Boalo, El",VT-13786
Viviendas De Uso Turistico,Sin Categoria,,Calle,De La Cruz,19,,,,,,28720,Bustarviejo,VT-13713
Viviendas De Uso Turistico,Sin Categoria,,Calle,De Villanueva,2,,,,1,116,28001,Madrid,VT-7541
Apart-turistico,1-apart-turistico,Las Torres,Calle,Marques De Encinares,5,,,,,,28029,Madrid,AM-1414
Viviendas De Uso Turistico,Sin Categoria,,Calle,De Los Siete Picos,13,,,,0,,28460,"Molinos, Los",VT-13739
Viviendas De Uso Turistico,Sin Categoria,,Calle,De Las Carolinas,6,,,,Bajo,A,28039,Madrid,VT-14097
Viviendas De Uso Turistico,Sin Categoria,,Calle,Nueva,5,,,,1,B,28801,Alcalá De Henares,VT-13682
Hosterias,Sin Categoria,Mola Hostel,Calle,De Atocha,16,,,,,,28012,Madrid,HH-14
Viviendas De Uso Turistico,Sin Categoria,,Calle,Del Amparo,86,,,LOCAL,BAJO,3,28012,Madrid,VT-13691
Viviendas De Uso Turistico,Sin Categoria,,Calle,De Genista,7,,,2A,BAJO,VT-2,28011,Madrid,VT-13641
Viviendas De Uso Turistico,Sin Categoria,,Calle,De Santa Ana,27,,,,4,DCHA,28005,Madrid,VT-8982
Hotel-apart.,2-hotel-apart.,Livensa Living Studios Madrid Alcobendas,Avenida,Del Monte De Valdelatas,40,,,,,,28108,Alcobendas,HM-4984
Viviendas De Uso Turistico,Sin Categoria,,Calle,De La Corredera Baja De San Pablo,33,,,,4,B,28004,Madrid,VT-2134
Viviendas De Uso Turistico,Sin Categoria,,Calle,De La Corredera Baja De San Pablo,33,,,,3,A,28004,Madrid,VT-2135
Viviendas De Uso Turistico,Sin Categoria,,Calle,De Coslada,8,,,,BAJO,DCHA 1,28028,Madrid,VT-13701
Viviendas De Uso Turistico,Sin Categoria,,Calle,De Las Amapolas,5,,,,,,28751,"Cabrera, La",VT-13696
Hostal,1-hostal,Leon,Carrera,De San Jerónimo,32,,,,4,IZQ,28014,Madrid,HM-1506
Viviendas De Uso Turistico,Sin Categoria,,Plaza,Del Ángel,15,,,,4,B,28012,Madrid,VT-7074
Pension,2-pension,Exito Gironas En Madrid,Calle,Gran Vía,44,,,,5,DCHA,28013,Madrid,HM-4335
Viviendas De Uso Turistico,Sin Categoria,,Calle,De Churruca,21,,,,1,B,28004,Madrid,VT-11178
Casa Rural,Casa Rural,Finca El Veinti9,Calle,De La Iglesia,29,,,,,,28491,Navacerrada,TR-424
Viviendas De Uso Turistico,Sin Categoria,,Plaza,De La Morería,1,,,,BAJO,L-20,28005,Madrid,VT-13653
Viviendas De Uso Turistico,Sin Categoria,Apartamento Turistico Calle Azucena 5,Calle,Azucena,5,,,,Bajo,,28804,Alcalá De Henares,VT-13587
Viviendas De Uso Turistico,Sin Categoria,,Calle,Del Charcón,1,,,2,BAJO,1A,28413,"Boalo, El",VT-13785
Apart-turistico,1-apart-turistico,Darya Living,Calle,Del General Oraá,67A,,,,,,28006,Madrid,AM-1410
Viviendas De Uso Turistico,Sin Categoria,,Calle,Nueva,5,,,,BAJ,A,28801,Alcalá De Henares,VT-13681
Apartamento Rural,Apartamento Rural,Los Secretos De Lua,Calle,Del Puerto,69,,,,,,28755,"Acebeda, La",TR-56
Viviendas De Uso Turistico,Sin Categoria,,Diseminado,Camino San Esteban,1,,,,,,28680,San Martín De Valdeiglesias,VT-13699
Viviendas De Uso Turistico,Sin Categoria,,Calle,De Belfast,13,,1,,2,H,28022,Madrid,VT-13915
Viviendas De Uso Turistico,Sin Categoria,,Calle,De Fuencarral,24,,,,1,A,,Madrid,VT-7329
Viviendas De Uso Turistico,Sin Categoria,,Calle,De Fuencarral,24,,,,1,B,,Madrid,VT-7330
Viviendas De Uso Turistico,Sin Categoria,,Calle,De Núñez De Arce,3,,,,4,CTR,28012,Madrid,VT-3861
Viviendas De Uso Turistico,Sin Categoria,,Calle,De La Chinchilla,1,,,,3,5,28013,Madrid,VT-10635
Viviendas De Uso Turistico,Sin Categoria,,Calle,De Santa Ana,25,,,INT,3,A,28005,Madrid,VT-7346
Viviendas De Uso Turistico,Sin Categoria,,Paseo,De Santa María De La Cabeza,53,,,,Bajo,A,,Madrid,VT-13532
Viviendas De Uso Turistico,Sin Categoria,,Calle,De San Bernardo,28,,,,3,IZ,28015,Madrid,VT-9934
Apart-turistico,1-apart-turistico,Airport Ifema Barajas Home,Calle,De Acuario,11,B,,,1-2,,28042,Madrid,AM-1394
Viviendas De Uso Turistico,Sin Categoria,,Calle,De Las Fuentes,8,,,,3,IZQ,28013,Madrid,VT-12703
Viviendas De Uso Turistico,Sin Categoria,,Ronda,De Segovia,41,,,,0,03,28005,Madrid,VT-13559
Viviendas De Uso Turistico,Sin Categoria,,Calle,De Galiana,16,,,,,,28011,Madrid,VT-13594
Viviendas De Uso Turistico,Sin Categoria,,Calle,Oxígeno,2,,LOCAL,,BAJ,1,28850,Torrejón De Ardoz,VT-13573
Viviendas De Uso Turistico,Sin Categoria,,Calle,Oxígeno,2,,LOCAL,,BAJO,B,28850,Torrejón De Ardoz,VT-13574
Viviendas De Uso Turistico,Sin Categoria,,Calle,De Los Embajadores,58,,,,3,9,28012,Madrid,VT-6582
Viviendas De Uso Turistico,Sin Categoria,,Calle,De Los Cabestreros,9,,,,1,11,28012,Madrid,VT-5055
Hostal,1-hostal,Madrid Centro,Carrera,De San Jerónimo,32,,,,5,DCHA,28014,Madrid,HM-2188
Hostal,2-hostal,Victoria Ii,Calle,Carretas,3,,,,2-4,,28012,Madrid,HM-3939
Hosterias,Sin Categoria,Optimi Rooms Madrid,Calle,De La Puebla,7,,BAJO,,OPTIMI,,28004,Madrid,HH-68
Viviendas De Uso Turistico,Sin Categoria,,Calle,De Joaquín Costa,29,,,,0,1,28330,San Martín De La Vega,VT-13504
Viviendas De Uso Turistico,Sin Categoria,,Calle,De Joaquín Costa,29,,,,0,2,28330,San Martín De La Vega,VT-13505
Viviendas De Uso Turistico,Sin Categoria,,Calle,De Joaquín Costa,29,,,,0,3,28330,San Martín De La Vega,VT-13506
Viviendas De Uso Turistico,Sin Categoria,,Calle,De Santa Ana,25,,,EXT,1,B,28005,Madrid,VT-11990
Viviendas De Uso Turistico,Sin Categoria,,Calle,De Pedro Unanue,22,,,,4,D,28045,Madrid,VT-7763
Viviendas De Uso Turistico,Sin Categoria,,Calle,De La Montera,4,,,,4,,28013,Madrid,VT-1713
Viviendas De Uso Turistico,Sin Categoria,,Calle,Abrego,6,,,,,,28440,Guadarrama,VT-10056
Viviendas De Uso Turistico,Sin Categoria,,Calle,De Antonio Hernández,9,,,,1,C,28931,Móstoles,VT-13652
Viviendas De Uso Turistico,Sin Categoria,,Calle,De Fuencarral,24,,,,3,A,,Madrid,VT-7333
Viviendas De Uso Turistico,Sin Categoria,,Calle,De Muñoz Torrero,4,,,,2,A,28004,Madrid,VT-3388
Viviendas De Uso Turistico,Sin Categoria,,Calle,De Santa Ana,25,,,INT,1,A,28005,Madrid,VT-7339
Viviendas De Uso Turistico,Sin Categoria,,Calle,De Santa Ana,25,,,INT,1,B,28005,Madrid,VT-7340
Apartamento Rural,Apartamento Rural,El Motivo,Calle,Hachas,6,,,,,,28470,Cercedilla,TR-428
Viviendas De Uso Turistico,Sin Categoria,,Paseo,Del Perú,177B,,,,0,,28707,San Sebastián De Los Reyes,VT-13575
Viviendas De Uso Turistico,Sin Categoria,,Carretera,M-610 (la Cabrera),7,,,,,,28729,Valdemanco,VT-13589
Viviendas De Uso Turistico,Sin Categoria,,Calle,Santiago,19,,,,0,,28801,Alcalá De Henares,VT-13664
Viviendas De Uso Turistico,Sin Categoria,,Calle,De Velarde,16,,,1,1,DCHA,28004,Madrid,VT-9583
Viviendas De Uso Turistico,Sin Categoria,,Calle,Molineras,34,,,,BAJO,,28460,"Molinos, Los",VT-13648
Viviendas De Uso Turistico,Sin Categoria,,Calle,Del Tesoro,21,,,,loca,IZQ,28004,Madrid,VT-13596
Viviendas De Uso Turistico,Sin Categoria,,Avenida,Del Valle,15,,,,0,,28740,Rascafría,VT-13597
Viviendas De Uso Turistico,Sin Categoria,,Calle,De Juan De La Cosa,12,,,,,,28680,San Martín De Valdeiglesias,VT-13609
Viviendas De Uso Turistico,Sin Categoria,,Calle,De Pérez Galdós,7,,,,2,D,28004,Madrid,VT-1703
Viviendas De Uso Turistico,Sin Categoria,,Calle,De Bravo Murillo,53,,,,BJ,10,28003,Madrid,VT-13789
Viviendas De Uso Turistico,Sin Categoria,,Calle,De Bravo Murillo,53,,,,BJ,07,28003,Madrid,VT-13790
Viviendas De Uso Turistico,Sin Categoria,,Calle,De Huesca,26,,,3,Bajo,C,28020,Madrid,VT-14122
Hostal,1-hostal,Emilio,Calle,Del Canal De Suez,24,,,,1-2,,28042,Madrid,HM-4306
Viviendas De Uso Turistico,Sin Categoria,,Travesia,De Las Praderas,8,,,,0,,28696,Pelayos De La Presa,VT-13725
Viviendas De Uso Turistico,Sin Categoria,,Calle,De Atocha,74,,,,3,C,28012,Madrid,VT-5817
Viviendas De Uso Turistico,Sin Categoria,,Calle,De San Carlos,4,,,,1,CENTRO,28012,Madrid,VT-12441
Viviendas De Uso Turistico,Sin Categoria,,Avenida,De Los Pinos,12,,,,,,28680,San Martín De Valdeiglesias,VT-13557
Viviendas De Uso Turistico,Sin Categoria,,Calle,Fuente Lasna,206,,,,Bajo,,28648,Cadalso De Los Vidrios,VT-13717
Viviendas De Uso Turistico,Sin Categoria,,Calle,De Campezo,14,,1,,2,4,28022,Madrid,VT-2374
Viviendas De Uso Turistico,Sin Categoria,,Plaza,Cervantes,21,,,,1,2,28801,Alcalá De Henares,VT-13719
Viviendas De Uso Turistico,Sin Categoria,Volpini Mazzo,Calle,De Fernando Gabriel,18,,,,BAJO,1,28017,Madrid,VT-14084
Viviendas De Uso Turistico,Sin Categoria,,Calle,De San Martín De Porres,14,,,,BAJO,1,28035,Madrid,VT-11338
Viviendas De Uso Turistico,Sin Categoria,,Calle,De Las Huertas,10,,,,3,3,28012,Madrid,VT-864
Viviendas De Uso Turistico,Sin Categoria,,Calle,De Santa Ana,25,,,INT.,1,C,28005,Madrid,VT-7341
Viviendas De Uso Turistico,Sin Categoria,,Calle,Las Jaras,14,,,,,,28680,San Martín De Valdeiglesias,VT-13558
Apart-turistico,1-apart-turistico,Apartamentos Centro Jardines,Calle,De Los Jardines,15,,,,,,28013,Madrid,AM-1403
Pension,3-pension,Opera Rooms,Calle,De La Flora,4,,,,BJ,,28013,Madrid,HM-4981
Hostal,3-hostal,Goyal Pizarro,Calle,De Pizarro,14,,,,1,1,28004,Madrid,HM-2384
Viviendas De Uso Turistico,Sin Categoria,,Calle,Del Zodíaco,3,,,,BAJO,A,28042,Madrid,VT-13743
Viviendas De Uso Turistico,Sin Categoria,,Avenida,De Marcial Llorente,24,,,,,,28696,Pelayos De La Presa,VT-2441
Viviendas De Uso Turistico,Sin Categoria,,Avenida,Coruña,18,,,,1,A,28231,"Rozas De Madrid, Las",VT-5249
Viviendas De Uso Turistico,Sin Categoria,,Calle,Del Fomento,36,,,,Bajo,L-10,28013,Madrid,VT-14207
Viviendas De Uso Turistico,Sin Categoria,,Calle,De Vicente Martín Arias,16,,,,BAJO,DCHA,28019,Madrid,VT-13741
Viviendas De Uso Turistico,Sin Categoria,,Calleja,De Las Eras,1,,,,,,,Cercedilla,VT-13510
Viviendas De Uso Turistico,Sin Categoria,,Calle,Gran Vía,67,,,CENTRO,2,8,28013,Madrid,VT-613
Viviendas De Uso Turistico,Sin Categoria,,Calle,Gran Vía,67,,,CENTRO,2,9,28013,Madrid,VT-614
Viviendas De Uso Turistico,Sin Categoria,,Calle,Del Príncipe,26,,,,3,A,28012,Madrid,VT-9874
Viviendas De Uso Turistico,Sin Categoria,,Calle,Del Príncipe,26,,,,4,A,28012,Madrid,VT-9875
Viviendas De Uso Turistico,Sin Categoria,,Calle,Del Príncipe,26,,,,4,B,28012,Madrid,VT-9876
Viviendas De Uso Turistico,Sin Categoria,,Calle,Vaqueras,26,,,,1,B,28801,Alcalá De Henares,VT-13599
Viviendas De Uso Turistico,Sin Categoria,,Calle,Del Casino,4,,,Izda.,3,D,28005,Madrid,VT-6329
Viviendas De Uso Turistico,Sin Categoria,,Calle,Enmedio,4,,,,1,C,28850,Torrejón De Ardoz,VT-13735
Pension,1-pension,Lad Madrid,Calle,De Castilla,33,,,,LOCAL,,28039,Madrid,HM-5008
Viviendas De Uso Turistico,Sin Categoria,,Paseo,Del Río Lozoya,14,,C,,,DCH,28730,Buitrago Del Lozoya,VT-13727
Hotel-apart.,1-hotel-apart.,Be Casa Rivas,Calle,Beatriz Galindo,12,,,,,,28521,Rivas-vaciamadrid,HM-4996
Viviendas De Uso Turistico,Sin Categoria,,Calle,General Muñoz Grandes,22,,,,,9,28440,Guadarrama,VT-13747
Viviendas De Uso Turistico,Sin Categoria,,Calle,De La Luna,26,,26,,Bajo,EXT,28004,Madrid,VT-13755
Viviendas De Uso Turistico,Sin Categoria,,Ronda,Del Concejo,45,,,,1,C,28600,Navalcarnero,VT-13763
Viviendas De Uso Turistico,Sin Categoria,,Calle,Santiago,25,,,,0,,28801,Alcalá De Henares,VT-13501
Viviendas De Uso Turistico,Sin Categoria,,Calle,De Espoz Y Mina,7,,,,1,IZQ,28012,Madrid,VT-55
Viviendas De Uso Turistico,Sin Categoria,,Calle,De La Palma,7,,,,2,A,28004,Madrid,VT-1118
Viviendas De Uso Turistico,Sin Categoria,,Calle,María Curie,32,,,1,2,18,28703,San Sebastián De Los Reyes,VT-13516
Viviendas De Uso Turistico,Sin Categoria,,Calle,De San Marcos,3,,,,2,6,28004,Madrid,VT-7423
Viviendas De Uso Turistico,Sin Categoria,,Calle,Del General Pardiñas,103,,,IZ,1,C,28006,Madrid,VT-9499
Viviendas De Uso Turistico,Sin Categoria,,Calle,De Santa Ana,25,,,INT,BAJO,C,28005,Madrid,VT-9562
Viviendas De Uso Turistico,Sin Categoria,,Urbanizacion,El Verdugal,16,,,,,,28743,Garganta De Los Montes,VT-13531
Viviendas De Uso Turistico,Sin Categoria,,Calle,Del Río Guadiana,24,,,,Bajo,,28470,Cercedilla,VT-13740
Viviendas De Uso Turistico,Sin Categoria,,Calle,De La Huerta Del Bayo,4,,,,Bajo,4,28005,Madrid,VT-14133
Viviendas De Uso Turistico,Sin Categoria,,Calle,Del Olivar,8,,,INT,1,IZQ,28012,Madrid,VT-12599
Viviendas De Uso Turistico,Sin Categoria,,Plaza,De España,2,,,,,,28792,Miraflores De La Sierra,VT-13540
Viviendas De Uso Turistico,Sin Categoria,,Calle,Del Conde De Romanones,1,,,,1,B,28012,Madrid,VT-1011
Viviendas De Uso Turistico,Sin Categoria,,Calle,De Moratín,39,,,,1,DCHA,28014,Madrid,VT-1046
Hotel,4-hotel,Catalonia El Retiro,Avenida,De La Ciudad De Barcelona,113,,,,,,28007,Madrid,HM-4468
Viviendas De Uso Turistico,Sin Categoria,,Calle,De Bravo Murillo,53,,,,BJ,08,28003,Madrid,VT-13787
Viviendas De Uso Turistico,Sin Categoria,,Calle,Henares,1,1,4,,BAJO,A,28816,Camarma De Esteruelas,VT-13778
Viviendas De Uso Turistico,Sin Categoria,,Calle,De Amaniel,9,,,,,D,28015,Madrid,VT-13508
Viviendas De Uso Turistico,Sin Categoria,,Calle,Gran Vía,67,,,IZDA.,2,1,28013,Madrid,VT-603
Viviendas De Uso Turistico,Sin Categoria,,Calle,De Barbieri,3,,,IZDA.,BAJO,2,28004,Madrid,VT-647
Viviendas De Uso Turistico,Sin Categoria,,Avenida,De La Costa De Madrid,251,,,,,,28680,San Martín De Valdeiglesias,VT-13550
Viviendas De Uso Turistico,Sin Categoria,,Calle,Pinto,85,,2,,1,5,28982,Parla,VT-13583
Viviendas De Uso Turistico,Sin Categoria,,Calle,Pinto,85,,2,,1,6,28982,Parla,VT-13584
Viviendas De Uso Turistico,Sin Categoria,,Calle,Del Montserrat,16,,,,BAJO,B,28015,Madrid,VT-6595
Viviendas De Uso Turistico,Sin Categoria,,Calle,De La Ribera De Curtidores,29,,,,4,B,28005,Madrid,VT-2739
Viviendas De Uso Turistico,Sin Categoria,,Calle,Del Conde De Peñalver,57,,,1,1,D,28006,Madrid,VT-3818
Camping,3-camping,Camping Osuna,Calle,Jardines De Aranjuez,2,,,,,,28042,Madrid,CM-4
Viviendas De Uso Turistico,Sin Categoria,,Calle,De Barbieri,3,,,DCHA,2,4,28004,Madrid,VT-4251
Viviendas De Uso Turistico,Sin Categoria,,Calle,De Las Navas De Tolosa,9,,,DCHA.,2,A,28013,Madrid,VT-5126
Viviendas De Uso Turistico,Sin Categoria,,Calle,De Santa Ana,25,,,EXT,1,C,28005,Madrid,VT-7353
Hotel,3-hotel,Ap Hotel Madrid Aeropuerto,Avenida,De Aragón,345,,,,,,28042,Madrid,HM-2797
Viviendas De Uso Turistico,Sin Categoria,,Calle,De La Alameda,8,,,,,,28359,Titulcia,VT-13542
Viviendas De Uso Turistico,Sin Categoria,,Calle,De Almonacid,3,,,,2,IZQ,28038,Madrid,VT-12394
Viviendas De Uso Turistico,Sin Categoria,,Calle,Los Escoriales,26,,,,,,28440,Guadarrama,VT-13617
Viviendas De Uso Turistico,Sin Categoria,,Calle,De La Flor Alta,6,,,,3,C,28004,Madrid,VT-6960
Viviendas De Uso Turistico,Sin Categoria,,Calle,De La Flor Alta,6,,,,3,E,28004,Madrid,VT-6961
Hotel,4-hotel,Hotel Checkin Madrid Mostoles,Carretera,De Villaviciosa De Odon A Pinto M-506,"7,5",,,,,,28931,Móstoles,HM-5015
Viviendas De Uso Turistico,Sin Categoria,,Calle,Tinte,4,,,,1,A,28801,Alcalá De Henares,VT-13769
Hostal,3-hostal,Hostal Golden 21,Calle,De Ponferrada,49,,,,,,28029,Madrid,HM-5016
Viviendas De Uso Turistico,Sin Categoria,,Calle,De Santa Ana,25,,,EXT,2,B,28005,Madrid,VT-7356
Viviendas De Uso Turistico,Sin Categoria,,Calle,De Ferraz,18,,,,BAJ,CN,28008,Madrid,VT-11113
Viviendas De Uso Turistico,Sin Categoria,,Calle,De Santa Ana,25,,,EXT,3,B,28005,Madrid,VT-7358
Viviendas De Uso Turistico,Sin Categoria,,Calle,Mallorca,489,,,,0,,28648,Cadalso De Los Vidrios,VT-13627
Viviendas De Uso Turistico,Sin Categoria,,Calle,Sector Embarcaciones,9,,,,9,C,28760,Tres Cantos,VT-13656
Viviendas De Uso Turistico,Sin Categoria,,Calle,De Las Aguas,3,,,,Bajo,IZQ,28005,Madrid,VT-13948
Casa Huespedes,Casa Huespedes,C.H. Vianesa,Calle,De San Marcos,26,,,,2-y-3,,28004,Madrid,HM-1548
Viviendas De Uso Turistico,Sin Categoria,,Calle,De Las Cuevas,1,,,,1,E,28039,Madrid,VT-13756
Viviendas De Uso Turistico,Sin Categoria,,Travesia,De Las Eras,10,,,,,,28749,Pinilla Del Valle,VT-13764
Viviendas De Uso Turistico,Sin Categoria,,Calle,Antonio Suárez,10,,,,0,19,28805,Alcalá De Henares,VT-13742
Viviendas De Uso Turistico,Sin Categoria,,Calle,De La Infanta María Teresa,7,,,,BJ,3B,28016,Madrid,VT-13771
Viviendas De Uso Turistico,Sin Categoria,,Calle,De Consuelo Guzmán,15,,,,Bajo,A,28044,Madrid,VT-14009
Viviendas De Uso Turistico,Sin Categoria,,Calle,De Canillas,96,,,,BAJO,,28002,Madrid,VT-14158
Viviendas De Uso Turistico,Sin Categoria,,Calle,De Velázquez,29,,,,0,,28420,Galapagar,VT-13502
Viviendas De Uso Turistico,Sin Categoria,,Calle,De Santa Ana,25,,,INT,BAJO,B,28005,Madrid,VT-7337
Viviendas De Uso Turistico,Sin Categoria,,Calle,Del Alcalde Sáinz De Baranda,28,,,,0,4,28007,Madrid,VT-13626
Apart-turistico,1-apart-turistico,Anr 2,Calle,De Pinilla Del Valle,5,,,,bajo,,28002,Madrid,AM-1405
Viviendas De Uso Turistico,Sin Categoria,,Paseo,Guadalajara,100,,,,Bajo,1,28701,San Sebastián De Los Reyes,VT-13709
Hostal,1-hostal,Hostal Del Pez,Calle,Del Pez,19,,,,3,IZQ,28004,Madrid,HM-1621
Viviendas De Uso Turistico,Sin Categoria,,Calle,De Manuel Maroto,29,,,,BJ,1,28053,Madrid,VT-13810
Viviendas De Uso Turistico,Sin Categoria,,Calle,Antonio Suárez,10,,,,1,109,28805,Alcalá De Henares,VT-13791
Viviendas De Uso Turistico,Sin Categoria,,Calle,De Silva,18,,,,4,F,,Madrid,VT-3945
Viviendas De Uso Turistico,Sin Categoria,,Calle,Del Olmo,24,,,EXT,3,IZ,28012,Madrid,VT-11316
Viviendas De Uso Turistico,Sin Categoria,,Calle,Del Príncipe,26,,,,1,A,28012,Madrid,VT-4438
Viviendas De Uso Turistico,Sin Categoria,,Calle,De Pelayo,21,,,,3,DCHA,28004,Madrid,VT-5167
Viviendas De Uso Turistico,Sin Categoria,,Avenida,De América,24,,,,2,C,28028,Madrid,VT-1937
Viviendas De Uso Turistico,Sin Categoria,,Calle,Del Divino Pastor,33,,,,6,IZQ,28004,Madrid,VT-10208
Viviendas De Uso Turistico,Sin Categoria,,Calle,De Nuestra Señora De Guadalupe,17,,,,BAJO,B,28028,Madrid,VT-9765
Viviendas De Uso Turistico,Sin Categoria,,Calle,Del Manzano,12,,,,,,28812,Pezuela De Las Torres,VT-13668
Viviendas De Uso Turistico,Sin Categoria,,Calle,De Núñez De Arce,14,,,,1,C,28012,Madrid,VT-5407
Viviendas De Uso Turistico,Sin Categoria,,Calle,Del Romero,12,,,,,,28460,"Molinos, Los",VT-13765
Viviendas De Uso Turistico,Sin Categoria,,Calle,De Gomeznarro,215,,,,,,28043,Madrid,VT-14098
Viviendas De Uso Turistico,Sin Categoria,,Paseo,De La Florida,45,,,,BAJO,B,28008,Madrid,VT-13767
Viviendas De Uso Turistico,Sin Categoria,,Calle,De Los Embajadores,23,,,,5,IZ,28012,Madrid,VT-1974
Viviendas De Uso Turistico,Sin Categoria,,Calle,Del General Álvarez De Castro,28,,,,3,D,28010,Madrid,VT-2593
Casa Huespedes,Casa Huespedes,Magdalena,Calle,De La Magdalena,26,,,,3,,28012,Madrid,HM-871
Viviendas De Uso Turistico,Sin Categoria,,Avenida,De Los Andaluces,26,,,,,A,28038,Madrid,VT-13633
Viviendas De Uso Turistico,Sin Categoria,,Avenida,De Los Andaluces,26,,,,,B,28038,Madrid,VT-13634
Viviendas De Uso Turistico,Sin Categoria,,Avenida,De Los Andaluces,26,,,,,C,28038,Madrid,VT-13635
Viviendas De Uso Turistico,Sin Categoria,,Avenida,De Los Andaluces,26,,,,,D,28038,Madrid,VT-13636
Viviendas De Uso Turistico,Sin Categoria,,Calle,Del Nuncio,5,,,,2,A,28005,Madrid,VT-1050
Casa Huespedes,Casa Huespedes,Quevedo,Calle,De Viriato,9,,,,B,,28010,Madrid,HM-4987
Casa Huespedes,Casa Huespedes,Paco Rooms,Calle,Del Barco,12,,,,B,,28004,Madrid,HM-4998
Viviendas De Uso Turistico,Sin Categoria,,Avenida,Del Cerro Del Águila,2,,3,,3,3,28700,San Sebastián De Los Reyes,VT-13802
Viviendas De Uso Turistico,Sin Categoria,,Calle,De La Paloma,7,,,,3,D,28005,Madrid,VT-7869
Viviendas De Uso Turistico,Sin Categoria,,Calle,De Manuel Maroto,29,,,,bajo,4,28053,Madrid,VT-13809
Viviendas De Uso Turistico,Sin Categoria,,Calle,De Manuel Maroto,29,,,,BAJO,5,28053,Madrid,VT-13812
Viviendas De Uso Turistico,Sin Categoria,,Calle,De Coslada,26,,,,Bajo,A,28028,Madrid,VT-13817
Viviendas De Uso Turistico,Sin Categoria,,Calle,De La Cerca,17,,,,,,28370,Chinchón,VT-13813
Viviendas De Uso Turistico,Sin Categoria,,Calle,Zurich,35,,,,,,,Robledo De Chavela,VT-13857
Viviendas De Uso Turistico,Sin Categoria,,Calle,De La Batalla Del Salado,21,,,,Bajo,DCHA,28045,Madrid,VT-13826
Viviendas De Uso Turistico,Sin Categoria,,Calle,De San Joaquín,16,,,,2,D,28004,Madrid,VT-5666
Viviendas De Uso Turistico,Sin Categoria,,Calle,De Santa Ana,25,,,INT,5,B,28005,Madrid,VT-7351
Viviendas De Uso Turistico,Sin Categoria,,Calle,Uruguay,30,,,,0,,28330,San Martín De La Vega,VT-13605
Hotel-apart.,4-hotel-apart.,Apart-hotel E-kilibrio,Calle,De Antonio López,247,,,,,,28041,Madrid,HM-4994
Hotel Rural,3-hoja De Roble,Santui,Calle,Clero,10,,,,,,28191,Horcajuelo De La Sierra,TR-435
Viviendas De Uso Turistico,Sin Categoria,,Calle,De Pérez Galdós,7,,,1,2,B,28004,Madrid,VT-1700
Viviendas De Uso Turistico,Sin Categoria,,Calle,De Pérez Galdós,7,,,1,2,E,28004,Madrid,VT-1701
Hotel,3-hotel,Travelodge Madrid Coslada Aeropuerto,Avenida,De La Constitución,75,,,,,,28821,Coslada,HM-4247
Viviendas De Uso Turistico,Sin Categoria,,Calle,De La Infanta María Teresa,7,,,,BJ,3C,28016,Madrid,VT-13770
Viviendas De Uso Turistico,Sin Categoria,,Calle,De La Infanta María Teresa,7,,,,BJ,3D,28016,Madrid,VT-13772
Viviendas De Uso Turistico,Sin Categoria,,Calle,De La Infanta María Teresa,7,,,,BJ,3A,28016,Madrid,VT-13773
Viviendas De Uso Turistico,Sin Categoria,,Calle,De La Infanta María Teresa,7,,,,BJ,2,28016,Madrid,VT-13774
Viviendas De Uso Turistico,Sin Categoria,,Calle,Del Olmo,29,,,,0,,28598,Villamanrique De Tajo,VT-13776
Viviendas De Uso Turistico,Sin Categoria,,Calle,De Los Mesejo,14,,,,BAJO,,28007,Madrid,VT-14059
Viviendas De Uso Turistico,Sin Categoria,,Calle,Del Puerto De Miravete,11,,,,BAJO,D,28045,Madrid,VT-14123
Hotel Rural,1-hoja De Roble,El Refugio Rural Coworking Y Coliving,Plaza,De Carlos Ruiz,2,,,,,,28190,Puebla De La Sierra,TR-181
Viviendas De Uso Turistico,Sin Categoria,,Avenida,Pintor Antonio López,18,,,,2,C,28320,Pinto,VT-13568
Apart-turistico,1-apart-turistico,Torregrosa 4,Calle,De Torregrosa,4,,,1,0,2,28043,Madrid,AM-1399
Apart-turistico,1-apart-turistico,Uma Suites O'donnell,Calle,Del Doctor Esquerdo,77,,,,,,28007,Madrid,AM-1398
Viviendas De Uso Turistico,Sin Categoria,,Calle,De La Cava De San Miguel,11,,,,3,IZQ,28005,Madrid,VT-6596
Viviendas De Uso Turistico,Sin Categoria,,Calle,De Luis Cernuda,3,,,,Bajo,,28027,Madrid,VT-14124
Viviendas De Uso Turistico,Sin Categoria,,Calle,De La Ruda,15,,15,I,BAJO,A,28005,Madrid,VT-8905
Viviendas De Uso Turistico,Sin Categoria,,Calle,De San Modesto,16,,,,BAJO,D,28043,Madrid,VT-13832
Viviendas De Uso Turistico,Sin Categoria,,Calle,De Atocha,52,,,,3,A,28012,Madrid,VT-12829
Viviendas De Uso Turistico,Sin Categoria,,Calle,De La Cava Baja,32,,,,3,IZ,28005,Madrid,VT-3414
Pension,1-pension,El Arbol De Japon,Calle,Del Conde De Romanones,10,,,INTERI,2,DRCHA,28012,Madrid,HM-443
Viviendas De Uso Turistico,Sin Categoria,,Calle,De Santa Ana,25,,,INT,3,D,28005,Madrid,VT-11989
Viviendas De Uso Turistico,Sin Categoria,,Calle,,,,,,,,,Madrid,VT-8227
Viviendas De Uso Turistico,Sin Categoria,,Calle,De Las Eras,19,,,,,G,28749,Pinilla Del Valle,VT-13614
Viviendas De Uso Turistico,Sin Categoria,,Calle,Del General Díaz Porlier,32,,,,Bajo,5,28001,Madrid,VT-14020
Viviendas De Uso Turistico,Sin Categoria,,Calle,De Puerto Real,2,,,,BAJO,1A2,28043,Madrid,VT-14073
Viviendas De Uso Turistico,Sin Categoria,,Calle,De Fernández De Oviedo,5,,1,,SS,IZQ,28002,Madrid,VT-14132
Viviendas De Uso Turistico,Sin Categoria,,Calle,Almagro,11,,,,,,28440,Guadarrama,VT-13792
Viviendas De Uso Turistico,Sin Categoria,,Calle,Del Divino Pastor,31,,,,BAJ,1A,28004,Madrid,VT-9426
Viviendas De Uso Turistico,Sin Categoria,,Calle,Gran Vía,67,,,IZ,2,4,28013,Madrid,VT-599
Viviendas De Uso Turistico,Sin Categoria,,Calle,De Santa Ana,25,,,INT,BAJO,D,28005,Madrid,VT-7338
Viviendas De Uso Turistico,Sin Categoria,,Calle,De Santa Ana,25,,,INT,2,C,28005,Madrid,VT-7344
Viviendas De Uso Turistico,Sin Categoria,,Calle,De Santa Ana,25,,,INT,2,D,28005,Madrid,VT-7345
Viviendas De Uso Turistico,Sin Categoria,,Calle,Salvador Dalí,7,,,,,,28296,Santa María De La Alameda,VT-13553
Casa Huespedes,Casa Huespedes,Hospedaje Puente De Vallecas,Calle,Sierra De Segura,2,,,,,LOCAL,28038,Madrid,HM-4979
Casa Huespedes,Casa Huespedes,Perpetuo Socorro,Calle,Del Caballero De Gracia,18,,,,,,28013,Madrid,HM-4128
Casa Huespedes,Casa Huespedes,Almansa,Calle,De Almansa,12,,,,,,,Madrid,HM-1801
Viviendas De Uso Turistico,Sin Categoria,,Calle,De Pérez Galdós,6,,,,1,C,28004,Madrid,VT-1706
Hostal,3-hostal,I Host You Hostal Boutique,Plaza,De Las Cortes,4,,,,6,D,28014,Madrid,HM-4997
Viviendas De Uso Turistico,Sin Categoria,,Calle,Río Duero,38,,,,,,28696,Pelayos De La Presa,VT-13358
Viviendas De Uso Turistico,Sin Categoria,,Calle,De Abada,4,,,,B,2,28013,Madrid,VT-14143
Apart-turistico,1-apart-turistico,U-sense Madrid Santa Ana,Plaza,De Santa Ana,2,,,,,,28012,Madrid,AM-1347
Hostal,3-hostal,Golden Torrejon,Avenida,De La Constitucion,98,,,,,,28550,Torrejón De Ardoz,HM-4963
Viviendas De Uso Turistico,Sin Categoria,,Calle,Henares,1,,2,2,1,B,28816,Camarma De Esteruelas,VT-13527
Viviendas De Uso Turistico,Sin Categoria,,Calle,Tomillar,7,,,,,,28971,Griñón,VT-13881
Viviendas De Uso Turistico,Sin Categoria,,Calle,De José Picón,29,,,,BAJO,L-20,28028,Madrid,VT-13803
Viviendas De Uso Turistico,Sin Categoria,,Calle,De Manuel Maroto,29,,,,bajo,6,28053,Madrid,VT-13806
Viviendas De Uso Turistico,Sin Categoria,,Calle,De Manuel Maroto,29,,,,bajo,3,28053,Madrid,VT-13811
Viviendas De Uso Turistico,Sin Categoria,,Calle,De Manuel Maroto,29,,,,bajo,2,28053,Madrid,VT-13807
Viviendas De Uso Turistico,Sin Categoria,,Calle,De Coslada,26,,,,Bajo,B,28028,Madrid,VT-13818
Viviendas De Uso Turistico,Sin Categoria,,Calle,De Las Pozas,11,,,,BAJO,IZQ,28004,Madrid,VT-11355
Viviendas De Uso Turistico,Sin Categoria,,Calle,De Santa Ana,25,,,EXT,4,A,28005,Madrid,VT-7359
Viviendas De Uso Turistico,Sin Categoria,,Calle,De Tutor,59,,,,LOC.,DCHA,28008,Madrid,VT-13566
Viviendas De Uso Turistico,Sin Categoria,,Calle,Pintor Picasso,1,,,,2,D,28807,Alcalá De Henares,VT-13625
Viviendas De Uso Turistico,Sin Categoria,,Calle,Goleta,22,,,,,22,28680,San Martín De Valdeiglesias,VT-8126
Viviendas De Uso Turistico,Sin Categoria,,Costanilla,De Los Ángeles,12,,,3,1,,28013,Madrid,VT-6327
Viviendas De Uso Turistico,Sin Categoria,,Calle,San Jose Obrero,18,,,,,,,Pozuelo De Alarcón,VT-13697
Viviendas De Uso Turistico,Sin Categoria,,Calle,De Valderribas,40,,,,,C,28007,Madrid,VT-14053
Viviendas De Uso Turistico,Sin Categoria,,Calle,Del Párroco Julio Morate,1,,,,BAJO,B,28045,Madrid,VT-14140
Viviendas De Uso Turistico,Sin Categoria,,Calle,De San Bartolomé,7,,,,2,C,28004,Madrid,VT-5724
Viviendas De Uso Turistico,Sin Categoria,,Calle,De Abada,4,,,,BAJO,1,28013,Madrid,VT-14142
Viviendas De Uso Turistico,Sin Categoria,,Calle,De Antonio Toledano,17,,,A,BAJO,C,28028,Madrid,VT-14144
Viviendas De Uso Turistico,Sin Categoria,,Calle,Del Amparo,67,,,,1,3,28012,Madrid,VT-6400
Viviendas De Uso Turistico,Sin Categoria,,Calle,De Carretas,21,,,,4,IZQ,28012,Madrid,VT-6728
Viviendas De Uso Turistico,Sin Categoria,,Calle,De Arrieta,8,,,,2,1,28013,Madrid,VT-985
Viviendas De Uso Turistico,Sin Categoria,,Calle,Pico Del Yelmo,46,,,,,,28440,Guadarrama,VT-13524
Viviendas De Uso Turistico,Sin Categoria,,Calle,De Santurce,1,,,,BAJO,B3,28017,Madrid,VT-13563
Hotel,3-hotel,Dwo Yuste Alcalá,Calle,De Miguel Yuste,14,,,,,,28037,Madrid,HM-4982
Viviendas De Uso Turistico,Sin Categoria,,Plaza,Mayor,1,,,,4,DCHA,28013,Madrid,VT-723
Viviendas De Uso Turistico,Sin Categoria,,Calle,Del Capitán Blanco Argibay,5,,,,BJ,A,28029,Madrid,VT-13884
Viviendas De Uso Turistico,Sin Categoria,,Calle,De La Libertad,30,,,,3,D,28004,Madrid,VT-1612
Viviendas De Uso Turistico,Sin Categoria,,Calle,De Julián Besteiro,9,,L20,,LO,1,28020,Madrid,VT-13837
Viviendas De Uso Turistico,Sin Categoria,,Paseo,Del Paisaje,3,,,,,,28696,Pelayos De La Presa,VT-13816
Viviendas De Uso Turistico,Sin Categoria,,Calle,Henares,1,4,4,,1,C,28861,Camarma De Esteruelas,VT-13824
Viviendas De Uso Turistico,Sin Categoria,,Calle,Panamá,6,,,,BAJO,,28983,Parla,VT-13822
Viviendas De Uso Turistico,Sin Categoria,,Calle,Del Cerro Blanco,23,,,,Bajo,C,28026,Madrid,VT-14093
Viviendas De Uso Turistico,Sin Categoria,,Calle,Angosta De Los Mancebos,5,,,,BAJO,D,28005,Madrid,VT-3441
Viviendas De Uso Turistico,Sin Categoria,,Calle,De Santa Ana,25,,,INT,1,D,28005,Madrid,VT-7342
Viviendas De Uso Turistico,Sin Categoria,,Calle,De Santa Ana,25,,,INT,2,A,28005,Madrid,VT-7343
Hostal,2-hostal,Evoke Madrid,Calle,De Atocha,43,,,,2,IZQ,28012,Madrid,HM-3815
Viviendas De Uso Turistico,Sin Categoria,,Calle,De La Ruda,3,,,,2,I,28005,Madrid,VT-733
Viviendas De Uso Turistico,Sin Categoria,,Calle,Del Olivar,38,,,INT,1,DCHA,28012,Madrid,VT-731
Viviendas De Uso Turistico,Sin Categoria,,Calle,Lima,296,,,,,,28680,San Martín De Valdeiglesias,VT-13672
Viviendas De Uso Turistico,Sin Categoria,,Calle,De Los Algodonales,3,,,,3,LOCAL,28039,Madrid,VT-13877
Viviendas De Uso Turistico,Sin Categoria,,Calle,De La Flor Alta,6,,,,4,C,28004,Madrid,VT-6964
Casa Rural,Casa Rural,La Parra De Pepa,Calle,De José María Escriña,1,,,,,,28470,Cercedilla,TR-445
Viviendas De Uso Turistico,Sin Categoria,,Calle,Del Jabalí,8,,,,,,28939,Batres,VT-13865
Viviendas De Uso Turistico,Sin Categoria,,Calle,De Alvarado,10,,,,BAJO,02,28039,Madrid,VT-14112
Casa Rural,Casa Rural,La Yaya,Calle,De La Iglesia,7,,,,,,28598,Villamanrique De Tajo,TR-446
Viviendas De Uso Turistico,Sin Categoria,,Calle,Diseminado,988,,,,,,28794,Guadalix De La Sierra,VT-13843
Viviendas De Uso Turistico,Sin Categoria,,Calle,Gran Vía,67,,,IZ,2,2,28013,Madrid,VT-604
Viviendas De Uso Turistico,Sin Categoria,,Calle,De Toledo,106,,,,3,B,28005,Madrid,VT-2309
Viviendas De Uso Turistico,Sin Categoria,,Calle,De Las Canarias,38,,,,BAJO,,28045,Madrid,VT-13645
Viviendas De Uso Turistico,Sin Categoria,,Calle,De Manuel Maroto,29,,BAJO,,,7,28053,Madrid,VT-13853
Viviendas De Uso Turistico,Sin Categoria,,Calle,De Los Embajadores,60,,,,4,DCHA,28012,Madrid,VT-1994
Viviendas De Uso Turistico,Sin Categoria,,Calle,Del Valle De Oro,8,,,,SM,01,28019,Madrid,VT-13643
Viviendas De Uso Turistico,Sin Categoria,,Calle,Fuente,14,,,,bajo,,28792,Miraflores De La Sierra,VT-13828
Viviendas De Uso Turistico,Sin Categoria,,Calle,Del Párroco Julio Morate,1,,,,,A,28045,Madrid,VT-14139
Viviendas De Uso Turistico,Sin Categoria,,Calle,De Hermosilla,126,,,,Bajo,3,28028,Madrid,VT-13874
Viviendas De Uso Turistico,Sin Categoria,,Calle,De Delicias,39,,,1,BAJO,02,28045,Madrid,VT-14168
Viviendas De Uso Turistico,Sin Categoria,,Calle,Valdemoro,47,,,,1,B,28901,Getafe,VT-13858
Hotel,4-hotel,Riu Plaza España,Calle,Gran Vía,84,,,,,,28013,Madrid,HM-4890
Viviendas De Uso Turistico,Sin Categoria,,Calle,De La Viña,24,,,,BAJO,,28696,Pelayos De La Presa,VT-9699
Viviendas De Uso Turistico,Sin Categoria,,Calle,De La Flor Alta,6,,,,2,F,28004,Madrid,VT-6958
Viviendas De Uso Turistico,Sin Categoria,,Calle,De Santa Isabel,33,,,,0,2,28012,Madrid,VT-9883
Viviendas De Uso Turistico,Sin Categoria,,Camino,Camino De Las Vegas,3,,,,,,28696,Pelayos De La Presa,VT-13523
Viviendas De Uso Turistico,Sin Categoria,,Calle,De Mendívil,16,,,,Bajo,,28038,Madrid,VT-13651
Viviendas De Uso Turistico,Sin Categoria,,Calle,Miguel Servet,1,,,,0,,28296,Santa María De La Alameda,VT-13598
Viviendas De Uso Turistico,Sin Categoria,,Calle,Villares,2,,2,,2,A,28850,Torrejón De Ardoz,VT-13673
Hotel,2-hotel,Room Mate Mario,Calle,De Campomanes,4,,,,,,28013,Madrid,HM-3362
Viviendas De Uso Turistico,Sin Categoria,,Calle,De Pérez Galdós,6,,,,1,A,28004,Madrid,VT-1704
Viviendas De Uso Turistico,Sin Categoria,,Calle,De Pérez Galdós,6,,,,1,B,28004,Madrid,VT-1705
Viviendas De Uso Turistico,Sin Categoria,,Calle,De Santa Adela,15,,,BAJO,,1,28033,Madrid,VT-13665
Viviendas De Uso Turistico,Sin Categoria,,Calle,Del Mesón De Paredes,51,,2,INT,2,,28012,Madrid,VT-8996
Viviendas De Uso Turistico,Sin Categoria,,Calle,De Roberto Domingo,1,,,,,3,28028,Madrid,VT-13335
Viviendas De Uso Turistico,Sin Categoria,,Calle,De Clara Del Rey,33,,,Centro,BAJO,B2,28002,Madrid,VT-13678
Viviendas De Uso Turistico,Sin Categoria,,Calle,De Clara Del Rey,33,,,Centro,BAJO,B3,28002,Madrid,VT-13679
Pension,2-pension,La Casa De La Escritora,Calle,De San Bernardo,35,,,,2,DR,28015,Madrid,HM-4999
Viviendas De Uso Turistico,Sin Categoria,,Pasaje,De Pradillo,2,,,,2,A,28002,Madrid,VT-12635
Viviendas De Uso Turistico,Sin Categoria,,Paseo,De Santa María De La Cabeza,53,,,,Bajo,3B,,Madrid,VT-13533
Viviendas De Uso Turistico,Sin Categoria,,Paseo,De Santa María De La Cabeza,53,,,,BAJ,3C,,Madrid,VT-13534
Viviendas De Uso Turistico,Sin Categoria,,Avenida,De Los Pinos,10,,,,,,28680,San Martín De Valdeiglesias,VT-13556
Viviendas De Uso Turistico,Sin Categoria,,Calle,De Tutor,59,,,,,,28008,Madrid,VT-13571
Hotel,4-hotel,Dwo Colours Alcala,Calle,De San Romualdo,17,,,,,,28037,Madrid,HM-4978
Viviendas De Uso Turistico,Sin Categoria,,Calle,De La Flor Alta,6,,,,4,B,28004,Madrid,VT-6963
Viviendas De Uso Turistico,Sin Categoria,,Calle,De Juan Boscán,61,,,,BAJO,B1,28017,Madrid,VT-13899
Viviendas De Uso Turistico,Sin Categoria,,Calle,De Bailén,7,,,DCHA,2,7,,Madrid,VT-4989
Apart-turistico,1-apart-turistico,Mola Suites,Calle,De Atocha,16,,,,,,28012,Madrid,AM-335
Viviendas De Uso Turistico,Sin Categoria,,Plaza,Mayor,30,,,,5,B,28013,Madrid,VT-716
Viviendas De Uso Turistico,Sin Categoria,,Avenida,De Valladolid,3,,,,0,L-10,28008,Madrid,VT-13565
Pension,1-pension,Woohoo Rooms Fuencarral,Calle,De Fuencarral,41,,,,2,DCHA,28004,Madrid,HM-2006
Viviendas De Uso Turistico,Sin Categoria,,Calle,Tauro,2,,,,BAJA,,28430,Guadarrama,VT-13689
Viviendas De Uso Turistico,Sin Categoria,,Calle,De Los Mancebos,2,,,,4,A,28005,Madrid,VT-4842
Hostal,2-hostal,Victoria I,Calle,De Carretas,7,,,,1-2,,28012,Madrid,HM-4065
Viviendas De Uso Turistico,Sin Categoria,,Calle,De La Flor Alta,6,,,,2,C,28004,Madrid,VT-6957
Viviendas De Uso Turistico,Sin Categoria,,Calle,Daoíz Y Velarde,7,,,,Bajo,EXT,28807,Alcalá De Henares,VT-13515
Casa Huespedes,Casa Huespedes,Madrid Río,Calle,De Linneo,8,,,,,,28005,Madrid,HM-4840
Viviendas De Uso Turistico,Sin Categoria,,Calle,De La Victoria,2,,,,3,DCHA,28012,Madrid,VT-9939
Viviendas De Uso Turistico,Sin Categoria,,Calle,Del Párroco Don Emilio Franco,16,,B,,1,,28053,Madrid,VT-11124
Viviendas De Uso Turistico,Sin Categoria,,Calle,De Andrés Mellado,31,,,,SS,P,28015,Madrid,VT-13703
Viviendas De Uso Turistico,Sin Categoria,,Calle,De Andrés Mellado,31,,,,SS,Q,28015,Madrid,VT-13704
Viviendas De Uso Turistico,Sin Categoria,,Calle,De Andrés Mellado,31,,,,SS,R,28015,Madrid,VT-13705
Viviendas De Uso Turistico,Sin Categoria,,Calle,Del Corregidor Señor De La Elipa,9,,,,Bajo,A,28030,Madrid,VT-14086
Viviendas De Uso Turistico,Sin Categoria,,Calle,De Fuencarral,24,,,,2,B,,Madrid,VT-7332
Viviendas De Uso Turistico,Sin Categoria,,Plaza,Cervantes,22,,,,3,A,28801,Alcalá De Henares,VT-13718
Viviendas De Uso Turistico,Sin Categoria,,Plaza,Cervantes,21,,,,3,2,28801,Alcalá De Henares,VT-13720
Viviendas De Uso Turistico,Sin Categoria,,Calle,Mayor,11,,,,7,B,28012,Madrid,VT-1881
Viviendas De Uso Turistico,Sin Categoria,,Calle,Libreros,1,,,,3,B,28801,Alcalá De Henares,VT-13595
Pension,1-pension,Fly Rooms Madrid,Calle,Jerez De Los Caballeros,2,,,,B-1,,28042,Madrid,HM-4988
Viviendas De Uso Turistico,Sin Categoria,,Calle,De La Peña De La Posadilla,6,,,,BAJO,,28729,Valdemanco,VT-13669
Viviendas De Uso Turistico,Sin Categoria,,Calle,De Coslada,8,,,,Bajo,DCHA 2,28028,Madrid,VT-13702
Viviendas De Uso Turistico,Sin Categoria,,Calle,Catorce (alarilla),238,,,,BAJO,,28597,Fuentidueña De Tajo,VT-13700
Hotel,5 Estrellas L,The Madrid Edition,Plaza,De Las Descalzas,3,,,,,,28013,Madrid,HM-5003
Viviendas De Uso Turistico,Sin Categoria,,Calle,De Abades,7,,,,BAJO,2,28012,Madrid,VT-8733
Viviendas De Uso Turistico,Sin Categoria,,Calle,De Monteleón,52,,,,2,C,28010,Madrid,VT-3472
Viviendas De Uso Turistico,Sin Categoria,,Carretera,Sotillo Km 6 Villa Nati. Cruce M545 M546,,,,,,,28650,Cenicientos,VT-13800
Viviendas De Uso Turistico,Sin Categoria,,Calle,De Bravo Murillo,53,,,,BJ,09,28003,Madrid,VT-13788
Viviendas De Uso Turistico,Sin Categoria,,Calle,De Concepción Jerónima,33,,LOCAL,,,,28012,Madrid,VT-13758
Pension,1-pension,Le Petit Palu Velarde,Calle,De Velarde,22,,,,3,IZQ,28004,Madrid,HM-3967
Apartamento Rural,Apartamento Rural,Antigua Botica,Calle,Uceda,14,,,,,,28189,Torremocha De Jarama,TR-442
Viviendas De Uso Turistico,Sin Categoria,,Avenida,De La Coruña,920,,,,,,28648,Cadalso De Los Vidrios,VT-13712
Viviendas De Uso Turistico,Sin Categoria,,Calle,Sauce,47,,,,BAJA,,28729,Navalafuente,VT-13715
Viviendas De Uso Turistico,Sin Categoria,,Calle,Del Calvario,5,,,,4,5,28012,Madrid,VT-5198
Casa Huespedes,Casa Huespedes,Loop America,Avenida,De América,58,,,,LOCAL,,28028,Madrid,HM-4965
Viviendas De Uso Turistico,Sin Categoria,,Calle,Andrés Muñoz Pérez,1,,,,CHA,,28224,Pozuelo De Alarcón,VT-13537
Hotel,2-hotel,Equo Aranjuez,Calle,Del Capitán Angosto Gómez Castrillón,147,,,,,,28300,Aranjuez,HM-4970
Viviendas De Uso Turistico,Sin Categoria,,Calle,Del Mesón De Paredes,83,,,,BJ,3,28012,Madrid,VT-13867
Viviendas De Uso Turistico,Sin Categoria,,Calleja,De La Cruz,18,,,,0,,28411,Moralzarzal,VT-13726
Viviendas De Uso Turistico,Sin Categoria,,Calle,De Santísima Trinidad,33,,,,Bajo,2,28010,Madrid,VT-14080
Viviendas De Uso Turistico,Sin Categoria,,Calle,Del Castillo Piñeiro,5,,,,BAJO,4,28039,Madrid,VT-14111
Viviendas De Uso Turistico,Sin Categoria,,Calle,De Muñoz Torrero,5,,,,3,,28004,Madrid,VT-5242
Viviendas De Uso Turistico,Sin Categoria,,Camino,Cantos Gordos,6,,,,,,28470,Cercedilla,VT-13738
Hotel,4-hotel,Gran Hotel Attica21 Las Rozas,Calle,Chile,2,,,,,,28290,"Rozas De Madrid, Las",HM-4474
Viviendas De Uso Turistico,Sin Categoria,,Calle,De San Andrés,132,,,,,,28470,Cercedilla,VT-13497
Viviendas De Uso Turistico,Sin Categoria,,Calle,De La Paloma,7,,,,4,A,28005,Madrid,VT-8159
Viviendas De Uso Turistico,Sin Categoria,,Calle,De La Magdalena,22,,,,BJ,,28012,Madrid,VT-13603
Viviendas De Uso Turistico,Sin Categoria,,Calle,De Belén,6,,,,2,INT,28004,Madrid,VT-7500
Viviendas De Uso Turistico,Sin Categoria,,Calle,Paloma,8,,,,,,28792,Miraflores De La Sierra,VT-13721
Viviendas De Uso Turistico,Sin Categoria,,Paseo,Del Río Lozoya,14,,C,,,IZQ,28730,Buitrago Del Lozoya,VT-13728
Viviendas De Uso Turistico,Sin Categoria,,Calle,De La Ermita,21,,,,,,28590,Villarejo De Salvanés,VT-13729
Hosterias,Sin Categoria,Petit Hostel,Calle,De La Ilustración,4,,,,LOCAL,DCHO.,28008,Madrid,HH-71
Hosterias,Sin Categoria,Student Experience Madrid Pozuelo,Avenida,Rodajos,3,,,,,,28223,Pozuelo De Alarcón,HH-72
Hotel,2-hotel,Hotel Ibis Madrid Getafe,Calle,Del Alcalde Ángel Arroyo,8,,,,,,28904,Getafe,HM-4492
Viviendas De Uso Turistico,Sin Categoria,,Calle,De Jesús,14,,,,4,C,28014,Madrid,VT-5354
Viviendas De Uso Turistico,Sin Categoria,,Calle,De Santa Ana,25,,,INT,4,A,28012,Madrid,VT-7347
Viviendas De Uso Turistico,Sin Categoria,,Calle,De Santa Ana,25,,,INT,4,B,28005,Madrid,VT-7348
Casa Huespedes,Casa Huespedes,Woohoo Rooms Chueca,Calle,Barbieri,3,,,,1,IZQ,28004,Majadahonda,HM-1662
Viviendas De Uso Turistico,Sin Categoria,,Calle,Del Mirador Del Tajo,7,,,,,,28598,Villamanrique De Tajo,VT-13536
Casa Huespedes,Casa Huespedes,Hospederia Las Encinas,Avenida,Príncipe De Asturias,68,,,,,,28670,Villaviciosa De Odón,HM-4967
Viviendas De Uso Turistico,Sin Categoria,,Calle,Alicante,7,,,,NA,,28791,Soto Del Real,VT-13606
Viviendas De Uso Turistico,Sin Categoria,,Avenida,De Sierra Nevada,224,,,,,,28729,Venturada,VT-13608
Viviendas De Uso Turistico,Sin Categoria,,Calle,De Cartagena,66,,B,,BAJO,E,28028,Madrid,VT-7174
Hostal,2-hostal,Continental,Calle,Gran Vía,44,,,,3-4,,28013,Madrid,HM-19
Hotel,1-hotel,Hotel  Madrid Paradise,Calle,De Canillas,2,,,,BAJO,B,28002,Madrid,HM-5012
Viviendas De Uso Turistico,Sin Categoria,,Calle,De Palafox,9,,,,Bajo,A,28010,Madrid,VT-14110
Viviendas De Uso Turistico,Sin Categoria,,Calle,Del Conde De Peñalver,57,,1,,1,C,28006,Madrid,VT-3831
Viviendas De Uso Turistico,Sin Categoria,,Calle,De Delicias,29,,,,BAJO,DCHA,28045,Madrid,VT-11013
Viviendas De Uso Turistico,Sin Categoria,,Calle,De Antonio López,217 I,,,,BAJO,A,28026,Madrid,VT-13748
Viviendas De Uso Turistico,Sin Categoria,,Calle,De Seco,9,,,,BAJO,L-10,28007,Madrid,VT-13799
Viviendas De Uso Turistico,Sin Categoria,,Calle,De Manuel Maroto,29,,,,BAJO,7,28053,Madrid,VT-13808
Viviendas De Uso Turistico,Sin Categoria,,Calle,De Santa Isabel,20,,,,5,,28012,Madrid,VT-11492
Viviendas De Uso Turistico,Sin Categoria,,Calle,Solanilla,11,,,,,,28230,Santa María De La Alameda,VT-13544
Hotel,3-hotel,Tryp Leganés,Avenida,De La Universidad,7,,,,,,28911,Leganés,HM-4200
Viviendas De Uso Turistico,Sin Categoria,,Calleja,De Los Pozuelos,10,,,,,,28293,Zarzalejo,VT-13657
Viviendas De Uso Turistico,Sin Categoria,,Calle,De Juanelo,16,,,,Bajo,DCHA,28012,Madrid,VT-14412
Viviendas De Uso Turistico,Sin Categoria,,Calle,De La Cava Baja,39,,,,1,D,28005,Madrid,VT-3020
Viviendas De Uso Turistico,Sin Categoria,,Calle,De La Corredera Baja De San Pablo,33,,,,2,A,28004,Madrid,VT-2123
Casa Huespedes,Casa Huespedes,Habitaciones Europa,Calle,De Carolina Coronado,14,,,,0,IZ,28017,Madrid,HM-5006
Viviendas De Uso Turistico,Sin Categoria,Hospederia Casa-palacio Vera,Calle,Mayor,9,,,,,,28180,Torrelaguna,VT-13737
Viviendas De Uso Turistico,Sin Categoria,,Calle,De Maudes,13,,,,BAJO,2,28003,Madrid,VT-14120
Hotel-apart.,1-hotel-apart.,Be Casas Valdebebas,Avenida,De Manuel Fraga Iribarne,141,,,,,,28055,Madrid,HM-5019
Viviendas De Uso Turistico,Sin Categoria,,Calle,De Antonio Toledano,17,,,A,BAJO,B,28028,Madrid,VT-13834
Viviendas De Uso Turistico,Sin Categoria,,Calle,De Núñez De Arce,3,,,,3,DCH,28012,Madrid,VT-3859
Viviendas De Uso Turistico,Sin Categoria,,Calle,De Los Caños,2,,7,,3,IZQ,28410,Manzanares El Real,VT-13674
Viviendas De Uso Turistico,Sin Categoria,,Avenida,De Los Pirineos,15,,,,,122,28703,San Sebastián De Los Reyes,VT-13632
Viviendas De Uso Turistico,Sin Categoria,,Calle,De Lepanto,4,,,,,,28590,Villarejo De Salvanés,VT-13638
Casa Huespedes,Casa Huespedes,Benamar,Calle,De San Mateo,20,,,,2,IZQ,28004,Madrid,HM-1206
Viviendas De Uso Turistico,Sin Categoria,,Calle,De San Vicente Ferrer,47,,,,BAJO,DCH,28004,Madrid,VT-14115
Hotel-apart.,1-hotel-apart.,Glorieta Puente Segovia 1,Glorieta,Del Puente De Segovia,1,,,,BAJO,,28011,Madrid,HM-5022
Viviendas De Uso Turistico,Sin Categoria,,Calle,De Santa Ana,25,,,EXT,4,B,28005,Madrid,VT-7360
Viviendas De Uso Turistico,Sin Categoria,,Calle,Potosí,28,,,,0,,28680,San Martín De Valdeiglesias,VT-13528
Viviendas De Uso Turistico,Sin Categoria,,Calle,De Las Canarias,38,,,,1,,28045,Madrid,VT-13646
Viviendas De Uso Turistico,Sin Categoria,,Calle,Del Olvido,14,,,,0,,28749,Alameda Del Valle,VT-13629
Viviendas De Uso Turistico,Sin Categoria,,Calle,De Los Caños Del Peral,11,,,,3,IZ,28013,Madrid,VT-2630
Viviendas De Uso Turistico,Sin Categoria,,Avenida,Guadalajara,32,,,,3,B,28805,Alcalá De Henares,VT-13751
Viviendas De Uso Turistico,Sin Categoria,,Calle,Del Divino Pastor,22,,,,BAJO,DCHA,28004,Madrid,VT-7767
Viviendas De Uso Turistico,Sin Categoria,,Calle,Divino Vallés,7 BIS,,,,BAJ,A,28805,Alcalá De Henares,VT-13768
Viviendas De Uso Turistico,Sin Categoria,,Calle,Balagares,11,,,,,,28755,Robregordo,VT-13825
Viviendas De Uso Turistico,Sin Categoria,,Avenida,De La Costa De Madrid,252,,,,1,44B,28680,San Martín De Valdeiglesias,VT-13830
Viviendas De Uso Turistico,Sin Categoria,,Calle,De Algemesi,31,,,,BAJO,B,28042,Madrid,VT-14167
Hotel,2-hotel,Natura Life,Calle,De Pizarro,16,,,,,,28004,Madrid,HM-4617
Viviendas De Uso Turistico,Sin Categoria,,Calle,Del Fomento,16,,,,2,2,28013,Madrid,VT-4240
Viviendas De Uso Turistico,Sin Categoria,,Calle,De Linneo,8,,,,BAJO,L-50,28005,Madrid,VT-14154
Viviendas De Uso Turistico,Sin Categoria,,Calle,De Linneo,6,,BAJO,,,L-22,28005,Madrid,VT-14153
Viviendas De Uso Turistico,Sin Categoria,,Calle,De Los Madrazo,7,,,,3,IZQ B,28014,Madrid,VT-767
Viviendas De Uso Turistico,Sin Categoria,,Carretera,Carabanchel M-502,11,,,,B,,28223,Pozuelo De Alarcón,VT-13513
Viviendas De Uso Turistico,Sin Categoria,,Calle,De Los Tres Peces,14,,,,BAJO,D,28012,Madrid,VT-9839
Viviendas De Uso Turistico,Sin Categoria,,Plaza,Del Doctor Laguna,2,,,,BAJO,E,28009,Madrid,VT-46
Viviendas De Uso Turistico,Sin Categoria,,Calle,Pintor Picasso,1,,,,2,A,28807,Alcalá De Henares,VT-13622
Viviendas De Uso Turistico,Sin Categoria,,Calle,De Pérez Galdós,7,,1,1,1,B,28004,Madrid,VT-1696
Viviendas De Uso Turistico,Sin Categoria,,Calle,De Pérez Galdós,7,,1,1,1,C,28004,Madrid,VT-1697
Viviendas De Uso Turistico,Sin Categoria,,Avenida,Del Galeón,80,,,,,82-I,28680,San Martín De Valdeiglesias,VT-13833
Viviendas De Uso Turistico,Sin Categoria,,Calle,De La Corredera,18,,,,,,28470,Cercedilla,VT-13835
Pension,1-pension,Motel Lavapies,Calle,De Zurita,40,,,,0,,28012,Madrid,HM-4923
Viviendas De Uso Turistico,Sin Categoria,,Calle,De La Paloma,7,,,,2,D,28005,Madrid,VT-8158
Casa Rural,Casa Rural,El Abuelo Arturo,Paseo,De San Sebastián,38,,,,,,28490,Becerril De La Sierra,TR-426
Viviendas De Uso Turistico,Sin Categoria,,Calle,De Los Hermanos Pinzón,7,,,,5,A,28937,Móstoles,VT-13560
Viviendas De Uso Turistico,Sin Categoria,,Calle,Pintor Picasso,1,,,,2,C,28807,Alcalá De Henares,VT-13624
Viviendas De Uso Turistico,Sin Categoria,,Plaza,Cardenal Cisneros,4,,,,BAJO,I,28703,San Sebastián De Los Reyes,VT-13698
Viviendas De Uso Turistico,Sin Categoria,,Calle,De Tablada,56,,,,BAJO,2,28039,Madrid,VT-14113
Viviendas De Uso Turistico,Sin Categoria,,Calle,Henares,1,,4,C,1,C,28816,Camarma De Esteruelas,VT-13781
Viviendas De Uso Turistico,Sin Categoria,,Calle,De Rita Luna,1,,BIS,,0,B,,Madrid,VT-12651
Hotel-apart.,1-hotel-apart.,Smartrental Collection Gran Via,Calle,Gran Vía,14,,,,,,28013,Madrid,HM-4966
Viviendas De Uso Turistico,Sin Categoria,,Calle,Del Capitán Blanco Argibay,5,,,,1,A,28029,Madrid,VT-13885
Hosterias,Sin Categoria,Nestroom,Calle,De La Ilustración,4,,,,LOCAL,IZDO.,28008,Madrid,HH-67
Viviendas De Uso Turistico,Sin Categoria,,Calle,Del Gobernador,1,,,,4,B,28014,Madrid,VT-4884
Viviendas De Uso Turistico,Sin Categoria,,Calle,De Palafox,9,,,,Bajo,B,28010,Madrid,VT-14109
Viviendas De Uso Turistico,Sin Categoria,,Calle,De Francisco Navacerrada,26,,,,BAJO,L-10,28028,Madrid,VT-13798
Apart-turistico,1-apart-turistico,Montesa 20,Calle,De Montesa,20,,LOCAL,,,,28006,Madrid,AM-1397
Viviendas De Uso Turistico,Sin Categoria,,Calle,Loro,22,,,,,,28296,Santa María De La Alameda,VT-13567
Viviendas De Uso Turistico,Sin Categoria,,Avenida,De Marcial Llorente,22,,,,,,28696,Pelayos De La Presa,VT-13610
Viviendas De Uso Turistico,Sin Categoria,,Calle,De Loreto Y Chicote,2,,,,Bajo,,28004,Madrid,VT-14357
Casa Huespedes,Casa Huespedes,Mad Coliving,Calle,De Escalona,55,,,,BAJO,1,28024,Madrid,HM-4986
Viviendas De Uso Turistico,Sin Categoria,,Avenida,De Monterrey,378,,,,,,28680,San Martín De Valdeiglesias,VT-13628
Viviendas De Uso Turistico,Sin Categoria,,Calle,De Orense,37,,,,1,B,28020,Madrid,VT-13630
Viviendas De Uso Turistico,Sin Categoria,,Calle,De Gaztambide,18,,,,BAJO,T DCH,28015,Madrid,VT-13882
Hotel,3-hotel,Room Mate Oscar,Plaza,De Pedro Zerolo,12,,,,,,28004,Madrid,HM-4652
Hotel,3-hotel,Room Mate Alicia,Calle,Del Prado,2,,,,,,28014,Madrid,HM-4559
Hotel,2-hotel,Room Mate Macarena,Calle,Gran Vía,43,,,,,,28013,Madrid,HM-117
Viviendas De Uso Turistico,Sin Categoria,,Calle,Parque,22,,,,2,C,28807,Alcalá De Henares,VT-13688
Viviendas De Uso Turistico,Sin Categoria,,Calle,Nunki,1,,,,,,28794,Guadalix De La Sierra,VT-13761
Viviendas De Uso Turistico,Sin Categoria,,Calle,De San Lorenzo,16,,,INT,BAJO,1,28004,Madrid,VT-3877
Viviendas De Uso Turistico,Sin Categoria,,Calle,De La Isla Graciosa,4-6,,4,,7,1,28707,San Sebastián De Los Reyes,VT-13777
Viviendas De Uso Turistico,Sin Categoria,,Avenida,De Los Reyes Católicos,22,,,,BAJO,INT,28280,"Escorial, El",VT-13794
Viviendas De Uso Turistico,Sin Categoria,,Calle,De Lorenzo Santillán,5,,,,,,28680,San Martín De Valdeiglesias,VT-13831
Viviendas De Uso Turistico,Sin Categoria,,Calle,De Atocha,74,,,,3,BIS A,28012,Madrid,VT-5815
Viviendas De Uso Turistico,Sin Categoria,,Avenida,Del Galeón,80,,,,2,215,28680,San Martín De Valdeiglesias,VT-13509
Viviendas De Uso Turistico,Sin Categoria,,Camino,De Las Canteras,12,,,,,,28192,"Berrueco, El",VT-13620
Viviendas De Uso Turistico,Sin Categoria,,Calle,De Ventura De La Vega,12,,,,1,D,28014,Madrid,VT-11392
Viviendas De Uso Turistico,Sin Categoria,,Calle,Del Marqués De Santa Ana,21,,,,2,A,28004,Madrid,VT-556
Viviendas De Uso Turistico,Sin Categoria,,Calle,Del Conde De Romanones,5,,,DCHA,2,A,28012,Madrid,VT-3268
Viviendas De Uso Turistico,Sin Categoria,,Calle,Del Sanguiño,2,,,,Bajo,B,28044,Madrid,VT-13732
Viviendas De Uso Turistico,Sin Categoria,,Calle,Del Sanguiño,2,,,,B,C,28044,Madrid,VT-13733
Hotel,2-hotel,Tsh,Cuesta,De San Vicente,28,,,,,,28080,Madrid,HM-4973
Hotel,4-hotel,The Social Hub,Cuesta,De San Vicente,26,,,,,,28080,Madrid,HM-4974
Pension,3-pension,Casa Y Fonda 1888,Plaza,De Cervantes,8,,,,,,28801,Alcalá De Henares,HM-4980
Hotel-apart.,1-hotel-apart.,Paseo Suites,Paseo,De Los Talleres,16,,,,,,28021,Madrid,HM-4992
Viviendas De Uso Turistico,Sin Categoria,,Calle,Ucrania,2,,K,,Atico,A,28802,Alcalá De Henares,VT-13753
Viviendas De Uso Turistico,Sin Categoria,,Paseo,De Santa María De La Cabeza,1,,,,6,DCHA,,Madrid,VT-3942
Viviendas De Uso Turistico,Sin Categoria,,Plaza,De San Miguel,9,,,,3,DCHA,28005,Madrid,VT-3731
Viviendas De Uso Turistico,Sin Categoria,,Calle,De Archanda,1,,,,,,28023,Madrid,VT-12318
Viviendas De Uso Turistico,Sin Categoria,,Calle,De Blasco De Garay,16,,,,Bajo,CALL,,Madrid,VT-13530
Viviendas De Uso Turistico,Sin Categoria,,Calle,De Carretas,33,,,,5,4,28012,Madrid,VT-5874
Viviendas De Uso Turistico,Sin Categoria,,Calle,Del Sacramento,10,,,,1,IZQ,28005,Madrid,VT-7426
Viviendas De Uso Turistico,Sin Categoria,,Calle,Las Flores,1,,,,,,28292,"Escorial, El",VT-13749
Hosterias,Sin Categoria,Hostelfly Madrid Airport,Calle,De La Caldera,11,,,,,,28042,Madrid,HH-74
Viviendas De Uso Turistico,Sin Categoria,,Calle,De Montesa,5,,,,1,A,28006,Madrid,VT-7817
Viviendas De Uso Turistico,Sin Categoria,,Calle,De Oña,175,,,,Bajo,50,28050,Madrid,VT-14146
Viviendas De Uso Turistico,Sin Categoria,,Calle,De Villacarlos,10,,,,Bajo,A,28032,Madrid,VT-15076
Apart-turistico,1-apart-turistico,T-homes Salamanca,Calle,De Salamanca,1,,,,,,28020,Madrid,AM-1390
Casa Rural,Casa Rural,La Casona De Monterrey,Avenida,De Sierra Nevada,224,,,,,,28729,Venturada,TR-244
Viviendas De Uso Turistico,Sin Categoria,,Calle,De Ramón Patuel,35,,,,LOCAL,DCHA,28017,Madrid,VT-13722
Viviendas De Uso Turistico,Sin Categoria,,Calle,De Alcalá,222,,G2,,,A,28027,Madrid,VT-13878
Viviendas De Uso Turistico,Sin Categoria,,Calle,De Alcalá,222,,G2,,,B,28027,Madrid,VT-13879
Viviendas De Uso Turistico,Sin Categoria,,Calle,Del Prado,10,,,,2,C,28014,Madrid,VT-7129
Viviendas De Uso Turistico,Sin Categoria,,Avenida,De Los Reyes Católicos,22,,22,,BAJO,DCHA,28280,"Escorial, El",VT-13797
Viviendas De Uso Turistico,Sin Categoria,,Calle,De Coslada,26,,,,Bajo,C,28028,Madrid,VT-13819
Viviendas De Uso Turistico,Sin Categoria,,Calle,De Ercilla,49,,,,Bajo,4A,28005,Madrid,VT-14233
Pension,3-pension,Mars Suites Porras,Calle,De Antonio González Porras,3,,,,1,D,28019,Madrid,HM-5025
Viviendas De Uso Turistico,Sin Categoria,,Calle,De La Ribera De Curtidores,2,,,,5,7,28005,Madrid,VT-3077
Viviendas De Uso Turistico,Sin Categoria,,Calle,Mayor,2,,,,2,2,28801,Alcalá De Henares,VT-13848
Viviendas De Uso Turistico,Sin Categoria,,Calle,Andrés Saborit,6,,,,B,1,28802,Alcalá De Henares,VT-13514
Viviendas De Uso Turistico,Sin Categoria,,Calle,De Tribaldos,60,,3,,0,35,28043,Madrid,VT-13639
Viviendas De Uso Turistico,Sin Categoria,,Calle,De La Virgen De Aránzazu,23,,,,Bajo,F,28034,Madrid,VT-14572
Apart-turistico,1-apart-turistico,The Garden Suites,Calle,De Los Jardines,2,,,,,,28013,Madrid,AM-1359
Viviendas De Uso Turistico,Sin Categoria,,Calle,Del Arroyo,17,,,,,,28294,Robledo De Chavela,VT-13660
Viviendas De Uso Turistico,Sin Categoria,,Paseo,De Extremadura,34,,,,1,4,,Madrid,VT-12941
Viviendas De Uso Turistico,Sin Categoria,,Avenida,Del Cerro Del Águila,2,,3,,4,3,28703,San Sebastián De Los Reyes,VT-13829
Hosterias,Sin Categoria,Nest-room,Paseo,De La Castellana,240,,,,,TRASER,28046,Madrid,HH-76
Viviendas De Uso Turistico,Sin Categoria,,Plaza,Mayor,10-11,,,,4,D,28012,Madrid,VT-722
Viviendas De Uso Turistico,Sin Categoria,,Calle,De La Lechuga,3,,,INT,1,IZQ,28012,Madrid,VT-10827
Viviendas De Uso Turistico,Sin Categoria,,Calle,De Santa Ana,25,,,EXT,4,C,28005,Madrid,VT-7361
Viviendas De Uso Turistico,Sin Categoria,,Calle,Del General Ricardos,196,,,IZQ,4,B,28025,Madrid,VT-12699
Viviendas De Uso Turistico,Sin Categoria,,Plaza,De San Germán,37,,2,1,5,A,28020,Madrid,VT-12901
Viviendas De Uso Turistico,Sin Categoria,,Calle,Del General Pardiñas,13,,,,2,23,28001,Madrid,VT-9708
Viviendas De Uso Turistico,Sin Categoria,,Calle,De La Cava Baja,1,,,,1,,28005,Madrid,VT-8631
Hostal,3-hostal,Zoraya,Autovia,A-2,"12,500",,,,,,28022,Madrid,HM-2685
Viviendas De Uso Turistico,Sin Categoria,,Calle,Pintor Picasso,1,,,,2,B,28807,Alcalá De Henares,VT-13623
Viviendas De Uso Turistico,Sin Categoria,,Calle,Toledo,15,,,,BAJO,,28723,Pedrezuela,VT-13695
Viviendas De Uso Turistico,Sin Categoria,,Plaza,De Santa Catalina De Los Donados,3,,,IZDA,6,A,28013,Madrid,VT-5804
Viviendas De Uso Turistico,Sin Categoria,,Paseo,De La Virgen Del Puerto,9,,BAJO,,,L-20,,Madrid,VT-14152
Viviendas De Uso Turistico,Sin Categoria,,Paseo,De La Virgen Del Puerto,9,,BAJA,,,L-15,,Madrid,VT-14150
Viviendas De Uso Turistico,Sin Categoria,,Calle,De Calvo Asensio,10,,,,1,B,28015,Madrid,VT-4716
Viviendas De Uso Turistico,Sin Categoria,,Calle,Del Alcalde Sáinz De Baranda,9,,,,BAJO,,28009,Madrid,VT-2481
Viviendas De Uso Turistico,Sin Categoria,,Calle,De Santa Ana,25,,,EXT,3,A,28005,Madrid,VT-7357
Viviendas De Uso Turistico,Sin Categoria,,Calle,De Bravo Murillo,15,,,1,4,1,28015,Madrid,VT-10064
Viviendas De Uso Turistico,Sin Categoria,,Calle,Felipe Ii,1,,,,,,28297,Santa María De La Alameda,VT-13602
Hostal,2-hostal,Easyhotel Centro Atocha,Calle,Del Mezquite,5B,,,,,,28045,Madrid,HM-4983
Casa Rural,Casa Rural,Casa Los Tines,Calle,El Estepar,8,,,,,,28720,Bustarviejo,TR-431
Viviendas De Uso Turistico,Sin Categoria,,Calle,Del Ventorrillo,11,,,,BAJO,,28005,Madrid,VT-13631
Viviendas De Uso Turistico,Sin Categoria,,Calle,De La Corredera Baja De San Pablo,21,,,,2,C,28004,Madrid,VT-1316
Viviendas De Uso Turistico,Sin Categoria,,Calle,De Juan Duque,21,,LOCAL,,,,28005,Madrid,VT-13842
Hostal,2-hostal,Victoria Iii,Carrera,De San Jerónimo,30,,,,4,,28014,Madrid,HM-4102
Viviendas De Uso Turistico,Sin Categoria,,Calle,De La Corredera Baja De San Pablo,33,,,,1,B,28004,Madrid,VT-2285
Viviendas De Uso Turistico,Sin Categoria,Vivienda Turística,Plaza,De Bami,3,,,,BAJO,2,28017,Madrid,VT-14407
Viviendas De Uso Turistico,Sin Categoria,,Calle,De La Esgrima,5,,,,2,I,28012,Madrid,VT-7949
Pension,3-pension,Mars Suites Alondra,Calle,De La Alondra,52,,,4,3,B,28025,Madrid,HM-5023
Viviendas De Uso Turistico,Sin Categoria,,Calle,Del Sanguiño,2,,,,Bajo,A,28044,Madrid,VT-13731
Viviendas De Uso Turistico,Sin Categoria,,Calle,Casablanca,11,,,,0,,28696,Pelayos De La Presa,VT-13520
Apart-turistico,1-apart-turistico,Casa De Jiuhong,Calle,De Los Tejedores,1-3,,,,,,28037,Madrid,AM-1400
Apart-turistico,3-apart-turistico,60 Balconies Iconic,Calle,De Cedaceros,6,,,,,,28014,Madrid,AM-1404
Viviendas De Uso Turistico,Sin Categoria,,Calle,Henares,1,,5,9,1,D,28816,Camarma De Esteruelas,VT-13762
Viviendas De Uso Turistico,Sin Categoria,,Paseo,De La Virgen Del Puerto,9,,BAJA,,,L-17,,Madrid,VT-14151
Viviendas De Uso Turistico,Sin Categoria,,Calle,De Martín De Los Heros,7,,,,2,A,28008,Madrid,VT-5885
Viviendas De Uso Turistico,Sin Categoria,,Calle,De Los Hermanos Gómez,34,,,,Bajo,2,28055,Madrid,VT-14240
Viviendas De Uso Turistico,Sin Categoria,,Calle,Portilla,43,,,,1,DCHA,28803,Alcalá De Henares,VT-13856
Viviendas De Uso Turistico,Sin Categoria,,Calle,De Augusto Figueroa,9,,,,1,1,28004,Madrid,VT-8948
Viviendas De Uso Turistico,Sin Categoria,,Calle,De Seco,5,,,,5,9,28007,Madrid,VT-12131
Viviendas De Uso Turistico,Sin Categoria,,Calle,De Antonio Zamora,4,,,,0,8,28011,Madrid,VT-13564
Viviendas De Uso Turistico,Sin Categoria,,Calle,De Torrecilla Del Leal,21,,,,3,3,28012,Madrid,VT-778
Viviendas De Uso Turistico,Sin Categoria,,Calle,Mirador Del Prado,1,,,,,,28792,Miraflores De La Sierra,VT-13640
Viviendas De Uso Turistico,Sin Categoria,,Calle,Del Capitán Blanco Argibay,5,,,,1,B,28029,Madrid,VT-13886
Apart-turistico,2-apart-turistico,La Bolsa 4,Calle,La Bolsa,4,,,,,,28012,Madrid,AM-1327
Viviendas De Uso Turistico,Sin Categoria,,Calle,De Fuencarral,24,,,,2,A,,Madrid,VT-7331
Viviendas De Uso Turistico,Sin Categoria,,Travesia,Del Poeta Blas De Otero,6,,,,,LC3,28017,Madrid,VT-13775
Viviendas De Uso Turistico,Sin Categoria,,Calle,De La Vereda Del Carmen,4,,,,Bajo,A,28017,Madrid,VT-14130
Viviendas De Uso Turistico,Sin Categoria,,Avenida,De Los Reyes Católicos,22,,22,,BAJO,IZQ,28280,"Escorial, El",VT-13796
Apart-turistico,1-apart-turistico,4 Bears Studios,Calle,Luis Vélez De Guevara,10,,,,B,1 Y 2,28012,Madrid,AM-1401
Viviendas De Uso Turistico,Sin Categoria,,Calle,De La Corredera Baja De San Pablo,33,,,,3,B,28004,Madrid,VT-2136
Viviendas De Uso Turistico,Sin Categoria,,Calle,De La Corredera Baja De San Pablo,33,,,,4,A,28004,Madrid,VT-2137
Viviendas De Uso Turistico,Sin Categoria,,Calle,De Mirasierra,6,,,,BAJO,DERECH,28026,Madrid,VT-13845
Viviendas De Uso Turistico,Sin Categoria,,Calle,Gran Vía,67,,,IZ,2,3,28013,Madrid,VT-605
Viviendas De Uso Turistico,Sin Categoria,,Calle,De Delicias,21,,,,1,A,28045,Madrid,VT-2661
Viviendas De Uso Turistico,Sin Categoria,,Calle,De Santa Ana,25,,,INT,4,D,28005,Madrid,VT-7349
Viviendas De Uso Turistico,Sin Categoria,,Calle,De Santa Ana,25,,,INT,5,A,28005,Madrid,VT-7350
Viviendas De Uso Turistico,Sin Categoria,,Calle,De Silva,18,,,,4,E,28004,Madrid,VT-7506
Viviendas De Uso Turistico,Sin Categoria,,Calle,De Lagasca,110,,,INT,SÓTANO,,28006,Madrid,VT-7756
Casa Huespedes,Casa Huespedes,12 Octubre Rooms,Calle,De Carabelos,25,,,,BAJO,L-10,28041,Madrid,HM-4971
Casa Huespedes,Casa Huespedes,Cuatro Torres,Calle,Virgen De Aranzazu,33,,,,BAJO,A,28034,Madrid,HM-4972
Casa Huespedes,Casa Huespedes,Le Petit Palu Barco,Calle,Del Barco,13,,,,1,,28004,Madrid,HM-4991
Viviendas De Uso Turistico,Sin Categoria,,Calle,Cordel De Los Navarros,5,,,,3,A,28440,Guadarrama,VT-13711
Viviendas De Uso Turistico,Sin Categoria,,Calle,De La Esperanza,13,,,,3,3,28012,Madrid,VT-7446
Hotel,5-hotel,Montera Madrid,Calle,De La Montera,47,,,,,,28013,Madrid,HM-5014
Viviendas De Uso Turistico,Sin Categoria,,Paseo,De La Florida,45,,,,BAJO,A,28008,Madrid,VT-13766
Viviendas De Uso Turistico,Sin Categoria,,Calle,Gran Vía,67,,,DCHA.,2,5,28013,Madrid,VT-600
Viviendas De Uso Turistico,Sin Categoria,,Calle,Gran Vía,67,,,DCHA.,2,6,28013,Madrid,VT-601
Viviendas De Uso Turistico,Sin Categoria,,Calle,De San Crispín,5,,,,BJ,,28011,Madrid,VT-13511
Hotel,4-hotel,Only You Hotel Atocha,Paseo,De La Infanta Isabel,13,,,,,,28014,Madrid,HM-4828
Viviendas De Uso Turistico,Sin Categoria,,Plaza,Mayor,7,,,,,,28380,Colmenar De Oreja,VT-13585
Viviendas De Uso Turistico,Sin Categoria,,Calle,De Fuencarral,24,,,,3,B,28004,Madrid,VT-7334
Viviendas De Uso Turistico,Sin Categoria,,Calle,De Valderribas,40,,,,,D,28007,Madrid,VT-14052
Hosterias,Sin Categoria,Latroupe Prado,Calle,De Méndez Álvaro,2,,,,,,28045,Madrid,HH-77
Viviendas De Uso Turistico,Sin Categoria,,Calle,De Las Hermanas Alonso Barceló,6,,,,BAJO,1,28025,Madrid,VT-13844
Viviendas De Uso Turistico,Sin Categoria,,Calle,De Canillas,6,,,,Bajo,2,28002,Madrid,VT-13918
Viviendas De Uso Turistico,Sin Categoria,,Calle,Ramón Y Cajal,14,,,,1,5,28801,Alcalá De Henares,VT-13859
Viviendas De Uso Turistico,Sin Categoria,,Calle,Pinos Verdes,42,,,,,,28696,Pelayos De La Presa,VT-3040
Viviendas De Uso Turistico,Sin Categoria,,Calle,Ramón Y Cajal,14,,,,1,2,28801,Alcalá De Henares,VT-13860
Viviendas De Uso Turistico,Sin Categoria,,Calle,De Muñoz Torrero,4,,,,1,B,28004,Madrid,VT-2326
Viviendas De Uso Turistico,Sin Categoria,,Calle,De Santa Ana,25,,,EXT,1,A,28005,Madrid,VT-7352
Viviendas De Uso Turistico,Sin Categoria,,Calle,Pinto,85,,2,,1,2,28982,Parla,VT-13581
Viviendas De Uso Turistico,Sin Categoria,,Calle,Pinto,85,,2,,1,4,28982,Parla,VT-13582
Casa Rural,Casa Rural,La Casona Del Tio Pedro,Calle,Real,13,,,,,,28640,Cadalso De Los Vidrios,TR-430
Hosterias,Sin Categoria,Letoh Letoh Gran Via Hostel,Calle,De Leganitos,39-41,,,,,,28013,Madrid,HH-64
Viviendas De Uso Turistico,Sin Categoria,,Calle,Aranjuez,8,,,,,,28411,Moralzarzal,VT-13667
Viviendas De Uso Turistico,Sin Categoria,,Calle,Escritorios,11,,,,BAJO,A,28801,Alcalá De Henares,VT-13723
Viviendas De Uso Turistico,Sin Categoria,,Paseo,De La Paz,19,,,,Bajo,1,28696,Pelayos De La Presa,VT-13754
Viviendas De Uso Turistico,Sin Categoria,Apartamento De Uso Turístico,Calle,De Andrés Torrejón,24,,,,PB,2,28830,Madrid,VT-13836
Viviendas De Uso Turistico,Sin Categoria,,Calle,De Coslada,26,,,,Bajo,D,28028,Madrid,VT-13820
Viviendas De Uso Turistico,Sin Categoria,,Calle,De Coslada,26,,,,Bajo,E,28028,Madrid,VT-13821
Casa Huespedes,Casa Huespedes,Cuatro Torres,Calle,Virgen De Aranzazu,27,,,,BJ,H,28034,Madrid,HM-4964
Viviendas De Uso Turistico,Sin Categoria,,Calle,De La Paz,5,,,,2,IZ,28012,Madrid,VT-4834
Viviendas De Uso Turistico,Sin Categoria,,Calle,Vaqueras,26,,,,BAJO,C,28801,Alcalá De Henares,VT-13519
Viviendas De Uso Turistico,Sin Categoria,,Calle,De Fernán González,50,,,,BJ,L-40,28009,Madrid,VT-13521
Viviendas De Uso Turistico,Sin Categoria,,Finca,San Francisco De Meredo,13,,,,,,28630,Villa Del Prado,VT-13586
Viviendas De Uso Turistico,Sin Categoria,,Calle,Vaqueras,26,,,,1,A,28801,Alcalá De Henares,VT-13600
Viviendas De Uso Turistico,Sin Categoria,,Calle,Río,12,,,,,,28296,Santa María De La Alameda,VT-13601
Viviendas De Uso Turistico,Sin Categoria,,Calle,De La Montera,33,,B,,2,C,28013,Madrid,VT-8056
Viviendas De Uso Turistico,Sin Categoria,,Calle,Marqués De Santillana,36,,3,,3,C,28440,Guadarrama,VT-13780
Viviendas De Uso Turistico,Sin Categoria,,Plaza,Atalaya,1,,,,1,,28792,Miraflores De La Sierra,VT-13804
Viviendas De Uso Turistico,Sin Categoria,,Calle,De Las Cuevas,34,,,,BAJO,2,28039,Madrid,VT-14092
Viviendas De Uso Turistico,Sin Categoria,,Calle,Del Mediodía Grande,14,,,,4,IZQ,28005,Madrid,VT-11109
Viviendas De Uso Turistico,Sin Categoria,,Calle,De Santa Ana,25,,,EXT,1,D,28005,Madrid,VT-7354
Viviendas De Uso Turistico,Sin Categoria,,Calle,De Santa Ana,25,,,EXT,2,A,28005,Madrid,VT-7355
Viviendas De Uso Turistico,Sin Categoria,,Calle,De Santa Ana,25,,,EXT,4,D,28005,Madrid,VT-7362
Hotel,4-hotel,Hotel Catalonia Gran Via Madrid,Calle,Gran Vía,7-9,,,,,,28013,Madrid,HM-4174
Viviendas De Uso Turistico,Sin Categoria,,Calle,De San Antonio,6,,,,,,28411,Moralzarzal,VT-13541
Viviendas De Uso Turistico,Sin Categoria,,Calle,De Salitre,58,,,,BAJO,1,28012,Madrid,VT-5553
Viviendas De Uso Turistico,Sin Categoria,,Calle,Henares,1,2,6,,1,B,28861,Camarma De Esteruelas,VT-13823
Hostal,2-hostal,Milan,Calle,De Miguel Moya,4,,,,2,,28004,Madrid,HM-225
Hotel,4-hotel,Madrid Ventas,Calle,De Alcalá,269,,,,,,28027,Madrid,HM-4119
Casa Huespedes,Casa Huespedes,Salome,Calle,Del Pez,40,,,,2,IZQ,28004,Madrid,HM-505
Viviendas De Uso Turistico,Sin Categoria,,Calle,De Orense,69,,,,13,06,28020,Madrid,VT-14223
Viviendas De Uso Turistico,Sin Categoria,,Calle,Mayor,2,,,,2,1,28801,Alcalá De Henares,VT-13847
Viviendas De Uso Turistico,Sin Categoria,,Calle,Mayor,2,,,,2,3,28801,Alcalá De Henares,VT-13849
Viviendas De Uso Turistico,Sin Categoria,,Calle,Mayor,2,,,,2,4,28801,Alcalá De Henares,VT-13850
Viviendas De Uso Turistico,Sin Categoria,,Calle,De Torrecilla Del Leal,24,,,,4,C,28012,Madrid,VT-10063
Apart-turistico,1-apart-turistico,Plaza Puerta Del Sol,Plaza,Puerta Del Sol,3,,----,---,2-6,-,28013,Madrid,AM-1392
Hotel,5-hotel,Thompson Madrid,Plaza,Del Carmen,6 - 9,,,,,,28013,Madrid,HM-4976
Viviendas De Uso Turistico,Sin Categoria,,Calle,Henares,1,,7,3,1,C,28816,Camarma De Esteruelas,VT-13644
Viviendas De Uso Turistico,Sin Categoria,,Calle,Del Oso,3,,,,Bajo,,28012,Madrid,VT-13864
Viviendas De Uso Turistico,Sin Categoria,,Calle,De Fermín Caballero,76,,,,,U,28034,Madrid,VT-13650
Viviendas De Uso Turistico,Sin Categoria,,Calle,Mayor,32,,,,1,5,28013,Madrid,VT-1725
Apartamento Rural,Apartamento Rural,Alojamiento Rural,Calle,De La Estrella,15,,,,,,28754,Puentes Viejas,TR-451
Viviendas De Uso Turistico,Sin Categoria,,Avenida,Del Manzanares,70,,,,Bajo,B,28019,Madrid,VT-14199
Viviendas De Uso Turistico,Sin Categoria,,Calle,De Canillas,56,,,,Bajo,1,28002,Madrid,VT-14201
Viviendas De Uso Turistico,Sin Categoria,,Calle,De Tarragona,2,,,,Bajo,3,28045,Madrid,VT-14200
Viviendas De Uso Turistico,Sin Categoria,,Calle,De Las Manchegos,16,,,,1,B,28029,Madrid,VT-14196
Viviendas De Uso Turistico,Sin Categoria,,Calle,Gallegos,26,,,,3,IZQ,28807,Alcalá De Henares,VT-13876
Viviendas De Uso Turistico,Sin Categoria,,Ronda,De La Plazuela,10,,,,1,N,28231,"Rozas De Madrid, Las",VT-13935
Viviendas De Uso Turistico,Sin Categoria,,Avenida,De Oporto,58,,,Poster,Bajo,B,28019,Madrid,VT-13911
Viviendas De Uso Turistico,Sin Categoria,,Avenida,De Oporto,58,,,Poster,Bajo,C,28019,Madrid,VT-13912
Apart-turistico,2-apart-turistico,Home  Art Apartments Salamanca,Calle,De Eraso,5,,,,,,28028,Madrid,AM-1329
Viviendas De Uso Turistico,Sin Categoria,,Calle,De Pico Cebollera,4,,,,BAJO,1,28053,Madrid,VT-13956
Viviendas De Uso Turistico,Sin Categoria,,Calle,De Los Cedros,84,,,,1,C,28029,Madrid,VT-13921
Viviendas De Uso Turistico,Sin Categoria,,Plaza,Del Castillo,10,,,,,,28680,San Martín De Valdeiglesias,VT-13928
Viviendas De Uso Turistico,Sin Categoria,,Calle,Del Rosario,17,,,,,,28680,San Martín De Valdeiglesias,VT-13862
Viviendas De Uso Turistico,Sin Categoria,,Calle,Del Monte Urgull,28,,,,BAJO,L-10,28038,Madrid,VT-14027
Viviendas De Uso Turistico,Sin Categoria,,Calle,De Azcona,46,,4,,Bajo,DCHA,28027,Madrid,VT-13894
Viviendas De Uso Turistico,Sin Categoria,,Calle,De Los Cedros,84,,,,BAJO,C,28029,Madrid,VT-13920
Viviendas De Uso Turistico,Sin Categoria,Apartamento 2,Avenida,Del Galeón,86,,1,,1,2,28680,San Martín De Valdeiglesias,VT-13929
Viviendas De Uso Turistico,Sin Categoria,,Calle,De Loreto Y Chicote,4,,,,,LOCAL,28004,Madrid,VT-13952
Viviendas De Uso Turistico,Sin Categoria,,Calle,De Toledo,16,,,,4,IZQ,28005,Madrid,VT-908
Hotel,4-hotel,Madrid Alameda Aeropuerto Affiliated By Melia,Avenida,De Logroño,100,,,,,,28042,Madrid,HM-3533
Hotel,4-hotel,Melia Barajas,Avenida,De Logroño,305,,,,,,28042,Madrid,HM-2944
Hotel,3-hotel,Gran Via 25 Affiliated By Melia,Calle,Gran Vía,25,,,,,,28013,Madrid,HM-43
Viviendas De Uso Turistico,Sin Categoria,,Calle,De Ferraz,41,,,,Bajo-E,2,28008,Madrid,VT-14237
Viviendas De Uso Turistico,Sin Categoria,,Calle,De Ferraz,41,,,,Bajo-E,1,28008,Madrid,VT-14239
Viviendas De Uso Turistico,Sin Categoria,,Calle,De Don Álvaro De Bazán,1,,Local,,,1,28003,Madrid,VT-13937
Viviendas De Uso Turistico,Sin Categoria,,Calle,De Don Álvaro De Bazán,1,,Local,,,2,28003,Madrid,VT-13938
Viviendas De Uso Turistico,Sin Categoria,,Calle,Del Pensamiento,24,,,,0,L-10,28020,Madrid,VT-13942
Viviendas De Uso Turistico,Sin Categoria,,Calle,Del Duque De Rivas,8,,,,1,E,28012,Madrid,VT-13909
Casa Rural,Casa Rural,Venturural,Calle,Camino Callejuela,6,,,,,,28729,Venturada,TR-456
Hotel,1-hotel,Don Angel,Calle,Comadre,1,,,,,,28691,Villanueva De La Cañada,HM-4223
Viviendas De Uso Turistico,Sin Categoria,,Calle,De Matilde Landa,9,,,,Bajo,IZQ 2,28029,Madrid,VT-13815
Casa Huespedes,Casa Huespedes,Abbaly,Plaza,De San Miguel,5,,,,1-EXT,DCHA,28005,Madrid,HM-4667
Casa Huespedes,Casa Huespedes,Casa De La Plaza,Plaza,De San Miguel,5,,,,1,EXT IZQ,28005,Madrid,HM-1387
Viviendas De Uso Turistico,Sin Categoria,,Calle,Del Molino,3,,,,Bajo,,28470,Cercedilla,VT-13978
Viviendas De Uso Turistico,Sin Categoria,,Calle,Del Toro,3,,,,bajo,A,28005,Madrid,VT-14202
Viviendas De Uso Turistico,Sin Categoria,,Calle,De Víctor De La Serna,31,,,,C,,28016,Madrid,VT-13932
Viviendas De Uso Turistico,Sin Categoria,,Calle,De Víctor De La Serna,31,,,,B,,28016,Madrid,VT-13933
Viviendas De Uso Turistico,Sin Categoria,,Calle,De Víctor De La Serna,31,,,,,A,28016,Madrid,VT-13934
Viviendas De Uso Turistico,Sin Categoria,,Calle,De Don Pedro,11,,,,BAJO,DERECH,28005,Madrid,VT-14210
Viviendas De Uso Turistico,Sin Categoria,,Calle,De Juan Boscán,61,,,,Bajo,B2,28017,Madrid,VT-13900
Hotel,4-hotel,Hotel Pinar Plaza,Calle,De Caleruega,67,,,,,,28033,Madrid,HM-5036
Viviendas De Uso Turistico,Sin Categoria,,Calle,Vaqueras,44,,,,Bj,A,28801,Alcalá De Henares,VT-13907
Viviendas De Uso Turistico,Sin Categoria,,Calle,De Torrecilla Del Leal,5,,,,Bajo,IZQ,28012,Madrid,VT-13906
Viviendas De Uso Turistico,Sin Categoria,,Calle,De Los Cedros,84,,,,BAJO,A,28029,Madrid,VT-13926
Viviendas De Uso Turistico,Sin Categoria,,Calle,Turquesa,22,,,,,,28260,Galapagar,VT-13964
Pension,2-pension,Pension Levante,Calle,Del Postigo De San Martín,6,,,,1,,28013,Madrid,HM-233
Viviendas De Uso Turistico,Sin Categoria,,Calle,De La Virgen Del Coro,14,,,,Bajo,3-4 PO,28027,Madrid,VT-14495
Viviendas De Uso Turistico,Sin Categoria,,Urbanizacion,De La Costa De Madrid,253,,,1,2,33,28650,San Martín De Valdeiglesias,VT-13872
Viviendas De Uso Turistico,Sin Categoria,,Calle,De Castrillo De Aza,7,,,Izq.,Bajo,A,28031,Madrid,VT-14171
Viviendas De Uso Turistico,Sin Categoria,,Paseo,Del Marqués De Zafra,24,,,,,,28028,Madrid,VT-13875
Viviendas De Uso Turistico,Sin Categoria,,Calle,De Jesús Del Valle,23,,,,Bajo,A,28004,Madrid,VT-5952
Viviendas De Uso Turistico,Sin Categoria,,Calle,De Azcona,46,,4,,Bajo,IZQUIE,28027,Madrid,VT-13893
Hotel,4-hotel,Me Madrid Reina Victoria,Plaza,De Santa Ana,14,,,,,,28012,Madrid,HM-104
Hotel,2-hotel,Madrid Centro Affiliated By Melia,Calle,Gran Vía,72,,,,,,28013,Madrid,HM-105
Hotel,4-hotel,Madrid Plaza España Affiliated By Melia,Calle,Gran Vía,74,,,,,,28013,Madrid,HM-62
Apart-turistico,2-apart-turistico,Tgh Gran Via Apartments,Calle,De San Onofre,5,,,,,,28004,Madrid,AM-1416
Viviendas De Uso Turistico,Sin Categoria,,Calle,Portilla,43,,,,1,IZQ,28801,Alcalá De Henares,VT-13924
Casa Huespedes,Casa Huespedes,Navarra,Calle,De Navarra,16,,,,2,DCHA,28039,Madrid,HM-1797
Viviendas De Uso Turistico,Sin Categoria,,Calle,De Orense,69,,,,11,1109,28020,Madrid,VT-10546
Viviendas De Uso Turistico,Sin Categoria,,Calle,De Orense,69,,,,8,832,28020,Madrid,VT-10526
Viviendas De Uso Turistico,Sin Categoria,,Calle,De La Primavera,94,,,,,130,28430,Alpedrete,VT-14313
Viviendas De Uso Turistico,Sin Categoria,,Calle,De La Primavera,94,,,,,205,28430,Alpedrete,VT-14282
Viviendas De Uso Turistico,Sin Categoria,,Calle,De Andrés Mellado,20,,,,0,L-20,28015,Madrid,VT-14365
Viviendas De Uso Turistico,Sin Categoria,,Calle,De Ponzano,91,,,,Bajo,4,28003,Madrid,VT-14423
Viviendas De Uso Turistico,Sin Categoria,,Calle,De La Isla Graciosa,4-6,,1,,6,5,28707,San Sebastián De Los Reyes,VT-14517
Viviendas De Uso Turistico,Sin Categoria,,Calle,Río Manzanares,42,,,,0,,28972,Miraflores De La Sierra,VT-13890
Viviendas De Uso Turistico,Sin Categoria,,Calle,Pintor Picasso,1,,,,Bajo,A,28807,Alcalá De Henares,VT-14031
Viviendas De Uso Turistico,Sin Categoria,,Calle,Amapolas,28,,,,,,28210,Valdemorillo,VT-14070
Viviendas De Uso Turistico,Sin Categoria,,Calle,De Cantalejo,3,,,,Bajo,1A,28035,Madrid,VT-14075
Viviendas De Uso Turistico,Sin Categoria,,Calle,Roble,149,,,,,,28695,Navas Del Rey,VT-14051
Viviendas De Uso Turistico,Sin Categoria,,Paseo,De Yeserías,55,,,,0,3-2,28005,Madrid,VT-14088
Casa Huespedes,Casa Huespedes,The Garden Madrid,Calle,Madre Carmen De Niño Jesus,8,,,,,,28002,Madrid,HM-5067
Hostal,1-hostal,Puerto Chico,Plaza,De Tirso De Molina,20,,,,3,,28012,Madrid,HM-3183
Viviendas De Uso Turistico,Sin Categoria,,Sector,Foresta,25,,1,,bajo,1 B,28760,Tres Cantos,VT-14505
Viviendas De Uso Turistico,Sin Categoria,,Calle,Pintor Picasso,1,,,,Bajo,C,28807,Alcalá De Henares,VT-14033
Casa Huespedes,Casa Huespedes,Casa De Huesped,Calle,De Carnicer,4,,,,1,,28039,Madrid,HM-2745
Apart-turistico,1-apart-turistico,Apartamentos Turisticos,Calle,De Alberto Aguilera,34,,,,,,28015,Madrid,AM-1445
Viviendas De Uso Turistico,Sin Categoria,,Calle,De Ezequiel Solana,120,,,,,,28022,Madrid,VT-14129
Viviendas De Uso Turistico,Sin Categoria,,Calle,De La Primavera,94,,,,210,,28430,Alpedrete,VT-14301
Viviendas De Uso Turistico,Sin Categoria,,Calle,De Orense,51,,,IZ,1,D,28020,Madrid,VT-14302
Apart-turistico,1-apart-turistico,Puerto Alto Apartments,Calle,Del Puerto Alto,22,,,,,,28053,Madrid,AM-1454
Viviendas De Uso Turistico,Sin Categoria,,Calle,Diez,15,,,,,,28028,"Escorial, El",VT-14465
Viviendas De Uso Turistico,Sin Categoria,,Calle,De Barquillo,38,,,B,3,E3,28004,Madrid,VT-14469
Viviendas De Uso Turistico,Sin Categoria,,Calle,De Barquillo,38,,,B,3,F1,28004,Madrid,VT-14470
Viviendas De Uso Turistico,Sin Categoria,,Calle,De Barquillo,38,,,B,3,F2,28004,Madrid,VT-14471
Hostal,3-hostal,Be Relax Torrejón,Calle,Arroyo,1,,,,,01,28850,Torrejón De Ardoz,HM-5072
Viviendas De Uso Turistico,Sin Categoria,,Calle,De José Bergamín,12,,,,,,28030,Madrid,VT-14545
Viviendas De Uso Turistico,Sin Categoria,,Calle,De La Isla De Gomera,5,,,,BAJO,4A,28039,Madrid,VT-14161
Viviendas De Uso Turistico,Sin Categoria,,Calle,De Preciados,23,,,,2,IZQ,28013,Madrid,VT-6189
Viviendas De Uso Turistico,Sin Categoria,,Calle,De La Cruz,8,,,,3,D,28012,Madrid,VT-6195
Casa Huespedes,Casa Huespedes,Flipco Cantueso,Calle,Del Cantueso,41,,,,,,28039,Madrid,HM-5033
Viviendas De Uso Turistico,Sin Categoria,,Calle,Del Párroco Julio Morate,7,,,,,20D,28045,Madrid,VT-14034
Viviendas De Uso Turistico,Sin Categoria,,Avenida,De Retamas,71,,,,3,B,28922,Alcorcón,VT-13997
Viviendas De Uso Turistico,Sin Categoria,,Calle,De Andrés Tamayo,3,,,,BAJO,2,28028,Madrid,VT-14195
Viviendas De Uso Turistico,Sin Categoria,,Calle,De Salitre,23,,,,,,28013,Madrid,VT-14208
Viviendas De Uso Turistico,Sin Categoria,,Calle,De La Primavera,94,,,,,123,28430,Alpedrete,VT-14284
Viviendas De Uso Turistico,Sin Categoria,,Calle,Del Príncipe De Vergara,103,,,,,,28006,Madrid,VT-14325
Viviendas De Uso Turistico,Sin Categoria,,Calle,De Hartzenbusch,5,,,,BAJ,IZQ,28010,Madrid,VT-13852
Viviendas De Uso Turistico,Sin Categoria,,Callejon,San Pelayos,8,,,,,,28696,Pelayos De La Presa,VT-13903
Viviendas De Uso Turistico,Sin Categoria,,Calle,De Las Magnolias,89,,,,1,A,28029,Madrid,VT-14209
Viviendas De Uso Turistico,Sin Categoria,Las Lanchas,Calle,De Las Lanchas,2,,,,,,28680,San Martín De Valdeiglesias,VT-13965
Viviendas De Uso Turistico,Sin Categoria,,Paseo,De Pontones,15,,,,Bajo,D,28005,Madrid,VT-14183
Viviendas De Uso Turistico,Sin Categoria,,Calle,De Orense,69,,,,6,613,28020,Madrid,VT-10488
Viviendas De Uso Turistico,Sin Categoria,,Calle,De Antonia Rodríguez Sacristán,41,,,,Baja,2,28044,Madrid,VT-14094
Apartamento Rural,Apartamento Rural,Apartamento Rural,Calle,Del Cornetal,3,,,,,,28650,Cenicientos,TR-464
Viviendas De Uso Turistico,Sin Categoria,,Calle,De La Primavera,94,,,,,208,28430,Alpedrete,VT-14283
Viviendas De Uso Turistico,Sin Categoria,,Calle,De Los Cedros,84,,,,BAJO-1,D,28029,Madrid,VT-13922
Viviendas De Uso Turistico,Sin Categoria,,Calle,De Don Quijote,7,,,,Bajo,B,28020,Madrid,VT-13943
Viviendas De Uso Turistico,Sin Categoria,,Calle,De Don Quijote,7,,,,Bajo,A,28020,Madrid,VT-13944
Viviendas De Uso Turistico,Sin Categoria,,Calle,De Orense,69,,,,12,1207,28020,Madrid,VT-10549
Viviendas De Uso Turistico,Sin Categoria,,Calle,De Orense,69,,,,7,725,28020,Madrid,VT-10506
Viviendas De Uso Turistico,Sin Categoria,,Calle,De Orense,69,,,,6,623,28020,Madrid,VT-10493
Viviendas De Uso Turistico,Sin Categoria,,Calle,De Orense,69,,,,6,615,28020,Madrid,VT-10490
Viviendas De Uso Turistico,Sin Categoria,,Calle,De Orense,69,,,,6,617,28020,Madrid,VT-10491
Viviendas De Uso Turistico,Sin Categoria,,Calle,De Orense,69,,,,6,614,28020,Madrid,VT-10489
Viviendas De Uso Turistico,Sin Categoria,,Calle,De Alonso Núñez,18,,,,Bajo,1,28039,Madrid,VT-14125
Viviendas De Uso Turistico,Sin Categoria,,Calle,Bellavista,7,,,,,,28696,Pelayos De La Presa,VT-14222
Viviendas De Uso Turistico,Sin Categoria,,Calle,De Ardemáns,62,,,,Bajo,1-2,28028,Madrid,VT-14100
Viviendas De Uso Turistico,Sin Categoria,,Calle,De Ardemáns,62,,,,Bajo,1-3,28028,Madrid,VT-14102
Viviendas De Uso Turistico,Sin Categoria,,Calle,De Orense,69,,,,8,823,28020,Madrid,VT-10519
Viviendas De Uso Turistico,Sin Categoria,,Calle,De Orense,69,,,,8,821,28020,Madrid,VT-10518
Viviendas De Uso Turistico,Sin Categoria,,Calle,De Orense,69,,,,8,818,28020,Madrid,VT-10517
Viviendas De Uso Turistico,Sin Categoria,,Calle,De Orense,69,,,,5,530,28020,Madrid,VT-10477
Viviendas De Uso Turistico,Sin Categoria,,Calle,De Las Carolinas,25,,,,1,EI,28039,Madrid,VT-14127
Viviendas De Uso Turistico,Sin Categoria,,Calle,De Ardemáns,62,,,,Bajo,1-4,28028,Madrid,VT-14103
Viviendas De Uso Turistico,Sin Categoria,,Calle,De Ardemáns,62,,,,Bajo,1-5,28028,Madrid,VT-14104
Viviendas De Uso Turistico,Sin Categoria,,Calle,De Ardemáns,62,,,,Bajo,1-6,28028,Madrid,VT-14105
Viviendas De Uso Turistico,Sin Categoria,,Calle,De Ardemáns,62,,,,Bajo,1-8,28028,Madrid,VT-14107
Viviendas De Uso Turistico,Sin Categoria,,Calle,De Hortaleza,15,,,DCHA,2,5,28004,Madrid,VT-4277
Viviendas De Uso Turistico,Sin Categoria,,Calle,De Hartzenbusch,5,,,,BAJ,DCHA,28010,Madrid,VT-13851
Viviendas De Uso Turistico,Sin Categoria,,Calle,De Gravina,21,,,,3,3,28004,Madrid,VT-4323
Viviendas De Uso Turistico,Sin Categoria,,Calle,De Los Cedros,84,,,,1,F,28029,Madrid,VT-13923
Apart-turistico,1-apart-turistico,Dobo Madrid San Diego,Calle,De Encarnación González,13,,,,,,28053,Madrid,AM-1435
Viviendas De Uso Turistico,Sin Categoria,,Calle,De Narciso Serra,9,,,,BAJO,DERECH,28007,Madrid,VT-13961
Viviendas De Uso Turistico,Sin Categoria,,Calle,De Las Naves,21,,B,1,BAJO,L-40,28005,Madrid,VT-14181
Viviendas De Uso Turistico,Sin Categoria,,Calle,Pintor Picasso,1,,,,1,B,28807,Alcalá De Henares,VT-14049
Pension,2-pension,Centro Sol,Carrera,De San Jerónimo,5,,,,2,,28014,Madrid,HM-4148
Pension,1-pension,Hostal Centro Sol Ii,Carrera,De San Jerónimo,5,,,,4,,28014,Madrid,HM-4438
Viviendas De Uso Turistico,Sin Categoria,,Calle,De La Primavera,94,,,,106,,28430,Alpedrete,VT-14289
Viviendas De Uso Turistico,Sin Categoria,,Calle,De La Primavera,94,,,,,113,28430,Alpedrete,VT-14291
Viviendas De Uso Turistico,Sin Categoria,,Calle,De La Primavera,94,,,,,221,28430,Alpedrete,VT-14292
Viviendas De Uso Turistico,Sin Categoria,,Calle,De La Primavera,94,,,,,222,28430,Alpedrete,VT-14293
Viviendas De Uso Turistico,Sin Categoria,,Calle,Del Maestro Alonso,10,,,,0,B,28028,Madrid,VT-14319
Viviendas De Uso Turistico,Sin Categoria,,Calle,De Valencia,2,,,,1,A,28012,Madrid,VT-3069
Viviendas De Uso Turistico,Sin Categoria,,Calle,Del General Pardiñas,34,,,,6,C,,Madrid,VT-3182
Viviendas De Uso Turistico,Sin Categoria,,Calle,De Los Cedros,84,,,,1,E,28029,Madrid,VT-13925
Viviendas De Uso Turistico,Sin Categoria,,Calle,De Montalbos,39,,,,,,28043,Madrid,VT-14003
Viviendas De Uso Turistico,Sin Categoria,,Calle,De Meléndez Valdés,54,,,,1,42,28015,Madrid,VT-14000
Viviendas De Uso Turistico,Sin Categoria,,Calle,De Meléndez Valdés,54,,,,1,43,28015,Madrid,VT-14001
Viviendas De Uso Turistico,Sin Categoria,,Calle,De Orense,69,,,,3,308,28020,Madrid,VT-10443
Viviendas De Uso Turistico,Sin Categoria,,Calle,De Orense,69,,,,5,524,28020,Madrid,VT-10474
Viviendas De Uso Turistico,Sin Categoria,,Calle,De Orense,69,,,,5,522,28020,Madrid,VT-10473
Viviendas De Uso Turistico,Sin Categoria,,Calle,De Orense,69,,,,5,518,28020,Madrid,VT-10472
Viviendas De Uso Turistico,Sin Categoria,,Calle,De Orense,69,,,,5,514,28020,Madrid,VT-10471
Viviendas De Uso Turistico,Sin Categoria,,Calle,De Ardemáns,62,,,,Bajo,1-7,28028,Madrid,VT-14106
Viviendas De Uso Turistico,Sin Categoria,,Calle,De Antillón,15,,,,Bajo,EXT DCHA,28011,Madrid,VT-14389
Viviendas De Uso Turistico,Sin Categoria,,Calle,De San Germán,49,,,,0,L-10,28020,Madrid,VT-14344
Viviendas De Uso Turistico,Sin Categoria,,Calle,Mayor,38,,,,1,,28801,Alcalá De Henares,VT-14317
Viviendas De Uso Turistico,Sin Categoria,,Avenida,De San Luis,27,,3,6,BAJO,C,28033,Madrid,VT-14328
Viviendas De Uso Turistico,Sin Categoria,,Calle,Rafael De Riego,52,,,,0,L-20,28045,Madrid,VT-13854
Viviendas De Uso Turistico,Sin Categoria,,Plaza,De La Cebada,14,,,,5,CENTRO,28005,Madrid,VT-5968
Apart-turistico,2-apart-turistico,Alianza Suites,Carretera,De Villaverde A Vallecas,29,,,,0,02,28041,Madrid,AM-1431
Viviendas De Uso Turistico,Sin Categoria,,Calle,De Canillas,5,,,1,BAJO,1,28002,Madrid,VT-14253
Viviendas De Uso Turistico,Sin Categoria,,Calle,De La Primavera,94,,,,,108,28430,Alpedrete,VT-14269
Viviendas De Uso Turistico,Sin Categoria,,Calle,De La Primavera,94,,,,,107,28430,Alpedrete,VT-14312
Viviendas De Uso Turistico,Sin Categoria,,Calle,De Gandhi,5,,,ext,-1,3,28017,Madrid,VT-14426
Viviendas De Uso Turistico,Sin Categoria,,Calle,De Gandhi,5,,,ext,-1,2,28017,Madrid,VT-14425
Viviendas De Uso Turistico,Sin Categoria,,Calle,De Blasco De Garay,70,,,,Bajo,VIV. 1,28015,Madrid,VT-14433
Viviendas De Uso Turistico,Sin Categoria,"Vivienda San Gregorio, 7",Calle,De San Gregorio,7,,,,B,IZQ,28004,Madrid,VT-13951
Hosterias,Sin Categoria,Madrid Live Coworking,Calle,De Mariano Carderera,12,,,,,,28011,Madrid,HH-84
Viviendas De Uso Turistico,Sin Categoria,,Calle,De Orense,69,,,,4,408,28020,Madrid,VT-10453
Viviendas De Uso Turistico,Sin Categoria,,Calle,De Cantalejo,3,,,,Bajo,1B,28035,Madrid,VT-14076
Viviendas De Uso Turistico,Sin Categoria,,Calle,De Cantalejo,3,,,,Bajo,1C,28035,Madrid,VT-14077
Viviendas De Uso Turistico,Sin Categoria,,Calle,De Cantalejo,3,,,,Bajo,1D,28035,Madrid,VT-14078
Viviendas De Uso Turistico,Sin Categoria,,Calle,De Canillas,5,,,1,BAJO,3,28002,Madrid,VT-14245
Viviendas De Uso Turistico,Sin Categoria,,Calle,De Nicolasa Gómez,77,,,,Bajo,A,28022,Madrid,VT-14409
Viviendas De Uso Turistico,Sin Categoria,,Calle,De Salvador Dalí,14,,,,LOCAL,6,28320,Pinto,VT-14462
Viviendas De Uso Turistico,Sin Categoria,,Calle,De Aguetol,7,,,,,B,28042,Madrid,VT-14487
Viviendas De Uso Turistico,Sin Categoria,,Calle,De Mira El Sol,3,,,,Bajo,C,28005,Madrid,VT-14211
Viviendas De Uso Turistico,Sin Categoria,,Calle,Arroyo Grande,47,,,,,,28411,Moralzarzal,VT-14029
Viviendas De Uso Turistico,Sin Categoria,,Calle,De Pedro Laín Entralgo,6,,,,,9,28660,Boadilla Del Monte,VT-14440
Casa Huespedes,Casa Huespedes,Dobo Homes Sb20,Calle,De San Bernardo,20,,,,4,1Y2,28015,Madrid,HM-5069
Viviendas De Uso Turistico,Sin Categoria,,Calle,De Fuencarral,54,,,,5,D,,Madrid,VT-5955
Viviendas De Uso Turistico,Sin Categoria,,Paseo,De La Dirección,46,,,,Bajo,E,28039,Madrid,VT-13931
Viviendas De Uso Turistico,Sin Categoria,,Calle,De Orense,69,,,,4,433,28020,Madrid,VT-10466
Viviendas De Uso Turistico,Sin Categoria,,Calle,De Orense,69,,,,4,431,28020,Madrid,VT-10465
Viviendas De Uso Turistico,Sin Categoria,,Calle,Del Manzanares,64,,,,Bajo,A3,28019,Madrid,VT-14116
Viviendas De Uso Turistico,Sin Categoria,,Calle,De Servando Batanero,49,,,,Bajo,C,28017,Madrid,VT-14141
Viviendas De Uso Turistico,Sin Categoria,,Calle,De Ávila,26,,,,BAJO,A,28020,Madrid,VT-14513
Viviendas De Uso Turistico,Sin Categoria,,Calle,Margarita Xirgú,3,,,,BAJO,5-2,28703,San Sebastián De Los Reyes,VT-14532
Viviendas De Uso Turistico,Sin Categoria,,Calle,De Toledo,123,,,,Bajo,D,28005,Madrid,VT-15060
Viviendas De Uso Turistico,Sin Categoria,,Calle,De San Raimundo,18,,,,BAJO,L-10,28039,Madrid,VT-14586
Viviendas De Uso Turistico,Sin Categoria,,Calle,De San Blas,15,,,,,,28160,Talamanca De Jarama,VT-13880
Viviendas De Uso Turistico,Sin Categoria,,Calle,De Granada,57,,,,Bajo,DCHA,28007,Madrid,VT-13983
Viviendas De Uso Turistico,Sin Categoria,,Calle,Doctora De Alcalá,7,,,,0,B,28807,Alcalá De Henares,VT-13994
Viviendas De Uso Turistico,Sin Categoria,,Calle,De Orense,69,,,,7,706,28020,Madrid,VT-10499
Viviendas De Uso Turistico,Sin Categoria,,Travesia,De María Juana,14,,,,1,1,28039,Madrid,VT-14063
Viviendas De Uso Turistico,Sin Categoria,,Calle,De Sagunto,3,,,,Bajo,,28010,Madrid,VT-14096
Viviendas De Uso Turistico,Sin Categoria,,Calle,De Canillas,5,,,2,BAJO,9,28002,Madrid,VT-14261
Viviendas De Uso Turistico,Sin Categoria,,Colonia,De San Pedro,3,,,,,,28791,Soto Del Real,VT-14391
Viviendas De Uso Turistico,Sin Categoria,,Calle,De La Primavera,94,,,,,212,28430,Alpedrete,VT-14285
Viviendas De Uso Turistico,Sin Categoria,,Calle,De La Primavera,94,,,,104,,28430,Alpedrete,VT-14286
Viviendas De Uso Turistico,Sin Categoria,,Calle,De La Primavera,94,,,,,213,28430,Alpedrete,VT-14287
Viviendas De Uso Turistico,Sin Categoria,,Calle,De La Primavera,94,,,,,105,28430,Alpedrete,VT-14288
Viviendas De Uso Turistico,Sin Categoria,,Calle,Santiago,10,,,,,,28720,Miraflores De La Sierra,VT-14320
Viviendas De Uso Turistico,Sin Categoria,,Calle,Luis Vives,1,,1,,8,D,28803,Alcalá De Henares,VT-13898
Viviendas De Uso Turistico,Sin Categoria,,Urbanizacion,Costa De Madrid,252,,0,,BAJO,DCHA,28680,San Martín De Valdeiglesias,VT-13966
Viviendas De Uso Turistico,Sin Categoria,,Calle,Antonio Suárez,12,,,,2,214,28802,Alcalá De Henares,VT-13991
Viviendas De Uso Turistico,Sin Categoria,Campezo 14 Bloque 4 1 5,Calle,De Campezo,14,,4,,1,5,,Madrid,VT-14062
Apart-turistico,1-apart-turistico,Olala Color,Calle,Del Monte Igueldo,35,,,,,,28053,Madrid,AM-1393
Pension,1-pension,Suarez,Calle,De Ávila,14,,,,1,,28020,Madrid,HM-3971
Viviendas De Uso Turistico,Sin Categoria,,Paseo,De La Dirección,8,,,,BAJO,B2,28039,Madrid,VT-14040
Viviendas De Uso Turistico,Sin Categoria,,Paseo,De La Dirección,8,,,,BAJO,B3,28039,Madrid,VT-14041
Viviendas De Uso Turistico,Sin Categoria,,Calle,Del Nogal,7,,,,,,28935,Móstoles,VT-13962
Viviendas De Uso Turistico,Sin Categoria,,Calle,De Orense,69,,,,14,1411,28020,Madrid,VT-10560
Viviendas De Uso Turistico,Sin Categoria,,Plaza,De Mariana Pineda,3,,A,,BAJO,2,28038,Madrid,VT-14137
Viviendas De Uso Turistico,Sin Categoria,,Calle,Cristal,37,,,,,1,28791,Soto Del Real,VT-14213
Viviendas De Uso Turistico,Sin Categoria,,Calle,Cristal,37,,,,,2,28791,Soto Del Real,VT-14214
Viviendas De Uso Turistico,Sin Categoria,,Calle,Cristal,37,,,,,3,28791,Soto Del Real,VT-14215
Viviendas De Uso Turistico,Sin Categoria,,Calle,Del Mediodía Grande,11,,,,Bajo,2,28005,Madrid,VT-14226
Viviendas De Uso Turistico,Sin Categoria,,Calle,De La Primavera,94,,,,,122,28430,Alpedrete,VT-14277
Viviendas De Uso Turistico,Sin Categoria,,Calle,Gallo,8,,,,,,28801,Alcalá De Henares,VT-14507
Viviendas De Uso Turistico,Sin Categoria,,Calle,De Blasco De Garay,23,,,,Bajo,DCHA,28015,Madrid,VT-14565
Viviendas De Uso Turistico,Sin Categoria,,Calle,De Las Navas,3,,,,BAJO,N3-03,28003,Madrid,VT-14555
Viviendas De Uso Turistico,Sin Categoria,,Calle,De Pizarro,20,,,1,BAJO,DCHA,28004,Madrid,VT-13919
Viviendas De Uso Turistico,Sin Categoria,,Calle,De Cochabamba,24,,,,Bajo,14,28016,Madrid,VT-13967
Viviendas De Uso Turistico,Sin Categoria,,Calle,De Entre Arroyos,29,,,,BAJO,LOC. 2,28030,Madrid,VT-13870
Viviendas De Uso Turistico,Sin Categoria,,Carretera,M-221 (ajalvir-estremera),16,,,,,,28560,Carabaña,VT-13936
Viviendas De Uso Turistico,Sin Categoria,,Calle,Rico Home,11,,,,BAJO,C,28801,Alcalá De Henares,VT-13953
Viviendas De Uso Turistico,Sin Categoria,,Calle,Del General Zabala,19,,,,1,C,28002,Madrid,VT-14004
Viviendas De Uso Turistico,Sin Categoria,,Calle,De San Isidro,15,,,,,,28740,Rascafría,VT-13992
Viviendas De Uso Turistico,Sin Categoria,,Avenida,Reyes Católicos,33,,,,1,A,28802,Alcalá De Henares,VT-14023
Apart-turistico,2-apart-turistico,Loft Imperial,Paseo,Imperial,3,,,,Bajo,,28005,Madrid,AM-1459
Hosterias,Sin Categoria,Hostel Vam Torrejon,Avenida,De Las Fronteras,17,,,,,LOCAL,28850,Torrejón De Ardoz,HH-101
Viviendas De Uso Turistico,Sin Categoria,,Travesia,Cañada,10,,,1,BAJO,E,28850,Torrejón De Ardoz,VT-14580
Hotel-apart.,1-hotel-apart.,Bext Vallecas Sl,Calle,Jose Antonio Rebolledo Y Palma,23,,,,,,28051,Madrid,HM-5086
Viviendas De Uso Turistico,Sin Categoria,,Calle,De Boldano,41,,,2,BAJO,A,28027,Madrid,VT-14649
Viviendas De Uso Turistico,Sin Categoria,,Calle,De La Plazuela,7,,,,,,28755,Horcajo De La Sierra-aoslos,VT-14666
Viviendas De Uso Turistico,Sin Categoria,,Calle,Del Párroco Julio Morate,7,,,,,20E,28045,Madrid,VT-14035
Viviendas De Uso Turistico,Sin Categoria,,Calle,La Rosaleda,27,,,,BAJO,,28597,Fuentidueña De Tajo,VT-13949
Viviendas De Uso Turistico,Sin Categoria,,Calle,De La Luna,5,,,,BAJO,L10 B,28004,Madrid,VT-14022
Viviendas De Uso Turistico,Sin Categoria,,Calle,De Zurita,16,,,,0,01,28012,Madrid,VT-14175
Viviendas De Uso Turistico,Sin Categoria,,Avenida,De La Costa De Madrid,252,,2,,2,225,28680,San Martín De Valdeiglesias,VT-14229
Viviendas De Uso Turistico,Sin Categoria,,Calle,Ramon Y Cajal,14,,,,1,4,28803,Alcalá De Henares,VT-14230
Viviendas De Uso Turistico,Sin Categoria,,Calle,De La Primavera,94,,,,,121,28430,Alpedrete,VT-14323
Viviendas De Uso Turistico,Sin Categoria,,Calle,De Puñonrostro,4,,,,0,D,28005,Madrid,VT-14326
Apartamento Rural,Apartamento Rural,El Bulin De Madarcos - Casa Del Baile,Calle,Panza,1,,,,,,28755,Madarcos,TR-362
Viviendas De Uso Turistico,Sin Categoria,,Calle,De La Huerta Del Convento,3,,,,0,L-60,28032,Madrid,VT-13914
Viviendas De Uso Turistico,Sin Categoria,,Calle,De Torrecilla Del Leal,5,,,,Bajo,DCH,28012,Madrid,VT-13905
Viviendas De Uso Turistico,Sin Categoria,,Calle,Camilo José Cela,51,,B,,2,B,28806,Alcalá De Henares,VT-13974
Viviendas De Uso Turistico,Sin Categoria,,Calle,De Rafael López Pando,5,,,,Bajo,L-10,28011,Madrid,VT-13985
Viviendas De Uso Turistico,Sin Categoria,,Calle,De Fernando El Católico,6,,,,Bajo,9,28015,Madrid,VT-13987
Viviendas De Uso Turistico,Sin Categoria,,Calle,De Orense,69,,,,8,811,28020,Madrid,VT-10513
Viviendas De Uso Turistico,Sin Categoria,,Calle,De Orense,69,,,,8,810,28020,Madrid,VT-10512
Viviendas De Uso Turistico,Sin Categoria,,Calle,De Orense,69,,,,8,805,28020,Madrid,VT-10511
Viviendas De Uso Turistico,Sin Categoria,,Calle,De Orense,69,,,,7,736,28020,Madrid,VT-10510
Viviendas De Uso Turistico,Sin Categoria,,Calle,De Orense,69,,,,5,510,28020,Madrid,VT-10470
Viviendas De Uso Turistico,Sin Categoria,,Calle,De Orense,69,,,,3,331,28020,Madrid,VT-10450
Viviendas De Uso Turistico,Sin Categoria,,Calle,De Orense,69,,,,3,329,28020,Madrid,VT-10449
Viviendas De Uso Turistico,Sin Categoria,,Calle,De Orense,69,,,,3,327,28020,Madrid,VT-10482
Viviendas De Uso Turistico,Sin Categoria,,Calle,De Orense,69,,,,3,325,28020,Madrid,VT-10447
Viviendas De Uso Turistico,Sin Categoria,,Calle,De Orense,69,,,,3,322,28020,Madrid,VT-10446
Viviendas De Uso Turistico,Sin Categoria,,Calle,De Orense,69,,,,3,320,28020,Madrid,VT-10445
Viviendas De Uso Turistico,Sin Categoria,,Calle,De Orense,39,,,,Bajo,G,28020,Madrid,VT-14191
Viviendas De Uso Turistico,Sin Categoria,,Calle,Camorro,2,,,,bajo,D,28921,Alcorcón,VT-14026
Viviendas De Uso Turistico,Sin Categoria,,Calle,De Orense,69,,,,5,508,28020,Madrid,VT-10469
Viviendas De Uso Turistico,Sin Categoria,,Calle,De Orense,69,,,,5,505,28020,Madrid,VT-10468
Viviendas De Uso Turistico,Sin Categoria,,Calle,De Orense,69,,,,4,434,28020,Madrid,VT-10467
Viviendas De Uso Turistico,Sin Categoria,,Plaza,Cervantes,19,,,,2,A,28801,Alcalá De Henares,VT-14397
Viviendas De Uso Turistico,Sin Categoria,,Carretera,De Andalucía,68,,2,2,2,H,28300,Aranjuez,VT-14571
Hostal,3-hostal,Hostal La Reserva,Camino,Alcalá (huerta De Leotinos),3,,,,,,28863,Cobeña,HM-5013
Casa Huespedes,Casa Huespedes,Las Artes De Atocha,Calle,De Fucar,22,,,,3,IZQ,28014,Madrid,HM-4028
Viviendas De Uso Turistico,Sin Categoria,,Calle,De La Vereda,1,,BIS,,,,28560,Carabaña,VT-14619
Viviendas De Uso Turistico,Sin Categoria,,Calle,Pamplona,5,,,0,Bajo,6,28850,Torrejón De Ardoz,VT-14613
Apart-turistico,2-apart-turistico,Slow Suites Chueca,Calle,De San Marcos,8,,,,,,28004,Madrid,AM-1462
Apart-turistico,4-apart-turistico,Apartamento Turistico,Avenida,Jose Hierro,94-B,,2,,4,409,28521,Rivas-vaciamadrid,AM-1463
Viviendas De Uso Turistico,Sin Categoria,,Calle,Gerona,423,,,,,,28649,Rozas De Puerto Real,VT-13866
Viviendas De Uso Turistico,Sin Categoria,,Calle,De Mirueña,11,,,,,L-10,28024,Madrid,VT-14060
Viviendas De Uso Turistico,Sin Categoria,,Calle,De Canillas,5,,,2,BAJO,7,28002,Madrid,VT-14259
Viviendas De Uso Turistico,Sin Categoria,,Calle,El Toboso,3,,,1,8,1,28804,Alcalá De Henares,VT-14537
Apart-turistico,1-apart-turistico,Apartamento Turistico De 5 Unidades De Alojamiento,Calle,De Simancas,1,,,,0,IZ,28029,Madrid,AM-1438
Hotel Rural,1-hoja De Roble,La Casa Del Cantero,Avenida,Del Rio,35,,,,,,28749,Pinilla Del Valle,TR-459
Apart-turistico,1-apart-turistico,Olala Madrid Sur Apartments,Calle,De María Bosch,10,,,,,,28053,Madrid,AM-1441
Viviendas De Uso Turistico,Sin Categoria,,Paseo,De Yeserías,55,,,,0,3-1,28005,Madrid,VT-14087
Viviendas De Uso Turistico,Sin Categoria,,Avenida,Conde De Barcelona,3,,,,bj,,28914,Leganés,VT-14176
Viviendas De Uso Turistico,Sin Categoria,,Calle,De Donoso Cortés,15,,,,Bajo,,28015,Madrid,VT-14108
Apartamento Rural,Apartamento Rural,El Bulín De Madarcos - Casa De La Maestra,Calle,De Las Eras,11,,,,,,28755,Madarcos,TR-184
Apartamento Rural,Apartamento Rural,El Bulin De Madarcos - Posada Abrazamosas,Calle,De Las Eras,9,,,,,,28755,Madarcos,TR-180
Viviendas De Uso Turistico,Sin Categoria,,Calle,De Fray Ceferino González,10,,,,0,A,28005,Madrid,VT-14366
Hotel,3-hotel,Campanile,Calle,Fausto Elhuyar,3,,,,,,28806,Alcalá De Henares,HM-4508
Viviendas De Uso Turistico,Sin Categoria,,Calle,Henares,1,2,11,,Bajo,A,28816,Camarma De Esteruelas,VT-13950
Viviendas De Uso Turistico,Sin Categoria,,Calle,De Las Naves,21,,B,1,BAJO,L-30,28005,Madrid,VT-14182
Viviendas De Uso Turistico,Sin Categoria,,Calle,Sastres,15,,,,,,28792,Miraflores De La Sierra,VT-14008
Casa Huespedes,Casa Huespedes,Inversion De Inmuebles Riverside,Calle,Del Alcalde Sáinz De Baranda,80,,,,LOC,,28007,Madrid,HM-5052
Viviendas De Uso Turistico,Sin Categoria,,Calle,De Alonso Núñez,18,,,,Bajo,3-1,28039,Madrid,VT-14134
Viviendas De Uso Turistico,Sin Categoria,,Avenida,De Oporto,34,,,,Local,09,28019,Madrid,VT-14194
Viviendas De Uso Turistico,Sin Categoria,,Calle,Del Doce De Octubre,11,,,,2,B,28009,Madrid,VT-11485
Viviendas De Uso Turistico,Sin Categoria,,Calle,De La Madera,46,,,Ext Iz,Bajo,,28004,Madrid,VT-14090
Viviendas De Uso Turistico,Sin Categoria,,Calle,De Palos De La Frontera,16,,LOCAL,,,4 - V1,,Madrid,VT-13939
Viviendas De Uso Turistico,Sin Categoria,,Calle,De Palos De La Frontera,16,,LOCAL,,,4 - V2,,Madrid,VT-13940
Viviendas De Uso Turistico,Sin Categoria,,Calle,De Palos De La Frontera,16,,LOCAL,,,4 - V3,,Madrid,VT-13941
Viviendas De Uso Turistico,Sin Categoria,,Calle,Siete Esquinas,1,,,,0,A,28801,Alcalá De Henares,VT-13960
Viviendas De Uso Turistico,Sin Categoria,,Calle,De Orense,69,,,,14,1410,28020,Madrid,VT-10561
Hosterias,Sin Categoria,Sofía,Calle,Del Padre Rubio,46,,,,,,28029,Madrid,HH-92
Viviendas De Uso Turistico,Sin Categoria,,Calle,De Canillas,6,,,,LOCAL,3B,28002,Madrid,VT-14192
Viviendas De Uso Turistico,Sin Categoria,,Calle,Valverde,1,,,,,,28680,San Martín De Valdeiglesias,VT-14343
Viviendas De Uso Turistico,Sin Categoria,,Paseo,Guadalajara,100,,,,BAJO,2,28701,San Sebastián De Los Reyes,VT-13869
Pension,2-pension,Pensión Casaro,Calle,Higueras,1,,,,,,28850,Torrejón De Ardoz,HM-5037
Hotel,3-hotel,Hotel Luze Castellana,Calle,De Julián Besteiro,37,,,,,,28020,Madrid,HM-4648
Hotel,2-hotel,Ibis Styles Madrid Centro Maravillas,Calle,De Manuela Malasaña,6,,,,,,28004,Madrid,HM-4521
Hotel,1-hotel,Arganda,Plaza,De La Constitución,7,,,,,,28500,Arganda Del Rey,HM-3087
Viviendas De Uso Turistico,Sin Categoria,,Calle,De Germán Pérez Carrasco,51,,0,,,DRCH,28027,Madrid,VT-14067
Viviendas De Uso Turistico,Sin Categoria,,Calle,De Orense,69,,,,11,1110,28020,Madrid,VT-10547
Viviendas De Uso Turistico,Sin Categoria,,Calle,De Orense,69,,,,10,1004,28020,Madrid,VT-10535
Viviendas De Uso Turistico,Sin Categoria,,Calle,De Orense,69,,,,,1001,28020,Madrid,VT-10532
Viviendas De Uso Turistico,Sin Categoria,,Calle,De Orense,69,,,,9,912,28020,Madrid,VT-10531
Viviendas De Uso Turistico,Sin Categoria,,Calle,De Orense,69,,,,9,907,28020,Madrid,VT-10528
Viviendas De Uso Turistico,Sin Categoria,,Calle,De Orense,69,,,,9,910,28020,Madrid,VT-10530
Viviendas De Uso Turistico,Sin Categoria,,Calle,De Orense,69,,,,9,904,28020,Madrid,VT-10527
Viviendas De Uso Turistico,Sin Categoria,,Calle,De Orense,69,,,,7,701,28020,Madrid,VT-10498
Viviendas De Uso Turistico,Sin Categoria,,Calle,De Orense,69,,,,6,634,28020,Madrid,VT-10497
Viviendas De Uso Turistico,Sin Categoria,,Calle,De Orense,69,,,,6,632,28020,Madrid,VT-10496
Viviendas De Uso Turistico,Sin Categoria,,Calle,De Orense,69,,,,6,629,28020,Madrid,VT-10495
Viviendas De Uso Turistico,Sin Categoria,,Calle,De Orense,69,,,,6,625,28020,Madrid,VT-10494
Viviendas De Uso Turistico,Sin Categoria,,Calle,De Orense,69,,,,4,428,28020,Madrid,VT-10464
Viviendas De Uso Turistico,Sin Categoria,,Calle,De Sánchez Balderás,10,,,,Bajo,1,28002,Madrid,VT-14056
Viviendas De Uso Turistico,Sin Categoria,"Duque De Rivas, 8 Bis",Calle,Del Duque De Rivas,8,,BIS,,1,D,28012,Madrid,VT-13908
Viviendas De Uso Turistico,Sin Categoria,,Calle,De Canillas,5,,,2,BAJO,6,28002,Madrid,VT-14255
Viviendas De Uso Turistico,Sin Categoria,,Carretera,De Loeches,,,,,,,28500,Arganda Del Rey,VT-14265
Viviendas De Uso Turistico,Sin Categoria,,Calle,De La Primavera,94,,,,,129,28430,Alpedrete,VT-14281
Viviendas De Uso Turistico,Sin Categoria,,Calle,De Antonio López,246,,G,,,,28026,Madrid,VT-14324
Viviendas De Uso Turistico,Sin Categoria,,Camino,Del Monte,2,,,,,007,28703,San Sebastián De Los Reyes,VT-14450
Viviendas De Uso Turistico,Sin Categoria,Pedro Del Campo 4 - V5,Calle,Pedro Del Campo,4,,,,Bajo,V5,28806,Alcalá De Henares,VT-14461
Viviendas De Uso Turistico,Sin Categoria,,Calle,Canto,1,,,,2,E,28850,Torrejón De Ardoz,VT-14445
Hosterias,Sin Categoria,Hostel Thirty One,Calle,Juan Bautista De Toledo,31,,,,,,28002,Madrid,HH-97
Viviendas De Uso Turistico,Sin Categoria,,Calle,De Carmen Antuñano,13B,,,,,,28411,Moralzarzal,VT-14449
Viviendas De Uso Turistico,Sin Categoria,,Calle,De Aldea Del Fresno,25,,,,BAJO,01 B,28045,Madrid,VT-14456
Viviendas De Uso Turistico,Sin Categoria,,Calle,Aldea Del Fresno,25,,,,BAJO,01 C,28045,Madrid,VT-14457
Viviendas De Uso Turistico,Sin Categoria,,Calle,De Gonzalo De Córdoba,3,,,,2,IZQ,28010,Madrid,VT-6182
Viviendas De Uso Turistico,Sin Categoria,"Ferraz, 120 6º D",Calle,De Ferraz,120,,,,6,D,28008,Madrid,VT-6215
Viviendas De Uso Turistico,Sin Categoria,,Calle,De Alustante,11,,,,Bajo,2,28002,Madrid,VT-14165
Viviendas De Uso Turistico,Sin Categoria,,Calle,La Jarosa,II,,1,Tulipa,1,D,28440,Guadarrama,VT-13993
Viviendas De Uso Turistico,Sin Categoria,,Calle,De La Luna,5,,,,BAJO,L10-A,28004,Madrid,VT-14021
Viviendas De Uso Turistico,Sin Categoria,,Calle,Pintor Picasso,1,,,,Bajo,B,28807,Alcalá De Henares,VT-14032
Hotel,5-hotel,Umusic Hotel Madrid,Calle,De La Paz,11,,,,,,28012,Madrid,HM-4989
Viviendas De Uso Turistico,Sin Categoria,,Avenida,España,225,,,,Atico,A6,28231,"Rozas De Madrid, Las",VT-14699
Viviendas De Uso Turistico,Sin Categoria,,Calle,De Canillas,5,,,2,BAJO,1,28002,Madrid,VT-14243
Viviendas De Uso Turistico,Sin Categoria,,Calle,De Canillas,5,,,1,BAJO,7,28002,Madrid,VT-14249
Viviendas De Uso Turistico,Sin Categoria,,Calle,De Doña Urraca,23,,,,Bajo,EXT,28933,Madrid,VT-14327
Viviendas De Uso Turistico,Sin Categoria,,Calle,De Santurce,1,,,,BAJO,B2,28017,Madrid,VT-13562
Viviendas De Uso Turistico,Sin Categoria,,Calle,De Concepción Jerónima,3,,,,3,A,28012,Madrid,VT-4469
Viviendas De Uso Turistico,Sin Categoria,,Calle,Ramon Y Cajal,14,,,,2,3,28801,Alcalá De Henares,VT-13957
Viviendas De Uso Turistico,Sin Categoria,,Calle,De Pío Baroja,2,,,,Bajo,I,28009,Madrid,VT-13980
Viviendas De Uso Turistico,Sin Categoria,,Calle,De Joaquín Costa,31,,,,0,2,28330,San Martín De La Vega,VT-14065
Viviendas De Uso Turistico,Sin Categoria,,Calle,Don Quijote,1,,,,,1,28560,Carabaña,VT-14322
Viviendas De Uso Turistico,Sin Categoria,,Calle,De Valderribas,58,,,,BAJO,EXTERI,28038,Madrid,VT-14274
Viviendas De Uso Turistico,Sin Categoria,,Calle,De La Primavera,94,,,,,109,28430,Alpedrete,VT-14270
Viviendas De Uso Turistico,Sin Categoria,,Calle,De La Primavera,94,,,,,112,28430,Alpedrete,VT-14271
Viviendas De Uso Turistico,Sin Categoria,,Calle,De Sambara,44,,,,,B3,28027,Madrid,VT-13916
Viviendas De Uso Turistico,Sin Categoria,,Paseo,Europa,30,,,,1,109,28703,San Sebastián De Los Reyes,VT-14024
Viviendas De Uso Turistico,Sin Categoria,,Calle,De Orense,69,,,,,721,28020,Madrid,VT-10504
Viviendas De Uso Turistico,Sin Categoria,,Calle,De Orense,69,,,,7,723,28020,Madrid,VT-10505
Viviendas De Uso Turistico,Sin Categoria,,Paseo,De La Dirección,8,,,,BAJO,B1,28039,Madrid,VT-14039
Viviendas De Uso Turistico,Sin Categoria,,Calle,De Santa Adela,19,,,,Bajo,3,28033,Madrid,VT-14138
Viviendas De Uso Turistico,Sin Categoria,,Calle,De San Emilio,2,,,,LOC.-7,,28320,Pinto,VT-14189
Viviendas De Uso Turistico,Sin Categoria,,Camino,De La Granja San Antonio,7,,4,,2,A,28214,Fresnedillas De La Oliva,VT-14219
Viviendas De Uso Turistico,Sin Categoria,,Calle,De Canillas,5,,,2,BAJO,2,28002,Madrid,VT-14256
Viviendas De Uso Turistico,Sin Categoria,,Calle,De Canillas,5,,,2,BAJO,5,28002,Madrid,VT-14258
Viviendas De Uso Turistico,Sin Categoria,,Calle,De Canillas,5,,,2,BAJO,11,28002,Madrid,VT-14263
Viviendas De Uso Turistico,Sin Categoria,,Calle,De Villamanín,54,,,,Bajo,L-10,28011,Madrid,VT-14332
Viviendas De Uso Turistico,Sin Categoria,,Avenida,De Felipe Ii,10,,4,,2,201,28280,"Escorial, El",VT-14341
Viviendas De Uso Turistico,Sin Categoria,,Calle,Del Manzanares,26,,,,0,4,28005,Madrid,VT-14377
Viviendas De Uso Turistico,Sin Categoria,,Paseo,Imperial,23,,,,Bajo,L-20,28005,Madrid,VT-13969
Viviendas De Uso Turistico,Sin Categoria,,Calle,Del Sol,14,,,,,,28598,Villamanrique De Tajo,VT-14006
Hosterias,Sin Categoria,4 Bears Sharehome,Calle,De La Esgrima,5,,,,,,28012,Madrid,HH-90
Viviendas De Uso Turistico,Sin Categoria,,Paseo,De Los Cedros,22,,,,,,28680,San Martín De Valdeiglesias,VT-14169
Viviendas De Uso Turistico,Sin Categoria,,Calle,De La Primavera,94,,,,,203,28430,Alpedrete,VT-14309
Viviendas De Uso Turistico,Sin Categoria,,Plaza,De La Cruz Verde,1,,Local,,Dcha.,DCHA,28005,Madrid,VT-14416
Viviendas De Uso Turistico,Sin Categoria,,Calle,Noria,13,,,,2,A,28807,Alcalá De Henares,VT-14314
Viviendas De Uso Turistico,Sin Categoria,,Calle,Mayor,91,,,,1,,28801,Alcalá De Henares,VT-14404
Hosterias,Sin Categoria,Fit Hostel Madrid,Bulevar,De Ercilla,5,,,,,,28005,Madrid,HH-100
Viviendas De Uso Turistico,Sin Categoria,,Calle,De Aguilón,5,,,,Bajo,2A,28045,Madrid,VT-14491
Viviendas De Uso Turistico,Sin Categoria,,Calle,De Benigno Soto,16,,,,Bajo,DERECH,28002,Madrid,VT-14489
Viviendas De Uso Turistico,Sin Categoria,,Calle,De Marqués De Santillana,1,,,,,,28490,Becerril De La Sierra,VT-14510
Viviendas De Uso Turistico,Sin Categoria,,Calle,Cancho,34,,,,,,28729,Navalafuente,VT-14508
Viviendas De Uso Turistico,Sin Categoria,,Avenida,De Madrid,35,,,,,,28730,Buitrago Del Lozoya,VT-13861
Viviendas De Uso Turistico,Sin Categoria,,Calle,De Coria,9,,,,Bajo,L-20,28011,Madrid,VT-13981
Viviendas De Uso Turistico,Sin Categoria,,Calle,De Los Guindos,34,,,,Bajo,DCHA,28029,Madrid,VT-14089
Viviendas De Uso Turistico,Sin Categoria,,Avenida,De España,26,,,,,,28391,Valdelaguna,VT-14079
Viviendas De Uso Turistico,Sin Categoria,,Calle,Era Honda,8,,,,1,B,28803,Alcalá De Henares,VT-14279
Viviendas De Uso Turistico,Sin Categoria,,Calle,De La Primavera,94,,,,,116,28430,Alpedrete,VT-14304
Viviendas De Uso Turistico,Sin Categoria,,Calle,De La Primavera,94,,,,,119,28430,Alpedrete,VT-14308
Viviendas De Uso Turistico,Sin Categoria,,Plaza,De La Cruz Verde,1,,LOCAL,,DCHA,IZQ,28005,Madrid,VT-14417
Hotel Rural,1-hoja De Roble,Posada La Fragua,Calle,La Fragua (piñuécar),9,,,,,,28737,Piñuécar-gandullas,TR-236
Viviendas De Uso Turistico,Sin Categoria,,Calle,De La Primavera,94,,,,,118,28430,Alpedrete,VT-14362
Viviendas De Uso Turistico,Sin Categoria,,Calle,Del General Lacy,12,,,,,,28045,Madrid,VT-14369
Viviendas De Uso Turistico,Sin Categoria,,Paseo,De Santa María De La Cabeza,21,,,,Bajo,2-1,28045,Madrid,VT-14384
Viviendas De Uso Turistico,Sin Categoria,,Calle,De Ventura Rodríguez,15,,,,local,A,28008,Madrid,VT-14421
Viviendas De Uso Turistico,Sin Categoria,,Calle,De Granado,2,,,3,0,DR B,28005,Madrid,VT-13593
Viviendas De Uso Turistico,Sin Categoria,,Calle,De Ardemáns,62,,,,Baja,1-1,28028,Madrid,VT-14099
Viviendas De Uso Turistico,Sin Categoria,,Calle,De Gonzalo De Berceo,74,,,,Bajo,B,28017,Madrid,VT-14225
Viviendas De Uso Turistico,Sin Categoria,,Calle,De La Primavera,94,,,,,117,28430,Alpedrete,VT-14272
Viviendas De Uso Turistico,Sin Categoria,,Calle,De La Primavera,94,,,,,120,28430,Alpedrete,VT-14273
Casa Huespedes,Casa Huespedes,Royal Begoña,Calle,De La Virgen De Aránzazu,13,,,,Bajo,L-30,28034,Madrid,HM-4929
Viviendas De Uso Turistico,Sin Categoria,,Calle,De Los Cabestreros,11,,,A,Bajo,L2,28012,Madrid,VT-14394
Viviendas De Uso Turistico,Sin Categoria,,Calle,De Leganitos,7,,,,2,C,28013,Madrid,VT-13070
Viviendas De Uso Turistico,Sin Categoria,,Calle,De Orense,69,,,,,708,28020,Madrid,VT-10500
Viviendas De Uso Turistico,Sin Categoria,,Avenida,De Felipe Ii,22,,,,1,3,28936,Móstoles,VT-14042
Viviendas De Uso Turistico,Sin Categoria,,Calle,De Ercilla,7,,,,local,3,28005,Madrid,VT-14057
Viviendas De Uso Turistico,Sin Categoria,,Calle,De Fray Ceferino González,10,,,,Bajo,B,28005,Madrid,VT-14333
Viviendas De Uso Turistico,Sin Categoria,,Calle,De Ignacio Ellacuría,12,,,,,L-50,28017,Madrid,VT-14481
Viviendas De Uso Turistico,Sin Categoria,,Plaza,De La Virgen Del Rosario,1,,,,,,28660,Boadilla Del Monte,VT-14483
Viviendas De Uso Turistico,Sin Categoria,,Calle,De Los Postes,5,,,,BAJO,,28391,Valdelaguna,VT-7250
Viviendas De Uso Turistico,Sin Categoria,,Calle,De San Bartolomé,19,,,,BAJO,L-10,28004,Madrid,VT-13988
Viviendas De Uso Turistico,Sin Categoria,,Calle,De Orense,69,,,,12,1212,28020,Madrid,VT-10552
Viviendas De Uso Turistico,Sin Categoria,,Calle,De Orense,69,,,,4,427,28020,Madrid,VT-10463
Viviendas De Uso Turistico,Sin Categoria,,Calle,De Orense,69,,,,4,426,28020,Madrid,VT-10462
Viviendas De Uso Turistico,Sin Categoria,,Calle,De Orense,69,,,,4,424,28020,Madrid,VT-10461
Viviendas De Uso Turistico,Sin Categoria,,Calle,De Orense,69,,,,4,423,28020,Madrid,VT-10460
Viviendas De Uso Turistico,Sin Categoria,,Calle,De Orense,69,,,,4,421,28020,Madrid,VT-10459
Viviendas De Uso Turistico,Sin Categoria,,Calle,De Orense,69,,,,4,420,28020,Madrid,VT-10458
Viviendas De Uso Turistico,Sin Categoria,,Calle,De Granado,2,,,3,0,DR A,28005,Madrid,VT-13592
Viviendas De Uso Turistico,Sin Categoria,,Calle,Del Mediodía Grande,11,,,,Bajo,1,28005,Madrid,VT-14338
Viviendas De Uso Turistico,Sin Categoria,,Avenida,De José Hierro,94B,,3,,6,618,28521,Rivas-vaciamadrid,VT-14605
Viviendas De Uso Turistico,Sin Categoria,,Calle,Del Arroyo Del Olivar,120,,,Ext.,Bajo,2,28018,Madrid,VT-14746
Hosterias,Sin Categoria,Hostal Casa 18,Calle,Avila,18,,,,,,28020,Madrid,HH-109
Casa Huespedes,Casa Huespedes,Malasaña Dreams,Calle,De Ruiz,19,,,,,,28004,Madrid,HM-5032
Viviendas De Uso Turistico,Sin Categoria,,Calle,De Santísima Trinidad,4,,,,BAJO,2,28010,Madrid,VT-13873
Viviendas De Uso Turistico,Sin Categoria,,Calle,De Juliana,4,,,,3,12,28280,"Escorial, El",VT-13917
Hostal,1-hostal,Arrate,Calle,De Gaztambide,61,,,,6,,28015,Madrid,HM-400
Viviendas De Uso Turistico,Sin Categoria,,Calle,De Orense,69,,,,8,828,28020,Madrid,VT-10523
Viviendas De Uso Turistico,Sin Categoria,,Calle,De Orense,69,,,,8,826,28020,Madrid,VT-10522
Viviendas De Uso Turistico,Sin Categoria,,Calle,De Orense,69,,,,8,825,28020,Madrid,VT-10521
Viviendas De Uso Turistico,Sin Categoria,,Calle,De Orense,69,,,,8,824,28020,Madrid,VT-10520
Viviendas De Uso Turistico,Sin Categoria,,Calle,De Ofelia Nieto,12,,,,Bajo,1,28039,Madrid,VT-14337
Viviendas De Uso Turistico,Sin Categoria,,Calle,De Tunja,10,,,,0,2B2,28033,Madrid,VT-14340
Viviendas De Uso Turistico,Sin Categoria,,Poligono,"4, Puerta Verde",19,,,,,,28200,San Lorenzo De El Escorial,VT-14443
Viviendas De Uso Turistico,Sin Categoria,,Calle,Del Cardenal Solís,10,,,,Local,1-1,28045,Madrid,VT-14378
Viviendas De Uso Turistico,Sin Categoria,,Calle,De Ventura Rodríguez,15,,,,local,B,28043,Madrid,VT-14422
Viviendas De Uso Turistico,Sin Categoria,,Calle,Cervantes,1,,,,2,,28801,Alcalá De Henares,VT-14429
Viviendas De Uso Turistico,Sin Categoria,,Calle,De Leopoldo Gimeno,12,,,,2,K,28703,San Sebastián De Los Reyes,VT-14518
Viviendas De Uso Turistico,Sin Categoria,,Calle,De Las Gardenias,2,,,,,,28430,Alpedrete,VT-13973
Viviendas De Uso Turistico,Sin Categoria,,Calle,De La Constancia,36,,,,BAJO,L-10,28002,Madrid,VT-14188
Casa Rural,Casa Rural,Relax,Carretera,De M-318 (colmenar De Oreja-aranjuez),"9,500",,,,,,28380,Colmenar De Oreja,TR-237
Viviendas De Uso Turistico,Sin Categoria,,Calle,De Sierra De Alcubierre,7,,,,3,1,28053,Madrid,VT-9236
Viviendas De Uso Turistico,Sin Categoria,,Calle,De Sierra De Alcubierre,7,,,,2,1,28053,Madrid,VT-9235
Viviendas De Uso Turistico,Sin Categoria,,Calle,De Orense,69,,,,14,1409,28020,Madrid,VT-10559
Viviendas De Uso Turistico,Sin Categoria,,Calle,De Orense,69,,,,14,1402,28020,Madrid,VT-10558
Viviendas De Uso Turistico,Sin Categoria,,Calle,De Orense,69,,,,4,401,28020,Madrid,VT-10451
Viviendas De Uso Turistico,Sin Categoria,,Calle,De Orense,69,,,,13,1311,28020,Madrid,VT-10557
Viviendas De Uso Turistico,Sin Categoria,,Calle,De Orense,69,,,,13,1309,28020,Madrid,VT-10556
Viviendas De Uso Turistico,Sin Categoria,,Calle,De Orense,69,,,,13,1307,28020,Madrid,VT-10554
Viviendas De Uso Turistico,Sin Categoria,,Calle,De Orense,69,,,,8,831,28020,Madrid,VT-10525
Viviendas De Uso Turistico,Sin Categoria,,Calle,De Orense,69,,,,8,829,28020,Madrid,VT-10524
Viviendas De Uso Turistico,Sin Categoria,,Calle,De Orense,69,,,,3,310,28020,Madrid,VT-10444
Viviendas De Uso Turistico,Sin Categoria,,Calle,De Linneo,8,,,,bajo,L-40,28005,Madrid,VT-14155
Casa Rural,Casa Rural,Villapiluca,Avenida,Doctor Arquitecto García Benito,6,,,,,,28925,Pelayos De La Presa,TR-448
Viviendas De Uso Turistico,Sin Categoria,,Calle,Henares,1,,14,,1,C,28860,Camarma De Esteruelas,VT-13959
Viviendas De Uso Turistico,Sin Categoria,,Calle,De Mira El Río Alta,5,,,,Bajo,3,28005,Madrid,VT-13706
Pension,2-pension,La Rúa Montera,Calle,De La Montera,21,,,,2,IZQ,28013,Madrid,HM-5054
Viviendas De Uso Turistico,Sin Categoria,,Avenida,De Las Encinas,66b,,,0,Bajo,66B,28707,San Sebastián De Los Reyes,VT-14566
Viviendas De Uso Turistico,Sin Categoria,,Calle,De Toledo,123,,,,Bajo,A,28005,Madrid,VT-15057
Viviendas De Uso Turistico,Sin Categoria,,Calle,De Guadarrama,16,,,,,,28413,"Boalo, El",VT-14642
Viviendas De Uso Turistico,Sin Categoria,,Calle,Murano,6,,,,2,C,28804,Alcalá De Henares,VT-13977
Viviendas De Uso Turistico,Sin Categoria,,Calle,De Meléndez Valdés,54,,,,1,41,28015,Madrid,VT-13999
Viviendas De Uso Turistico,Sin Categoria,,Calle,De Orense,69,,,,12,1210,28020,Madrid,VT-10551
Viviendas De Uso Turistico,Sin Categoria,,Calle,De Orense,69,,,,12,1208,28020,Madrid,VT-10550
Viviendas De Uso Turistico,Sin Categoria,,Calle,Del Arroyo Flores,20,,,,,,28720,Bustarviejo,VT-14012
Viviendas De Uso Turistico,Sin Categoria,,Calle,De Las Cercas,2,,,,,,28749,Alameda Del Valle,VT-14197
Viviendas De Uso Turistico,Sin Categoria,,Calle,Del Padre Wigfrido,3,,,,,,28280,"Escorial, El",VT-14212
Viviendas De Uso Turistico,Sin Categoria,,Calle,Del Bronce,10,,,,0,2,28045,Madrid,VT-14235
Hostal,1-hostal,Nuestra Señora De La Paloma,Calle,De Esparteros,12,,,,3,,28012,Madrid,HM-1117
Viviendas De Uso Turistico,Sin Categoria,,Calle,De Begoña,8,,,,,,28450,Collado Mediano,VT-14494
Viviendas De Uso Turistico,Sin Categoria,Apartamento Villa De Vallecas,Calle,De La Sierra De Sabiñar,2,,,,Bajo,4,28031,Madrid,VT-14679
Viviendas De Uso Turistico,Sin Categoria,,Calle,De Orense,69,,,,15,1508,28020,Madrid,VT-10565
Viviendas De Uso Turistico,Sin Categoria,,Calle,De Orense,69,,,,15,1503,28020,Madrid,VT-10562
Viviendas De Uso Turistico,Sin Categoria,,Calle,De Orense,69,,,,5,533,28020,Madrid,VT-10478
Viviendas De Uso Turistico,Sin Categoria,,Calle,Ronda Del Henares,1,,A,,7,C,28804,Alcalá De Henares,VT-14038
Casa Huespedes,Casa Huespedes,Ch Parra 41,Calle,De La Parra,41,,,,BAJO,2,28025,Madrid,HM-5056
Casa Rural,Casa Rural,Casa Rural Huerta De Carabaña,Camino,De Tielmes,1,,,,,,28560,Carabaña,TR-461
Viviendas De Uso Turistico,Sin Categoria,,Calle,Tercia,3,,,,1,A,28801,Alcalá De Henares,VT-14220
Viviendas De Uso Turistico,Sin Categoria,,Calle,De Francisco De Tejada,1,,,,bajo,11,28011,Madrid,VT-14221
Viviendas De Uso Turistico,Sin Categoria,,Calle,De Canillas,5,,,1,BAJO,2,28002,Madrid,VT-14244
Viviendas De Uso Turistico,Sin Categoria,,Calle,De La Primavera,94,,,,,101,28430,Alpedrete,VT-14305
Apartamento Rural,Apartamento Rural,La Casita,Calle,Camino De La Vega,5,,,,,,28189,Patones,TR-449
Viviendas De Uso Turistico,Sin Categoria,,Calle,De Fernando Poo,5,,,,LOCAL,IZQUIE,28045,Madrid,VT-14179
Viviendas De Uso Turistico,Sin Categoria,,Paseo,De Marcelino Camacho,47,,,,Bajo,1,28025,Madrid,VT-14058
Viviendas De Uso Turistico,Sin Categoria,,Calle,De Alonso Núñez,18,,,,Bajo,2,28039,Madrid,VT-14126
Viviendas De Uso Turistico,Sin Categoria,,Avenida,Virgen De Loreto,15,,,,2,DCHA,28850,Torrejón De Ardoz,VT-14145
Viviendas De Uso Turistico,Sin Categoria,Vivienda Turistica En Calle Ribera De Curtidores 14 Local 22,Calle,De La Ribera De Curtidores,14,,,,S1,LOC.22,28005,Madrid,VT-14334
Apart-turistico,1-apart-turistico,Apartamentos Ara Luxury,Calle,Estocolmo,35,,3,,LOCAL,,28922,Alcorcón,AM-1455
Pension,2-pension,Hospedaje Madrid-villaverde,Calle,De San Jenaro,5,,,,0,L-10,28021,Madrid,HM-5070
Viviendas De Uso Turistico,Sin Categoria,,Calle,De La Isla De Gomera,5,,,,BAJO,4B,28039,Madrid,VT-14162
Viviendas De Uso Turistico,Sin Categoria,,Calle,De Alvarado,3,,,,BAJO,DCH,28039,Madrid,VT-14193
Viviendas De Uso Turistico,Sin Categoria,,Calle,De Vicente Gaceo,21,,,,B,L-20,28029,Madrid,VT-14037
Viviendas De Uso Turistico,Sin Categoria,,Calle,De Pío Baroja,2,,,,Bajo,H,28009,Madrid,VT-13979
Viviendas De Uso Turistico,Sin Categoria,,Calle,De Pío Baroja,2,,,,BAJO,M,28009,Madrid,VT-13990
Viviendas De Uso Turistico,Sin Categoria,,Calle,Andrés Saborit,6,,,,0,A,28801,Alcalá De Henares,VT-14206
Viviendas De Uso Turistico,Sin Categoria,,Calle,Del Padre Feijoo,1,,,2,1,102,28430,Alpedrete,VT-14268
Viviendas De Uso Turistico,Sin Categoria,,Calle,De Aldapa,4,,,Izda,Bajo,A,28025,Madrid,VT-14364
Viviendas De Uso Turistico,Sin Categoria,,Paseo,De San Illán,59,,,,1,B,28019,Madrid,VT-14392
Viviendas De Uso Turistico,Sin Categoria,,Calle,Del General Zabala,19,,,,1,B,28002,Madrid,VT-14869
Viviendas De Uso Turistico,Sin Categoria,,Calle,Agustin Y Antonia,15,,,0,BAJO,4,28703,San Sebastián De Los Reyes,VT-14592
Viviendas De Uso Turistico,Sin Categoria,,Calle,De La Isla De Gomera,5,,,,BAJO,4C,28039,Madrid,VT-14163
Viviendas De Uso Turistico,Sin Categoria,,Avenida,De Oporto,58,,,Poster,Bajo,A,28019,Madrid,VT-13910
Apart-turistico,1-apart-turistico,Ronda Segovia 16,Ronda,De Segovia,16,,,,0,4 Y 5,28005,Madrid,AM-1434
Viviendas De Uso Turistico,Sin Categoria,,Calle,De Orense,69,,,,7,718,28020,Madrid,VT-10503
Viviendas De Uso Turistico,Sin Categoria,,Calle,De Orense,69,,,,,715,28020,Madrid,VT-10502
Apart-turistico,1-apart-turistico,Style Madrid Center Santiago Bernabeu,Calle,Del Aviador Zorita,49,,,,BAJO,LOCAL,28020,Madrid,AM-1446
Viviendas De Uso Turistico,Sin Categoria,,Calle,Parque América,5,,,,,3,28931,Móstoles,VT-14419
Viviendas De Uso Turistico,Sin Categoria,,Avenida,De La Cañada,11,,,,,,28580,Ambite,VT-14406
Viviendas De Uso Turistico,Sin Categoria,Pedro Del Campo 4 - V1,Calle,Pedro Del Campo,4,,,,Bajo,V1,28806,Alcalá De Henares,VT-14458
Viviendas De Uso Turistico,Sin Categoria,Pedro Del Campo 4 - V2,Calle,Pedro Del Campo,4,,,,Bajo,V2,28806,Alcalá De Henares,VT-14459
Viviendas De Uso Turistico,Sin Categoria,Pedro Del Campo 4 - V4,Calle,Pedro Del Campo,4,,,,Bajo,V4,28806,Alcalá De Henares,VT-14460
Viviendas De Uso Turistico,Sin Categoria,"Fuente Redonda, 6",Calle,De Los Fuente Redonda,6,,,,,,28976,Batres,VT-5930
Viviendas De Uso Turistico,Sin Categoria,,Calle,Pintor Picasso,1,,,,1,A,28807,Alcalá De Henares,VT-14048
Viviendas De Uso Turistico,Sin Categoria,,Avenida,De La Ciudad De Barcelona,51,,,,,,28007,Madrid,VT-14091
Viviendas De Uso Turistico,Sin Categoria,,Calle,De Canillas,5,,,2,BAJO,3,28002,Madrid,VT-14254
Viviendas De Uso Turistico,Sin Categoria,,Calle,De San Isidro,1,,,,,,28740,Rascafría,VT-14321
Viviendas De Uso Turistico,Sin Categoria,,Plaza,Cervantes,19,,,,2,C,28801,Alcalá De Henares,VT-14396
Casa Rural,Casa Rural,Casa Rural,Calle,De La Plata,10,,,,,,28380,Colmenar De Oreja,TR-469
Viviendas De Uso Turistico,Sin Categoria,,Calle,De Fernando Poo,16,,,,Bajo,1,28045,Madrid,VT-14492
Viviendas De Uso Turistico,Sin Categoria,,Calle,De San Antonio,15,,,,,,28492,"Boalo, El",VT-14714
Pension,1-pension,Olala Styles Suites,Calle,Sierra De Alcubierre,7 Y 9,,,,BAJO,,28053,Madrid,HM-5040
Viviendas De Uso Turistico,Sin Categoria,,Calle,De Orense,69,,,,10,1009,28020,Madrid,VT-10539
Viviendas De Uso Turistico,Sin Categoria,,Calle,De Orense,69,,,,10,1008,28020,Madrid,VT-10538
Viviendas De Uso Turistico,Sin Categoria,,Calle,De Orense,69,,,,10,1007,28020,Madrid,VT-10537
Viviendas De Uso Turistico,Sin Categoria,,Calle,De Orense,69,,,,10,1005,28020,Madrid,VT-10536
Apartamento Rural,Apartamento Rural,La Sonrisa De Niki,Calle,Presidente Adolfo Suárez,20,,,,,,28990,Torrejón De Velasco,TR-465
Viviendas De Uso Turistico,Sin Categoria,,Avenida,De Los Reyes Católicos,22,,,,1,IZQD,28280,"Escorial, El",VT-13795
Viviendas De Uso Turistico,Sin Categoria,,Calle,Camino Real,4,,,,,R,28440,Guadarrama,VT-14414
Viviendas De Uso Turistico,Sin Categoria,,Calle,Del Gamo,4,,,,,,28976,Batres,VT-14512
Viviendas De Uso Turistico,Sin Categoria,,Calle,De Hans Sevilla,4,,,,Bajo,2,28803,Alcalá De Henares,VT-14493
Casa Huespedes,Casa Huespedes,Plaza España 3,Calle,Libertad,45,,,1,BAJO,6,28850,Torrejón De Ardoz,HM-5075
Casa Huespedes,Casa Huespedes,Ola Living Tetuán,Calle,De Sánchez Preciado,12,,Bis,,,,28039,Madrid,HM-4993
Hostal,1-hostal,Cervantes,Calle,De Cervantes,8,,8,,,,28014,Madrid,HM-5026
Casa Rural,Casa Rural,Casa Rural Jardín Las Sequoias,Avenida,De Calvo Sotelo,90,,,,,,28490,Becerril De La Sierra,TR-450
Apart-turistico,1-apart-turistico,Ard City,Calle,De Moratines,17,,,,0,A,28002,Madrid,AM-1427
Viviendas De Uso Turistico,Sin Categoria,,Calle,Vía Complutense,5,,,,0,,28807,Alcalá De Henares,VT-13846
Viviendas De Uso Turistico,Sin Categoria,,Calle,De La Condesa Vega Del Pozo,17,,,,BAJO,DCHA,28032,Madrid,VT-14187
Viviendas De Uso Turistico,Sin Categoria,,Calle,De La Albahaca,23,,,,,,28760,Tres Cantos,VT-14157
Viviendas De Uso Turistico,Sin Categoria,,Calle,De Jorge Juan,112,,,,0,4,28027,Madrid,VT-14071
Viviendas De Uso Turistico,Sin Categoria,,Calle,De Alonso Núñez,18,,,,Bajo,3-2,28039,Madrid,VT-14135
Viviendas De Uso Turistico,Sin Categoria,,Calle,De Alonso Núñez,18,,,,Bajo,3.3,28039,Madrid,VT-14136
Hostal,2-hostal,Hostal La Prensa,Calle,Gran Vía,46,,,,8,B-C,28013,Madrid,HM-424
Viviendas De Uso Turistico,Sin Categoria,,Calle,Henares,1,3,5,,1,B,28861,Camarma De Esteruelas,VT-13887
Viviendas De Uso Turistico,Sin Categoria,,Calle,Buenavista,6,,,,,,28189,Patones,VT-13783
Viviendas De Uso Turistico,Sin Categoria,,Calle,De Rafael De Riego,48,,,,BAJO,B,28045,Madrid,VT-14013
Viviendas De Uso Turistico,Sin Categoria,,Calle,De Pío Baroja,2,,,,Bajo,L,28009,Madrid,VT-14205
Viviendas De Uso Turistico,Sin Categoria,,Calle,Sauce,13,,,,,,28729,Navalafuente,VT-14318
Viviendas De Uso Turistico,Sin Categoria,,Calle,De Sambara,24,,,,,L-10,28027,Madrid,VT-14480
Hostal,3-hostal,Los Ángeles,Calle,De Los Artistas,18,,,,,,28020,Madrid,HM-3960
Viviendas De Uso Turistico,Sin Categoria,,Calle,María De Zayas,2,,4,,BAJA,25 N2,28850,Torrejón De Ardoz,VT-14669
Viviendas De Uso Turistico,Sin Categoria,,Calle,De Ricardo Ortiz,26,,,,BAJO,3,28017,Madrid,VT-13863
Hotel,3-hotel,Exe Pozuelo,Calle,Luis Buñuel,21,,,,,,28223,Pozuelo De Alarcón,HM-4224
Viviendas De Uso Turistico,Sin Categoria,,Calle,De Jesús Y María,22,,,,Bajo,2A2,28012,Madrid,VT-14390
Viviendas De Uso Turistico,Sin Categoria,,Plaza,Del Castillo,15,,,2,0,F,28680,San Martín De Valdeiglesias,VT-14405
Hotel,3-hotel,Byb Hotel Madrid Fuenlabrada Retail Park,Calle,De Móstoles,109,,,,,,28002,Fuenlabrada,HM-5080
Hosterias,Sin Categoria,Puerta De Ángel,Calle,De Saavedra Fajardo,5 Y 7,,,,LOCAL,2,28001,Madrid,HH-104
Viviendas De Uso Turistico,Sin Categoria,,Calle,Del Divino Pastor,7,,,,Bajo,IZQ,28003,Madrid,VT-14541
Apartamento Rural,Apartamento Rural,Casa De Las Lias,Calle,De Los Huertos,18,,,,,,28370,Chinchón,TR-432
Viviendas De Uso Turistico,Sin Categoria,,Calle,Travesia San Onofre,4,,,1,2,C,28701,San Sebastián De Los Reyes,VT-14578
Viviendas De Uso Turistico,Sin Categoria,,Calle,De Granada,57,,,,Bajo,IZQ,28007,Madrid,VT-13984
Viviendas De Uso Turistico,Sin Categoria,,Calle,De Orense,69,,,,11,1111,28020,Madrid,VT-10548
Viviendas De Uso Turistico,Sin Categoria,,Calle,Talamanca,3,,,,2,B,28807,Alcalá De Henares,VT-14036
Viviendas De Uso Turistico,Sin Categoria,,Calle,De Pío Baroja,2,,,,Bajo,K,28009,Madrid,VT-14061
Viviendas De Uso Turistico,Sin Categoria,,Calle,De Pío Baroja,2,,,,BAJO,J,28009,Madrid,VT-14147
Viviendas De Uso Turistico,Sin Categoria,,Carretera,Escorial A Torrelaguna (m-623),13,,,,,,28490,Becerril De La Sierra,VT-14224
Viviendas De Uso Turistico,Sin Categoria,,Avenida,De La Albufera,65,,,,1,IZQ,28038,Madrid,VT-14228
Viviendas De Uso Turistico,Sin Categoria,,Calle,De Canillas,5,,,1,BAJO,4,28002,Madrid,VT-14246
Viviendas De Uso Turistico,Sin Categoria,,Calle,De La Primavera,94,,,,,217,28430,Alpedrete,VT-14363
Viviendas De Uso Turistico,Sin Categoria,,Calle,De Bastero,7,,,,,,28004,Madrid,VT-14496
Viviendas De Uso Turistico,Sin Categoria,,Calle,Mayor,38,,,,1,B,28801,Alcalá De Henares,VT-14539
Apart-turistico,2-apart-turistico,Home Art Apartaments Chamberi,Calle,De Trafalgar,35,,,,,,28010,Madrid,AM-1426
Casa Rural,Casa Rural,Chalet En Sierra De Madrid,Calle,Clavel,15,,,,,,28180,Torrelaguna,TR-460
Viviendas De Uso Turistico,Sin Categoria,,Calle,De Orense,69,,,,7,728,28020,Madrid,VT-10507
Viviendas De Uso Turistico,Sin Categoria,,Calle,De Salitre,31,,,,0,LOC-10,28012,Madrid,VT-14276
Viviendas De Uso Turistico,Sin Categoria,,Calle,De Canillas,5,,,1,BAJO,8,28002,Madrid,VT-14250
Viviendas De Uso Turistico,Sin Categoria,,Calle,De Canillas,5,,,1,BAJO,9,28002,Madrid,VT-14251
Viviendas De Uso Turistico,Sin Categoria,,Calle,Del Plátano,7,,,,0,2,28029,Madrid,VT-14386
Viviendas De Uso Turistico,Sin Categoria,,Calle,Nebrija,1,,,,1,B1,28801,Alcalá De Henares,VT-13647
Viviendas De Uso Turistico,Sin Categoria,,Calle,De Orense,69,,,,4,410,28020,Madrid,VT-10455
Viviendas De Uso Turistico,Sin Categoria,,Calle,De Orense,69,,,,7,735,28020,Madrid,VT-10509
Viviendas De Uso Turistico,Sin Categoria,,Calle,De Orense,69,,,,7,730,28020,Madrid,VT-10508
Viviendas De Uso Turistico,Sin Categoria,,Calle,De Orense,69,,,,6,601,28020,Madrid,VT-9999
Viviendas De Uso Turistico,Sin Categoria,,Calle,De Orense,69,,,,5,536,28020,Madrid,VT-10481
Viviendas De Uso Turistico,Sin Categoria,,Calle,De Orense,69,,,,5,535,28020,Madrid,VT-10480
Viviendas De Uso Turistico,Sin Categoria,,Calle,De Hermosilla,135,,,,,LOCAL,28009,Madrid,VT-14329
Viviendas De Uso Turistico,Sin Categoria,,Calle,De Gómez De Avellaneda,37,,,,Bajo,A,28017,Madrid,VT-14650
Viviendas De Uso Turistico,Sin Categoria,,Calle,Del Teniente Ochoa Olalla,15,,,1,Bajo,1,28019,Madrid,VT-14684
Viviendas De Uso Turistico,Sin Categoria,,Calle,De Pedro Tezano,26,,,,Bajo,A,28039,Madrid,VT-14687
Viviendas De Uso Turistico,Sin Categoria,,Calle,De San Félix,4,,,,Bajo,,28045,Madrid,VT-14690
Viviendas De Uso Turistico,Sin Categoria,,Calle,De Los Embajadores,173,,173,,BAJO,1,28045,Madrid,VT-14173
Viviendas De Uso Turistico,Sin Categoria,,Calle,De Los Embajadores,173,,173,,BAJO,2,28045,Madrid,VT-14174
Viviendas De Uso Turistico,Sin Categoria,,Calle,De Fernando El Católico,6,,,,Bajo,8,28015,Madrid,VT-13986
Viviendas De Uso Turistico,Sin Categoria,,Avenida,Guadalajara,2,,,,,V-17,28805,Alcalá De Henares,VT-14095
Casa Huespedes,Casa Huespedes,Martin Taberna,Calle,Del Pino,14,,,,,,28739,Villavieja Del Lozoya,HM-5057
Viviendas De Uso Turistico,Sin Categoria,,Calle,De Carlos Arniches,28,,,,0,5,28005,Madrid,VT-14236
Apart-turistico,2-apart-turistico,El Bulín De Patones,Calle,De Las Escuelas,6,,,,,,28189,Patones,AM-1449
Hotel,1-hotel,Hotel Golden Alcorcon,Calle,Industrias,17,,,,,,28923,Alcorcón,HM-5078
Viviendas De Uso Turistico,Sin Categoria,,Calle,Cristo De Los Remedios,50,,,0,0,1,28703,San Sebastián De Los Reyes,VT-14585
Viviendas De Uso Turistico,Sin Categoria,,Calle,Agustin Y Antonia,15,,,0,2,24,28703,San Sebastián De Los Reyes,VT-14588
Viviendas De Uso Turistico,Sin Categoria,,Calle,Agustin Y Antonia,15,,,0,1,11,28703,San Sebastián De Los Reyes,VT-14589
Viviendas De Uso Turistico,Sin Categoria,,Calle,Cid Campeador,5,,,1,1,F,28802,Alcalá De Henares,VT-14599
Viviendas De Uso Turistico,Sin Categoria,,Avenida,De José Hierro,94B,,,,1,103,28523,Rivas-vaciamadrid,VT-14601
Viviendas De Uso Turistico,Sin Categoria,,Calle,Alta Azotea,3,,,,,,28530,Morata De Tajuña,VT-13891
Viviendas De Uso Turistico,Sin Categoria,,Calle,De La Amnistía,5,,,,Bajo,,28013,Madrid,VT-14180
Viviendas De Uso Turistico,Sin Categoria,,Calle,De Emilio Ferrari,117,,,,0,4A,28017,Madrid,VT-14015
Viviendas De Uso Turistico,Sin Categoria,,Calle,De Emilio Ferrari,117,,,,0,4B,28017,Madrid,VT-14016
Viviendas De Uso Turistico,Sin Categoria,,Calle,De Emilio Ferrari,117,,,,0,4C,28017,Madrid,VT-14017
Viviendas De Uso Turistico,Sin Categoria,,Calle,De Emilio Ferrari,117,,,,0,4D,28017,Madrid,VT-14018
Viviendas De Uso Turistico,Sin Categoria,,Calle,De Orense,69,,,,8,817,28020,Madrid,VT-10516
Viviendas De Uso Turistico,Sin Categoria,,Calle,De Orense,69,,,,8,813,28020,Madrid,VT-10514
Viviendas De Uso Turistico,Sin Categoria,,Calle,De Orense,69,,,,8,816,28020,Madrid,VT-10515
Viviendas De Uso Turistico,Sin Categoria,,Calle,De Orense,69,,,,6,611,28020,Madrid,VT-10487
Viviendas De Uso Turistico,Sin Categoria,,Calle,De Orense,69,,,,6,608,28020,Madrid,VT-10486
Viviendas De Uso Turistico,Sin Categoria,,Calle,De Orense,69,,,,6,605,28020,Madrid,VT-10485
Viviendas De Uso Turistico,Sin Categoria,,Calle,De Orense,69,,,,6,603,28020,Madrid,VT-10484
Viviendas De Uso Turistico,Sin Categoria,,Calle,De Orense,69,,,,6,602,28020,Madrid,VT-10483
Viviendas De Uso Turistico,Sin Categoria,,Calle,De La Primavera,94,,,,,125,28430,Alpedrete,VT-14278
Viviendas De Uso Turistico,Sin Categoria,,Calle,De Rafael De Riego,48,,,,bajo,C,28045,Madrid,VT-14014
Viviendas De Uso Turistico,Sin Categoria,,Calle,De Las Magnolias,56,,,,Bajo,F1,28029,Madrid,VT-14068
Viviendas De Uso Turistico,Sin Categoria,,Calle,De Las Magnolias,56,,,,Bajo,F2,28029,Madrid,VT-14069
Viviendas De Uso Turistico,Sin Categoria,,Calle,De Andrés Obispo,35,,,,Bajo,C,28043,Madrid,VT-14178
Viviendas De Uso Turistico,Sin Categoria,,Calle,De San Telesforo,17,,,,Bajo,,28017,Madrid,VT-14227
Viviendas De Uso Turistico,Sin Categoria,,Calle,De La Primavera,94,,,,,220,28430,Alpedrete,VT-14290
Viviendas De Uso Turistico,Sin Categoria,,Calle,De Juan Duque,40,,,,BAJA,2B,28005,Madrid,VT-14549
Viviendas De Uso Turistico,Sin Categoria,,Calle,Del Arroyo Del Olivar,120,,,Ext,Bajo,1,28018,Madrid,VT-14747
Viviendas De Uso Turistico,Sin Categoria,,Calle,Divino Vallés,3,,,,3,A,28805,Alcalá De Henares,VT-13968
Viviendas De Uso Turistico,Sin Categoria,,Calle,De Juan Duque,40,,,,BAJO,2A,28005,Madrid,VT-14186
Viviendas De Uso Turistico,Sin Categoria,,Calle,Duque De Rivas,6,,,,B,1,28012,Madrid,VT-14118
Viviendas De Uso Turistico,Sin Categoria,,Calle,De Los Peñascales,15,,,,Bajo,4,28028,Madrid,VT-12419
Viviendas De Uso Turistico,Sin Categoria,,Calle,Del Linar,3,,,,,,28450,Collado Mediano,VT-14643
Viviendas De Uso Turistico,Sin Categoria,,Avenida,De José Hierro,94,,1,1,3,303,28521,Rivas-vaciamadrid,VT-14658
Viviendas De Uso Turistico,Sin Categoria,,Calle,De Puentedeume,1,,,,Bajo,A,28925,Alcorcón,VT-14671
Viviendas De Uso Turistico,Sin Categoria,,Diseminado,De Perales-albares,9,,,,,,28560,Carabaña,VT-14203
Viviendas De Uso Turistico,Sin Categoria,,Calle,Del Almendro,3,,,,,,28560,Carabaña,VT-14356
Casa Huespedes,Casa Huespedes,Carabanchel,Calle,Del Petirrojo,34,ENTERO,,,,,28047,Madrid,HM-3947
Casa Huespedes,Casa Huespedes,Casa De Huéspedes,Calle,De San Millán,2,,,,4,DCHA,28012,Madrid,HM-5034
Viviendas De Uso Turistico,Sin Categoria,,Calle,De Jacinto Benavente,40,,,,,,28330,San Martín De La Vega,VT-14011
Viviendas De Uso Turistico,Sin Categoria,,Calle,De Zigia,13,,,,Bajo,3,28027,Madrid,VT-14007
Casa Huespedes,Casa Huespedes,Santa Maria De La Cabeza,Paseo,Santa Maria De La Cabeza,23,,local,,,,28045,Madrid,HM-5051
Viviendas De Uso Turistico,Sin Categoria,,Calle,De Torres Miranda,21,,,,Bajo,2,28045,Madrid,VT-14156
Viviendas De Uso Turistico,Sin Categoria,,Calle,De Canillas,5,,,1,,5,28002,Madrid,VT-14247
Viviendas De Uso Turistico,Sin Categoria,,Calle,De Canillas,5,,,1,BAJO,6,28002,Madrid,VT-14248
Viviendas De Uso Turistico,Sin Categoria,,Calle,De La Primavera,94,,,,,224,28430,Alpedrete,VT-14298
Viviendas De Uso Turistico,Sin Categoria,,Calle,De La Primavera,94,,,,,214,28430,Alpedrete,VT-14299
Viviendas De Uso Turistico,Sin Categoria,,Calle,Del General Pardiñas,69,,,,,L-20,28006,Madrid,VT-14345
Viviendas De Uso Turistico,Sin Categoria,,Calle,Del General Lacy,40,,,DCHA,BAJA,1,28045,Madrid,VT-14330
Viviendas De Uso Turistico,Sin Categoria,,Calle,De Ofelia Nieto,12,,,,Bajo,2,28039,Madrid,VT-14331
Viviendas De Uso Turistico,Sin Categoria,,Calle,De Agustín Y Antonia,7,,,,2,A,28703,San Sebastián De Los Reyes,VT-14403
Viviendas De Uso Turistico,Sin Categoria,,Calle,De Baleares,16,,,LOCAL,0,3ºB-B,28019,Madrid,VT-14561
Viviendas De Uso Turistico,Sin Categoria,La Casita De La Sierra,Avenida,De Las Acacias,34,,,,,,28440,Guadarrama,VT-4819
Viviendas De Uso Turistico,Sin Categoria,,Calle,De Martín De Vargas,10,,,,BAJO,L-4B,28005,Madrid,VT-13963
Pension,2-pension,Ch América,Avenida,De América,26,,,,BAJO,1,28028,Madrid,HM-5043
Viviendas De Uso Turistico,Sin Categoria,,Calle,De Orense,69,,,,10,1011,28020,Madrid,VT-10540
Pension,1-pension,Tenerife,Calle,De Almansa,30,,,,BAJA,,28020,Madrid,HM-4080
Viviendas De Uso Turistico,Sin Categoria,,Calle,De Joaquín Costa,31,,,,0,1,28330,San Martín De La Vega,VT-14064
Viviendas De Uso Turistico,Sin Categoria,,Calle,Del Ángel,12,,,,Bajo,4,28005,Madrid,VT-14119
Casa Huespedes,Casa Huespedes,Casa De Huéspedes,Calle,Del Aviador Zorita,53,,,,0,1,28020,Madrid,HM-5073
Hosterias,Sin Categoria,Hostel 165,Calle,Doctor Esquerdo,165,,,,,,28007,Madrid,HH-108
Viviendas De Uso Turistico,Sin Categoria,,Calle,De Lope De Rueda,15,,,,BAJO,LOC. 1,28009,Madrid,VT-14170
Viviendas De Uso Turistico,Sin Categoria,,Calle,Camino De Velazquez,2,,,,,,28752,Lozoyuela-navas-sieteiglesias,VT-13883
Viviendas De Uso Turistico,Sin Categoria,,Calle,De La Ganaderia,32,,,,,,28600,Navalcarnero,VT-13958
Viviendas De Uso Turistico,Sin Categoria,,Calle,De Ramón De Santillán,14,,,,BAJO,D,28016,Madrid,VT-14376
Viviendas De Uso Turistico,Sin Categoria,,Calle,Parque América,5,,,,,2,28931,Móstoles,VT-14418
Viviendas De Uso Turistico,Sin Categoria,,Calle,Almenara,115,,,,,,28294,Robledo De Chavela,VT-14420
Viviendas De Uso Turistico,Sin Categoria,Juan Antonio Galvez Broz,Calle,Maestro Sorozábal,5,,,,2,A,28851,Torrejón De Ardoz,VT-14606
Viviendas De Uso Turistico,Sin Categoria,,Calle,De San Bartolomé,8,,,,1,2,28004,Madrid,VT-11462
Viviendas De Uso Turistico,Sin Categoria,,Avenida,Víctimas Del Terrorismo,12,,3,,5,B,28806,Alcalá De Henares,VT-13975
Viviendas De Uso Turistico,Sin Categoria,,Calle,Del Aviador Zorita,3,,,,1,A,28020,Madrid,VT-14128
Viviendas De Uso Turistico,Sin Categoria,,Calle,Veracruz,28-30,,,,,,28250,Torrelodones,VT-14025
Hostal,2-hostal,Barrera,Calle,De Atocha,96,,,,2,,28012,Madrid,HM-457
Viviendas De Uso Turistico,Sin Categoria,,Paseo,De María Cristina,22,,,,,,28450,Collado Mediano,VT-14204
Viviendas De Uso Turistico,Sin Categoria,,Calle,De Canillas,5,,,2,BAJO,10,28002,Madrid,VT-14262
Viviendas De Uso Turistico,Sin Categoria,,Calle,Los Vientos,7,,,,,,28696,Pelayos De La Presa,VT-13996
Viviendas De Uso Turistico,Sin Categoria,,Calle,De Meléndez Valdés,54,,,,1,40,28015,Madrid,VT-13998
Viviendas De Uso Turistico,Sin Categoria,,Calle,Del Olivar,28,,,,Bajo,,28012,Madrid,VT-13359
Viviendas De Uso Turistico,Sin Categoria,,Urbanizacion,De Los Grifos,,,,,PARCEL,142,28740,Rascafría,VT-14164
Viviendas De Uso Turistico,Sin Categoria,,Calle,De Canillas,5,,,2,BAJO,4,28002,Madrid,VT-14257
Viviendas De Uso Turistico,Sin Categoria,,Calle,De La Primavera,94,,,,,207,28430,Alpedrete,VT-14306
Viviendas De Uso Turistico,Sin Categoria,,Calle,De La Primavera,94,,,,223,,28430,Alpedrete,VT-14295
Viviendas De Uso Turistico,Sin Categoria,,Calle,De La Primavera,94,,,,219,,28430,Alpedrete,VT-14296
Viviendas De Uso Turistico,Sin Categoria,,Calle,De La Primavera,94,,,,,127,28430,Alpedrete,VT-14297
Viviendas De Uso Turistico,Sin Categoria,,Travesia,Pornoso,1,,,,,,28720,Bustarviejo,VT-14408
Viviendas De Uso Turistico,Sin Categoria,,Plaza,De Bami,5,,,,Local,DCHA,28017,Madrid,VT-14005
Viviendas De Uso Turistico,Sin Categoria,,Calle,De Tarragona,36,,,,Bajo,1,28045,Madrid,VT-14019
Viviendas De Uso Turistico,Sin Categoria,,Calle,De Don Pedro,17,,,,0,IZ,28005,Madrid,VT-14185
Viviendas De Uso Turistico,Sin Categoria,,Calle,Pintor Picasso,1,,,,1,D,28807,Alcalá De Henares,VT-14046
Viviendas De Uso Turistico,Sin Categoria,,Avenida,De Menéndez Pelayo,43,,,,,,28009,Madrid,VT-14160
Viviendas De Uso Turistico,Sin Categoria,,Calle,Ramon Y Cajal,14,,,,1,3,28803,Alcalá De Henares,VT-14231
Viviendas De Uso Turistico,Sin Categoria,,Avenida,De La Costa De Madrid,252,,5,,2,255,28680,San Martín De Valdeiglesias,VT-14232
Casa Rural,Casa Rural,La Pérgola,Calle,De Las Azucenas,2,,,,,,28751,"Cabrera, La",TR-111
Viviendas De Uso Turistico,Sin Categoria,,Calle,Cercas De San Juan,6,,,s/n,s/n,S/N,28730,Buitrago Del Lozoya,VT-14641
Viviendas De Uso Turistico,Sin Categoria,,Calle,De Pico Almanzor,12,,,,Bajo,LOCAL,28038,Madrid,VT-13744
Pension,2-pension,Calma Rooms,Calle,De Alcántara,80,,,,BAJO,,28006,Madrid,HM-5092
Apart-turistico,1-apart-turistico,Home Art Apartments Bernabeu,Calle,Lérida,41,,,,,,28020,Madrid,AM-1467
Hostal,1-hostal,Ibis Budget Madrid Aeropuerto,Calle,Provisional Iveco-pegaso Tres,27,,,,,,28022,Madrid,HM-5041
Viviendas De Uso Turistico,Sin Categoria,,Calle,De Sancho Dávila,1,,,,BAJO,4,28028,Madrid,VT-14612
Viviendas De Uso Turistico,Sin Categoria,,Travesia,De La Comadre,6,,,,0,DCHA,28012,Madrid,VT-14072
Viviendas De Uso Turistico,Sin Categoria,,Calle,Tercia,3,,,,1,D,28801,Alcalá De Henares,VT-14177
Viviendas De Uso Turistico,Sin Categoria,,Calle,De Canillas,6,,,,LOCAL,3A,28002,Madrid,VT-14190
Viviendas De Uso Turistico,Sin Categoria,Chalet,Calle,De San Cirilo,2,,,,,,28696,Pelayos De La Presa,VT-14310
Viviendas De Uso Turistico,Sin Categoria,,Calle,De Canillas,5,,,2,BAJO,8,28002,Madrid,VT-14260
Viviendas De Uso Turistico,Sin Categoria,,Calle,De Canillas,5,,,2,BAJO,12,28002,Madrid,VT-14264
Viviendas De Uso Turistico,Sin Categoria,,Calle,De Las Minas,5,,,,BAJO,DCHA,28004,Madrid,VT-14398
Viviendas De Uso Turistico,Sin Categoria,,Calle,De Las Minas,5,,,,BAJO,IZQ,28004,Madrid,VT-14399
Viviendas De Uso Turistico,Sin Categoria,Andrea Doria 8 - V2,Calle,Andrea Doria,8,,,,Bajo,V2,28804,Alcalá De Henares,VT-14484
Viviendas De Uso Turistico,Sin Categoria,Andrea Doria 8 - V3,Calle,Andrea Doria,8,,,,Bajo,V3,28804,Alcalá De Henares,VT-14485
Casa Huespedes,Casa Huespedes,Dobohomes D14,Calle,Del Desengaño,14,,,,,,28004,Madrid,HM-5068
Viviendas De Uso Turistico,Sin Categoria,,Calle,Diseminado,44,,,,Bajo,,28729,Valdemanco,VT-13946
Viviendas De Uso Turistico,Sin Categoria,,Calle,De Sierra De Alcubierre,7,,,,1,1,28053,Madrid,VT-9234
Viviendas De Uso Turistico,Sin Categoria,,Calle,De Orense,69,,,,,1506,28020,Madrid,VT-10563
Viviendas De Uso Turistico,Sin Categoria,,Calle,De Orense,69,,,,11,1108,28020,Madrid,VT-10545
Viviendas De Uso Turistico,Sin Categoria,,Calle,De Orense,69,,,,11,1106,28020,Madrid,VT-10544
Viviendas De Uso Turistico,Sin Categoria,,Calle,De Orense,69,,,,4,419,28020,Madrid,VT-10457
Viviendas De Uso Turistico,Sin Categoria,,Calle,De Orense,69,,,,4,412,28020,Madrid,VT-10456
Viviendas De Uso Turistico,Sin Categoria,,Calle,De Orense,69,,,,4,409,28020,Madrid,VT-10454
Viviendas De Uso Turistico,Sin Categoria,,Calle,De Orense,69,,,,4,406,28020,Madrid,VT-10452
Viviendas De Uso Turistico,Sin Categoria,,Calle,Pintor Picasso,1,,,,1,C,28807,Alcalá De Henares,VT-14047
Viviendas De Uso Turistico,Sin Categoria,,Calle,De Jesús Y María,22,,,,BAJO,2A1,28012,Madrid,VT-14148
Viviendas De Uso Turistico,Sin Categoria,,Calle,San Pedro,33,,,,,,28792,Miraflores De La Sierra,VT-14303
Viviendas De Uso Turistico,Sin Categoria,,Calle,De Peñuelas,4,,,,bajo,IZQ,28005,Madrid,VT-14252
Hotel,4-hotel,Exe Convention Plaza Madrid,Carretera,De Fuencarral A Alcobendas,8,,,,,,28050,Madrid,HM-4765
Viviendas De Uso Turistico,Sin Categoria,,Calle,Del Cactus,26,,,,1,B,28039,Madrid,VT-13927
Viviendas De Uso Turistico,Sin Categoria,,Calle,De Las Navas,3,,,,BAJO,N-02,28003,Madrid,VT-14554
Viviendas De Uso Turistico,Sin Categoria,,Calle,Nuestra Señora Del Pilar,80,,,,,,28816,Camarma De Esteruelas,VT-13901
Viviendas De Uso Turistico,Sin Categoria,,Calle,De Galileo,34,,,,Bajo,,28015,Madrid,VT-13982
Viviendas De Uso Turistico,Sin Categoria,,Calle,De Orense,69,,,,5,528,28020,Madrid,VT-10476
Viviendas De Uso Turistico,Sin Categoria,,Calle,De Orense,69,,,,5,526,28020,Madrid,VT-10475
Viviendas De Uso Turistico,Sin Categoria,,Calle,Del Manzanares,64,,,,Bajo,A2,28019,Madrid,VT-14117
Viviendas De Uso Turistico,Sin Categoria,,Calle,De Bernardo López García,1,,,,0,B,28015,Madrid,VT-14234
Viviendas De Uso Turistico,Sin Categoria,,Calle,Tercia,3,,,,1,E,28801,Alcalá De Henares,VT-14238
Viviendas De Uso Turistico,Sin Categoria,,Calle,De Lucano,75,,,,Bajo,A2,28022,Madrid,VT-14055
Viviendas De Uso Turistico,Sin Categoria,,Calle,Del Arroyo Del Olivar,120,,,,BAJO,EXT3,,Madrid,VT-14411
Viviendas De Uso Turistico,Sin Categoria,,Calle,De Andorra,27,,,,Bajo,5-3,28043,Madrid,VT-14631
Viviendas De Uso Turistico,Sin Categoria,,Calle,De Servando Batanero,49,,,,BAJO,B,28017,Madrid,VT-14635
Viviendas De Uso Turistico,Sin Categoria,,Calle,La Pila,2,,9,2,2,A,28981,Parla,VT-14665
Viviendas De Uso Turistico,Sin Categoria,,Avenida,Del Cerro Del Águila,2,,2,,6,6,28703,San Sebastián De Los Reyes,VT-14346
Apart-turistico,2-apart-turistico,Numa Madrid Sol,Calle,De La Montera,9,,,,,,28013,Madrid,AM-1457
Viviendas De Uso Turistico,Sin Categoria,,Calle,De Ángel Múgica,12,,,,Bajo,1,28034,Madrid,VT-14755
Viviendas De Uso Turistico,Sin Categoria,,Calle,Carmen Calzado,11,,,1,1,B,28801,Alcalá De Henares,VT-14790
Viviendas De Uso Turistico,Sin Categoria,,Calle,De La Escalinata,4,,,Local,Local,LOCAL,28013,Madrid,VT-15343
Viviendas De Uso Turistico,Sin Categoria,Divino Pastor 30,Calle,Del Divino Pastor,30,,,,BAJO-E,IZQ,28004,Madrid,VT-15086
Viviendas De Uso Turistico,Sin Categoria,,Calle,Del Romero,6,,,,,,28680,San Martín De Valdeiglesias,VT-15167
Apartamento Rural,Apartamento Rural,Reguera 44 Bis,Calle,Reguera,44,,BIS,,,,28194,Berzosa Del Lozoya,TR-290
Apartamento Rural,Apartamento Rural,Reguera 46,Calle,Reguera,46,,,,,,28194,Berzosa Del Lozoya,TR-289
Apartamento Rural,Apartamento Rural,Campillo 3,Calle,Campillo,3,,,,,,28194,Berzosa Del Lozoya,TR-310
Viviendas De Uso Turistico,Sin Categoria,,Avenida,Del Llano Castellano,7,,,,0,3,28034,Madrid,VT-13579
Viviendas De Uso Turistico,Sin Categoria,,Calle,Del Empecinado,17,,,0,1,D,28801,Alcalá De Henares,VT-14901
Viviendas De Uso Turistico,Sin Categoria,,Calle,De La Isla Graciosa,2,,,,4,70,28703,San Sebastián De Los Reyes,VT-14529
Viviendas De Uso Turistico,Sin Categoria,,Calle,De San Vicente Ferrer,43,,,,Bajo,2,28004,Madrid,VT-13316
Viviendas De Uso Turistico,Sin Categoria,,Calle,De Eduardo Sanz,19,,,,2,,28053,Madrid,VT-10185
Viviendas De Uso Turistico,Sin Categoria,,Avenida,Central,376,,,no hay,bajo,1,28294,Robledo De Chavela,VT-15135
Hotel,4-hotel,Hotel Totem,Calle,De Hermosilla,23,,,,,,28001,Madrid,HM-4539
Viviendas De Uso Turistico,Sin Categoria,Huertas 53 1º Pta. 1,Calle,De Las Huertas,53,,,,1,1,28014,Madrid,VT-4665
Apart-turistico,2-apart-turistico,"Apartamentos Turisticos Playa De Riazor, 20",Calle,Playa De Riazor,20,,,,,,28042,Madrid,AM-1461
Casa Rural,Casa Rural,Espacio Natal,Avenida,Del Desvío,38D,,,,,,28729,Valdemanco,TR-470
Viviendas De Uso Turistico,Sin Categoria,,Calle,Del Pilar,35,,,,2,A,28932,Móstoles,VT-14546
Viviendas De Uso Turistico,Sin Categoria,,Calle,San Agustín,2,,,0,0,0,28460,"Molinos, Los",VT-14878
Viviendas De Uso Turistico,Sin Categoria,,Avenida,Del Galeón,80,,D,1,3,16,28680,San Martín De Valdeiglesias,VT-14977
Viviendas De Uso Turistico,Sin Categoria,,Calle,De San Vicente Ferrer,8,,,0,0,DERECH,28004,Madrid,VT-14987
Apart-turistico,3-apart-turistico,Apartamentos Goya 75,Calle,Del General Pardiñas,13,,,,,,28001,Madrid,AM-1489
Casa Huespedes,Casa Huespedes,Casa De Huespedes La Bañezana,Calle,De La Cruz,26,,,,1,IZQ,28012,Madrid,HM-4199
Hostal,2-hostal,El Cancho Del Aguila,Carretera,A-1,"60,300",ENTERO,,,,,28751,"Cabrera, La",HM-3948
Viviendas De Uso Turistico,Sin Categoria,Habitaciones Maeso,Calle,Maeso,8,,,,,,28609,Sevilla La Nueva,VT-15175
Viviendas De Uso Turistico,Sin Categoria,,Calle,De Virgen De La Paz,16,,,.,BAJO,L 10 B,28027,Madrid,VT-15079
Viviendas De Uso Turistico,Sin Categoria,,Calle,De José Bergamín,10,,,,Bajo,9,28030,Madrid,VT-14360
Viviendas De Uso Turistico,Sin Categoria,,Calle,Escuelas,7,,,0,BAJO,A,28806,Alcalá De Henares,VT-14947
Viviendas De Uso Turistico,Sin Categoria,,Calle,De Los Hermanos Machado,46,,,,Bajo,A,28017,Madrid,VT-15149
Hosterias,Sin Categoria,Safestay Madrid,Calle,De Sagasta,22,,,,,,28004,Madrid,HH-16
Casa Rural,Casa Rural,Casa Rural,Calle,Goleta,22,,,,,,28680,San Martín De Valdeiglesias,TR-492
Viviendas De Uso Turistico,Sin Categoria,,Avenida,De José Hierro,94B,,,1,1,105,28521,Rivas-vaciamadrid,VT-15088
Hosterias,Sin Categoria,Hostel Acacias,Calle,De Peñuelas,18,,,,,,28005,Madrid,HH-93
Apart-turistico,1-apart-turistico,Edificio 17 Apartamentos Turísticos De 1 Llave,Calle,De La Cava Baja,13,,,,,,28028,Madrid,AM-1460
Viviendas De Uso Turistico,Sin Categoria,,Calle,Violeta,18,,,,,,28295,Valdemaqueda,VT-14564
Viviendas De Uso Turistico,Sin Categoria,,Calle,Mediodía Baja,15,,,,bajo,,28680,San Martín De Valdeiglesias,VT-14623
Viviendas De Uso Turistico,Sin Categoria,,Calle,Alcolea,4,,,,,,28200,San Lorenzo De El Escorial,VT-14651
Viviendas De Uso Turistico,Sin Categoria,,Calle,Virgen De Begoña,1,,,,,,28792,Miraflores De La Sierra,VT-14833
Viviendas De Uso Turistico,Sin Categoria,,Calle,Fuerteventura,7,,1A,1,Bajo,106,28703,San Sebastián De Los Reyes,VT-14862
Viviendas De Uso Turistico,Sin Categoria,,Calle,De Müller,48,,,,Bajo,,28029,Madrid,VT-14964
Viviendas De Uso Turistico,Sin Categoria,,Calle,De Benita López,23,,,bajo,bajo,B,28021,Madrid,VT-15018
Casa Huespedes,Casa Huespedes,Inversion De Pacifico Asesores Inmobiliarios Sl,Calle,De La Marroquina,104,,,,,,28030,Madrid,HM-5138
Casa Rural,Casa Rural,"Casa Rural ""la Torre""",Calle,De San Esteban Baja,10,,,,,,28370,Chinchón,TR-489
Hosterias,Sin Categoria,Hostel,Calle,Sauce,7,,,,,,28620,Aldea Del Fresno,HH-122
Viviendas De Uso Turistico,Sin Categoria,,Paseo,Europa,30,,3,,2,215,28703,San Sebastián De Los Reyes,VT-14785
Viviendas De Uso Turistico,Sin Categoria,,Calle,Antonio Suárez,10,,C,,,206,28802,Alcalá De Henares,VT-14777
Viviendas De Uso Turistico,Sin Categoria,,Calle,De Carretas,23,,,1,2,A,28012,Madrid,VT-15173
Viviendas De Uso Turistico,Sin Categoria,,Plaza,Cervantes,13,,,,1,A,28801,Alcalá De Henares,VT-13270
Hotel-apart.,2-hotel-apart.,The Aparment By Asset Hoteles,Avenida,De Los Fresnos,8,,BAJO,,,,28850,Torrejón De Ardoz,HM-5168
Viviendas De Uso Turistico,Sin Categoria,,Calle,De Pinos Alta,93,,,,0,03,28029,Madrid,VT-14515
Viviendas De Uso Turistico,Sin Categoria,,Paseo,De Pastrana,4,,,,Bajo,,28801,Alcalá De Henares,VT-14607
Viviendas De Uso Turistico,Sin Categoria,,Calle,De Santa María De La Cabeza,16,,,,,B,28880,Meco,VT-14652
Viviendas De Uso Turistico,Sin Categoria,,Calle,De Santa María De La Cabeza,16,,,,,A,28880,Meco,VT-14653
Viviendas De Uso Turistico,Sin Categoria,,Calle,María Cristina,30,,,,1,A,28200,San Lorenzo De El Escorial,VT-14848
Viviendas De Uso Turistico,Sin Categoria,,Calle,María Cristina,30,,,,2,A,28200,San Lorenzo De El Escorial,VT-14849
Viviendas De Uso Turistico,Sin Categoria,,Carretera,M-507 (navalcarnero-cadalso De Los Vidrios),,,,,,,28630,Villa Del Prado,VT-10597
Viviendas De Uso Turistico,Sin Categoria,,Calle,De Peña De Francia,6,,,,BAJO,10,28005,Madrid,VT-15056
Viviendas De Uso Turistico,Sin Categoria,,Calle,Pico Del Águila,3,,,-,-,-,28440,Guadarrama,VT-15234
Viviendas De Uso Turistico,Sin Categoria,,Calle,Del Comandante Fontanes,51,,,1,BAJO,,28041,Madrid,VT-14617
Viviendas De Uso Turistico,Sin Categoria,,Calle,Sotillos 2,12,,,,,,28470,Cercedilla,VT-14725
Casa Huespedes,Casa Huespedes,La Casa De Huéspedes,Calle,Marquesa Viuda De Aldama,56,,,,,,28100,Alcobendas,HM-5102
Viviendas De Uso Turistico,Sin Categoria,,Calle,Monjitas,34,,,,2,B,28021,Majadahonda,VT-15054
Viviendas De Uso Turistico,Sin Categoria,,Calle,Españoleto,3,,,7,1,A7,28980,Parla,VT-15024
Viviendas De Uso Turistico,Sin Categoria,,Plaza,Santiago De Compostela,3,,,,,7-1,28703,San Sebastián De Los Reyes,VT-14530
Viviendas De Uso Turistico,Sin Categoria,,Calle,De Tutor,24,,,-,BAJO,C2,28008,Madrid,VT-14577
Viviendas De Uso Turistico,Sin Categoria,,Travesia,Del Fresno,11,,,0,BAJO,A,28880,Meco,VT-14908
Viviendas De Uso Turistico,Sin Categoria,,Calle,De Agustín De Rojas,5,,,,Bajo,7,28002,Madrid,VT-15111
Viviendas De Uso Turistico,Sin Categoria,,Calle,De Agustín De Rojas,5,,,,Bajo,8,28002,Madrid,VT-15112
Viviendas De Uso Turistico,Sin Categoria,,Calle,Jaén,3,,,,Bajo,5,28922,Alcorcón,VT-15177
Viviendas De Uso Turistico,Sin Categoria,,Calle,De Campezo,14,,2,4,2,11,28022,Madrid,VT-15062
Casa Huespedes,Casa Huespedes,Casa De Huéspedes Villa Del Castillo,Calle,De La Villa Del Castillo,2,,,,LOCAL,B,28320,Pinto,HM-5152
Viviendas De Uso Turistico,Sin Categoria,,Calle,De Rodas,18,,,00,0,2B,28005,Madrid,VT-15101
Viviendas De Uso Turistico,Sin Categoria,,Calle,Almazara,20,,,,,,28160,Talamanca De Jarama,VT-14490
Viviendas De Uso Turistico,Sin Categoria,,Calle,Pamplona,5,,,0,Bajo,9,28850,Torrejón De Ardoz,VT-14616
Viviendas De Uso Turistico,Sin Categoria,,Calle,Bellavista,461,,,,,,28294,Robledo De Chavela,VT-14923
Hostal,3-hostal,Kmc Madrid - Centro De Meditacion Kadampa,Calle,Del Guerrero,27,,,,,,28492,"Boalo, El",HM-5140
Viviendas De Uso Turistico,Sin Categoria,,Calle,Cristo,3,,,N/A,N/A,N/A,28694,Chapinería,VT-15085
Viviendas De Uso Turistico,Sin Categoria,,Calle,De José,4,,,CALLE,BAJO,2,28029,Madrid,VT-15237
Viviendas De Uso Turistico,Sin Categoria,,Calle,De Fray Ceferino González,16,,,,Bajo,DCHA,28005,Madrid,VT-15147
Apart-turistico,1-apart-turistico,Madrid Urban Suites,Calle,Picos De Mulhacen,28,,,,,,28038,,AM-1520
Viviendas De Uso Turistico,Sin Categoria,,Calle,De Uceda,7,,,,BAJO,A,28053,Madrid,VT-10286
Viviendas De Uso Turistico,Sin Categoria,,Calle,Colón,2,,,1,2,329,28680,San Martín De Valdeiglesias,VT-15159
Viviendas De Uso Turistico,Sin Categoria,,Calle,De La Cabeza De Hierro,9,,,,,,28490,Becerril De La Sierra,VT-14550
Hotel-apart.,1-hotel-apart.,Bella Vista Apartments,Avenida,Bellas Vistas,9,,,,,,28660,Alcorcón,HM-5104
Viviendas De Uso Turistico,Sin Categoria,,Calle,De Villardondiego,17,,,,BAJO,,28032,Madrid,VT-15100
Viviendas De Uso Turistico,Sin Categoria,,Calle,Robledo,199,,,,,,28290,Robledo De Chavela,VT-15195
Viviendas De Uso Turistico,Sin Categoria,Monte Oliveti 11. Primero,Calle,Del Monte Olivetti,11,,,,1,,28038,Madrid,VT-15072
Viviendas De Uso Turistico,Sin Categoria,Monte Oliveti 11. Segundo,Calle,Del Monte Olivetti,11,,,,SEGUND,,28038,Madrid,VT-15073
Viviendas De Uso Turistico,Sin Categoria,,Calle,De Jesús Del Gran Poder,26,,,,LOCAL,IZQ,28026,Madrid,VT-15128
Viviendas De Uso Turistico,Sin Categoria,,Calle,Paseo De María Cristina,6,,,,,,28450,Collado Mediano,VT-14446
Viviendas De Uso Turistico,Sin Categoria,,Calle,Mariano Germán,1,,,,,,28390,Belmonte De Tajo,VT-14442
Viviendas De Uso Turistico,Sin Categoria,,Calle,Del Condado De Treviño,2,,,A,Bajo,53,28033,Madrid,VT-14697
Viviendas De Uso Turistico,Sin Categoria,,Calle,De Ibáñez Marín,9,,,,1,1,28019,Madrid,VT-14727
Viviendas De Uso Turistico,Sin Categoria,,Calle,De La Virgen De La Nueva,16,,,,bajo,,28680,San Martín De Valdeiglesias,VT-12547
Viviendas De Uso Turistico,Sin Categoria,,Calle,Calleja De Prado San Juan,7,,,,4,B,28440,Guadarrama,VT-14860
Viviendas De Uso Turistico,Sin Categoria,,Calle,De Ramón Esteban,30,,,2,3,B,28701,San Sebastián De Los Reyes,VT-14956
Viviendas De Uso Turistico,Sin Categoria,,Calle,De La Mandarina,6,,,,Bajo,,28027,Madrid,VT-15049
Pension,1-pension,Pension Abedul,Calle,Abedul,5,,,,,,28850,Torrejón De Ardoz,HM-5132
Casa Rural,Casa Rural,Casa Rural Entremelojos,Calle,De Enmedio,45,,,,,,28191,"Hiruela, La",TR-64
Viviendas De Uso Turistico,Sin Categoria,,Calle,De Ercilla,11,,,EXT,BAJO,1A,28005,Madrid,VT-14516
Viviendas De Uso Turistico,Sin Categoria,,Calle,Agustin Y Antonia,15,,,0,2,17,28703,San Sebastián De Los Reyes,VT-14595
Viviendas De Uso Turistico,Sin Categoria,,Calle,De Müller,67,,,,Bajo,,28029,Madrid,VT-14718
Viviendas De Uso Turistico,Sin Categoria,,Calle,Majadillas,43A,,,,,A,28720,Bustarviejo,VT-14803
Apart-turistico,1-apart-turistico,Reavival Reina Victoria S.L.,Avenida,Reina Victoria,72,,,,,,28003,Madrid,AM-1477
Viviendas De Uso Turistico,Sin Categoria,,Calle,Río Tajo,3,,,,,,28792,Miraflores De La Sierra,VT-14839
Hotel-apart.,1-hotel-apart.,Ma24 Apart-hotel 1*,Calle,Marquesa De Argueso,24,,,,,,28019,Madrid,HM-5115
Apart-turistico,1-apart-turistico,4 Apartamentos Turisticos Arturo Soria 263,Calle,De Arturo Soria,263,,ByA,,SEMISO,,28043,Madrid,AM-1501
Viviendas De Uso Turistico,Sin Categoria,,Calle,Samaniego 12 / Campezo Nº 9,12,,2,2,5,J,28022,Madrid,VT-15063
Viviendas De Uso Turistico,Sin Categoria,,Calle,Galilea,22,,,,0,2,28981,Parla,VT-14464
Casa Huespedes,Casa Huespedes,Fuente De Luz,Calle,Esperanza Abad,36,,,,,,28701,San Sebastián De Los Reyes,HM-5106
Viviendas De Uso Turistico,Sin Categoria,,Avenida,Del Llano Castellano,7,,,,0,1,28034,Madrid,VT-13577
Viviendas De Uso Turistico,Sin Categoria,,Calle,Diseminado,686,,,,BAJO,,,Navalafuente,VT-14927
Casa Rural,Casa Rural,La Posada,Carretera,De Las Dehesas,2,,,,,,28470,Cercedilla,TR-487
Casa Huespedes,Casa Huespedes,Casa De Huéspedes,Calle,De Sincelejo,6,,,,0,02,28033,Madrid,HM-5155
Casa Huespedes,Casa Huespedes,Carabanchel Alto,Calle,De Antonia Rodríguez Sacristán,39,,,,,,28044,Madrid,HM-5169
Viviendas De Uso Turistico,Sin Categoria,,Calle,De Ceuta,24,,,,BAJO,24-3,28003,Madrid,VT-14596
Viviendas De Uso Turistico,Sin Categoria,,Calle,De Fermín Caballero,62,,,1,0,2,28034,Madrid,VT-14575
Viviendas De Uso Turistico,Sin Categoria,,Avenida,De José Hierro,94B,,2,,5,507,28521,Rivas-vaciamadrid,VT-14773
Viviendas De Uso Turistico,Sin Categoria,,Pasaje,De Pradillo,5,,,,Bajo,A,28004,Madrid,VT-13546
Viviendas De Uso Turistico,Sin Categoria,,Avenida,Pinos,16,,,0,0,0,28680,San Martín De Valdeiglesias,VT-15099
Viviendas De Uso Turistico,Sin Categoria,,Calle,Cervantes,6,,,0,1,B,28801,Alcalá De Henares,VT-15140
Viviendas De Uso Turistico,Sin Categoria,,Calle,De Gandhi,5,,,ext,-1,4,28017,Madrid,VT-14427
Viviendas De Uso Turistico,Sin Categoria,,Calle,De La Primavera,94,,,,,111,28430,Alpedrete,VT-14361
Viviendas De Uso Turistico,Sin Categoria,,Calle,Diez (alarilla),66,,,,,,28597,Fuentidueña De Tajo,VT-14497
Viviendas De Uso Turistico,Sin Categoria,,Calle,Uruguay,10,,2,,1,B,28907,Getafe,VT-14883
Viviendas De Uso Turistico,Sin Categoria,,Calle,De Los Cedros,74,,,,Bajo,5,28029,Madrid,VT-14676
Viviendas De Uso Turistico,Sin Categoria,,Calle,De San Fidel,1,,,Ext,Bajo,B,28017,Madrid,VT-14996
Viviendas De Uso Turistico,Sin Categoria,"C/ Ramon Y Cajal, 10 2-a",Avenida,De Ramón Y Cajal,10,,,,2,A,28703,San Sebastián De Los Reyes,VT-3789
Viviendas De Uso Turistico,Sin Categoria,,Avenida,De José Hierro,94B,,4,1,1,110,28521,Rivas-vaciamadrid,VT-14900
Viviendas De Uso Turistico,Sin Categoria,,Paseo,Mirasierra,6,,,,,,28400,Collado Villalba,VT-15154
Apart-turistico,1-apart-turistico,Via Monte Apartments,Calle,Del Cerro De La Alcazaba,10,,,,,,28053,Madrid,AM-1509
Viviendas De Uso Turistico,Sin Categoria,,Paseo,De Pastrana,2B,,,,BAJO,A,28806,Alcalá De Henares,VT-15131
Viviendas De Uso Turistico,Sin Categoria,,Calle,Mayor,70,,,,2,DCHA,28801,Alcalá De Henares,VT-14716
Viviendas De Uso Turistico,Sin Categoria,,Calle,El Jabato,50,,,,,,28521,Rivas-vaciamadrid,VT-14717
Viviendas De Uso Turistico,Sin Categoria,,Calle,Fuerteventura,7,,B1,,1,130,28703,San Sebastián De Los Reyes,VT-14793
Viviendas De Uso Turistico,Sin Categoria,,Calle,De Chile,17,,,1,Bajo,L-20,28016,Madrid,VT-14857
Viviendas De Uso Turistico,Sin Categoria,,Calle,De Las Rosas,16,,,0,0,0,28219,"Escorial, El",VT-14990
Viviendas De Uso Turistico,Sin Categoria,,Calle,Cruz De La Sangre,21,,,,,,28609,Sevilla La Nueva,VT-15043
Viviendas De Uso Turistico,Sin Categoria,,Avenida,De José Hierro,94B,,2,4,4,410,28521,Rivas-vaciamadrid,VT-15037
Hostal,2-hostal,Hostal Santa Barbara,Plaza,De Santa Bárbara,4,,,,3,DC IZQ,28004,Madrid,HM-203
Casa Huespedes,Casa Huespedes,Dobo Homes Pf3,Calle,Bernardino Obregón,19,,,,BAJO,3,28012,Madrid,HM-5091
Viviendas De Uso Turistico,Sin Categoria,,Calle,De Rodrigo De Triana,25,,,T,OD,OS,28680,San Martín De Valdeiglesias,VT-14910
Viviendas De Uso Turistico,Sin Categoria,,Calle,Del Manzanares,72,,,,Bajo,DCHA,28019,Madrid,VT-14387
Viviendas De Uso Turistico,Sin Categoria,,Camino,Juntas,12,,,,,,28296,Santa María De La Alameda,VT-14368
Viviendas De Uso Turistico,Sin Categoria,,Calle,Henares,1,,2,10,1,B,28816,Camarma De Esteruelas,VT-14995
Hotel,1-hotel,Hotel Ibis Budget Madrid Albasanz,Calle,De Albasanz,63,,,,,,28037,Madrid,HM-5139
Viviendas De Uso Turistico,Sin Categoria,,Calle,Carabaña,8,C,,,1,,28805,Alcalá De Henares,VT-14630
Casa Huespedes,Casa Huespedes,Charming Madrid Ventas,Calle,Luis Piernas,30,,,,BJ,,28017,Madrid,HM-5095
Viviendas De Uso Turistico,Sin Categoria,,Calle,De Emilio Raboso,1,,,,BAJO,4,28053,Madrid,VT-15032
Viviendas De Uso Turistico,Sin Categoria,,Calle,De La Fuente,3,,,,,,28730,Buitrago Del Lozoya,VT-15020
Viviendas De Uso Turistico,Sin Categoria,,Calle,De Samaniego,12,,2,2,2,J,28022,Madrid,VT-15066
Viviendas De Uso Turistico,Sin Categoria,,Calle,De Campezo,14,,1,1,3,7,28022,Madrid,VT-15067
Viviendas De Uso Turistico,Sin Categoria,,Calle,Mayor,15,,,1,1,1,28515,Olmeda De Las Fuentes,VT-15104
Viviendas De Uso Turistico,Sin Categoria,,Paseo,De Santa María De La Cabeza,21,,,,Bajo,2-2,28045,Madrid,VT-14385
Viviendas De Uso Turistico,Sin Categoria,,Carretera,De Mejorada,1,,,,1,4,28830,San Fernando De Henares,VT-14708
Viviendas De Uso Turistico,Sin Categoria,,Calle,Prados Carretero,15,,,,,,28753,Lozoyuela-navas-sieteiglesias,VT-14762
Viviendas De Uso Turistico,Sin Categoria,,Calle,De Ascao,58,,,1,BAJO,3,28017,Madrid,VT-14978
Viviendas De Uso Turistico,Sin Categoria,,Calle,De Los Algodonales,3,,,,Local,1,28039,Madrid,VT-15216
Viviendas De Uso Turistico,Sin Categoria,,Calle,De Eduardo Sanz,19,,,,BAJO,,28053,Madrid,VT-10184
Viviendas De Uso Turistico,Sin Categoria,,Calle,Ucrania,2,,O,,Bajo,A,28802,Alcalá De Henares,VT-14583
Casa Rural,Casa Rural,Casa Rural Molino Del Manto,Lugar,Poligono 3 Parcela 295,295,,,,,,28370,Chinchón,TR-475
Viviendas De Uso Turistico,Sin Categoria,,Calle,Fuerteventura,7,,,1B,1,124,28703,San Sebastián De Los Reyes,VT-14919
Viviendas De Uso Turistico,Sin Categoria,,Calle,Fuerteventura,7,,,1B,0,12,28703,San Sebastián De Los Reyes,VT-14920
Viviendas De Uso Turistico,Sin Categoria,,Calle,De Damián Sánchez López,8,,,0,0,1,28703,San Sebastián De Los Reyes,VT-14943
Apart-turistico,4-apart-turistico,Apartamentos Turisticos,Calle,De La Pirita,37,,,,,,28041,Madrid,AM-1519
Viviendas De Uso Turistico,Sin Categoria,,Calle,Mirlo,8,,,chalet,chalet,CHALET,28470,Cercedilla,VT-15145
Casa Huespedes,Casa Huespedes,Casa De Huéspedes,Calle,Boldano,41,,,3,1,2,28027,Madrid,HM-5114
Viviendas De Uso Turistico,Sin Categoria,,Avenida,De La Unión Europea,36,,,,3,A,28939,Arroyomolinos,VT-14876
Hotel,4-hotel,Hotel Zentral Castellana Norte,Avenida,De Manoteras,20,,,,,,28050,Madrid,HM-4595
Viviendas De Uso Turistico,Sin Categoria,,Calle,De Carretas,23,,,1,2,D,28012,Madrid,VT-15174
Viviendas De Uso Turistico,Sin Categoria,,Camino,De La Barca,11,,,,,,28595,Estremera,VT-15231
Apart-turistico,1-apart-turistico,Alejandro Dumas Exclusive Living,Calle,De Alejandro Dumas,30,,,,,,28005,Madrid,AM-1456
Viviendas De Uso Turistico,Sin Categoria,,Calle,Del Marqués De Santa Ana,24,,,,BAJO,A,28004,Madrid,VT-3186
Hostal,2-hostal,Las Fronteras,Calle,Manuel Sandoval,40,,,,BAJO,,28850,Torrejón De Ardoz,HM-4936
Viviendas De Uso Turistico,Sin Categoria,,Calle,De Pico Balaitus,14,,,,Bajo,2A,28002,Madrid,VT-14659
Viviendas De Uso Turistico,Sin Categoria,,Calle,Andújar,2,,,1,Bajo,L-11C,28804,Alcalá De Henares,VT-14693
Viviendas De Uso Turistico,Sin Categoria,,Calle,Noria,13,,,,2,B,28807,Alcalá De Henares,VT-14705
Viviendas De Uso Turistico,Sin Categoria,,Calle,Don Juan I,1,,,1,Bajo,G,28807,Alcalá De Henares,VT-14743
Viviendas De Uso Turistico,Sin Categoria,Encinas 4 Luxury Villa,Urbanizacion,Las Encinas,4,,,,,,28223,Pozuelo De Alarcón,VT-14732
Viviendas De Uso Turistico,Sin Categoria,,Calle,Fuerteventura,7,,1C,0,0,006,28703,San Sebastián De Los Reyes,VT-14951
Viviendas De Uso Turistico,Sin Categoria,,Calle,Del Radio,30,,,0,0,DR,28019,Madrid,VT-15191
Pension,1-pension,Luthia Puerta Del Sol,Plaza,De La Puerta Del Sol,14,,,,3,,28013,Madrid,HM-5141
Viviendas De Uso Turistico,Sin Categoria,,Calle,De Gandhi,5,,,ext,-1,1,28017,Madrid,VT-14424
Viviendas De Uso Turistico,Sin Categoria,,Calle,De Leovigildo,11,,,,0,,28019,Madrid,VT-14511
Viviendas De Uso Turistico,Sin Categoria,,Calle,Mayor Baja,54,,,0,0,0,28540,Perales De Tajuña,VT-14935
Viviendas De Uso Turistico,Sin Categoria,,Calle,De Agustín De Rojas,5,,,,Bajo,3,28002,Madrid,VT-15107
Casa Huespedes,Casa Huespedes,Casa De Huéspedes La Asturiana,Paseo,Del Prado,40,,,,3,IZQ,28014,Madrid,HM-3669
Viviendas De Uso Turistico,Sin Categoria,,Calle,Cacera De Gobienzo,5,,,1,B,B,28470,Cercedilla,VT-14778
Pension,1-pension,Pension 1 Estrella,Calle,Quimica,13,,,,BAJO-L,A,28850,Madrid,HM-5117
Viviendas De Uso Turistico,Sin Categoria,,Urbanizacion,Costa De Madrid,252,,,1,3,13,28680,San Martín De Valdeiglesias,VT-14859
Viviendas De Uso Turistico,Sin Categoria,,Calle,De Agustín De Rojas,5,,,,Bajo,5,28002,Madrid,VT-15109
Apart-turistico,1-apart-turistico,Bayunca 6,Calle,De Bayunca,6,,,,0,1,28033,Madrid,AM-1499
Viviendas De Uso Turistico,Sin Categoria,,Calle,Prado Gallo,7,,,,BAJO,,28792,Miraflores De La Sierra,VT-15261
Viviendas De Uso Turistico,Sin Categoria,,Calle,De La Murga,7,,,,BAJO,A,28710,"Molar, El",VT-15152
Apart-turistico,1-apart-turistico,Apartamentos Gr70,Calle,Del General Ricardos,70,,,,,,28003,Madrid,AM-1521
Casa Huespedes,Casa Huespedes,Casa De Huéspedes,Calle,De Montejurra,30,,,,,,28017,Madrid,HM-5171
Casa Huespedes,Casa Huespedes,Casa De Huéspedes,Calle,Gran Vía,55,,,,9,F,28013,Madrid,HM-5254
Viviendas De Uso Turistico,Sin Categoria,,Calle,De Joaquín María López,14,,,,0,H,28015,Madrid,VT-14438
Viviendas De Uso Turistico,Sin Categoria,,Calle,Del Olmo,10,,,-,PB,LOCAL,28012,Madrid,VT-14761
Viviendas De Uso Turistico,Sin Categoria,,Calle,De San Marcos,21,,,,BAJO,1,28004,Madrid,VT-15047
Viviendas De Uso Turistico,Sin Categoria,,Calle,De La Unión,4,,,-,0,1,28013,Madrid,VT-15265
Viviendas De Uso Turistico,Sin Categoria,,Calle,Colón,47,,,,,,28680,San Martín De Valdeiglesias,VT-14600
Viviendas De Uso Turistico,Sin Categoria,,Calle,De Abada,2,,,,1,1,28013,Madrid,VT-14822
Viviendas De Uso Turistico,Sin Categoria,,Calle,De Los Cedros,74,,,1,Bajo,4,28029,Madrid,VT-14675
Viviendas De Uso Turistico,Sin Categoria,,Avenida,De José Hierro,94B,,2,2,2,211,28521,Rivas-vaciamadrid,VT-14924
Viviendas De Uso Turistico,Sin Categoria,,Calle,Del Cardenal Solís,10,,,,Local,1-3,28045,Madrid,VT-14380
Viviendas De Uso Turistico,Sin Categoria,,Calle,De Las Minas,5,,,,BAJO,CENTRO,28004,Madrid,VT-14400
Viviendas De Uso Turistico,Sin Categoria,,Calle,De Villajimena,18,,1,1,BAJO,L210,28032,Madrid,VT-14703
Viviendas De Uso Turistico,Sin Categoria,,Calle,Margarita Xirgú,3,,,1,Bajo,5-1,28703,San Sebastián De Los Reyes,VT-14654
Viviendas De Uso Turistico,Sin Categoria,,Calle,Del Empecinado,17,,,,1,A,28801,Alcalá De Henares,VT-14711
Apart-turistico,1-apart-turistico,Apartamentos Turisticos,Calle,Saturnino Morán,2,,,,,L-10,28047,Madrid,AM-1469
Casa Huespedes,Casa Huespedes,Casa De Huéspedes,Calle,Explanada,8,,,,1,,28040,Madrid,HM-5107
Viviendas De Uso Turistico,Sin Categoria,,Paraje,Los Alamillos,171,,,,,,28600,Navalcarnero,VT-15042
Hotel,1-hotel,The Carabanchel Episode,Calle,Del Tulipero,6,,,,,,28044,Madrid,HM-5148
Viviendas De Uso Turistico,Sin Categoria,,Calle,De Toledo,123,,,,Bajo,B,28005,Madrid,VT-15058
Viviendas De Uso Turistico,Sin Categoria,,Calle,De Toledo,123,,,,Bajo,C,28005,Madrid,VT-15059
Viviendas De Uso Turistico,Sin Categoria,,Calle,Estrellas,6,,,,bajo,1,28350,Ciempozuelos,VT-14350
Casa Rural,Casa Rural,El Capricho De Eli,Calle,Concepción,2,,,,,,28380,Colmenar De Oreja,TR-468
Viviendas De Uso Turistico,Sin Categoria,,Calle,Antonio Suárez,10,C,10,,,207,28802,Alcalá De Henares,VT-14451
Casa Huespedes,Casa Huespedes,Dobo Homes Pe230,Paseo,De Extremadura,230,,,,BAJO,2,28011,Madrid,HM-5121
Viviendas De Uso Turistico,Sin Categoria,,Calle,Grande,32,,,,1,C,28370,Chinchón,VT-13464
Casa Huespedes,Casa Huespedes,Casa De Huespedes,Calle,Del Infante,4,,,,1,DCHA,28014,Madrid,HM-2100
Hosterias,Sin Categoria,Lai Hostel,Calle,De Argumosa,37,,,,0,L-10,28012,Madrid,HH-103
Viviendas De Uso Turistico,Sin Categoria,,Calle,De Valdelasierra,2,,H,,bajo,L-10,28005,Madrid,VT-14501
Viviendas De Uso Turistico,Sin Categoria,,Calle,Montón De Trigo,1,,,,,,28440,Guadarrama,VT-14680
Hosterias,Sin Categoria,D'hostel,Calle,De Luis Vélez De Guevara,10,,,,,,28012,Madrid,HH-8
Apartamento Rural,Apartamento Rural,Casa Norte,Calle,Ángel,3,,,,,,28755,Madarcos,TR-494
Casa Huespedes,Casa Huespedes,Casa De Huéspedes,Calle,De Chima,2,,,00,0,01,28033,Madrid,HM-5165
Casa Huespedes,Casa Huespedes,Ola Living Chamartin,Calle,De Mauricio Ravel,3,,BIS,,,,28046,Madrid,HM-5167
Viviendas De Uso Turistico,Sin Categoria,,Calle,De Ramón De Santillán,14,,,,BAJO,A,28016,Madrid,VT-14373
Viviendas De Uso Turistico,Sin Categoria,,Calle,De Barquillo,38,,,B,3,E1,28004,Madrid,VT-14467
Viviendas De Uso Turistico,Sin Categoria,,Calle,De Barquillo,38,,,B,3,E2,28004,Madrid,VT-14468
Viviendas De Uso Turistico,Sin Categoria,,Calle,De Murcia,20,,,,Bajo,7-2,28045,Madrid,VT-14967
Viviendas De Uso Turistico,Sin Categoria,,Avenida,Del Brasil,17,,,,10,C,28020,Madrid,VT-15184
Viviendas De Uso Turistico,Sin Categoria,,Calle,Manuel Laredo,32,,,,,,28807,Alcalá De Henares,VT-15151
Viviendas De Uso Turistico,Sin Categoria,,Calle,De Don Ramón De La Cruz,89,,,1,0,DER B,28006,Madrid,VT-15292
Casa Huespedes,Casa Huespedes,Casa De Huéspedes,Calle,De Alfonso Vi,4,,,,3,IZQUIE,28005,Madrid,HM-5166
Viviendas De Uso Turistico,Sin Categoria,,Calle,Del Mesón De Paredes,53,,,,Bajo,L1,28012,Madrid,VT-14520
Viviendas De Uso Turistico,Sin Categoria,"Nuñez De Arce, 8-1º B",Calle,De Núñez De Arce,8,,,,1,B,28012,Madrid,VT-4666
Viviendas De Uso Turistico,Sin Categoria,,Calle,Muelle,4,,4,1,2,A,28806,Alcalá De Henares,VT-14899
Viviendas De Uso Turistico,Sin Categoria,Monte Oliveti 11 Bajo,Calle,Del Monte Olivetti,11,,,,bajo,1,28038,Madrid,VT-15071
Viviendas De Uso Turistico,Sin Categoria,,Calle,De Matilde Landa,28,,C,,1,DCH V1,28029,Madrid,VT-14431
Viviendas De Uso Turistico,Sin Categoria,,Calle,De Matilde Landa,28,,C,,1,DCH V2,28029,Madrid,VT-14432
Viviendas De Uso Turistico,Sin Categoria,,Calle,De Matilde Landa,8,,,,BAJO,IZDA 1,28029,Madrid,VT-14769
Viviendas De Uso Turistico,Sin Categoria,,Avenida,Leopoldo Calvo Sotelo Bustelo,10,,,,3,2,28224,Pozuelo De Alarcón,VT-14795
Viviendas De Uso Turistico,Sin Categoria,,Calle,Del Caribe,4,,,1,Bajo,1,28027,Madrid,VT-13588
Viviendas De Uso Turistico,Sin Categoria,,Calle,De Miguel De Cervantes,36,,,,,A,28294,Robledo De Chavela,VT-14981
Apartamento Rural,Apartamento Rural,Casa Sur,Calle,De San Mateo,11,,,,,,28755,Madarcos,TR-495
Viviendas De Uso Turistico,Sin Categoria,,Calle,Camino Del Cerro De San Juan,S/N,,,,BAJO,,28695,Navas Del Rey,VT-15180
Viviendas De Uso Turistico,Sin Categoria,,Calle,Alamillo,1,,,,,,28696,Pelayos De La Presa,VT-14544
Viviendas De Uso Turistico,Sin Categoria,,Paseo,De La Florida,57,,,Ext.,1,D,28008,Madrid,VT-14810
Viviendas De Uso Turistico,Sin Categoria,,Calle,María Cristina,30,,,,BAJO,A,28200,San Lorenzo De El Escorial,VT-14847
Casa Rural,Casa Rural,Casa Rural Palacito De La Rubia,Calle,Morata,35,,,,,,28370,Chinchón,TR-375
Viviendas De Uso Turistico,Sin Categoria,,Calle,De Villajimena,18,,2,2,BAJO,L210,28032,Madrid,VT-14704
Hostal,1-hostal,Numa Luna,Calle,De La Palma,11,,,,1,,28004,Madrid,HM-3668
Viviendas De Uso Turistico,Sin Categoria,,Calle,De Las Eras,10,,,,,,28491,Navacerrada,VT-14832
Apart-turistico,1-apart-turistico,Estudios Mirasur,Calle,Leganes,35,,,,,,28982,Parla,AM-1476
Apart-turistico,3-apart-turistico,Libertad 24,Calle,Libertad,24,,24,,,,28010,Madrid,AM-1478
Viviendas De Uso Turistico,Sin Categoria,,Calle,Henares,1,,3,6,1,B,28816,Camarma De Esteruelas,VT-14993
Viviendas De Uso Turistico,Sin Categoria,,Calle,Henares,1,,5,9,1,B,28816,Camarma De Esteruelas,VT-14994
Viviendas De Uso Turistico,Sin Categoria,Sefardi Apartment,Calle,Mayor,82,,,1,2,1,28801,Alcalá De Henares,VT-14536
Viviendas De Uso Turistico,Sin Categoria,,Travesia,Cañada,10,,,1,BAJO,D,28850,Torrejón De Ardoz,VT-14579
Viviendas De Uso Turistico,Sin Categoria,,Avenida,De José Hierro,94B,,2,2,4,405,28521,Rivas-vaciamadrid,VT-14667
Viviendas De Uso Turistico,Sin Categoria,Casa De Las Brasas,Calle,Plaza De Las Parejas,5,,,,Bajo,D,28300,Aranjuez,VT-14779
Viviendas De Uso Turistico,Sin Categoria,,Calle,De José Antonio Zapata,8,,,,BAJO,5,28045,Madrid,VT-14478
Casa Huespedes,Casa Huespedes,Coliving Marques De Vadillo,Avenida,Emperatriz Isabel,4,,,,LOCAL,,28019,Madrid,HM-5110
Viviendas De Uso Turistico,Sin Categoria,,Calle,Fuerteventura,7,,1B,1,2,217,28703,San Sebastián De Los Reyes,VT-14865
Casa Huespedes,Casa Huespedes,Casa De Huéspedes,Calle,Virgen Del Sagrario,21,,,,0,DERECH,28027,Madrid,HM-5123
Apart-turistico,1-apart-turistico,Cameros Apartments,Calle,De Sierra De Cameros,14,,,,,,28053,Madrid,AM-1452
Viviendas De Uso Turistico,Sin Categoria,,Calle,De San Bernardo,87,,,,,,28015,Madrid,VT-14430
Hotel,3-hotel,Hotel Crisol Leganes,Calle,De Esteban Terradas,13,,,,,,28914,Leganés,HM-4317
Viviendas De Uso Turistico,Sin Categoria,,Calle,Vía Complutense,59,,,,7,A,28805,Alcalá De Henares,VT-14752
Viviendas De Uso Turistico,Sin Categoria,,Calle,De Carlos Solé,14,,,1,BAJO,LC2,28038,Madrid,VT-14903
Viviendas De Uso Turistico,Sin Categoria,,Calle,Fuerteventura,7,,,1,1,105,28703,San Sebastián De Los Reyes,VT-14917
Viviendas De Uso Turistico,Sin Categoria,,Calle,De Ofelia Nieto,21,,,Izqda,Bajo,LOCAL,28039,Madrid,VT-15009
Casa Rural,Casa Rural,La Placita De La Hoya,Travesia,Italia,1,,,,,,28297,Santa María De La Alameda,TR-490
Hosterias,Sin Categoria,Velvet Hostels,Calle,De Abtao,8,,,,,,28007,Madrid,HH-123
Viviendas De Uso Turistico,Sin Categoria,Salitre Minipalace,Calle,De Salitre,17,,,1,bajo,,28012,Madrid,VT-15280
Viviendas De Uso Turistico,Sin Categoria,,Calle,De Orense,63,,,1,bajo,A2,28020,Madrid,VT-14695
Viviendas De Uso Turistico,Sin Categoria,,Paseo,De Santa María De La Cabeza,21,,,,Bajo,1,28045,Madrid,VT-14713
Viviendas De Uso Turistico,Sin Categoria,,Calle,De Ave María,38,,,,BAJO,,28012,Madrid,VT-14776
Viviendas De Uso Turistico,Sin Categoria,,Calle,De La Libertad,17,,,,,,28320,Pinto,VT-14960
Apart-turistico,1-apart-turistico,Apartamentos Turisticos,Calle,De Bravo Murillo,248,,,,1,A,28034,Madrid,AM-1493
Viviendas De Uso Turistico,Sin Categoria,,Avenida,De San Luis,27,,1,1,PP,C,28033,Madrid,VT-14372
Casa Huespedes,Casa Huespedes,La Posada De La Magistral,Calle,Tercia,8,ENTERO,,,,,28801,Alcalá De Henares,HM-4858
Casa Huespedes,Casa Huespedes,Casa De Huéspedes,Calle,De Andrés Mellado,31,,,,-1,01 L14,28015,Madrid,HM-5064
Viviendas De Uso Turistico,Sin Categoria,,Pasaje,De Hoyuelo,2,,,,,1B,28007,Madrid,VT-14724
Viviendas De Uso Turistico,Sin Categoria,,Calle,De Lima,33,,,,BAJO,A,28945,Fuenlabrada,VT-14830
Hosterias,Sin Categoria,Family Hostel,Calle,Del Alfaro,4,,,,,,28320,Pinto,HH-78
Viviendas De Uso Turistico,Sin Categoria,,Calle,De Boldano,41,,,4,1,B,28027,Madrid,VT-14861
Viviendas De Uso Turistico,Sin Categoria,,Calle,Fuerteventura,7,,,1B,2,223,28703,San Sebastián De Los Reyes,VT-14918
Viviendas De Uso Turistico,Sin Categoria,,Calle,Méndez Núñez,36,,,,Bajo,A,28902,Getafe,VT-14570
Viviendas De Uso Turistico,Sin Categoria,,Calle,De Pico Balaitus,14,,,0,bajo,B,28002,Madrid,VT-14660
Viviendas De Uso Turistico,Sin Categoria,,Carretera,De M-623 (el Escorial),37,,,,BAJO,A,28490,Becerril De La Sierra,VT-14700
Viviendas De Uso Turistico,Sin Categoria,,Calle,De Garci-nuño,37,,,1,B,2,28029,Madrid,VT-14871
Viviendas De Uso Turistico,Sin Categoria,Carlos Sole 66,Calle,De Carlos Solé,66,,,,BAJO,2,28038,Madrid,VT-14944
Hotel-apart.,1-hotel-apart.,Bext Valdebebas,Calle,De Emma Penella,1,,,,,,28055,Madrid,HM-5159
Viviendas De Uso Turistico,Sin Categoria,,Calle,De Aldea Del Fresno,25,,,,BAJO,01 A,28045,Madrid,VT-14455
Casa Huespedes,Casa Huespedes,Casa De Huespedes Nagani,Calle,Fernandez De Los Rios,50,,local,,,,28015,Madrid,HM-5076
Pension,3-pension,Vega Multiservice,Avenida,De Nuestra Señora De Valvanera,93,,,,izq,,28025,Madrid,HM-5103
Apart-turistico,1-apart-turistico,Apartamentos Suite Florida,Calle,De Campezo,2,,,,,,28022,Madrid,AM-265
Apart-turistico,1-apart-turistico,Suite Aeropuerto,Calle,De Campezo,8,,,,,,28022,Madrid,AM-259
Viviendas De Uso Turistico,Sin Categoria,,Calle,De Hilarión Eslava,60,,,,BAJO,DCHA 2,28015,Madrid,VT-14821
Viviendas De Uso Turistico,Sin Categoria,,Calle,De Fernando El Católico,6,,,,Bajo,11,28015,Madrid,VT-14884
Viviendas De Uso Turistico,Sin Categoria,,Calle,De Los Artistas,39,,,1,4,1,28020,Madrid,VT-15221
Viviendas De Uso Turistico,Sin Categoria,,Calle,De La Condesa Vega Del Pozo,11,,,0,Local,LOCAL,28042,Madrid,VT-15093
Viviendas De Uso Turistico,Sin Categoria,,Calle,De Montejurra,36,,,,Bajo,L-30,28017,Madrid,VT-14647
Viviendas De Uso Turistico,Sin Categoria,,Calle,De Antonio Vicent,22,,,-,1,-,28019,Madrid,VT-14962
Apart-turistico,1-apart-turistico,Caterina Madrid Río,Calle,De Alejandro Dumas,20,,,,,,28005,Madrid,AM-1498
Pension,1-pension,Plaza Dort Rooms 1,Plaza,Del Ángel,13,,,,1,,28012,Madrid,HM-4136
Pension,1-pension,Plaza Dort Rooms 2,Plaza,Del Ángel,13,,,,2,,28012,Madrid,HM-4820
Pension,1-pension,Plaza Dort Rooms 4,Plaza,Del Ángel,13,,,,4,,28012,Madrid,HM-4822
Viviendas De Uso Turistico,Sin Categoria,,Calle,De La Primavera,94,,,,,202,28430,Alpedrete,VT-14388
Viviendas De Uso Turistico,Sin Categoria,,Calle,De La Ribera De Curtidores,2,,,1,Bajo,IZQ,28005,Madrid,VT-15065
Pension,1-pension,Rivera,Paseo,De Santa María De La Cabeza,2,,,,1,,28045,Madrid,HM-2107
Apart-turistico,1-apart-turistico,Arturo Soria Stays By Charming,Calle,De Asura,43,,,,,,28043,Madrid,AM-1491
Viviendas De Uso Turistico,Sin Categoria,,Calle,De José,16,,,1,BAJO,DR,28029,Madrid,VT-15098
Viviendas De Uso Turistico,Sin Categoria,,Calle,De San Isidro Labrador,8,,,,BAJO,IZQ,28005,Madrid,VT-14587
Viviendas De Uso Turistico,Sin Categoria,,Calle,Borrico Parra,5,,,0,0,0,28411,Moralzarzal,VT-14637
Viviendas De Uso Turistico,Sin Categoria,,Calle,Antonio Suárez,10,A,,,,1,28802,Alcalá De Henares,VT-14751
Viviendas De Uso Turistico,Sin Categoria,,Calle,Las Erillas,14,,,-,-,-,28812,Pezuela De Las Torres,VT-14814
Viviendas De Uso Turistico,Sin Categoria,,Calle,Del Autogiro,37,,,,Bajo,A,28042,Madrid,VT-7910
Apart-turistico,1-apart-turistico,Rokay Properties,Calle,De Justa García,12,,,,BAJO,,28026,Madrid,AM-1504
Viviendas De Uso Turistico,Sin Categoria,,Calle,Ue-3,5,,,,,,28190,Puebla De La Sierra,VT-14452
Viviendas De Uso Turistico,Sin Categoria,,Calle,El Peñón,6,,,A,1,B,28440,Guadarrama,VT-14739
Viviendas De Uso Turistico,Sin Categoria,,Calle,De Rafael López Pando,5,,,0,0,4,28011,Madrid,VT-14753
Viviendas De Uso Turistico,Sin Categoria,,Plaza,Del Postiguillo,7,,,,,,28410,Manzanares El Real,VT-14749
Viviendas De Uso Turistico,Sin Categoria,Eugenio Salazar 52 Local 10,Calle,De Eugenio Salazar,52,,,,Bajo,10,28002,Madrid,VT-14563
Viviendas De Uso Turistico,Sin Categoria,,Calle,De Pedro Tezano,26,,,,Bajo,B,28039,Madrid,VT-14688
Viviendas De Uso Turistico,Sin Categoria,,Calle,De Juan Navarro,30,,,,Bajo,1,28053,Madrid,VT-14932
Viviendas De Uso Turistico,Sin Categoria,,Calle,De Agustín De Rojas,7,,,,Bajo,4,28002,Madrid,VT-15118
Viviendas De Uso Turistico,Sin Categoria,,Calle,Henares,1,,8,B,1,B,28861,Camarma De Esteruelas,VT-14985
Viviendas De Uso Turistico,Sin Categoria,,Calle,De Agustín De Rojas,7,,,,Bajo,5,28002,Madrid,VT-15119
Viviendas De Uso Turistico,Sin Categoria,,Calle,De San Hermenegildo,4,,,,Bajo,C,28015,Madrid,VT-15243
Viviendas De Uso Turistico,Sin Categoria,,Calle,De Los Artistas,39,,,1,4,2,28020,Madrid,VT-15220
Viviendas De Uso Turistico,Sin Categoria,,Avenida,De José Hierro,94b,,2,,3,301,28521,Rivas-vaciamadrid,VT-14604
Viviendas De Uso Turistico,Sin Categoria,,Calle,De Jaime Vera,9,,,,Bajo,L-40,28011,Madrid,VT-13658
Casa Rural,Casa Rural,De Rafael Suites De Madera,Calle,Peñalara,16,,,,,,28729,Venturada,TR-479
Viviendas De Uso Turistico,Sin Categoria,,Calle,De Fernando Giráldez,43,,,,Bajo,A,28038,Madrid,VT-14885
Viviendas De Uso Turistico,Sin Categoria,,Calle,De Salvador Martínez Lozano,8,,,1,Bajo,3,28053,Madrid,VT-15004
Casa Huespedes,Casa Huespedes,Casa De Huespedes Calle Ocaña 185,Calle,De Ocaña,185,,,,BAJO,2 Y 3,28047,Madrid,HM-5137
Viviendas De Uso Turistico,Sin Categoria,,Calle,De Agustín Y Antonia,15,,,0,3,26,28703,San Sebastián De Los Reyes,VT-14594
Viviendas De Uso Turistico,Sin Categoria,,Calle,De Valdecanillas,43,,,,BAJO,11B,28037,Madrid,VT-14797
Apart-turistico,1-apart-turistico,Hernan Cortes 12,Calle,Hernan Cortes,12,,,,,,28004,Madrid,AM-1473
Viviendas De Uso Turistico,Sin Categoria,,Calle,De Caravaca,13,,,,BAJO,IZQ,28012,Madrid,VT-15025
Casa Huespedes,Casa Huespedes,Casa De Huéspedes,Calle,De Carlos Aurioles,36,,,,BAJO,A,28018,Madrid,HM-5162
Viviendas De Uso Turistico,Sin Categoria,,Calle,Alameda Cuarta,6,,,,,,28440,Guadarrama,VT-15127
Viviendas De Uso Turistico,Sin Categoria,,Calle,De Baleares,16,,,LOCAL,0,3ºB- A,28019,Madrid,VT-14560
Viviendas De Uso Turistico,Sin Categoria,,Calle,De La Barranca,1,,,,,,28450,Collado Mediano,VT-14488
Viviendas De Uso Turistico,Sin Categoria,,Avenida,Juan Carlos I,32,,2,,2,2,28864,Ajalvir,VT-14909
Viviendas De Uso Turistico,Sin Categoria,,Calle,Antonio Suárez,10,,A,,BAJO,25,28805,Alcalá De Henares,VT-14791
Viviendas De Uso Turistico,Sin Categoria,,Calle,Antonio Suárez,10,,A,,BAJO,26,28805,Alcalá De Henares,VT-14792
Viviendas De Uso Turistico,Sin Categoria,,Calle,Del Conde Duque,14,,,2,Local,A,28015,Madrid,VT-14940
Viviendas De Uso Turistico,Sin Categoria,,Calle,Del Conde Duque,14,,,2,LOCAL,B,28015,Madrid,VT-14941
Viviendas De Uso Turistico,Sin Categoria,,Avenida,Chaparral,11B,,,0,0,A,28701,San Sebastián De Los Reyes,VT-14937
Viviendas De Uso Turistico,Sin Categoria,,Avenida,Chaparral,11B,,,0,0,B,28701,San Sebastián De Los Reyes,VT-14938
Casa Huespedes,Casa Huespedes,Dobo | V93,Camino,De Valderribas,93,,,,LOCAL,,28038,Madrid,HM-5128
Viviendas De Uso Turistico,Sin Categoria,,Calle,De San Telesforo,11,,,,Bajo,IZQ,28003,Madrid,VT-14646
Viviendas De Uso Turistico,Sin Categoria,,Calle,De La Laguna Del Marquesado,5,,,2,BAJO,37,28021,Madrid,VT-14768
Pension,1-pension,Pension 1 Estrella,Calle,Quimica,13,,,,BAJO-L,B,28850,Madrid,HM-5116
Viviendas De Uso Turistico,Sin Categoria,,Calle,De Rodas,3,,,,LOCAL,,28005,Madrid,VT-13692
Apart-turistico,1-apart-turistico,Meta Armenteros,Calle,De Armenteros,24/26,,,,,,28039,Madrid,AM-1512
Hosterias,Sin Categoria,Adventure Hostel Madrid,Calle,Del Pez,1,,,,,,28004,Madrid,HH-126
Viviendas De Uso Turistico,Sin Categoria,,Calle,De La Condesa Vega Del Pozo,9,,,izquie,bajo,LOCAL,28032,Madrid,VT-15389
Viviendas De Uso Turistico,Sin Categoria,,Calle,Cervantes,6,,,0,2,A,28801,Alcalá De Henares,VT-15142
Viviendas De Uso Turistico,Sin Categoria,,Calle,Cervantes,6,,,0,1,D,28801,Alcalá De Henares,VT-15143
Viviendas De Uso Turistico,Sin Categoria,,Calle,Cervantes,6,,,0,1,C,28801,Alcalá De Henares,VT-15144
Viviendas De Uso Turistico,Sin Categoria,,Calle,Brihuega,7,,,,2,B,28801,Alcalá De Henares,VT-14685
Pension,1-pension,Calle Mayor 19,Calle,Mayor,19,,,,,,28012,Madrid,HM-5098
Viviendas De Uso Turistico,Sin Categoria,,Calle,De Andrés Borrego,17,,,1,BAJO,1,28007,Madrid,VT-15074
Casa Huespedes,Casa Huespedes,Casa De Huéspedes,Plaza,De Ribadeo,5,,,,1,L4,28029,Madrid,HM-5154
Viviendas De Uso Turistico,Sin Categoria,Alojamiento Rural Ambite,Calle,Mayor,15,,,,,,28580,Ambite,VT-15146
Hotel,2-hotel,Byb Madrid Vallecas Ensanche,Calle,Del Cerro Del Murmullo,17,,,,,,28051,Madrid,HM-5170
Viviendas De Uso Turistico,Sin Categoria,,Calle,Tercia,3,,,Unico,Bajo,A,28801,Alcalá De Henares,VT-15138
Viviendas De Uso Turistico,Sin Categoria,,Calle,De Tutor,24,,,-,BAJO,C1,28008,Madrid,VT-14576
Viviendas De Uso Turistico,Sin Categoria,,Calle,De Los Hermanos Gómez,28,,,,Bajo,B,28017,Madrid,VT-14628
Viviendas De Uso Turistico,Sin Categoria,,Calle,De Oña,25,,,1,Bajo,2,28050,Madrid,VT-14624
Viviendas De Uso Turistico,Sin Categoria,,Calle,De Orense,63,,,1,bajo,A1,28020,Madrid,VT-14694
Viviendas De Uso Turistico,Sin Categoria,,Calle,De Achuri,9,,,,Bajo,DCHA,28017,Madrid,VT-14722
Viviendas De Uso Turistico,Sin Categoria,,Calle,Del Viento,11,,,,,,28560,Carabaña,VT-14355
Apart-turistico,1-apart-turistico,Luis Cabrera 37,Calle,De Luis Cabrera,37,,,,,,28002,Madrid,AM-200
Viviendas De Uso Turistico,Sin Categoria,,Avenida,De José Hierro,94B,,2,,4,415,28521,Rivas-vaciamadrid,VT-14657
Viviendas De Uso Turistico,Sin Categoria,,Calle,Francia,37,,,1,bajo,4,28943,Fuenlabrada,VT-14780
Casa Huespedes,Casa Huespedes,Dobo | M8,Calle,De Molins De Rey,8,,,,,,28034,Madrid,HM-5129
Viviendas De Uso Turistico,Sin Categoria,,Calle,Don Juan I,12,,,,Bajo,B,28807,Alcalá De Henares,VT-15002
Hotel,4-hotel,Radisson Red Madrid,Calle,De Atocha,123,,,,,,28012,Madrid,HM-5135
Viviendas De Uso Turistico,Sin Categoria,,Calle,De Andrés Tamayo,23,,,,BAJO,1,28028,Madrid,VT-14552
Casa Rural,Casa Rural,La Senda Del Cancho,Calle,Hornillo,13,,,,,,28751,"Cabrera, La",TR-474
Apart-turistico,1-apart-turistico,Limehome Juan Hurtado De Mendoza 3,Calle,Juan Hurtado De Mendoza,3,,,,,,28046,Madrid,AM-1466
Viviendas De Uso Turistico,Sin Categoria,"Huertas, 12 4º C",Calle,De Las Huertas,12,,,,4,C,,Madrid,VT-6190
Apart-turistico,1-apart-turistico,San Enrique 20,Calle,De San Enrique,20,,,,,,28010,Madrid,AM-1517
Viviendas De Uso Turistico,Sin Categoria,,Calle,Cervantes,6,,,0,2,B,28801,Alcalá De Henares,VT-15139
Viviendas De Uso Turistico,Sin Categoria,,Calle,Cervantes,6,,,0,1,A,28801,Alcalá De Henares,VT-15141
Viviendas De Uso Turistico,Sin Categoria,,Calle,De Eduardo Sanz,19,,,,1,,28053,Madrid,VT-10186
Viviendas De Uso Turistico,Sin Categoria,,Calle,De Sierra De Alcubierre,9,,,,2,,28053,Madrid,VT-8625
Hostal,3-hostal,Hostal,Calle,Marqués De Santa Ana,12,,,,,,28004,Madrid,HM-5105
Hosterias,Sin Categoria,Hostel,Calle,Juanelo,15,,,,0,2 Y 3,28012,Madrid,HH-111
Viviendas De Uso Turistico,Sin Categoria,,Calle,De Lima,33,,,,BAJO,B,28945,Fuenlabrada,VT-14831
Viviendas De Uso Turistico,Sin Categoria,,Avenida,Rosa Regás,12,,,3,1,B,28927,Getafe,VT-14706
Viviendas De Uso Turistico,Sin Categoria,,Avenida,Del Cerro Del Águila,11,,,1,1,224,28703,San Sebastián De Los Reyes,VT-14838
Apartamento Rural,Apartamento Rural,Alameda,Avenida,La Alameda,15,,,,,,28296,Santa María De La Alameda,TR-486
Apart-turistico,1-apart-turistico,Residencial Aurora,Calle,Del Arroyo Opañel,16,,,,,,28019,Madrid,AM-1511
Viviendas De Uso Turistico,Sin Categoria,,Calle,Cañada De La Carrera,86,,,,,,28223,Pozuelo De Alarcón,VT-15161
Viviendas De Uso Turistico,Sin Categoria,,Calle,De La Centenera,22,,,0,0,A,28017,Madrid,VT-14582
Viviendas De Uso Turistico,Sin Categoria,,Calle,Cruz De Guadalajara,25,,,,2,A,28805,Alcalá De Henares,VT-14712
Hostal,3-hostal,Hostal,Calle,Las Matas,13,,,,,,28039,Madrid,HM-5108
Viviendas De Uso Turistico,Sin Categoria,,Calle,De Raquel Méller,3,,,,Bajo,,28027,Madrid,VT-14906
Viviendas De Uso Turistico,Sin Categoria,,Calle,Cánovas Del Castillo,8,,,,1,DERECH,28807,Alcalá De Henares,VT-14347
Viviendas De Uso Turistico,Sin Categoria,,Calle,Cervantes,1,,,,1,,28801,Alcalá De Henares,VT-14402
Hostal,3-hostal,Woohoo Rooms Boutique Luna,Calle,De Silva,18,,,,1,,28004,Madrid,HM-5066
Viviendas De Uso Turistico,Sin Categoria,,Calle,De La Cañada,9,,,,B,,28413,"Boalo, El",VT-15201
Casa Huespedes,Casa Huespedes,Casa De Huespedes Cinco Torres,Calle,De Matilde Landa,28,,,,0,,28029,Madrid,HM-5005
Viviendas De Uso Turistico,Sin Categoria,,Calle,Pío Baroja,3,,,,1,E,28500,Arganda Del Rey,VT-14519
Viviendas De Uso Turistico,Sin Categoria,,Paseo,Europa,30,,3,,2,207,28703,San Sebastián De Los Reyes,VT-14784
Viviendas De Uso Turistico,Sin Categoria,,Calle,Goleta,22,,,0,0,12,28680,San Martín De Valdeiglesias,VT-15130
Casa Huespedes,Casa Huespedes,Isabel Guest House,Calle,Pan Y Toros,7,,,,,LOCAL,28041,Madrid,HM-5088
Casa Rural,Casa Rural,Casa Rural La Tejera De Becerril,Calle,Olmo,9,,,,,,28490,Becerril De La Sierra,TR-477
Viviendas De Uso Turistico,Sin Categoria,,Calle,De Rodas,6,,,,BAJO,B,28005,Madrid,VT-14922
Viviendas De Uso Turistico,Sin Categoria,,Calle,De Istúriz,8,,,,Bajo,3,28020,Madrid,VT-15334
Viviendas De Uso Turistico,Sin Categoria,,Calle,Encinarejo,72,,,,,,28720,Bustarviejo,VT-15189
Viviendas De Uso Turistico,Sin Categoria,,Calle,De Sambara,48,,,,BAJO,IZQ,28027,Madrid,VT-15351
Casa Huespedes,Casa Huespedes,Sahagun 14-16,Calle,De Sahagún,14,,,,BAJO,B,28925,Alcorcón,HM-5077
Viviendas De Uso Turistico,Sin Categoria,,Calle,De Las Navas,3,,,,BAJO,N3-1,28003,Madrid,VT-14553
Viviendas De Uso Turistico,Sin Categoria,,Calle,De Alcalá De Guadaira,30,,,,BAJO,IZQ,28018,Madrid,VT-14891
Viviendas De Uso Turistico,Sin Categoria,,Calle,De Rufino Blanco,16,,,.,BJ,L-10,28028,Madrid,VT-14609
Hostal,1-hostal,Hostal Inter Plaza Mayor,Calle,De Zaragoza,6,,,,3,,28012,Madrid,HM-3020
Viviendas De Uso Turistico,Sin Categoria,,Calle,Nebrija,1,,,,1,B2,28801,Alcalá De Henares,VT-13649
Viviendas De Uso Turistico,Sin Categoria,,Calle,De Agustín De Rojas,5,,,,Bajo,9,28002,Madrid,VT-15113
Viviendas De Uso Turistico,Sin Categoria,,Calle,De Agustín De Rojas,7,,,,Bajo,1,28002,Madrid,VT-15115
Viviendas De Uso Turistico,Sin Categoria,,Calle,Peña Rubia,8,,,0,0,0,28720,Bustarviejo,VT-15155
Viviendas De Uso Turistico,Sin Categoria,,Calle,De Lucano,75,,,,Bajo,A1,28022,Madrid,VT-14054
Hosterias,Sin Categoria,Hostel Oasis,Calle,Mineros,3,,,,,,28025,Madrid,HH-107
Viviendas De Uso Turistico,Sin Categoria,,Calle,Melilla,1,,,4,Bajo,9B,28850,Torrejón De Ardoz,VT-14805
Hosterias,Sin Categoria,Hostel Space Capsule,Calle,Del Olvido,8,,,,,,28026,Madrid,HH-116
Viviendas De Uso Turistico,Sin Categoria,Chalet Pareado Con Jardin,Calle,Portillo De La Mina,26,,,,,,28411,Moralzarzal,VT-14997
Viviendas De Uso Turistico,Sin Categoria,,Calle,De La Victoria,4,,,1,1,A,28701,San Sebastián De Los Reyes,VT-14975
Viviendas De Uso Turistico,Sin Categoria,"Pirra, 44, Ptal -, 4, Esc. -, Pta. 3",Calle,De Pirra,44,,B,,4,3,28022,Madrid,VT-2361
Viviendas De Uso Turistico,Sin Categoria,,Plaza,Puerta De Madrid,1,,,,Bajo,1,28802,Alcalá De Henares,VT-14729
Viviendas De Uso Turistico,Sin Categoria,,Calle,De Pedro Yagüe,3,,,,BAJO,A,28019,Madrid,VT-14730
Viviendas De Uso Turistico,Sin Categoria,,Calle,Primavera,94,,,,1,204,28439,Alpedrete,VT-14735
Viviendas De Uso Turistico,Sin Categoria,,Calle,De La Laguna Del Marquesado,3,,,1,4,2,28021,Madrid,VT-14766
Viviendas De Uso Turistico,Sin Categoria,,Calle,De La Laguna Del Marquesado,3,,,1,1,12,28021,Madrid,VT-14767
Viviendas De Uso Turistico,Sin Categoria,,Calle,De Carretas,23,,,1,2,B,28012,Madrid,VT-15172
Hotel-apart.,1-hotel-apart.,Hotel Apartamento 1 *,Calle,De La Perdiguera,1,,,,,,28108,Alcobendas,HM-5074
Viviendas De Uso Turistico,Sin Categoria,,Calle,Del Néctar,45,,,,BAJO,2A,28022,Madrid,VT-14547
Viviendas De Uso Turistico,Sin Categoria,,Calle,De La Fe,13,,,,BAJO,3,28012,Madrid,VT-14798
Casa Huespedes,Casa Huespedes,Casa De Huespedes Nagadi Madrid Rio,Calle,Santa Saturnina,3,,LOCAL,,0,,28019,Madrid,HM-5119
Viviendas De Uso Turistico,Sin Categoria,,Calle,Gil De Andrade,7,,,,Bajo,IZQ,28804,Alcalá De Henares,VT-14925
Viviendas De Uso Turistico,Sin Categoria,,Avenida,De España,33,,,N/A,Bajo,N/A,28710,"Molar, El",VT-14969
Viviendas De Uso Turistico,Sin Categoria,,Calle,De Salitre,26,,,1,BAJO,DCHA,28012,Madrid,VT-15030
Viviendas De Uso Turistico,Sin Categoria,,Calle,De Zurita,41,,,1,SS,3,28012,Madrid,VT-15031
Viviendas De Uso Turistico,Sin Categoria,,Plaza,Del Encuentro,1,,,B,LOCAL,B,28030,Madrid,VT-14854
Casa Rural,Casa Rural,Villa Valmores,Calle,Del Suso,8,,,,,,28515,Olmeda De Las Fuentes,TR-262
Casa Rural,Casa Rural,Casa Serenna,Calle,Alcalde Fernando  Martín,11,,,,,,28990,Torrejón De Velasco,TR-298
Viviendas De Uso Turistico,Sin Categoria,,Calle,De Agustín De Rojas,7,,,,Bajo,8,28002,Madrid,VT-15121
Viviendas De Uso Turistico,Sin Categoria,,Calle,De Agustín De Rojas,7,,,,Bajo,9,28002,Madrid,VT-15122
Viviendas De Uso Turistico,Sin Categoria,,Calle,Treinta Y Tres,4B,,K,,2,A,28292,"Escorial, El",VT-14434
Viviendas De Uso Turistico,Sin Categoria,,Calle,Diecisiete,22,,,,,,28280,"Escorial, El",VT-14435
Viviendas De Uso Turistico,Sin Categoria,,Avenida,De Mataespesa,4,,,,,,28430,Alpedrete,VT-14436
Viviendas De Uso Turistico,Sin Categoria,,Calle,De Agustín Y Antonia,15,,,0,3,30,28703,San Sebastián De Los Reyes,VT-14590
Viviendas De Uso Turistico,Sin Categoria,,Calle,Del General Zabala,19,,,,BAJO,A,28002,Madrid,VT-14702
Viviendas De Uso Turistico,Sin Categoria,,Calle,Escobedos,7,,,0,1,D,28807,Alcalá De Henares,VT-14701
Viviendas De Uso Turistico,Sin Categoria,,Calle,Cánovas Del Castillo,5,,,,Bajo,3BB,28807,Alcalá De Henares,VT-14812
Viviendas De Uso Turistico,Sin Categoria,,Calle,Hormigo,20,,,,BAJO,B,28901,Getafe,VT-14819
Viviendas De Uso Turistico,Sin Categoria,Molino De La Horcajada,Calle,Camino Del Molino De La Horcajada,S/N,,,,,,,Canencia,VT-95
Viviendas De Uso Turistico,Sin Categoria,,Camino,De La Ronda,25,,,,,,28160,Talamanca De Jarama,VT-15039
Viviendas De Uso Turistico,Sin Categoria,,Calle,De Pedro Tezano,26,,,,Bajo,C,28039,Madrid,VT-14689
Viviendas De Uso Turistico,Sin Categoria,,Calle,De Astorga,18,,,L-10,0,L-10,28017,Madrid,VT-14738
Viviendas De Uso Turistico,Sin Categoria,,Calle,Del Remolino,15,,,,,,28710,"Molar, El",VT-14815
Viviendas De Uso Turistico,Sin Categoria,,Calle,Garci-nuño,37,,,1,B,2B,28029,Madrid,VT-14877
Viviendas De Uso Turistico,Sin Categoria,,Paseo,De Los Curas,12,,12,1,1,A,28806,Alcalá De Henares,VT-14898
Apart-turistico,1-apart-turistico,Alojamientos Santa Rosa,Calle,Algodonales,2,,,,,,28039,Madrid,AM-1484
Viviendas De Uso Turistico,Sin Categoria,,Calle,Del Cardenal Solís,10,,,,BJ,1-5,28045,Madrid,VT-14382
Viviendas De Uso Turistico,Sin Categoria,,Calle,Del Cardenal Solís,10,,,,BJ,1-4,28045,Madrid,VT-14381
Viviendas De Uso Turistico,Sin Categoria,,Calle,Del Cardenal Solís,10,,,,BJ,1-2,28045,Madrid,VT-14379
Viviendas De Uso Turistico,Sin Categoria,,Calle,Parque Vosa,36,,,,2,C,28933,Móstoles,VT-14393
Viviendas De Uso Turistico,Sin Categoria,,Calle,De Mariano Vela,2,,,1,1,B,28026,Madrid,VT-14556
Hosterias,Sin Categoria,Art Seven Hostel,Calle,Del Conde De Romanones,7,,,,,,28012,Madrid,HH-60
Viviendas De Uso Turistico,Sin Categoria,,Calle,De Delicias,23,,,,Bajo,DCHA,28045,Madrid,VT-14754
Viviendas De Uso Turistico,Sin Categoria,,Calle,Puerto De Canencia,997B,,,,Bajo,,28729,Venturada,VT-14750
Viviendas De Uso Turistico,Sin Categoria,,Calle,Jaime I El Conquistador,22,,,1,4,D,28982,Parla,VT-14889
Viviendas De Uso Turistico,Sin Categoria,,Calle,Del Ciprés,10,,,,,,28039,Robledo De Chavela,VT-14905
Viviendas De Uso Turistico,Sin Categoria,,Calle,De Leopoldo Gimeno,12,,,1,BAJO,B1,28703,San Sebastián De Los Reyes,VT-15007
Viviendas De Uso Turistico,Sin Categoria,,Calle,De Leopoldo Gimeno,12,,,1,BAJO,B4,28703,San Sebastián De Los Reyes,VT-15008
Viviendas De Uso Turistico,Sin Categoria,,Calle,De La Galería De Robles,5,,,,BAJA,CENTRO,28004,Madrid,VT-14559
Viviendas De Uso Turistico,Sin Categoria,,Calle,De Valdelasierra,2,,G,,Bajo,L-10,28005,Madrid,VT-14500
Viviendas De Uso Turistico,Sin Categoria,,Calle,De San Mateo,18,,,,,LOCAL,28004,Madrid,VT-14395
Hotel,1-hotel,Hotel Mayerling,Calle,Del Conde De Romanones,6,,,,,,28012,Madrid,HM-4709
Viviendas De Uso Turistico,Sin Categoria,,Calle,Fuerteventura,7,,1B,1,2,218,28703,San Sebastián De Los Reyes,VT-14866
Viviendas De Uso Turistico,Sin Categoria,,Calle,Escuelas,7,,,0,1,B,28806,Alcalá De Henares,VT-14950
Viviendas De Uso Turistico,Sin Categoria,,Calle,De Jaén,16,,,,Bajo,DCHA,28020,Madrid,VT-15011
Viviendas De Uso Turistico,Sin Categoria,,Calle,De Leopoldo Gimeno,12,,,1,BAJO,B3,28703,San Sebastián De Los Reyes,VT-15006
Viviendas De Uso Turistico,Sin Categoria,,Calle,De Orense,69,,,,10,1012,28020,Madrid,VT-10541
Viviendas De Uso Turistico,Sin Categoria,,Calle,Estrellas,6,,,,1,2,28350,Ciempozuelos,VT-14348
Viviendas De Uso Turistico,Sin Categoria,,Calle,De Alberto Bosch,14,,,,BAJO,EXT,28014,Madrid,VT-14502
Viviendas De Uso Turistico,Sin Categoria,,Calle,Del Carmen,4,,,A,1,A,28931,Móstoles,VT-14567
Viviendas De Uso Turistico,Sin Categoria,,Calle,De Alcalá,202,,,,1,A,28024,Madrid,VT-14621
Viviendas De Uso Turistico,Sin Categoria,,Carretera,Mejorada,1,,,,2,1,28830,San Fernando De Henares,VT-14682
Viviendas De Uso Turistico,Sin Categoria,,Calle,De Valdecanillas,43,,,,BAJO,11A,28037,Madrid,VT-14796
Viviendas De Uso Turistico,Sin Categoria,,Avenida,Del Cerro Del Águila,11,,,1,1,251,28703,San Sebastián De Los Reyes,VT-14959
Viviendas De Uso Turistico,Sin Categoria,,Calle,Jesús Y María,24,,,,Bajo,IZQ,28012,Madrid,VT-15187
Viviendas De Uso Turistico,Sin Categoria,,Calle,Margarita Xirgú,3,,,,BAJO,5-3,28703,San Sebastián De Los Reyes,VT-14533
Viviendas De Uso Turistico,Sin Categoria,,Avenida,Puente Cultural,8,,,A,1,3,28702,San Sebastián De Los Reyes,VT-14534
Viviendas De Uso Turistico,Sin Categoria,,Calle,De San Félix,8,,,,BAJO,,28045,Madrid,VT-14692
Viviendas De Uso Turistico,Sin Categoria,,Avenida,Del Llano Castellano,7,,,,0,2,28034,Madrid,VT-13578
Viviendas De Uso Turistico,Sin Categoria,,Avenida,De La Costa De Madrid,253,,7,1,2,272,28680,San Martín De Valdeiglesias,VT-14880
Viviendas De Uso Turistico,Sin Categoria,,Calle,Río Genil,1,,,,Bajo,1,28913,Leganés,VT-14933
Viviendas De Uso Turistico,Sin Categoria,,Calle,Río Tajo,16,,,,Bajo,3,28913,Leganés,VT-14934
Hotel,3-hotel,Hotel Sercotel Las Artes Pinto,Paseo,De Las Artes,15,,,,,,28320,Pinto,HM-4555
Viviendas De Uso Turistico,Sin Categoria,,Calle,De Nuestra Señora De Guadalupe,6,,,-,LOCAL,DRCH D,28028,Madrid,VT-15126
Viviendas De Uso Turistico,Sin Categoria,,Calle,Miño,13,,,-,-,-,28250,Torrelodones,VT-15087
Viviendas De Uso Turistico,Sin Categoria,,Calle,Noria,13,,,0,1B,1,28807,Alcalá De Henares,VT-15089
Viviendas De Uso Turistico,Sin Categoria,,Calle,Impresor Brocar,12,,,,,,28807,Alcalá De Henares,VT-14349
Viviendas De Uso Turistico,Sin Categoria,,Calle,Estrellas,6,,,,bajo,2,28350,Ciempozuelos,VT-14351
Viviendas De Uso Turistico,Sin Categoria,,Calle,Estrellas,6,,,,1,1,28350,Ciempozuelos,VT-14352
Viviendas De Uso Turistico,Sin Categoria,,Calle,Lérida,10,,,,,,28945,Fuenlabrada,VT-14353
Viviendas De Uso Turistico,Sin Categoria,,Calle,De Manuel Cortina,3,,,,BAJO,DERECH,28010,Madrid,VT-14610
Viviendas De Uso Turistico,Sin Categoria,,Calle,Del Carmen,4,,,,1,B,28931,Móstoles,VT-14568
Viviendas De Uso Turistico,Sin Categoria,,Calle,Mayor,74,,,,2,A,28801,Alcalá De Henares,VT-14686
Viviendas De Uso Turistico,Sin Categoria,,Calle,Don Juan I,16,,,,BAJO,A,28807,Alcalá De Henares,VT-14683
Viviendas De Uso Turistico,Sin Categoria,,Calle,Reyes Católicos,14,,,,1,Q,28816,Camarma De Esteruelas,VT-14721
Viviendas De Uso Turistico,Sin Categoria,,Paseo,Europa,30,,3,,2,206,28703,San Sebastián De Los Reyes,VT-14783
Viviendas De Uso Turistico,Sin Categoria,,Calle,De Las Cruces,16,,,0,0,0,28979,Serranillos Del Valle,VT-15036
Viviendas De Uso Turistico,Sin Categoria,,Calle,De Istúriz,8,,,0,Bajo,1,28020,Madrid,VT-15332
Viviendas De Uso Turistico,Sin Categoria,,Calle,De Istúriz,8,,,,Bajo,2,28020,Madrid,VT-15333
Viviendas De Uso Turistico,Sin Categoria,,Calle,Pablo Sorozábal,1,,,-,-1,B,28290,"Rozas De Madrid, Las",VT-15233
Viviendas De Uso Turistico,Sin Categoria,,Avenida,De José Hierro,94B,,,6,6,638,28521,Rivas-vaciamadrid,VT-15092
Viviendas De Uso Turistico,Sin Categoria,,Calle,De Mataró,28,,,0,0,18,28034,Madrid,VT-15150
Viviendas De Uso Turistico,Sin Categoria,,Calle,Del Pico De Los Artilleros,13,,,Local,Local,DCHA,28030,Madrid,VT-15044
Casa Rural,Casa Rural,Alojamiento Rural El Petirrojo,Calle,Colmenar,19,,,,,,28412,"Boalo, El",TR-471
Casa Huespedes,Casa Huespedes,Lerida 35,Calle,Lérida,35,,,,0,1,28020,Madrid,HM-5085
Viviendas De Uso Turistico,Sin Categoria,,Calle,De Mirasierra,14,,,0,bajo,A,28941,Fuenlabrada,VT-14644
Viviendas De Uso Turistico,Sin Categoria,,Calle,Fuerteventura,7,,1B,1,2,216,28703,San Sebastián De Los Reyes,VT-14868
Apart-turistico,2-apart-turistico,Matute 11 Suites,Plaza,De Matute,11,,,,,,28012,Madrid,AM-273
Viviendas De Uso Turistico,Sin Categoria,,Calle,De Salitre,9,,,1,BAJO,IZQ,28012,Madrid,VT-15029
Hostal,2-hostal,Hostal El Gaitero,Calle,Carcavillas,3,,,,,,28939,Arroyomolinos,HM-5145
Hosterias,Sin Categoria,Palafox 23 Hostel,Calle,De Palafox,23,,,,LOCAL,L-10,28010,Madrid,HH-40
Hosterias,Sin Categoria,Metropolitano Cc,Calle,De Jaén,26,,,,,,28020,Madrid,HH-46
Viviendas De Uso Turistico,Sin Categoria,,Calle,Del Cardenal Mendoza,48,,,,BAJO,IZQ,28011,Madrid,VT-8970
Viviendas De Uso Turistico,Sin Categoria,,Avenida,De José Hierro,94B,,,5,5,534,28521,Rivas-vaciamadrid,VT-15091
Viviendas De Uso Turistico,Sin Categoria,,Calle,De Aguetol,7,,,,BAJO,A,28042,Madrid,VT-14486
Viviendas De Uso Turistico,Sin Categoria,,Paseo,De Yeserías,49,,A,,bajo,L-15,28005,Madrid,VT-14499
Viviendas De Uso Turistico,Sin Categoria,,Calle,De Abada,2,,,,1,6,28013,Madrid,VT-14827
Viviendas De Uso Turistico,Sin Categoria,,Calle,De Gutierre De Cetina,44,,,,Bajo,5,28017,Madrid,VT-14809
Viviendas De Uso Turistico,Sin Categoria,,Calle,De Los Cedros,74,,,1,Bajo,6,28029,Madrid,VT-14677
Viviendas De Uso Turistico,Sin Categoria,,Avenida,De La Costa De Madrid,5,,1,1,2,213,28680,San Martín De Valdeiglesias,VT-14855
Apart-turistico,1-apart-turistico,Apartamentos Turisticos,Avenida,Monte Igueldo,87,,,,,,28053,Madrid,AM-1479
Viviendas De Uso Turistico,Sin Categoria,,Calle,Del Pinzón,21,,1,1,bajo,1,28025,Madrid,VT-14897
Viviendas De Uso Turistico,Sin Categoria,,Calle,Del Toro,4,,,,,,28749,Rascafría,VT-15169
Viviendas De Uso Turistico,Sin Categoria,,Calle,Del Cerro Del Águila,7,,,B,Bajo,8,28700,San Sebastián De Los Reyes,VT-14625
Viviendas De Uso Turistico,Sin Categoria,,Calle,De Ponciano,7,,,,Bajo,2A,28015,Madrid,VT-14632
Viviendas De Uso Turistico,Sin Categoria,,Calle,De San Félix,6,,,,BAJO,,28045,Madrid,VT-14691
Viviendas De Uso Turistico,Sin Categoria,,Calle,De Matilde Landa,8,,,,BAJO,IZDA 2,28029,Madrid,VT-14760
Viviendas De Uso Turistico,Sin Categoria,,Calle,De Las Poderosas,32,,,,Bajo,C,28042,Madrid,VT-14799
Casa Rural,Casa Rural,Casa Ramona,Calle,Caracas,7,,,,,,28680,San Martín De Valdeiglesias,TR-481
Viviendas De Uso Turistico,Sin Categoria,,Calle,Fuerteventura,7,,1B,1,2,215,28703,San Sebastián De Los Reyes,VT-14867
Viviendas De Uso Turistico,Sin Categoria,,Avenida,Leopoldo Calvo Sotelo Bustelo,10,,,,3,4,28224,Pozuelo De Alarcón,VT-14879
Viviendas De Uso Turistico,Sin Categoria,,Calle,De Murcia,20,,,,Bajo,7-3,28045,Madrid,VT-14968
Viviendas De Uso Turistico,Sin Categoria,,Avenida,De La Costa De Madrid,251,,2,,1,521,28680,San Martín De Valdeiglesias,VT-14979
Casa Huespedes,Casa Huespedes,Casa De Huéspedes,Calle,Del Manzanares,26,,,,0,01,28005,Madrid,HM-5125
Viviendas De Uso Turistico,Sin Categoria,,Calle,Rufino Sánchez,65,,,,,,28290,"Rozas De Madrid, Las",VT-14736
Viviendas De Uso Turistico,Sin Categoria,,Calle,Calderón De La Barca,16,,,,,,28296,Santa María De La Alameda,VT-14448
Viviendas De Uso Turistico,Sin Categoria,,Carretera,M-533 (zarzalejo),"1,600",,,,,,,"Escorial, El",VT-14528
Viviendas De Uso Turistico,Sin Categoria,,Avenida,Del Dos De Mayo,24,,,,1,A,,Móstoles,VT-14698
Viviendas De Uso Turistico,Sin Categoria,,Calle,De Los Cedros,74,,,1,Bajo,3,28029,Madrid,VT-14674
Viviendas De Uso Turistico,Sin Categoria,,Calle,De Los Cedros,74,,,1,Bajo,1,28029,Madrid,VT-14672
Viviendas De Uso Turistico,Sin Categoria,,Calle,Hormigo,20,,,,BAJO,A,28901,Getafe,VT-14818
Viviendas De Uso Turistico,Sin Categoria,,Urbanizacion,Parque Los Nogales,8,,,0,6,D,28805,Alcalá De Henares,VT-14936
Hotel,2-hotel,Byb Madrid Boadilla,Calle,Carpinteros,13,,,,,,28660,Boadilla Del Monte,HM-5146
Viviendas De Uso Turistico,Sin Categoria,,Calle,Del Cardenal Herrera Oria,241,,,1,0,05,28035,Madrid,VT-14634
Apart-turistico,1-apart-turistico,World Wide Residence,Calle,Jose Castan Tobeñas,1,,,,,,28020,Madrid,AM-1471
Viviendas De Uso Turistico,Sin Categoria,,Calle,De La Casona,1,,,,,,28740,Rascafría,VT-14816
Viviendas De Uso Turistico,Sin Categoria,"Caddieproperties, S.L.",Avenida,Del Brasil,17,,,,10,B,28020,Madrid,VT-15183
Viviendas De Uso Turistico,Sin Categoria,,Avenida,Sierra De Gredos,13,,,NA,NA,N/A,28691,Villanueva De La Cañada,VT-15077
Viviendas De Uso Turistico,Sin Categoria,,Avenida,De José Hierro,94B,,,4,4,408,28521,Rivas-vaciamadrid,VT-15090
Viviendas De Uso Turistico,Sin Categoria,,Calle,De Hans Sevilla,4,,,,Bajo,1,28803,Alcalá De Henares,VT-14636
Viviendas De Uso Turistico,Sin Categoria,Tabernillas 13,Calle,De Tabernillas,13,,,,2,IZQ,28005,Madrid,VT-1833
Viviendas De Uso Turistico,Sin Categoria,,Calle,Diseminado,35,,,,,,28729,Valdemanco,VT-15053
Casa Rural,Casa Rural,Las Tejas,Calle,De Los Huertos,15,,,,,,28391,Valdelaguna,TR-491
Casa Rural,Casa Rural,Las Brisas - Navacerrada,Calle,Doctor Julio González Villasante,18-D,,,D,Bajo,1,28491,Navacerrada,TR-476
Apart-turistico,1-apart-turistico,Edificio De Apartamentos Turisticos,Calle,Puerto Alto,45,,,,,,28053,Madrid,AM-1472
Viviendas De Uso Turistico,Sin Categoria,,Calle,De San Javier,2,,,1,2,23,28710,"Molar, El",VT-14836
Viviendas De Uso Turistico,Sin Categoria,,Calle,De Almansa,43,,,,BAJO,IZQ,28039,Madrid,VT-14881
Viviendas De Uso Turistico,Sin Categoria,,Paseo,De La Dirección,27,,,,Bajo,IZQ,28039,Madrid,VT-15005
Viviendas De Uso Turistico,Sin Categoria,,Calle,Henares,1,,2,11,1,A,28816,Camarma De Esteruelas,VT-14992
Viviendas De Uso Turistico,Sin Categoria,,Calle,Hermanos Del Cristo,14,,,,Bajo,2,28701,San Sebastián De Los Reyes,VT-14794
Viviendas De Uso Turistico,Sin Categoria,,Calle,De Gerardo Rueda,8,,,,Bajo,A,28038,Madrid,VT-14886
Hotel-apart.,4-hotel-apart.,Princesa De Eboli,Calle,De Pablo Picasso,10,,,,,,28320,Pinto,HM-4593
Viviendas De Uso Turistico,Sin Categoria,Calle Floridablanca Nº 44 Piso Primero,Calle,Calle Floridablanca,44,,,,1,,28200,San Lorenzo De El Escorial,VT-14444
Viviendas De Uso Turistico,Sin Categoria,,Calle,De La Fe,6,,,,Bajo,C,28012,Madrid,VT-14410
Viviendas De Uso Turistico,Sin Categoria,,Calle,De Ponciano,7,,,,Bajo,2B,28015,Madrid,VT-14428
Viviendas De Uso Turistico,Sin Categoria,"Calle Luis De Astrana Marín, 8, Bajo Derecha Exterior",Calle,Luis Astrana Marín,8,,,,Bajo,D,28807,Alcalá De Henares,VT-14757
Viviendas De Uso Turistico,Sin Categoria,,Calle,Fuerteventura,7,,1A,1,Bajo,107,28703,San Sebastián De Los Reyes,VT-14863
Viviendas De Uso Turistico,Sin Categoria,,Calle,Henares,1,,2,11,1,B,28816,Camarma De Esteruelas,VT-14971
Viviendas De Uso Turistico,Sin Categoria,,Calle,Henares,1,,2,10,BAJO,A,28816,Camarma De Esteruelas,VT-14972
Hotel-apart.,1-hotel-apart.,Oceany 2,Calle,Navarra,24,,a,,,,28020,Madrid,HM-5113
Viviendas De Uso Turistico,Sin Categoria,,Travesia,De La Hispanidad,268,,,1,Bajo,1,28680,San Martín De Valdeiglesias,VT-14870
Viviendas De Uso Turistico,Sin Categoria,,Urbanizacion,De La Costa De Madrid,252,,,1,3,16,28680,San Martín De Valdeiglesias,VT-14914
Viviendas De Uso Turistico,Sin Categoria,,Calle,De Juan Tornero,39,,,D,Bajo,1,28011,Madrid,VT-15354
Hosterias,Sin Categoria,Myd Latina 2,Calle,De La Ribera De Curtidores,37,,,,bajo,5,28005,Madrid,HH-99
Viviendas De Uso Turistico,Sin Categoria,,Calle,Portilla,18,,,,2,B,28801,Alcalá De Henares,VT-14466
Viviendas De Uso Turistico,Sin Categoria,,Calle,Del Presbítero Blanco,6,,,,,42G,28491,Navacerrada,VT-14538
Viviendas De Uso Turistico,Sin Categoria,,Avenida,De La Costa De Madrid,252,,6,0,2,263,28680,San Martín De Valdeiglesias,VT-14895
Viviendas De Uso Turistico,Sin Categoria,,Paseo,De Los Curas,10,,,1,1,G,28806,Alcalá De Henares,VT-14907
Viviendas De Uso Turistico,Sin Categoria,,Calle,Del Olivar,29,,,1,BAJO,B,28012,Madrid,VT-15028
Viviendas De Uso Turistico,Sin Categoria,,Calle,De Agustín De Rojas,5,,,,Bajo,4,28002,Madrid,VT-15108
Pension,1-pension,Maruja En Cascorro,Plaza,De Cascorro,14,,,,,,28005,Madrid,HM-5144
Viviendas De Uso Turistico,Sin Categoria,,Paseo,Del Pino Centinela,5,,,,BAJO,0,28669,Boadilla Del Monte,VT-15162
Viviendas De Uso Turistico,Sin Categoria,,Calle,Enmedio,24,,,0,2,A,28850,Torrejón De Ardoz,VT-15051
Viviendas De Uso Turistico,Sin Categoria,,Calle,De Ramón Luján,99,,,1,1,I,28026,Madrid,VT-14557
Viviendas De Uso Turistico,Sin Categoria,,Calle,De Agustín Y Antonia,15,,,0,3,29,28703,San Sebastián De Los Reyes,VT-14591
Viviendas De Uso Turistico,Sin Categoria,,Calle,De Agustín Y Antonia,15,,,0,3,27,28703,San Sebastián De Los Reyes,VT-14593
Casa Huespedes,Casa Huespedes,Casa De Huéspedes,Calle,Ventura Rodriguez,4,,,,1,ABC,28008,Madrid,HM-5094
Viviendas De Uso Turistico,Sin Categoria,,Avenida,De José Hierro,94B,,2,,5,508,28521,Rivas-vaciamadrid,VT-14774
Viviendas De Uso Turistico,Sin Categoria,,Calle,De Los Abetos,2A,,,0,0,0,28450,Collado Mediano,VT-14875
Viviendas De Uso Turistico,Sin Categoria,,Avenida,Del Cerro Del Águila,2,,5,,5,15,28703,San Sebastián De Los Reyes,VT-14453
Viviendas De Uso Turistico,Sin Categoria,,Calle,De Agustín De Rojas,7,,,,Bajo,6,28002,Madrid,VT-15120
Viviendas De Uso Turistico,Sin Categoria,,Calle,De Agustín De Rojas,7,,,,Bajo,7,28002,Madrid,VT-14986
Viviendas De Uso Turistico,Sin Categoria,,Calle,Don Juan I,12,,,,Bajo,A,28807,Alcalá De Henares,VT-15001
Apart-turistico,2-apart-turistico,Apartamento,Calle,De Catalina Suárez,3,,,,,,28007,Madrid,AM-1497
Apart-turistico,1-apart-turistico,Ha Retiro Suites,Calle,De Pío Baroja,6,,,,,,28009,Madrid,AM-1502
Viviendas De Uso Turistico,Sin Categoria,,Avenida,De La Plaza De Toros,13,,,,1,K,28701,San Sebastián De Los Reyes,VT-14514
Viviendas De Uso Turistico,Sin Categoria,,Extrarradio,Finca El Montecillo,2,,,,1,,28450,Collado Mediano,VT-14887
Viviendas De Uso Turistico,Sin Categoria,,Paseo,Europa,30,,,3,1,117,28703,San Sebastián De Los Reyes,VT-14888
Viviendas De Uso Turistico,Sin Categoria,,Calle,Españoleto,1,,,6,1,A1,28982,Parla,VT-15012
Viviendas De Uso Turistico,Sin Categoria,,Plaza,De Los Reyes Magos,13,,,,Bajo,IZQ,28007,Madrid,VT-14184
Viviendas De Uso Turistico,Sin Categoria,,Calle,Españoleto,1,,,7,1,A2,28982,Parla,VT-14982
Viviendas De Uso Turistico,Sin Categoria,,Calle,Españoleto,1,,,7,1,A5,28980,Parla,VT-15013
Viviendas De Uso Turistico,Sin Categoria,,Avenida,Francisco De Goya,19,,,,,,28864,Ajalvir,VT-15019
Viviendas De Uso Turistico,Sin Categoria,,Calle,De Agustín De Rojas,7,,,,Bajo,2,28002,Madrid,VT-15116
Viviendas De Uso Turistico,Sin Categoria,,Calle,De Agustín De Rojas,7,,,,Bajo,3,28002,Madrid,VT-15117
Viviendas De Uso Turistico,Sin Categoria,,Calle,Don Juan I,12,,,,Bajo,C,28807,Alcalá De Henares,VT-15003
Viviendas De Uso Turistico,Sin Categoria,,Calle,De Alverja,5,,,1,0,4B,28011,Madrid,VT-14551
Viviendas De Uso Turistico,Sin Categoria,,Calle,San Félix De Alcalá,20,,,1,BAJO,A,28807,Alcalá De Henares,VT-14874
Viviendas De Uso Turistico,Sin Categoria,,Calle,De Agustín De Rojas,5,,,,Bajo,1,28002,Madrid,VT-15105
Viviendas De Uso Turistico,Sin Categoria,,Calle,De Virgen De La Paz,16,,,.,BAJO,L 10 C,28027,Madrid,VT-15080
Viviendas De Uso Turistico,Sin Categoria,Apartamento Turístico Arroyo Fontarron 45,Calle,Del Arroyo Fontarrón,45,,,,BAJO,1A,28030,Madrid,VT-14542
Hotel-apart.,1-hotel-apart.,Hotel Jc Madrid City Center,Calle,De San Agustín,7,,,,,,28014,Madrid,HM-5157
Viviendas De Uso Turistico,Sin Categoria,,Camino,De Manjirón,2,,,,,,28752,Lozoyuela-navas-sieteiglesias,VT-14543
Viviendas De Uso Turistico,Sin Categoria,,Calle,De Manresa,90,,,1,0,D,28034,Madrid,VT-14574
Viviendas De Uso Turistico,Sin Categoria,,Calle,De José Antonio De Armona,4,,,1,LOCAL,IZQUIE,28012,Madrid,VT-14664
Viviendas De Uso Turistico,Sin Categoria,,Calle,De Jaén,11,,,,BAJO,IZQ,28020,Madrid,VT-14890
Viviendas De Uso Turistico,Sin Categoria,,Calle,Henares,1,,2,1,2,A,28816,Camarma De Esteruelas,VT-14916
Viviendas De Uso Turistico,Sin Categoria,,Calle,Del Mediodía Chica,9,,,,BAJO,IZQ A,28005,Madrid,VT-9776
Viviendas De Uso Turistico,Sin Categoria,,Avenida,Del Galeón,80,,1,0,2,214,28680,San Martín De Valdeiglesias,VT-15156
Viviendas De Uso Turistico,Sin Categoria,,Calle,Del Pez,9,,,,,,28743,Garganta De Los Montes,VT-15171
Pension,1-pension,Casa Kurantu,Calle,Iglesia,5,,,,,,28296,Santa María De La Alameda,HM-4541
Viviendas De Uso Turistico,Sin Categoria,,Carretera,De Andalucía,68,,,2,2,A,28300,Aranjuez,VT-14573
Hotel-apart.,1-hotel-apart.,"Fliv Alcobendas, S.L.",Avenida,De La Industria,7,,,,,,28108,Alcobendas,HM-5120
Hostal,1-hostal,Fortinn Puerta Del Sol,Plaza,De La Puerta Del Sol,14,,,,4,,28013,Madrid,HM-390
Apartamento Rural,Apartamento Rural,El Rincón De La Hiruela,Calle,Reserva De La Biosfera,8,,,,,,28191,"Hiruela, La",TR-484
Viviendas De Uso Turistico,Sin Categoria,,Calle,De Las Rosas,9,,,,,,28219,"Escorial, El",VT-15010
Casa Rural,Casa Rural,Casa Rural Los Tres Enebros,Calle,De Los Siete Picos,13,,,,,,28412,"Boalo, El",TR-488
Hotel-apart.,1-hotel-apart.,Apartahotel Cobeña,Carretera,De Alcalá-torrelaguna,15,,,,,,28863,Cobeña,HM-4532
Viviendas De Uso Turistico,Sin Categoria,,Calle,Cruz De Guadalajara,18,,,,Bajo,,28805,Alcalá De Henares,VT-14707
Hotel,5-hotel,El Autor Hotel Madrid,Calle,Zorrilla,19,,,,,,28014,Madrid,HM-5096
Viviendas De Uso Turistico,Sin Categoria,,Calle,De Gaztambide,20,,,,BAJO,5,28015,Madrid,VT-14741
Viviendas De Uso Turistico,Sin Categoria,,Calle,Floridablanca,44,,,,2,,28200,San Lorenzo De El Escorial,VT-14744
Viviendas De Uso Turistico,Sin Categoria,,Calle,Henares,1,9,4,,1,A,28816,Camarma De Esteruelas,VT-14806
Viviendas De Uso Turistico,Sin Categoria,,Calle,Cruz De Guadalajara,8,,,,1,C,28805,Alcalá De Henares,VT-14801
Viviendas De Uso Turistico,Sin Categoria,,Calle,De Iriarte,8,,,1,1,E1,28028,Madrid,VT-14802
Viviendas De Uso Turistico,Sin Categoria,,Calle,De José Sánchez Pescador,12,,,.,0,L-10,28007,Madrid,VT-14904
Viviendas De Uso Turistico,Sin Categoria,,Calle,De Pedro Muñoz Seca,8,,,,bajo,1,28294,Robledo De Chavela,VT-14926
Viviendas De Uso Turistico,Sin Categoria,,Calle,De Murcia,20,,,,Bajo,7-1,28045,Madrid,VT-14966
Viviendas De Uso Turistico,Sin Categoria,,Calle,La Cañada,36,,,,BAJO,D,28922,Alcorcón,VT-14371
Viviendas De Uso Turistico,Sin Categoria,,Calle,De Los Cabestreros,11,,,,0,L2BIS,28012,Madrid,VT-14401
Viviendas De Uso Turistico,Sin Categoria,,Calle,De San Gumersindo,20,,,1,0,1,28017,Madrid,VT-14737
Viviendas De Uso Turistico,Sin Categoria,,Calle,De Los Mesejo,17,,,,Bajo,2,28007,Madrid,VT-14949
Viviendas De Uso Turistico,Sin Categoria,,Calle,De Fray Luis De León,10,,,,BAJO,DCHA,28012,Madrid,VT-15027
Viviendas De Uso Turistico,Sin Categoria,,Avenida,De José Hierro,94B,,4,1,5,537,,Rivas-vaciamadrid,VT-15040
Viviendas De Uso Turistico,Sin Categoria,,Calle,V Centenario,10,,-,-,-,10,28708,San Sebastián De Los Reyes,VT-15157
Viviendas De Uso Turistico,Sin Categoria,,Calle,Magallanes,8A,,,,,,28330,San Martín De La Vega,VT-14696
Viviendas De Uso Turistico,Sin Categoria,,Calle,Santiago,13,,,0,0,0,28793,Miraflores De La Sierra,VT-14656
Viviendas De Uso Turistico,Sin Categoria,,Plaza,Cervantes,26,,,,3,,28801,Alcalá De Henares,VT-14670
Viviendas De Uso Turistico,Sin Categoria,,Calle,Ferrocarril,4,,,,BAJO,B,28620,Aldea Del Fresno,VT-14811
Hotel Rural,1-hoja De Roble,Recuenco,Calle,Real,12,,,,,,28190,Montejo De La Sierra,TR-485
Viviendas De Uso Turistico,Sin Categoria,,Calle,Del Autogiro,40,,,,Bajo,,28042,Madrid,VT-15022
Viviendas De Uso Turistico,Sin Categoria,,Plaza,Santiago De Compostela,3,,,,BAJO,7-2,28703,San Sebastián De Los Reyes,VT-14531
Viviendas De Uso Turistico,Sin Categoria,,Calle,De Salitre,23,,,N/A,BAJO,L-20,28012,Madrid,VT-15272
Viviendas De Uso Turistico,Sin Categoria,,Calle,De Troya,4,,,,Bajo,2,28022,Madrid,VT-14633
Viviendas De Uso Turistico,Sin Categoria,,Avenida,Del Cerro Del Águila,11,,,,Bajo,4,28703,San Sebastián De Los Reyes,VT-14740
Viviendas De Uso Turistico,Sin Categoria,,Calle,De Ascao,35,,,,BAJO,2,28017,Madrid,VT-14756
Viviendas De Uso Turistico,Sin Categoria,,Calle,Miño,1,,2,6,1,C,28816,Camarma De Esteruelas,VT-14782
Viviendas De Uso Turistico,Sin Categoria,,Calle,De Hilarión Eslava,60,,,,BAJO,DCHA 1,28020,Madrid,VT-14820
Viviendas De Uso Turistico,Sin Categoria,,Calle,Fuerteventura,7,,2A,,2,217,28703,San Sebastián De Los Reyes,VT-14913
Viviendas De Uso Turistico,Sin Categoria,,Avenida,De Valladolid,35,,,0,0,4,28008,Madrid,VT-14911
Viviendas De Uso Turistico,Sin Categoria,,Calle,Fuerteventura,7,,1B,,1,103,28703,San Sebastián De Los Reyes,VT-14786
Viviendas De Uso Turistico,Sin Categoria,,Calle,De Juan Esplandiu,7,,,,BAJO,6-1,28007,Madrid,VT-14763
Viviendas De Uso Turistico,Sin Categoria,,Calle,Fuerteventura,7,,1A,0,1,103,28703,San Sebastián De Los Reyes,VT-14775
Viviendas De Uso Turistico,Sin Categoria,,Plaza,Del Encuentro,1,,,B,LOCAL,C,28030,Madrid,VT-14853
Viviendas De Uso Turistico,Sin Categoria,Apartamento Turistico,Calle,De Belfast,13,,3,,2,B,28022,Madrid,VT-15102
Viviendas De Uso Turistico,Sin Categoria,,Paseo,De Pastrana,2B,,,,1,A,28806,Alcalá De Henares,VT-15132
Viviendas De Uso Turistico,Sin Categoria,,Calle,Lepanto,34,,,1,1,1,28210,Valdemorillo,VT-15235
Viviendas De Uso Turistico,Sin Categoria,,Calle,De Matilde Landa,28,,H,,,,28029,Madrid,VT-14030
Viviendas De Uso Turistico,Sin Categoria,,Calle,De José Antonio Zapata,8,,,,BAJO,1,28045,Madrid,VT-14474
Viviendas De Uso Turistico,Sin Categoria,,Calle,De José Antonio Zapata,8,,,,BAJO,2,28045,Madrid,VT-14475
Viviendas De Uso Turistico,Sin Categoria,,Calle,De José Antonio Zapata,8,,,,BAJO,4,28045,Madrid,VT-14477
Viviendas De Uso Turistico,Sin Categoria,,Calle,De Abada,2,,,,1,2,28013,Madrid,VT-14823
Viviendas De Uso Turistico,Sin Categoria,,Calle,De Los Linos,39,,,,,,28450,Collado Mediano,VT-14840
Viviendas De Uso Turistico,Sin Categoria,,Travesia,Cañada,1,,,,Bajo,21,28850,Torrejón De Ardoz,VT-14931
Viviendas De Uso Turistico,Sin Categoria,,Calle,Enmedio,24,,,0,3,A,28850,Torrejón De Ardoz,VT-15052
Viviendas De Uso Turistico,Sin Categoria,,Calle,Pamplona,5,,,0,Bajo,7,28850,Torrejón De Ardoz,VT-14614
Viviendas De Uso Turistico,Sin Categoria,,Calle,Pamplona,5,,,0,Bajo,8,28850,Torrejón De Ardoz,VT-14615
Viviendas De Uso Turistico,Sin Categoria,,Calle,Mayor,9,,,,2,D,28801,Alcalá De Henares,VT-14620
Apart-turistico,1-apart-turistico,Apartamentos Turisticos Vizcaya 11,Calle,Vizcaya,11,,,,0,2,28045,Madrid,AM-1465
Casa Huespedes,Casa Huespedes,Puerto Del Monasterio 21,Calle,Puerto Del Monasterio,21,,,,,3,28053,Madrid,HM-5099
Apart-turistico,1-apart-turistico,La Prensa Rl,Calle,Rodriguez Lazaro,15,,,,,,28025,Madrid,AM-1474
Viviendas De Uso Turistico,Sin Categoria,,Calle,De Los Cedros,74,,,,BAJO,1-2,28029,Madrid,VT-14673
Viviendas De Uso Turistico,Sin Categoria,,Calle,De Las Rosas,14,,,0,0,0,28219,"Escorial, El",VT-14989
Viviendas De Uso Turistico,Sin Categoria,,Calle,Del Autogiro,42,,,,Bajo,DCHA,28042,Madrid,VT-15023
Viviendas De Uso Turistico,Sin Categoria,,Calle,De Villaescusa,8,,8,,Bajo,4BIS,28017,Madrid,VT-15038
Viviendas De Uso Turistico,Sin Categoria,,Calle,De La Cuesta,34,,,,,,28710,"Molar, El",VT-14569
Pension,2-pension,Calle Montera 15,Calle,De La Montera,15,,,,3,,28013,Madrid,HM-1471
Viviendas De Uso Turistico,Sin Categoria,,Calle,De Lira,1,,,D,1,A1,28007,Madrid,VT-14845
Viviendas De Uso Turistico,Sin Categoria,,Avenida,Del Galeón,80,,E,1,4,16,28680,San Martín De Valdeiglesias,VT-14976
Viviendas De Uso Turistico,Sin Categoria,,Calle,De Agustín De Rojas,5,,,,Bajo,6,28002,Madrid,VT-15110
Apart-turistico,1-apart-turistico,Apartamentos Turisticos,Avenida,Del Monte Igueldo,87,,,,,,28053,Madrid,AM-1490
Viviendas De Uso Turistico,Sin Categoria,,Calle,De Orense,69,,,1,5,516,28020,Madrid,VT-15082
Viviendas De Uso Turistico,Sin Categoria,,Plaza,Del Pueblo,8,,,1,1,1,28770,Colmenar Viejo,VT-14626
Viviendas De Uso Turistico,Sin Categoria,,Calle,Fuerteventura,7,,1A,1,Bajo,108,28703,San Sebastián De Los Reyes,VT-14864
Viviendas De Uso Turistico,Sin Categoria,,Calle,Vía Lusitana,72,,,,Bajo,6,28025,Madrid,VT-14856
Apart-turistico,1-apart-turistico,Huertas 3,Calle,Huertas,3,,,,,,28807,Alcalá De Henares,AM-1483
Viviendas De Uso Turistico,Sin Categoria,,Calle,De Camarena,168,,,ss,bajo,B,28047,Madrid,VT-15017
Hotel,3-hotel,Hotel Las Provincias,Calle,De Zaragoza,4,,,,,,28941,Fuenlabrada,HM-4357
Hostal,3-hostal,Villa De Pinto,Calle,Del Barco,10,ENTERO,,,,,28320,Pinto,HM-4408
Pension,2-pension,Pensión De 2 Estrellas,Calle,Del Doctor Santero,5,,,,0,A,28039,Madrid,HM-5161
Viviendas De Uso Turistico,Sin Categoria,,Avenida,De La Concordia,7,,,,,,28440,Guadarrama,VT-15190
Viviendas De Uso Turistico,Sin Categoria,,Calle,De Ceuta,24,,,,BAJO,24-1,28003,Madrid,VT-14598
Viviendas De Uso Turistico,Sin Categoria,,Calle,Nueva,7,,,,Bajo,B,28801,Alcalá De Henares,VT-14748
Viviendas De Uso Turistico,Sin Categoria,,Calle,Del Gobernador,20,,,,BAJO,L-10,28014,Madrid,VT-14807
Viviendas De Uso Turistico,Sin Categoria,,Calle,De La Galería De Robles,5,,,EXTERI,LOCAL,DERECH,28004,Madrid,VT-14813
Viviendas De Uso Turistico,Sin Categoria,,Calle,De Agustín De Rojas,7,,,,Bajo,10,28002,Madrid,VT-15123
Viviendas De Uso Turistico,Sin Categoria,,Calle,De Agustín De Rojas,7,,,,Bajo,11,28002,Madrid,VT-15124
Hotel-apart.,1-hotel-apart.,Bext Valdebebas,Camino,De Montoro,22,,,,,,28055,Madrid,HM-5158
Viviendas De Uso Turistico,Sin Categoria,"Coloreros, 4",Calle,De Coloreros,4,,,,1,,28013,Madrid,VT-5949
Viviendas De Uso Turistico,Sin Categoria,,Carretera,De Mejorada,1,,,,1,5,28830,San Fernando De Henares,VT-14681
Viviendas De Uso Turistico,Sin Categoria,,Calle,Fuerteventura,7,,,2B,1,109,28703,San Sebastián De Los Reyes,VT-14781
Viviendas De Uso Turistico,Sin Categoria,,Calle,Fuerteventura,7,,1C,0,0,007,28703,San Sebastián De Los Reyes,VT-14952
Viviendas De Uso Turistico,Sin Categoria,,Calle,De Salvador Dalí,25,,,,,,28490,Becerril De La Sierra,VT-14358
Casa Huespedes,Casa Huespedes,Olmedo,Calle,De La Victoria,8,,,,4,,28012,Madrid,HM-4673
Viviendas De Uso Turistico,Sin Categoria,,Calle,Del Néctar,45,,,,BAJA,2B,28022,Madrid,VT-14548
Viviendas De Uso Turistico,Sin Categoria,,Calle,De Pilar De Zaragoza,61,,,,BAJO,LOC. 2,28028,Madrid,VT-14639
Viviendas De Uso Turistico,Sin Categoria,,Calle,De Matilde Landa,8,,,,BAJO,IZDA 3,28029,Madrid,VT-14770
Viviendas De Uso Turistico,Sin Categoria,,Calle,De Matilde Landa,8,,,,BAJO,IZDA 4,28029,Madrid,VT-14771
Viviendas De Uso Turistico,Sin Categoria,,Calle,De La Iglesia,5,,,,,1,28280,"Escorial, El",VT-14817
Viviendas De Uso Turistico,Sin Categoria,,Calle,Los Llanos,24,,,No,Bajo,NO,28410,Manzanares El Real,VT-15094
Viviendas De Uso Turistico,Sin Categoria,,Calle,De Campezo,14,,2,2,2,22,28022,Madrid,VT-15068
Viviendas De Uso Turistico,Sin Categoria,,Paseo,De Extremadura,169,,,,BAJO,A,28011,Madrid,VT-14662
Apart-turistico,1-apart-turistico,La Prensa E,Calle,Epoca,7B,,,,,,28025,Madrid,AM-1475
Hosterias,Sin Categoria,Hostel,Plaza,De Mariana Pineda,5,,,1,0,1,28038,Madrid,HH-113
Viviendas De Uso Turistico,Sin Categoria,,Calle,Fernando Utande Martínez,15,,,00,0,0,28743,Garganta De Los Montes,VT-15244
Apartamento Rural,Apartamento Rural,Reguera 44,Calle,Reguera,44,,,,,,28194,Berzosa Del Lozoya,TR-287
Viviendas De Uso Turistico,Sin Categoria,,Calle,Pinabetes,184,,,0,0,0,28680,San Martín De Valdeiglesias,VT-15218
Viviendas De Uso Turistico,Sin Categoria,,Calle,Elbarre,9,,,,,,28390,Belmonte De Tajo,VT-15114
Viviendas De Uso Turistico,Sin Categoria,,Calle,De Jacometrezo,15,,,,1,N,28013,Madrid,VT-14359
Viviendas De Uso Turistico,Sin Categoria,,Calle,Camino Real,4,,,,,S,28440,Guadarrama,VT-14413
Viviendas De Uso Turistico,Sin Categoria,,Urbanizacion,De La Costa De Madrid,252,,2,1,3,246,28680,San Martín De Valdeiglesias,VT-14527
Viviendas De Uso Turistico,Sin Categoria,,Avenida,Montes De Oca,22,,8,0,2,D,28703,San Sebastián De Los Reyes,VT-14731
Pension,2-pension,Gravina,Calle,De Gravina,4,,,,3,DCHA,28004,Madrid,HM-2725
Pension,2-pension,Carretas,Calle,De Carretas,21,,,,3,,28012,Madrid,HM-3676
Hotel,2-hotel,"Wei Alicante, S.L.",Calle,Del Aguacate,43,,,,,,28044,Madrid,HM-5084
Viviendas De Uso Turistico,Sin Categoria,,Calle,Del Barco,27,,,1,0,LOCAL,28004,Madrid,VT-14611
Casa Rural,Casa Rural,Casa Rural La Morateña,Calle,De Los Panaderos,17,,,,,,28530,Morata De Tajuña,TR-291
Viviendas De Uso Turistico,Sin Categoria,,Calle,De Ramón De Santillán,14,,,,BAJO,B,28016,Madrid,VT-14374
Viviendas De Uso Turistico,Sin Categoria,,Calle,De Ramón De Santillán,14,,,,BAJO,C,28016,Madrid,VT-14375
Viviendas De Uso Turistico,Sin Categoria,,Calle,De La Isla De La Palma,37,,,,1,13,28703,San Sebastián De Los Reyes,VT-14454
Viviendas De Uso Turistico,Sin Categoria,,Calle,De José Antonio Zapata,10,,,,BAJO,1,28045,Madrid,VT-14472
Viviendas De Uso Turistico,Sin Categoria,,Calle,De José Antonio Zapata,10,,,,BAJO,3,28045,Madrid,VT-14473
Viviendas De Uso Turistico,Sin Categoria,,Calle,De Matilde Landa,9,,,,Bajo,1IZ,28029,Madrid,VT-13814
Viviendas De Uso Turistico,Sin Categoria,,Avenida,De Portugal,141,,,,Bajo,A,28011,Madrid,VT-14709
Hotel,4-hotel,Hotel Innside By Melia Madrid Valdebebas,Calle,De José Antonio Fernández Ordóñez,55,,,,,,28055,Madrid,HM-5082
Viviendas De Uso Turistico,Sin Categoria,,Calle,De San Vicente Ferrer,43,,,,local,1,28004,Madrid,VT-14892
Viviendas De Uso Turistico,Sin Categoria,,Calle,Henares,1,,2,9,BAJO,B,28816,Camarma De Esteruelas,VT-14973
Viviendas De Uso Turistico,Sin Categoria,,Calle,Henares,1,,6,2,1,D,28816,Camarma De Esteruelas,VT-14955
Hotel,1-hotel,Easyhotel Madrid Alcalá,Calle,De Miguel Fleta,4,,,,,,28037,Madrid,HM-5151
Hostal,2-hostal,Colectia Gran Via,Calle,Gran Via,15,,,,4,C Y D,28013,Madrid,HM-1195
Viviendas De Uso Turistico,Sin Categoria,,Calle,Miguel Ángel,11,,,1,2,A,28932,Móstoles,VT-14896
Viviendas De Uso Turistico,Sin Categoria,,Calle,Fuerteventura,7,,2B,0,1,122,28703,San Sebastián De Los Reyes,VT-14929
Viviendas De Uso Turistico,Sin Categoria,,Calle,Del Jazmín,53,,,,BAJO,01,28033,Madrid,VT-14930
Viviendas De Uso Turistico,Sin Categoria,,Avenida,De La Concordia,3,,,,,,28440,Guadarrama,VT-15095
Viviendas De Uso Turistico,Sin Categoria,,Calle,Espliego,9,,,,,,28250,Torrelodones,VT-15196
Viviendas De Uso Turistico,Sin Categoria,,Calle,Del Mesón De Paños,4,,,0,BAJO,1,28013,Madrid,VT-15198
Viviendas De Uso Turistico,Sin Categoria,,Avenida,Del Galeón,80,1,3,Dcha.,3,135,28680,San Martín De Valdeiglesias,VT-14655
Viviendas De Uso Turistico,Sin Categoria,,Calle,Palomar,15,,,,,,28191,Horcajuelo De La Sierra,VT-14758
Viviendas De Uso Turistico,Sin Categoria,Apartamento Vl24 Bajo Izquierda,Calle,De La Virgen De Lluc,24,,,,Bajo,L-10,28027,Madrid,VT-14882
Casa Huespedes,Casa Huespedes,Hospedaje Nueva Numancia,Calle,De Ángela González,16,,,,BAJO,DCHA,28038,Madrid,HM-5124
Viviendas De Uso Turistico,Sin Categoria,,Carretera,De Canencia,16,,,,1,,28792,Miraflores De La Sierra,VT-15203
Viviendas De Uso Turistico,Sin Categoria,,Calle,De La Laguna Del Marquesado,11,,,,BAJO,34,28021,Madrid,VT-14765
Hotel,1-hotel,Oceany Apartahotel,Calle,De Esteban Terradas,3,,,,,,28036,Madrid,HM-4834
Viviendas De Uso Turistico,Sin Categoria,,Calle,Trastamaras,20,,,,BAJA,,28280,"Escorial, El",VT-14540
Viviendas De Uso Turistico,Sin Categoria,,Calle,Mancio Serra De Leguizamón,19,,,1,Bajo,A,28320,Pinto,VT-14622
Hotel,4-hotel,Hotel Sercotel Ab Arganda,Avenida,De Madrid,47,,,,,,28500,Arganda Del Rey,HM-4334
Viviendas De Uso Turistico,Sin Categoria,,Avenida,Del Cardenal Herrera Oria,171,,,02,BAJO,3,28034,Madrid,VT-15055
Viviendas De Uso Turistico,Sin Categoria,,Calle,De Abada,2,,,,1,3,28013,Madrid,VT-14824
Viviendas De Uso Turistico,Sin Categoria,,Calle,De Abada,2,,,,1,4,28013,Madrid,VT-14825
Viviendas De Uso Turistico,Sin Categoria,,Calle,De Abada,2,,,,1,5,28013,Madrid,VT-14826
Hotel,4-hotel,Vega Multiservice,Calle,De La Gaviota,54,,,,2,1,28025,Madrid,HM-5112
Viviendas De Uso Turistico,Sin Categoria,,Avenida,Del Galeón,253,,,2,274,274,28680,San Martín De Valdeiglesias,VT-15016
Viviendas De Uso Turistico,Sin Categoria,,Calle,Del Carnero,4,,,,BAJO,IZQ,28005,Madrid,VT-15026
Viviendas De Uso Turistico,Sin Categoria,,Calle,Del Carnero,12,,,1,BAJO,A,28005,Madrid,VT-14953
Viviendas De Uso Turistico,Sin Categoria,,Calle,Del Carnero,14,,,1,BAJO,1,28005,Madrid,VT-14954
Viviendas De Uso Turistico,Sin Categoria,,Avenida,Del Galeón,86,,3,,1,433,28680,San Martín De Valdeiglesias,VT-14970
Viviendas De Uso Turistico,Sin Categoria,,Calle,De Los Jardines,29,,,,3,C,28013,Madrid,VT-5938
Viviendas De Uso Turistico,Sin Categoria,,Calle,Del Parador,6,,,,,,28729,Venturada,VT-14715
Viviendas De Uso Turistico,Sin Categoria,,Calle,Puerto Navacerrada,13,,,,,,28440,Guadarrama,VT-14723
Viviendas De Uso Turistico,Sin Categoria,,Calle,De El Caserío,17,,,,Bajo,2,28041,Madrid,VT-14808
Viviendas De Uso Turistico,Sin Categoria,,Avenida,Del Galeón,80,,,,1,212,28680,San Martín De Valdeiglesias,VT-15163
Viviendas De Uso Turistico,Sin Categoria,,Calle,De Virgen De La Paz,16,,,.,BAJO,L10 A,28027,Madrid,VT-15078
Viviendas De Uso Turistico,Sin Categoria,,Calle,Del Ciprés,665,,,,CHALET,,28294,Robledo De Chavela,VT-15148
Viviendas De Uso Turistico,Sin Categoria,,Paseo,De Pastrana,2B,,,,2,A,28806,Alcalá De Henares,VT-15133
Viviendas De Uso Turistico,Sin Categoria,,Avenida,De Cascajales,29,,28740,-,bajo,-,28740,Rascafría,VT-15103
Viviendas De Uso Turistico,Sin Categoria,,Calle,De José,4,,,CALLE,BAJO,1,28029,Madrid,VT-15236
Hostal,1-hostal,Hostal Montaloya,Plaza,Tirso De Molina,20,,,,2,,28012,Madrid,HM-5065
Viviendas De Uso Turistico,Sin Categoria,,Calle,De San Telesforo,11,,,,Bajo,DCHA,28003,Madrid,VT-14645
Apart-turistico,4-apart-turistico,La Casona De Torremocha,Calle,Uceda,20,,,,,,28189,Torremocha De Jarama,AM-1505
Viviendas De Uso Turistico,Sin Categoria,,Calle,De Las Amapolas,71,,,,CHALET,,29640,"Escorial, El",VT-14965
Viviendas De Uso Turistico,Sin Categoria,,Calle,Españoleto,1,,,7,1,A3,28982,Parla,VT-15014
Viviendas De Uso Turistico,Sin Categoria,,Calle,Españoleto,1,,,7,1,A6,28982,Parla,VT-15015
Hotel,3-hotel,Ibis Styles Madrid Airport Valdebebas,Calle,Fernando Huigueras,55,,,,,,28055,Madrid,HM-5134
Viviendas De Uso Turistico,Sin Categoria,,Calle,De Virgen De La Paz,16,,,.,BAJO,L 10 D,28027,Madrid,VT-15081
Viviendas De Uso Turistico,Sin Categoria,,Calle,Del Arzobispo Morcillo,20,,,bajo,Bajo,4,28029,Madrid,VT-15258
Hotel,3-hotel,Sercotel De Los Reyes,Plaza,De Ciudad Real,2,,,,,,28702,San Sebastián De Los Reyes,HM-4283
Hosterias,Sin Categoria,Min Hostel Capsules,Plaza,De La Reverencia,2,,,,,,28027,Madrid,HH-102
Viviendas De Uso Turistico,Sin Categoria,,Calle,María De Zayas,2,,4,,BAJO,25 Nº1,28850,Torrejón De Ardoz,VT-14668
Viviendas De Uso Turistico,Sin Categoria,,Avenida,Del Galeón,80,,E,1,4,33,28680,San Martín De Valdeiglesias,VT-14974
Hotel-apart.,2-hotel-apart.,Asset Hoteles Sl,Calle,Zeus,4,,,,,,28850,Torrejón De Ardoz,HM-5079
Viviendas De Uso Turistico,Sin Categoria,,Calle,Del Arroyo De Las Pilillas,5,,,,BAJO,A,28030,Madrid,VT-14535
Viviendas De Uso Turistico,Sin Categoria,,Plaza,De Matute,4,,,,3,A,28012,Madrid,VT-8675
Viviendas De Uso Turistico,Sin Categoria,,Calle,De Sagunto,11,,,,BAJO,IZQ,28010,Madrid,VT-14638
Viviendas De Uso Turistico,Sin Categoria,,Avenida,De Portugal,141,,,,Bajo,B,28011,Madrid,VT-14710
Viviendas De Uso Turistico,Sin Categoria,,Calle,Del Rey,19,,,1,1,A,28200,San Lorenzo De El Escorial,VT-14787
Viviendas De Uso Turistico,Sin Categoria,,Calle,Vii,3,,,,,,28290,"Rozas De Madrid, Las",VT-14800
Viviendas De Uso Turistico,Sin Categoria,,Calle,De Cochabamba,22,,,1,Bajo,L-20,28016,Madrid,VT-14858
Viviendas De Uso Turistico,Sin Categoria,,Calle,Fuerteventura,7,,2A,,2,216,28703,San Sebastián De Los Reyes,VT-14912
Viviendas De Uso Turistico,Sin Categoria,,Avenida,De La Cabrera,75,,,,,,28751,"Cabrera, La",VT-15158
Viviendas De Uso Turistico,Sin Categoria,,Urbanizacion,Cerco De La Fragua,50,,,,,,28749,Alameda Del Valle,VT-14437
Viviendas De Uso Turistico,Sin Categoria,,Avenida,De Madrid,7,,3,,2,F,28760,Tres Cantos,VT-14415
Hostal,2-hostal,Hostal Di Carlo,Calle,De Las Azucenas,5,ENTERO,,,,,28039,Madrid,HM-4399
Viviendas De Uso Turistico,Sin Categoria,,Calle,Sol,37,,,,,,28515,Olmeda De Las Fuentes,VT-14733
Viviendas De Uso Turistico,Sin Categoria,,Calle,Benavides De Órbigo,13,,,0,0,0,28680,San Martín De Valdeiglesias,VT-14834
Apart-turistico,1-apart-turistico,Apartamentos San Aureliano 3,Calle,San Aureliano,3,,,,BAJA,2,28021,Madrid,AM-1486
Apart-turistico,1-apart-turistico,El Mirador De Los Embalses,Calle,Del Depósito,8,,,,,,28194,Berzosa Del Lozoya,AM-1488
Casa Huespedes,Casa Huespedes,Nido Moncloa,Plaza,De Alcira,11,,,,BAJO,3,28039,Madrid,HM-5150
Viviendas De Uso Turistico,Sin Categoria,,Calle,De La Laguna Del Marquesado,9,,,,4,3,28021,Madrid,VT-14608
Viviendas De Uso Turistico,Sin Categoria,,Paseo,De Yeserías,49,,A,,bajo,L-10,28005,Madrid,VT-14498
Viviendas De Uso Turistico,Sin Categoria,,Calle,Fuerteventura,9,,1A,,1,110,28703,San Sebastián De Los Reyes,VT-14772
Viviendas De Uso Turistico,Sin Categoria,,Calle,Zurich,21,,,,,,28294,Robledo De Chavela,VT-13326
Viviendas De Uso Turistico,Sin Categoria,,Calle,Escuelas,7,,,0,1,A,28806,Alcalá De Henares,VT-14948
Apart-turistico,3-apart-turistico,Tribu Malasaña Guesthouse,Calle,De San Vicente Ferrer,1,,,,,,28004,Madrid,AM-72
Viviendas De Uso Turistico,Sin Categoria,,Calle,Del Madroño,57,,,,BAJO,,28721,Cabanillas De La Sierra,VT-13279
Viviendas De Uso Turistico,Sin Categoria,,Calle,De Ignacio,31,,,,,,28450,Collado Mediano,VT-14354
Viviendas De Uso Turistico,Sin Categoria,,Calle,Alameda Segunda,21,,,,,,28440,Guadarrama,VT-14383
Viviendas De Uso Turistico,Sin Categoria,,Calle,Del Norte,5,,,,BAJO,DCHA,28004,Madrid,VT-14447
Viviendas De Uso Turistico,Sin Categoria,,Calle,De Linneo,23,,,,,LOCAL,28005,Madrid,VT-14942
Viviendas De Uso Turistico,Sin Categoria,,Calle,De Ceuta,24,,,,BAJO,24-2,28003,Madrid,VT-14597
Viviendas De Uso Turistico,Sin Categoria,,Calle,Del Drago,26,,,,,,28110,Algete,VT-14627
Viviendas De Uso Turistico,Sin Categoria,,Calle,Melilla,1,,,4,Bajo,9A,28850,Torrejón De Ardoz,VT-14804
Viviendas De Uso Turistico,Sin Categoria,,Calle,De Lira,1,,,D,1,A2,28007,Madrid,VT-14850
Viviendas De Uso Turistico,Sin Categoria,,Calle,De Lira,1,,,D,1,A3,28007,Madrid,VT-14851
Viviendas De Uso Turistico,Sin Categoria,,Calle,De La Cereza,1,,,,BAJO,LOCAL,28026,Madrid,VT-14640
Viviendas De Uso Turistico,Sin Categoria,,Calle,De Villoslada,6,,,,Local,4,28005,Madrid,VT-14837
Viviendas De Uso Turistico,Sin Categoria,Casa De La Sierra,Calle,Colunga,22,,,,,,28248,Hoyo De Manzanares,VT-15021
Viviendas De Uso Turistico,Sin Categoria,,Calle,San Fructuoso,10,,,,BAJO,DCHA,28802,Alcalá De Henares,VT-14928
Apart-turistico,1-apart-turistico,Santero Suites,Calle,Del Doctor Santero,10,,Bajo,,Bajo,,28039,Madrid,AM-1492
Viviendas De Uso Turistico,Sin Categoria,,Calle,De Betancunia,8,,,,Bajo,4,28017,Madrid,VT-14066
Hotel-apart.,1-hotel-apart.,Nido Principe Pio,Paseo,De La Florida,3-5-7,,,,,,28008,Madrid,HM-5083
Viviendas De Uso Turistico,Sin Categoria,,Urbanizacion,De La Costa De Madrid,252,,,1,3,5,28680,San Martín De Valdeiglesias,VT-13572
Viviendas De Uso Turistico,Sin Categoria,,Calle,Del Duque De Sesto,3,,,Ningun,Bajo,D1,28009,Madrid,VT-14946
Viviendas De Uso Turistico,Sin Categoria,,Calle,Del Duque De Sesto,3,,,Ningun,Bajo,D2,28009,Madrid,VT-14945
Viviendas De Uso Turistico,Sin Categoria,,Urbanizacion,Javariega,4,,,0,0,1,28680,San Martín De Valdeiglesias,VT-14663
Viviendas De Uso Turistico,Sin Categoria,,Calle,Goya,5,,,,Bajo,D,28806,Alcalá De Henares,VT-14742
Viviendas De Uso Turistico,Sin Categoria,,Calle,De Sebastián Muñoz,31,,,1,3,IZQ,28600,Navalcarnero,VT-14894
Viviendas De Uso Turistico,Sin Categoria,,Calle,De Agustín De Rojas,5,,,,Bajo,2,28002,Madrid,VT-15106
Viviendas De Uso Turistico,Sin Categoria,,Carretera,M-610 (la Cabrera),"Km 4,1",,,,,,28729,Valdemanco,VT-14734
Viviendas De Uso Turistico,Sin Categoria,,Calle,De Juan Esplandiu,7,,,,BAJO,6-2,28007,Madrid,VT-14764
Viviendas De Uso Turistico,Sin Categoria,"Calle Venezuela , 4 Bj C",Calle,De Venezuela,4,,,1,Bajo,C,28320,Pinto,VT-14902
Viviendas De Uso Turistico,Sin Categoria,,Calle,Cardenal Cisneros,3,,,1,1,A,28806,Alcalá De Henares,VT-14915
Casa Huespedes,Casa Huespedes,Dobo Madrid Numancia,Calle,De Pico Moncayo,1,,,,LOCAL,,28038,Madrid,HM-5126
Casa Huespedes,Casa Huespedes,Dobo | B90,Calle,De Boltaña,90,,,,,,28022,Madrid,HM-5127
Viviendas De Uso Turistico,Sin Categoria,,Calle,Buenavista,5,,,0,PB,0,28189,Patones,VT-15035
Viviendas De Uso Turistico,Sin Categoria,,Calle,María Lejarraga Y García,6,,,,,,28830,San Fernando De Henares,VT-15153
Viviendas De Uso Turistico,Sin Categoria,,Plaza,De Villafranca De Los Barros,4,,,,CALLE,,28034,Madrid,VT-15295
Viviendas De Uso Turistico,Sin Categoria,,Calle,Del Valle De Oro,8,,,1,Bajo,IZQUIE,28019,Madrid,VT-15268
Viviendas De Uso Turistico,Sin Categoria,,Calle,Vía Carpetana,137,,,2,1,C,28047,Madrid,VT-14618
Viviendas De Uso Turistico,Sin Categoria,,Plaza,De Santa Cristina,2,,,1,1,A,28011,Madrid,VT-14661
Casa Huespedes,Casa Huespedes,Paradise Suites Madrid,Carretera,Canillas,15,,,,,,28043,Madrid,HM-5090
Viviendas De Uso Turistico,Sin Categoria,,Calle,Floridablanca,44,,,,3,,28200,San Lorenzo De El Escorial,VT-14745
Viviendas De Uso Turistico,Sin Categoria,,Calle,Carmen Calzado,11,,,,Bajo,A,28806,Alcalá De Henares,VT-14788
Viviendas De Uso Turistico,Sin Categoria,,Calle,Carmen Calzado,11,,,1,1,A,28801,Alcalá De Henares,VT-14789
Viviendas De Uso Turistico,Sin Categoria,,Calle,De Antonia Lancha,36,,,0,0,L-10,28019,Madrid,VT-15186
Viviendas De Uso Turistico,Sin Categoria,,Calle,De Fernando Pessoa,6,,,0,BAJO,A,28027,Madrid,VT-15222
Viviendas De Uso Turistico,Sin Categoria,,Calle,Henares,1,,5,9,1,A,28816,Camarma De Esteruelas,VT-14991
Casa Huespedes,Casa Huespedes,Casa De Huéspedes,Calle,De La Cruz,27,,,,1,IZQUIE,28012,Madrid,HM-5142
Viviendas De Uso Turistico,Sin Categoria,,Calle,Concepción,10,,,,2,B,28901,Getafe,VT-15228
Viviendas De Uso Turistico,Sin Categoria,,Calle,Concepción,10,,,,3,A,28901,Getafe,VT-15229
Viviendas De Uso Turistico,Sin Categoria,,Calle,Concepción,10,,,,3,B,28901,Getafe,VT-15230
Viviendas De Uso Turistico,Sin Categoria,,Calle,Del Empecinado,1BIS,,,1,1,1,28801,Alcalá De Henares,VT-15324
Viviendas De Uso Turistico,Sin Categoria,,Calle,Valle De Aspe,32,,,,Chalet,B,28669,Boadilla Del Monte,VT-15294
Viviendas De Uso Turistico,Sin Categoria,,Calle,De Siena,11,,-,-,LOCAL,DERECH,28027,Madrid,VT-14581
Viviendas De Uso Turistico,Sin Categoria,"Clara Del Rey, 24, 3,  Esc.2, B",Calle,De Clara Del Rey,24,,,2,3,B,28002,Madrid,VT-10980
Viviendas De Uso Turistico,Sin Categoria,"Poeta Joan Margall, 51, 8j",Calle,Del Poeta Joan Maragall,51,,,,8,J,28020,Madrid,VT-10982
Casa Huespedes,Casa Huespedes,Paredes De Nava,Calle,De Paredes De Nava,27,,,,,,28017,Madrid,HM-5331
Casa Huespedes,Casa Huespedes,La Casa Lucia 02,Plaza,Valvanera,1,,,,,,28043,,HM-5338
Viviendas De Uso Turistico,Sin Categoria,"Valenzuela, 6, 2 Izq.",Calle,De Valenzuela,6,,,,2,IZQ,28014,Madrid,VT-8319
Viviendas De Uso Turistico,Sin Categoria,,Calle,Concepción,10,,,,BAJO,A,28901,Getafe,VT-15223
Viviendas De Uso Turistico,Sin Categoria,,Calle,Concepción,10,,,,BAJO,B,28901,Getafe,VT-15224
Viviendas De Uso Turistico,Sin Categoria,,Calle,Concepción,10,,,,1,A,28901,Getafe,VT-15225
Viviendas De Uso Turistico,Sin Categoria,,Calle,Concepción,10,,,,1,B,28901,Getafe,VT-15226
Viviendas De Uso Turistico,Sin Categoria,,Calle,Concepción,10,,,,2,A,28901,Getafe,VT-15227
Hosterias,Sin Categoria,Siesta Y Go,Calle,De Vizcaya,10,,,,,,28045,Madrid,HH-89
Apart-turistico,2-apart-turistico,Suites You Opera,Calle,De Los Bordadores,9,,,,Bajo,,28013,Madrid,AM-1523
Viviendas De Uso Turistico,Sin Categoria,,Calle,De Oteiza,48,,,,bajo,,28041,Madrid,VT-15355
Casa Huespedes,Casa Huespedes,Ch Valle Del Oro,Calle,Doctor Espina,35,,,,,,28019,,HM-5272
Viviendas De Uso Turistico,Sin Categoria,,Calle,Del Sotillo,8,,,,,,28749,Alameda Del Valle,VT-8926
Casa Huespedes,Casa Huespedes,Casa De Huéspedes,Calle,Gran Vía,57,,,,12,A,28013,Madrid,HM-5192
Viviendas De Uso Turistico,Sin Categoria,,Camino,De Salomón,33,,,,,,28140,Fuente El Saz De Jarama,VT-15182
Casa Huespedes,Casa Huespedes,Casa De Huéspedes,Calle,De San Bernardo,20,,,,3,1ºA,,Madrid,HM-5219
Casa Huespedes,Casa Huespedes,Casa De Huespedes,Calle,De Aliaga,1A,,,,0,03,28022,Madrid,HM-5241
Casa Huespedes,Casa Huespedes,Casa De Huéspedes Carabanchel,Calle,De Saturnino Tejera,28,,,,,,28025,Madrid,HM-5274
Casa Huespedes,Casa Huespedes,Casa De Huéspedes,Avenida,Del Cerro Del Águila,2,,,1,1,2,28703,San Sebastián De Los Reyes,HM-5285
Viviendas De Uso Turistico,Sin Categoria,,Carretera,Del Berrueco-la Cabrera,20,,,1,Bajo,1,28192,"Berrueco, El",VT-15369
Hostal,3-hostal,De Rafael Suites De Madera,Calle,Peñalara,16,,,,,,28729,Venturada,HM-5177
Viviendas De Uso Turistico,Sin Categoria,,Calle,Del Escaño,20,,,,1,,28903,Getafe,VT-15240
Viviendas De Uso Turistico,Sin Categoria,,Calle,De San Bernardo,20,,,0,1,04,28015,Madrid,VT-15284
Casa Huespedes,Casa Huespedes,La Casa Lucia 01,Calle,De Sorzano,16,,,,SEMISO,IZ,28043,Madrid,HM-5223
Hostal,1-hostal,Diego De León Suites,Calle,De Ferrer Del Río,10,,,,,,28028,Madrid,HM-5243
Viviendas De Uso Turistico,Sin Categoria,,Calle,Del Escaño,20,,1,-,1,1,28903,Getafe,VT-15356
Casa Huespedes,Casa Huespedes,Ri Hostels,Calle,De Sallaberry,1,,,,BAJO,,28019,Madrid,HM-5197
Viviendas De Uso Turistico,Sin Categoria,,Calle,De Juan Boscán,34,,,1,Bajo,IZQUIE,28017,Madrid,VT-15395
Viviendas De Uso Turistico,Sin Categoria,,Calle,De Calderón,3,,,SN,BAJO,4,28042,Madrid,VT-15298
Viviendas De Uso Turistico,Sin Categoria,,Calle,Del Caz,5,,,,0,,28490,Becerril De La Sierra,VT-13607
Hosterias,Sin Categoria,El Indio Chocolateria Boutique Hostel,Calle,Maestra Maria Del Rosario,16,,,,,,28320,Pinto,HH-79
Hosterias,Sin Categoria,Hostel,Calle,Duque De Rivas,2,,,,,,28012,Madrid,HH-130
Casa Huespedes,Casa Huespedes,Coliving Salamanca,Calle,De Montesa,43,,,,,,28006,Madrid,HM-5055
Viviendas De Uso Turistico,Sin Categoria,,Calle,Viñas Fuentes,5,,,-,Bajo,B,28214,Fresnedillas De La Oliva,VT-15338
Casa Huespedes,Casa Huespedes,Ch Artistas,Calle,De Los Artistas,57,,,,Bajo,,28020,Madrid,HM-5260
Viviendas De Uso Turistico,Sin Categoria,"Claudio Coello, 102, 1b",Calle,De Claudio Coello,102,,,,1,B,,Madrid,VT-9190
Viviendas De Uso Turistico,Sin Categoria,,Avenida,Del Marqués De Corbera,33,,,1,1,B,28017,Madrid,VT-15297
Viviendas De Uso Turistico,Sin Categoria,,Calle,Boros,33,,,chalet,chalet,CHALET,28522,Rivas-vaciamadrid,VT-15306
Apart-turistico,1-apart-turistico,Apartamentos Turisticos,Calle,Felisa Mendez,32-34,,,,,,28053,,AM-1553
Viviendas De Uso Turistico,Sin Categoria,,Calle,De Antonio Prieto,68,,,,Bajo,EXT,28026,Madrid,VT-15274
Casa Huespedes,Casa Huespedes,Vecino De Cervantes,Calle,Mayor,59,,,,2,,28801,Alcalá De Henares,HM-4920
Casa Huespedes,Casa Huespedes,Inversion De Pacifico Asesores Inmobiliario Sl,Calle,De La Marroquina,65,,,,,,28030,Madrid,HM-5304
Viviendas De Uso Turistico,Sin Categoria,"Pérez Galdós, 4, 1º A",Calle,De Pérez Galdós,4,,,,1,A,28004,Madrid,VT-6905
Pension,3-pension,Pensión Avda Manzanares Nº 74,Avenida,Del Manzanares,74,,,,,,28019,Madrid,HM-5360
Hotel,4-hotel,One Shot La Latina,Calle,Del Ángel,18,,,,,,28005,Madrid,HM-2776
Hostal,3-hostal,Hostal Torrejon,Avenida,Constitución,173,ENTERO,,,,,28850,Torrejón De Ardoz,HM-3870
Casa Huespedes,Casa Huespedes,Calle De Hernán Cortes 7,Calle,De Hernán Cortés,7,,,,2,IZQUIE,28004,Madrid,HM-3995
Casa Huespedes,Casa Huespedes,Casa De Huespedes,Calle,Gran Via,69,,,,7,06,28013,,HM-5246
Viviendas De Uso Turistico,Sin Categoria,,Avenida,Del Galeón,80,,,1,3,13,28680,San Martín De Valdeiglesias,VT-15365
Hotel,5-hotel,Jw Marriott,Calle,Carrera De San Jerónimo,9 Y 11,,,,,,28014,Madrid,HM-5011
Casa Huespedes,Casa Huespedes,Your Other Home,Calle,De Fermín Caballero,70,,,,,,28034,Madrid,HM-5291
Viviendas De Uso Turistico,Sin Categoria,,Calle,Racillo,11A,,,,,,28440,Guadarrama,VT-15207
Hosterias,Sin Categoria,Velvet Hostels,Avenida,De Baviera,9,,,,,,28028,Madrid,HH-131
Apart-turistico,1-apart-turistico,Apartamentos Ciupal,Calle,De Sierra De Los Filabres,42,,,,,,28038,Madrid,AM-1530
Casa Huespedes,Casa Huespedes,Ch Catrachos Rooms,Calle,Del Barco,5,,,,2,,28004,Madrid,HM-5216
Pension,1-pension,Glinter Barrio De Las Letras,Calle,Del León,32,,,,2,DCHA,28014,Madrid,HM-1721
Apart-turistico,1-apart-turistico,Castilla Luxury Apartments,Calle,De Aníbal,2,,,,,,28020,Madrid,AM-1537
Apart-turistico,1-apart-turistico,Despejado Stays,Calle,De Los Ferroviarios,5,,,,BAJO-Y,,28026,Madrid,AM-1549
Viviendas De Uso Turistico,Sin Categoria,,Calle,San Millán,1,,,1,3,1,28200,San Lorenzo De El Escorial,VT-14872
Casa Huespedes,Casa Huespedes,Ajj Villaviciosa,Avenida,De Villaviciosa,3,,,,0,3,28922,Alcorcón,HM-5287
Apart-turistico,1-apart-turistico,Apartamentos Turísticos Ribera De Curtidores 25,Calle,De La Ribera De Curtidores,25,,,,,,28005,Madrid,AM-1574
Hotel,2-hotel,Palace,Calle,Solana,12,,,,,,28850,Torrejón De Ardoz,HM-5319
Hostal,1-hostal,Dobo Madrid Betanzos,Avenida,De Betanzos,95,,,,,,28034,Madrid,HM-5320
Viviendas De Uso Turistico,Sin Categoria,"Montera, 43, 3 E",Calle,De La Montera,43,,,,3,E,28013,Madrid,VT-10857
Viviendas De Uso Turistico,Sin Categoria,"Sierpe, 5 Bajo 1-i",Calle,De La Sierpe,5,,,,BAJO,1-I,28005,Madrid,VT-10875
Viviendas De Uso Turistico,Sin Categoria,"Tabernillas, 13, 3 C Izq.",Calle,De Tabernillas,13,,,,3,IZQ C,28005,Madrid,VT-10881
Hotel,2-hotel,Ibis Madrid Norte Las Tablas,Calle,De Sauceda,14,,,,,,28050,Madrid,HM-5199
Hotel,5 Estrellas L,Brach Hotel,Calle,Gran Via,20,,,,,,28004,Madrid,HM-5100
Apart-turistico,1-apart-turistico,Apartamentos Duque De Pastrana,Plaza,Del Duque De Pastrana,6,,,,,,28036,Madrid,AM-1577
Viviendas De Uso Turistico,Sin Categoria,,Calle,Altozano,1,,,-,-,-,28410,Manzanares El Real,VT-15379
Viviendas De Uso Turistico,Sin Categoria,"Juan De Olias, 1, 4 E",Calle,De Juan De Olías,1,,,,4,E,28020,Madrid,VT-9622
Apart-turistico,1-apart-turistico,Chueca 6,Plaza,De Chueca,6,,,,1-a-7,A-D,28004,Madrid,AM-1560
Casa Huespedes,Casa Huespedes,Ch Vistalegre,Paseo,De Marcelino Camacho,35,,,,,,28025,Madrid,HM-5315
Hostal,3-hostal,H R S Puerto Sl,Carretera,De Irún,9,,,,,,28756,Somosierra,HM-5329
Hotel,2-hotel,Hotel Indiana,Calle,De Castilla,8,,,,,,28320,Pinto,HM-5302
Hotel,4-hotel,Hotel Hualton,Calle,Huelva,16,,,,,,28292,Alcobendas,HM-5333
Casa Huespedes,Casa Huespedes,Casa Familiar Boutique,Calle,Perseo,6,,,,,,28670,,HM-5334
Casa Huespedes,Casa Huespedes,Ch Av. De La Población,Plaza,Movimiento Ciudadano,9,,,,,,28041,,HM-5335
Viviendas De Uso Turistico,Sin Categoria,,Calle,De San Bernardo,20,,,0,1,09,28015,Madrid,VT-15289
Casa Huespedes,Casa Huespedes,Livenext Getafe,Travesia,De Los Depósitos,2,,,,BAJO,A,28902,Getafe,HM-5220
Viviendas De Uso Turistico,Sin Categoria,,Calle,De Hermosilla,169,,,DCHA,BAJO,B,28028,Madrid,VT-14828
Viviendas De Uso Turistico,Sin Categoria,,Calle,De Hermosilla,169,,,DCHA,BAJO,C,28028,Madrid,VT-14829
Viviendas De Uso Turistico,Sin Categoria,"Antonio López, 158, 1c",Calle,De Antonio López,158,,,,1,C,,Madrid,VT-9478
Casa Huespedes,Casa Huespedes,Ayz Joaquin Pol,Calle,De Joaquín Pol,4,,,,,,28035,Madrid,HM-5312
Casa Huespedes,Casa Huespedes,Ch 37 Palacio Real - Hospital Moncloa,Avenida,De Valladolid,37,,,,Bajo,DCHA,28008,Madrid,HM-5328
Viviendas De Uso Turistico,Sin Categoria,"General Diaz Porlier, 18-2º D",Calle,Del General Díaz Porlier,18,,,,2,D,28001,Madrid,VT-10970
Viviendas De Uso Turistico,Sin Categoria,"Cervantes, 21, 3-1-2",Plaza,Cervantes,21,,,1,3,2,28014,Alcalá De Henares,VT-11223
Casa Huespedes,Casa Huespedes,Queens Plaza Mayor I,Calle,De Concepción Jerónima,6,,,,1,DR,28012,Madrid,HM-5213
Viviendas De Uso Turistico,Sin Categoria,,Calle,De Tetuán,26,,,,4,DCHA,28013,Madrid,VT-8287
Viviendas De Uso Turistico,Sin Categoria,,Calle,Navas De Tolosa,3,,,,BAJA,,28210,Valdemorillo,VT-15246
Casa Huespedes,Casa Huespedes,Urban Home,Calle,De Guzmán El Bueno,67,,,,BAJO,L-20,,Madrid,HM-5251
Viviendas De Uso Turistico,Sin Categoria,,Calle,Marqués De Santillana,11,,,,,,28440,Guadarrama,VT-15346
Viviendas De Uso Turistico,Sin Categoria,,Calle,De Los Artistas,8,,,,Bajo,2,28020,Madrid,VT-14958
Viviendas De Uso Turistico,Sin Categoria,,Calle,De San Marcelo,18,,,0,BAJO,8,28017,Madrid,VT-13503
Casa Huespedes,Casa Huespedes,Casa De Huéspedes,Calle,De Bolivia,23,,,,,,28016,Madrid,HM-5179
Viviendas De Uso Turistico,Sin Categoria,,Calle,Colón,30,,,0,0,0,28680,San Martín De Valdeiglesias,VT-15348
Casa Huespedes,Casa Huespedes,Casa De Huéspedes Gómez Ulla,Calle,Del Petirrojo,8,,,,,,28047,Madrid,HM-5275
Viviendas De Uso Turistico,Sin Categoria,,Calle,De San Bernardo,20,,,0,1,05,28015,Madrid,VT-15285
Viviendas De Uso Turistico,Sin Categoria,"Amparo, 81, 3-5",Calle,Del Amparo,81,,,INT,3,5,28012,Madrid,VT-5732
Viviendas De Uso Turistico,Sin Categoria,,Calle,De León,2,,,-,-,-,28110,Algete,VT-15357
Viviendas De Uso Turistico,Sin Categoria,,Calle,Del Marqués De Lema,7,,,,3,302,28003,Madrid,VT-6594
Viviendas De Uso Turistico,Sin Categoria,,Calle,De La Cabeza De Hierro,10,,,0,0,0,28490,Becerril De La Sierra,VT-15347
Casa Huespedes,Casa Huespedes,Casa De Huespedes Cedros,Calle,De Los Cedros,59,,,,,,28005,Madrid,HM-5061
Casa Huespedes,Casa Huespedes,"Calle Paz, 7",Calle,De La Paz,7,,,,2,DERECH,28003,Madrid,HM-5063
Apart-turistico,1-apart-turistico,Apartamentos Melisa,Calle,De Melisa,12,,,,,,28025,Madrid,AM-1569
Apart-turistico,1-apart-turistico,Apartamentos Myd Avenida América,Calle,De Andrés Tamayo,3,,,,,,28028,Madrid,AM-1570
Apart-turistico,1-apart-turistico,Cuatro Caminos Apartments,Calle,De Beire,25,,,,,,28039,Madrid,AM-1571
Hostal,3-hostal,Hostal 3 Estrellas,Avenida,Del Llano Castellano,22A,,,,,,28034,Madrid,HM-5300
Viviendas De Uso Turistico,Sin Categoria,,Calle,De Ministriles,10,,,,BAJO,EXT DCHA,28012,Madrid,VT-15259
Viviendas De Uso Turistico,Sin Categoria,,Calle,De La Colegiata,6,,,,Bajo,A,28012,Madrid,VT-14266
Viviendas De Uso Turistico,Sin Categoria,,Calle,Del Príncipe,5,,,DR,3,B3,28012,Madrid,VT-15305
Apart-turistico,1-apart-turistico,Registro De Dr Para Edificio De 6 Apartamentos De Uso Turístico.,Calle,Seises,15,,,,1,ABCDEF,28801,Alcalá De Henares,AM-1578
Apartamento Rural,Apartamento Rural,Apartamento Rural,Calle,De Santa Ana (lozoyuela),20,,,,,,28752,Lozoyuela-navas-sieteiglesias,TR-519
Hostal,2-hostal,Nuestra Señora Del Pilar,Calle,De Carretas,13,,,,2-3,,28012,Madrid,HM-88
Casa Huespedes,Casa Huespedes,Casa De Huéspedes,Plaza,De Tirso De Molina,13,,,,3,IZQUIE,28012,Madrid,HM-5187
Casa Huespedes,Casa Huespedes,Casa De Huéspedes,Calle,Gran Vía,57,,,,9,E Y F,28013,Madrid,HM-5190
Casa Huespedes,Casa Huespedes,Casa De Huéspedes,Calle,De Carretas,14,,,,2,H,28012,Madrid,HM-5191
Apart-turistico,2-apart-turistico,Residencias Bernabeu,Calle,De Víctor De La Serna,26,,,,SO,711,28016,Madrid,AM-1528
Casa Huespedes,Casa Huespedes,Ajj Inverhabitat,Calle,De Venus,14,,,,0,D,28042,Madrid,HM-5212
Viviendas De Uso Turistico,Sin Categoria,,Calle,Del Bergantín,7,,,0,0,0,28680,San Martín De Valdeiglesias,VT-15264
Apart-turistico,2-apart-turistico,Limehome Madrid Calle Principe,Calle,Del Príncipe,11,,,,,,28012,Madrid,AM-136
Pension,2-pension,7 Matizes,Calle,De Fuencarral,39,,,,2,DERECH,,Madrid,HM-5258
Hotel,4-hotel,Eurostars Puerta Madrid,Calle,De Juan Rizi,5,,,,,,28027,Madrid,HM-4421
Hostal,2-hostal,Sonsoles,Calle,De Fuencarral,18,,,,2-3,D,28004,Madrid,HM-3884
Casa Huespedes,Casa Huespedes,Casa Huespedes Alistana,Calle,De Hortaleza,28,,,,2,,28004,Madrid,HM-2119
Hostal,3-hostal,Glinter Plaza De Las Cortes,Plaza,De Las Cortes,4,,,,4,DCHA,28014,Madrid,HM-5345
Viviendas De Uso Turistico,Sin Categoria,,Avenida,Del Marqués De Corbera,33,,,1,1,A,28017,Madrid,VT-15296
Viviendas De Uso Turistico,Sin Categoria,,Calle,De Emilio Raboso,11,,,Izq,1,A,28053,Madrid,VT-15323
Casa Huespedes,Casa Huespedes,Casa De Huéspedes,Calle,De Palencia,32,,,,0,01,28020,Madrid,HM-5263
Viviendas De Uso Turistico,Sin Categoria,,Calle,De San Bernardo,83,,,,2,18,,Madrid,VT-4980
Viviendas De Uso Turistico,Sin Categoria,"Conde De Peñalver 56, 6º,2",Calle,Del Conde De Peñalver,56,,,,6,2,28006,Madrid,VT-9633
Viviendas De Uso Turistico,Sin Categoria,,Avenida,De Cascajales,1,,,,,,28740,Rascafría,VT-15386
Viviendas De Uso Turistico,Sin Categoria,,Avenida,De Las Rosas,3,,,-,-,-,28770,Colmenar Viejo,VT-15392
Viviendas De Uso Turistico,Sin Categoria,"Montera, 43, 2e",Calle,De La Montera,43,,,,2,E,28013,Madrid,VT-10850
Pension,1-pension,Pension Madrid House,Calle,De Barbieri,1,,,,1,DCHA,28004,Madrid,HM-4323
Apart-turistico,1-apart-turistico,Pendiente De Nombre,Calle,Antonio Prieto,38,,,,,,28029,,AM-1556
Viviendas De Uso Turistico,Sin Categoria,"Velarde, 13, 4 Dcha.",Calle,De Velarde,13,,,,4,DCHA,28004,Madrid,VT-11078
Viviendas De Uso Turistico,Sin Categoria,"María De Molina, 32, 5 Dcha.",Calle,De María De Molina,32,,,,5,DCHA,28006,Madrid,VT-10981
Viviendas De Uso Turistico,Sin Categoria,"Pelayo, 44, 1-3",Calle,De Pelayo,44,,,,1,PTA. 3,28004,Madrid,VT-9368
Viviendas De Uso Turistico,Sin Categoria,,Camino,Pajarillas,16,,,,,,28743,Garganta De Los Montes,VT-15350
Casa Huespedes,Casa Huespedes,Ch 5torres,Calle,Matilde Landa,28,,D,,,,28029,,HM-5268
Viviendas De Uso Turistico,Sin Categoria,,Calle,El Pornoso,20,,,,,,28720,Bustarviejo,VT-15401
Casa Rural,Casa Rural,Casa Rural Tinao De La Petra,Calle,Del Boleo,18,,,,,,28597,Fuentidueña De Tajo,TR-20
Viviendas De Uso Turistico,Sin Categoria,"Oso, 9, 2º E",Calle,Del Oso,9,,,,2,E,28012,Madrid,VT-9711
Viviendas De Uso Turistico,Sin Categoria,"San Marcos, 8, 4c",Calle,De San Marcos,8,,,,4,C,28004,Madrid,VT-6869
Hotel-apart.,1-hotel-apart.,Calido Las Tablas,Calle,De Castiello De Jaca,1,,,,,,28050,Madrid,HM-5233
Viviendas De Uso Turistico,Sin Categoria,,Calle,Real,53,,,0,0,0,28743,Canencia,VT-15326
Viviendas De Uso Turistico,Sin Categoria,"Jorge Juan, 96, 3 Int. 6",Calle,De Jorge Juan,96,,,,3,INT. 6,,Madrid,VT-8070
Hotel,4-hotel,Byb Hotel Madrid Aeropuerto T4,Calle,Luis Pasteur,S/N,,,,,,28703,San Sebastián De Los Reyes,HM-4565
Viviendas De Uso Turistico,Sin Categoria,"Ruda, 15, Bajo 5",Calle,De La Ruda,15,,,,BAJO,PTA. 5,28005,Madrid,VT-9820
Hostal,1-hostal,Hostal El Pozarron,Paseo,Pinar,3,,,,,,28231,"Rozas De Madrid, Las",HM-5339
Viviendas De Uso Turistico,Sin Categoria,,Calle,Moscatelar,15,,,0,Bajo,0,28814,Daganzo De Arriba,VT-15399
Hotel-apart.,1-hotel-apart.,Nodis Pozuelo Apartamentos Hotel,Avenida,Europa,26,,,,,,28224,Pozuelo De Alarcón,HM-5027
Viviendas De Uso Turistico,Sin Categoria,"Ventosa, 28 2º Dcha.",Calle,De La Ventosa,28,,,,2,DCHA,28005,Madrid,VT-10952
Viviendas De Uso Turistico,Sin Categoria,"Martínez De La Riva, 75, 1, Esc. 1, 1c",Calle,De Martínez De La Riva,75,,,1,1,1 C,28053,Madrid,VT-11002
Viviendas De Uso Turistico,Sin Categoria,,Travesia,De La Tejera,8,,,-,-,-,28491,Navacerrada,VT-15312
Casa Huespedes,Casa Huespedes,Cc Opera Suites,Calle,De La Flora,3,,,,,BAJO,28013,Madrid,HM-5046
Apart-turistico,1-apart-turistico,Chamberi Living,Calle,De Rodríguez San Pedro,10 B,,,,1,ABCD,28015,Madrid,AM-1420
Viviendas De Uso Turistico,Sin Categoria,,Calle,De Antonio Zamora,14,,,,0,20-30,28011,Madrid,VT-15372
Viviendas De Uso Turistico,Sin Categoria,"Fernández De Los Ríos, 23, 1. F-b",Calle,De Fernández De Los Ríos,23,,,,1,F-B,28015,Madrid,VT-10927
Viviendas De Uso Turistico,Sin Categoria,,Calle,Michoacan,28,,,,,,28250,Torrelodones,VT-15390
Hotel,4-hotel,Hotel Meet Me Madrid,Calle,De La Playa De Riazor,18,,,,,,28042,Madrid,HM-5349
Viviendas De Uso Turistico,Sin Categoria,,Calle,De San Bernardo,20,,,0,1,03,28015,Madrid,VT-15283
Viviendas De Uso Turistico,Sin Categoria,,Calle,De Peñuelas,2,,,,4,B,28005,Madrid,VT-5903
Viviendas De Uso Turistico,Sin Categoria,"Modesto Alonso, 23, 4 B",Calle,De Modesto Alonso,23,,,,4,B,28038,Madrid,VT-10780
Viviendas De Uso Turistico,Sin Categoria,"Teruel, 41-3º Esc. 2 Pta. B",Calle,De Teruel,41,,,2,3,B,28020,Madrid,VT-8017
Viviendas De Uso Turistico,Sin Categoria,"Deyanira, 59, A. 5, 22",Calle,De Deyanira,59,,A,,5,22,28022,Madrid,VT-5469
Viviendas De Uso Turistico,Sin Categoria,,Calle,Del Príncipe,5,,,DR,3,B1,28012,Madrid,VT-15301
Viviendas De Uso Turistico,Sin Categoria,"Raimundo Fernández Villaverde, 27",Calle,De Raimundo Fernández Villaverde,27,,,,3,C,,Madrid,VT-4164
Casa Huespedes,Casa Huespedes,Casa De Huespedes,Calle,De Zabaleta,21,,,,,,28002,Madrid,HM-5247
Casa Huespedes,Casa Huespedes,Ch Sierra Bullones 1 - A,Calle,De Sierra Bullones,1,,,,Bajo,A,28029,Madrid,HM-5261
Viviendas De Uso Turistico,Sin Categoria,,Calle,Del Colibrí,17,,,0,Bajo,0,28470,Cercedilla,VT-15336
Viviendas De Uso Turistico,Sin Categoria,,Calle,De La Madera,5,,,1,B,1,28470,Cercedilla,VT-15404
Viviendas De Uso Turistico,Sin Categoria,,Calle,Goleta,22,,,0,0,5,28680,San Martín De Valdeiglesias,VT-15178
Apart-turistico,1-apart-turistico,Apartamentos Gomez Acebo 18,Callejon,Gomez Acebo,18,,,,bajo,5 Y 6,28021,,AM-1531
Viviendas De Uso Turistico,Sin Categoria,"Marqués De La Ensenada, 16, 11-17",Calle,Del Marqués De La Ensenada,16,,,,11,PTA. 1,28004,Madrid,VT-9184
Viviendas De Uso Turistico,Sin Categoria,,Calle,Teide,11,,,NA,NA,N/A,28460,"Molinos, Los",VT-15361
Apart-turistico,1-apart-turistico,Mediche Gr117,Calle,Del General Ricardos,117,,,,,,28019,Madrid,AM-1565
Viviendas De Uso Turistico,Sin Categoria,"San David, 4, 0",Calle,De San David,4,,,,0,,28019,Madrid,VT-11006
Viviendas De Uso Turistico,Sin Categoria,,Calle,San Roque,34,,,,0,,28812,Valverde De Alcalá,VT-15403
Casa Huespedes,Casa Huespedes,Ch Av Guadalajara,Avenida,De Guadalajara,67,,,,0,10,28032,Madrid,HM-5175
Viviendas De Uso Turistico,Sin Categoria,,Calle,De La Esperanza,12,,,,,,28816,Valdeavero,VT-15391
Casa Huespedes,Casa Huespedes,Amaraypablo Casa De Huespedes,Calle,Del Lucero,4,,,E,bajo,4,28047,Madrid,HM-5325
Casa Huespedes,Casa Huespedes,Casa De Huespedes,Calle,Zalamea,1,,,,BJ,1,28037,,HM-5332
Viviendas De Uso Turistico,Sin Categoria,"Donoso Cortés, 5, 1, A1",Calle,De Donoso Cortés,5,,,,1,A1,28015,Madrid,VT-8694
Casa Huespedes,Casa Huespedes,Jardines,Calle,De Los Jardines,23,,,,,,28014,Madrid,HM-5030
Viviendas De Uso Turistico,Sin Categoria,"Pza Pedro Zerolo, 5, 4 Dcha.",Plaza,De Pedro Zerolo,5,,,,4,DCHA,28004,Madrid,VT-10917
Viviendas De Uso Turistico,Sin Categoria,"Doctor Fourquet, 29, 1 Int. C",Calle,Del Doctor Fourquet,29,,,INT,1,C,28012,Madrid,VT-7976
Viviendas De Uso Turistico,Sin Categoria,"Pelayo, 9",Calle,De Pelayo,9,,,,BAJO,C,28004,Madrid,VT-6784
Viviendas De Uso Turistico,Sin Categoria,,Calle,Del Príncipe,5,,,DR,3,B2,28012,Madrid,VT-15300
Hostal,1-hostal,Tokio,Calle,De La Puebla,6,,,,1,,28004,Madrid,HM-4008
Hotel,4-hotel,Nyx Hotel Madrid,Calle,Del Aviador Zorita,34-36,,,,,,28020,Madrid,HM-3437
Viviendas De Uso Turistico,Sin Categoria,,Calle,De Santa Ana (lozoyuela),16,,,0,0,0,28754,Lozoyuela-navas-sieteiglesias,VT-15269
Casa Huespedes,Casa Huespedes,Bernabeu 2,Calle,Del General Cabrera,15,,,,,,28020,Madrid,HM-5253
Viviendas De Uso Turistico,Sin Categoria,"Marqués De La Ensenada, 16, 8-825",Calle,Del Marqués De La Ensenada,16,,,,8,825,28004,Madrid,VT-10709
Apart-turistico,1-apart-turistico,Gavir Rentals Sl,Travesia,De Vázquez De Mella,2,,,,,,28017,Madrid,AM-1524
Hotel-apart.,2-hotel-apart.,Flipco Retiro,Calle,De Cavanilles,58,,,,,,28007,Madrid,HM-5234
Casa Huespedes,Casa Huespedes,Ch Sierra Bullones 1 - B,Calle,De Sierra Bullones,1,,,,Bajo,B,28029,Madrid,HM-5264
Pension,1-pension,Industrial Home Malasaña,Calle,De Manuela Malasaña,23,,,,1,,28004,Madrid,HM-4518
Viviendas De Uso Turistico,Sin Categoria,,Calle,Santa María Del Berrocal,11-B,,,,,,28229,Villanueva Del Pardillo,VT-15385
Viviendas De Uso Turistico,Sin Categoria,"Padilla, 65",Calle,De Padilla,65,,,,2,PTA. 6,28006,Madrid,VT-8069
Apart-turistico,2-apart-turistico,Numa Atocha,Calle,De Murcia,6,,,,,,28045,Madrid,AM-1585
Casa Huespedes,Casa Huespedes,Hermandad Urban Loft,Calle,De La Hermandad,16,,,,BAJO,,28025,Madrid,HM-5351
Apart-turistico,1-apart-turistico,Sambara Living,Calle,De Sambara,33,,,,,,28027,Madrid,AM-1539
Apart-turistico,2-apart-turistico,Sofia,Ronda,De Valencia,1,,,,,,28012,Madrid,AM-1554
Hosterias,Sin Categoria,Multihostel,Calle,Del Calvario,19,,,,BJ,DCHA/I,28012,Madrid,HH-81
Viviendas De Uso Turistico,Sin Categoria,"Murcia 8, Bajo Dcha.",Calle,De Murcia,8,,,,BAJO,DCHA,28045,Madrid,VT-8404
Viviendas De Uso Turistico,Sin Categoria,,Calle,Del Plomo,1,,,,,,28791,Soto Del Real,VT-15209
Apart-turistico,1-apart-turistico,Virgen Del Puig,Calle,De La Virgen Del Puig,1,,,0,local,0,28027,Madrid,AM-1541
Viviendas De Uso Turistico,Sin Categoria,,Calle,De Gerardo Lucas,13,,,CHALET,CHALET,13,28294,Robledo De Chavela,VT-15310
Hotel,4-hotel,Byb Hotel Madrid Getafe,Calle,Torroja,13,,,,,,28904,Getafe,HM-4455
Pension,3-pension,Ac Rooms Madrid Centro,Calle,De Fuencarral,39,,,,2,IZQ,28004,Madrid,HM-5341
Casa Huespedes,Casa Huespedes,Six Rooms Relatores,Calle,De Relatores,3,,,,1,IZQUIE,28012,Madrid,HM-5362
Viviendas De Uso Turistico,Sin Categoria,,Calle,De Juan De La Cosa,375.6,,,,,,28680,San Martín De Valdeiglesias,VT-15168
Apart-turistico,1-apart-turistico,Oca 10 H,Calle,De La Oca,10,,H,,2,3,28025,Madrid,AM-1525
Viviendas De Uso Turistico,Sin Categoria,,Calle,Ds. Puente San Juan,60,,,,,,,Navas Del Rey,VT-13976
Viviendas De Uso Turistico,Sin Categoria,,Calle,Penélope,14,,,0,0,0,28232,"Rozas De Madrid, Las",VT-15248
Viviendas De Uso Turistico,Sin Categoria,,Calle,Zurich,47,,,,,,28294,Robledo De Chavela,VT-15319
Casa Huespedes,Casa Huespedes,Casa De Huespedes San Bernardo 20,Calle,De San Bernardo,20,,,,2,5,28015,Madrid,HM-5277
Viviendas De Uso Turistico,Sin Categoria,,Calle,De La Zarza,16,,,1,1,A,28921,Alcorcón,VT-15364
Viviendas De Uso Turistico,Sin Categoria,,Calle,Zarzas,46,,,,,,28296,Santa María De La Alameda,VT-15253
Pension,3-pension,Nd Hoteles,Calle,Taeña,32,,,,,,28342,Valdemoro,HM-5256
Hostal,2-hostal,Duke Host,Calle,De Max Aub,5,,,,PB,,28003,Madrid,HM-5031
Hosterias,Sin Categoria,Hostel The Lazy Monkey,Paseo,Santa Maria De La Cabeza,112B,,,,,,28019,Madrid,HH-138
Casa Huespedes,Casa Huespedes,Sin Determinar,Calle,Esperanza,9,,,,0,1,28982,Parla,HM-5290
Hosterias,Sin Categoria,La Candela,Calle,De La Huerta Del Bayo,7,,,,,,28005,Madrid,HH-141
Viviendas De Uso Turistico,Sin Categoria,"C/ Huesca, 26-7º Esc. 2 A",Calle,De Huesca,26,,,2,7,A,28020,Madrid,VT-10988
Apart-turistico,1-apart-turistico,Apartamentos General Cabrera 21,Calle,General Cabrera,21,,,LOCAL,,3,28020,Madrid,AM-1418
Viviendas De Uso Turistico,Sin Categoria,,Calle,De Perales,11,,,,0,3,28320,Pinto,VT-15317
Viviendas De Uso Turistico,Sin Categoria,,Travesia,Pontezuela,13,,0,0,0,0,28470,Cercedilla,VT-15370
Pension,1-pension,Flat55,Calle,De San Bernardo,55,,,,5,IZQ/DR,28015,Madrid,HM-5042
Hotel-apart.,2-hotel-apart.,Los Planetas,Calle,Planeta Venus,12,,,,1,,28983,Parla,HM-5309
Viviendas De Uso Turistico,Sin Categoria,,Calle,Pintor Zuloaga,10,,,,,,28440,Guadarrama,VT-15193
Viviendas De Uso Turistico,Sin Categoria,,Calle,De Cartagena,86,,,,Bajo,DCHA,28028,Madrid,VT-15279
Casa Huespedes,Casa Huespedes,Casa De Huéspedes,Calle,Del Marqués Viudo De Pontejos,3,,,,1,A,28012,Madrid,HM-5235
Viviendas De Uso Turistico,Sin Categoria,"Samamiego, 12, Ptal 3, 3b",Calle,De Samaniego,12,,3,,3,B,28022,Madrid,VT-2973
Hotel,1-hotel,Akeah Gran Via,Calle,De San Bernardo,48,,,,,,28015,Madrid,HM-4977
Casa Huespedes,Casa Huespedes,Loop Hotel Las Ventas,Calle,De La Vertiente,4,,,,,,28017,Madrid,HM-5029
Casa Huespedes,Casa Huespedes,Arriaza 3,Calle,De Arriaza,3,,,,4,IZQ,28008,Madrid,HM-3838
Viviendas De Uso Turistico,Sin Categoria,"Montera, 43, 3 D",Calle,De La Montera,43,,,,3,D,28013,Madrid,VT-10856
Viviendas De Uso Turistico,Sin Categoria,"Montera, 43, 5c",Calle,De La Montera,43,,,,5,C,28013,Madrid,VT-10868
Viviendas De Uso Turistico,Sin Categoria,,Avenida,Central,46,,,,,,28294,Robledo De Chavela,VT-15239
Hotel-apart.,1-hotel-apart.,Calido Tres Cantos,Ronda,De La Luna,1,,,,,,28760,Tres Cantos,HM-5225
Viviendas De Uso Turistico,Sin Categoria,,Calle,Del Pajar Maderero,9,,,-,-,-,28412,"Boalo, El",VT-15339
Apart-turistico,1-apart-turistico,Limehome Madrid Maestro Alonso,Calle,Del Maestro Alonso,18,,,,,,28028,Madrid,AM-1579
Viviendas De Uso Turistico,Sin Categoria,"Lagasca, 21, 5-2",Calle,De Lagasca,21,,,,5,2,28001,Madrid,VT-10808
Viviendas De Uso Turistico,Sin Categoria,"Doctor Fourquet, 7 3º B",Calle,Del Doctor Fourquet,7,,,,3,B,28012,Madrid,VT-9672
Viviendas De Uso Turistico,Sin Categoria,,Calle,Laguna,14,,,,,,28794,Guadalix De La Sierra,VT-15255
Viviendas De Uso Turistico,Sin Categoria,"Abades,11, 3 E",Calle,De Abades,11,,,,3,E,28012,Madrid,VT-10724
Viviendas De Uso Turistico,Sin Categoria,,Calle,De Fucar,15,,,1,BAJA,L-10,28014,Madrid,VT-15398
Hotel,4-hotel,Madrid Marriot Hotel Princesa Plaza,Calle,De Serrano Jover,3,,,,,,28003,Madrid,HM-3659
Viviendas De Uso Turistico,Sin Categoria,,Calle,Del Doctor Cortezo,17,,,1,4,2,28012,Madrid,VT-15381
Viviendas De Uso Turistico,Sin Categoria,,Calle,Del Doctor Cortezo,17,,,1,4,3,28012,Madrid,VT-15382
Apart-turistico,1-apart-turistico,Apartamentos El Volante,Calle,Violeta,10,,,,,,28350,Ciempozuelos,AM-1339
Apart-turistico,2-apart-turistico,Estudios Millenium,Calle,Pinto,85,,-,04,1,02,28982,Parla,AM-1583
Viviendas De Uso Turistico,Sin Categoria,,Calle,Pintor Picasso,14,,,0,1,1,28807,Alcalá De Henares,VT-15405
Viviendas De Uso Turistico,Sin Categoria,,Calle,Cardenal Tenorio,1,,,1,bajo,B,28801,Alcalá De Henares,VT-15273
Casa Huespedes,Casa Huespedes,Casa De Huéspedes,Calle,Del Teniente Muñoz Díaz,8,,,,-1,A,28018,Madrid,HM-5244
Viviendas De Uso Turistico,Sin Categoria,,Calle,Del Canal,12,,N/A,N/A,N/A,N/A,28597,Fuentidueña De Tajo,VT-15345
Casa Huespedes,Casa Huespedes,Casa De Huéspedes,Calle,Gran Vía,59,,,,10,A,28013,Madrid,HM-5297
Viviendas De Uso Turistico,Sin Categoria,"Modesto Alonso, 23, 2 C",Calle,De Modesto Alonso,23,,,,2,C,28038,Madrid,VT-10775
Viviendas De Uso Turistico,Sin Categoria,"Montera, 43, 4 B",Calle,De La Montera,43,,,,4,B,28013,Madrid,VT-10861
Hotel,3-hotel,"Palace Parla, S.L",Avenida,Del Leguario,2,,HOTEL,,,,28981,Parla,HM-5346
Viviendas De Uso Turistico,Sin Categoria,,Calle,De La Escalinata,1,,,1,BAJO,IZQUIE,28013,Madrid,VT-15400
Viviendas De Uso Turistico,Sin Categoria,,Calle,De San Bernardo,20,,,0,1,01,28015,Madrid,VT-15281
Viviendas De Uso Turistico,Sin Categoria,,Calle,De San Bernardo,20,,,0,1,02,28015,Madrid,VT-15282
Casa Huespedes,Casa Huespedes,Ch Alto Del Arenal,Calle,De San Facundo,9,,,,,,28038,Madrid,HM-5347
Hosterias,Sin Categoria,Rio Hostel,Calle,De Eugenio Caxes,10,,,,,,28026,Madrid,HH-94
Hosterias,Sin Categoria,Beds Y Dreams Desde 1980,Avenida,De Pablo Neruda,68,,,,,,28018,Madrid,HH-73
Apart-turistico,1-apart-turistico,Be Casa San Sebastian De Los Reyes,Avenida,De Los Pirineos,33,,,,,,28703,San Sebastián De Los Reyes,AM-1428
Casa Rural,Casa Rural,Casa Rural La Herreria,Calle,Del Convento,4,,,,,,28380,Colmenar De Oreja,TR-514
Viviendas De Uso Turistico,Sin Categoria,"Apartamento Turístico José Del Hierro,94b",Avenida,De José Hierro,94B,,,,1,101,,Rivas-vaciamadrid,VT-15376
Viviendas De Uso Turistico,Sin Categoria,"Montera, 43, 5 D",Calle,De La Montera,43,,,,5,D,28013,Madrid,VT-10869
Apart-turistico,1-apart-turistico,Avda Portugal 83,Avenida,De Portugal,83,,,,BAJO,1-2,28011,Madrid,AM-1533
Apart-turistico,2-apart-turistico,Apartamentos San Rogelio,Calle,De San Rogelio,22,,,,,,28021,Madrid,AM-1576
Viviendas De Uso Turistico,Sin Categoria,"Modesto La Fuente, 18, 6c",Calle,De Modesto Lafuente,18,,,,6,C,,Madrid,VT-8100
Hotel,2-hotel,Ibis Madrid Alcorcón Tres Aguas,Avenida,De San Martín De Valdeiglesias,4,,,,,,28922,Alcorcón,HM-4462
Viviendas De Uso Turistico,Sin Categoria,,Calle,De Hartzenbusch,15,,,1,0,L-10,28010,Madrid,VT-15397
Casa Huespedes,Casa Huespedes,Casa De Huespedes Mota Del Cuervo 3,Calle,De Mota Del Cuervo,3,,,,bajo,2 BIS,28043,Madrid,HM-5236
Apart-turistico,1-apart-turistico,Copla Liria,Calle,De La Princesa,22,,,,,,28008,Madrid,AM-1581
Casa Huespedes,Casa Huespedes,Casa De Huéspedes,Calle,Gran Vía,59,,,,8,IZQUIE,28013,Madrid,HM-5194
Hotel,4-hotel,Ac Hotel Atocha By Marriott,Calle,De Delicias,42,,,,,,28045,Madrid,HM-4676
Viviendas De Uso Turistico,Sin Categoria,,Avenida,Del Galeón,80,8,,,1,82A,28680,San Martín De Valdeiglesias,VT-15249
Casa Huespedes,Casa Huespedes,Hostal Murcia,Calle,Del Marqués Viudo De Pontejos,3,,,,3,,28012,Madrid,HM-1838
Casa Huespedes,Casa Huespedes,Casa De Huéspedes Alcorcón,Calle,Buitrago,1,,,E,0,2,28921,Alcorcón,HM-5210
Viviendas De Uso Turistico,Sin Categoria,,Calle,Del Arzobispo Morcillo,48,,,,BAJO,2,28029,Madrid,VT-15383
Hotel-apart.,1-hotel-apart.,Hotel-apartamento,Calle,Jerónimo Suñol,28,,,,,,28850,Torrejón De Ardoz,HM-5298
Viviendas De Uso Turistico,Sin Categoria,,Calle,De Luis Fabra,2,,,,,,28292,"Escorial, El",VT-15402
Viviendas De Uso Turistico,Sin Categoria,,Calle,De Los Artistas,8,,,,Bajo,1,28020,Madrid,VT-14957
Hotel,1-hotel,Hotel Reset Boutique Stay Experience,Avenida,De Fuenlabrada,104,,,,,A,28970,Humanes De Madrid,HM-5295
Casa Huespedes,Casa Huespedes,Casa De Huéspedes,Calle,Nuestra Señora Del Carmen,15,,,,,,28039,Madrid,HM-5050
Viviendas De Uso Turistico,Sin Categoria,"Montera, 43, 2g",Calle,De La Montera,43,,,,2,G,28013,Madrid,VT-10852
Viviendas De Uso Turistico,Sin Categoria,,Avenida,Pinos,8,,,,,,28680,San Martín De Valdeiglesias,VT-15396
Viviendas De Uso Turistico,Sin Categoria,"Montera, 43, 3b",Calle,De La Montera,43,,,,3,B,28013,Madrid,VT-10854
Viviendas De Uso Turistico,Sin Categoria,,Calle,Del Doctor Esquerdo,35,,,,1,A,28028,Madrid,VT-14370
Viviendas De Uso Turistico,Sin Categoria,,Calle,Roble,172,,,,,,28695,Navas Del Rey,VT-15217
Viviendas De Uso Turistico,Sin Categoria,,Calle,De Santuario,23,,,00,0,A,28041,Madrid,VT-15242
Viviendas De Uso Turistico,Sin Categoria,,Avenida,Del Valle,52,,,,,,28740,Rascafría,VT-15238
Viviendas De Uso Turistico,Sin Categoria,,Calle,Colón,45,,,,0,,28680,San Martín De Valdeiglesias,VT-13339
Hotel Rural,3-hoja De Roble,Hospederia Casa Palacio Vera Y Mendoza,Calle,Mayor,9,,,,,,28180,Torrelaguna,TR-508
Viviendas De Uso Turistico,Sin Categoria,,Finca,Las Charolas (polígono 12),1,,,1,11,1,28770,Colmenar Viejo,VT-15367
Viviendas De Uso Turistico,Sin Categoria,,Calle,De Santa Brígida,17,,,CENTRO,BAJO,1,28004,Madrid,VT-15358
Apart-turistico,3-apart-turistico,Quo Eraso,Calle,De Ardemáns,13,,,,,,28028,Madrid,AM-120
Casa Huespedes,Casa Huespedes,Casa De Huéspedes,Calle,De San Bernardo,13,,,,6,IZQUIE,,Madrid,HM-5186
Pension,1-pension,Pensión,Calle,De La Montera,21,,,,2,D,28013,Madrid,HM-5188
Hotel,3-hotel,Byb Hotel Madrid Centro Puerta Del Sol,Calle,De La Montera,10-12,,,,,,28013,Madrid,HM-4826
Viviendas De Uso Turistico,Sin Categoria,"Flor Baja, 7, Atico, 6d",Calle,De La Flor Baja,7,,,,ATICO,6D,28013,Madrid,VT-9684
Viviendas De Uso Turistico,Sin Categoria,"Alfonso Vi, 3, 2, Dcha.",Calle,De Alfonso Vi,3,,,,2,DCHA,28005,Madrid,VT-8046
Viviendas De Uso Turistico,Sin Categoria,"Joaquin Martinez Borreguero, 2 2º Izda.",Calle,De Joaquín Martínez Borreguero,2,,,,2,IZQ,28019,Madrid,VT-10829
Casa Huespedes,Casa Huespedes,Casa De Huéspedes,Avenida,De Valladolid,3,,,,0,,28008,Madrid,HM-5178
Viviendas De Uso Turistico,Sin Categoria,,Calle,Del Escaño,20,,,,BAJO,LOCAL,28903,Getafe,VT-15181
Viviendas De Uso Turistico,Sin Categoria,,Calle,Del Real,8  BIS,,,,,,28755,Robregordo,VT-15212
Viviendas De Uso Turistico,Sin Categoria,,Calle,De San Bernardo,20,,,0,1,07,28015,Madrid,VT-15287
Viviendas De Uso Turistico,Sin Categoria,,Plaza,Del Potro,1,,,,,,28729,Valdemanco,VT-15316
Viviendas De Uso Turistico,Sin Categoria,,Calle,De La Flor Alta,6,,,,3,A,28004,Madrid,VT-6959
Hosterias,Sin Categoria,Senda Hostel Retiro,Calle,De Vigo,14,,,,,,28007,Madrid,HH-132
Viviendas De Uso Turistico,Sin Categoria,,Calle,De Los Siete Picos,13,,,.,.,-,28413,"Boalo, El",VT-15303
Viviendas De Uso Turistico,Sin Categoria,,Calle,De Ferraz,86,,,,BAJA,,28008,Madrid,VT-15311
Apart-turistico,3-apart-turistico,Apartamentos Turisticos   Calle Amor De Dios 17,Calle,Del Amor De Dios,17,,,,,,28014,Madrid,AM-1338
Casa Huespedes,Casa Huespedes,Casa De Huespedes,Calle,De Doña Mencía,33,,,,BJ,,28011,Madrid,HM-5062
Casa Huespedes,Casa Huespedes,Casa De Huéspedes,Calle,De López Grass,35,,,,0,L-20,28038,Madrid,HM-5202
Viviendas De Uso Turistico,Sin Categoria,,Calle,Hermosilla,169,,,DCHA,BAJO,A,28001,Madrid,VT-13902
Viviendas De Uso Turistico,Sin Categoria,,Calle,Del Empecinado,1BIS,,,A,2,A,28801,Alcalá De Henares,VT-15325
Casa Huespedes,Casa Huespedes,Casa De Huéspedes,Calle,De Ricardo Ortiz,33,,,,SS,A,28017,Madrid,HM-5242
Viviendas De Uso Turistico,Sin Categoria,,Calle,Escuelas,7,,,0,Bajo,B,28801,Alcalá De Henares,VT-15314
Hosterias,Sin Categoria,Futurotel,Paseo,Del Rey,6,,,,BAJO,,28520,Madrid,HH-136
Viviendas De Uso Turistico,Sin Categoria,,Calle,De La Colegiata,6,,,,Bajo,B,28012,Madrid,VT-14275
Viviendas De Uso Turistico,Sin Categoria,,Calle,De La Colegiata,6,,,,Bajo,C,28012,Madrid,VT-14267
Viviendas De Uso Turistico,Sin Categoria,,Calle,San Martín,9,,,0,0,0,28511,Valdilecha,VT-15378
Hotel-apart.,1-hotel-apart.,Calido Valdebebas,Calle,María Reiche,48,,,,,,28055,Madrid,HM-5224
Apart-turistico,3-apart-turistico,Mica 3,Calle,De La Mica,3,,,,BAJO,C,28021,Madrid,AM-1543
Casa Huespedes,Casa Huespedes,Casa De Huespedes,Calle,De Paulina Odiaga,39,,,,,1,28019,Madrid,HM-5240
Casa Huespedes,Casa Huespedes,Ch Cuatro Vientos 1,Avenida,De La Aviación,63,,,,,,,Madrid,HM-5323
Casa Huespedes,Casa Huespedes,Ch Cuatro Vientos 2,Avenida,De La Aviación,67,,,,,,28044,Madrid,HM-5324
Viviendas De Uso Turistico,Sin Categoria,,Calle,Palacio,21,,,,Bajo,,28296,Santa María De La Alameda,VT-15199
Viviendas De Uso Turistico,Sin Categoria,,Avenida,Del Valle,35,,,,,,28210,Valdemorillo,VT-15302
Viviendas De Uso Turistico,Sin Categoria,,Calle,De Santa María,15,,CHALET,-,-,-,28590,Villarejo De Salvanés,VT-15266
Viviendas De Uso Turistico,Sin Categoria,,Calle,Navas De Tolosa,3,,,0,0,0,28210,Valdemorillo,VT-15247
Casa Huespedes,Casa Huespedes,Ch La Vaguada,Calle,De Las Islas Cíes,73,,,,,,28035,Madrid,HM-5227
Viviendas De Uso Turistico,Sin Categoria,,Calle,De La Palma,26,,,,BAJO,,28721,Redueña,VT-15330
Viviendas De Uso Turistico,Sin Categoria,,Calle,Del Doctor Santero,16,,,,local,A,28006,Madrid,VT-15321
Casa Huespedes,Casa Huespedes,La Casona Imperial,Calle,De José María Usandizaga,46,,,,,,28430,Alpedrete,HM-5257
Pension,3-pension,Hotelly Usera,Calle,De Gabriel Usera,64,,,,1,B,28026,Madrid,HM-5307
Casa Huespedes,Casa Huespedes,Casa De Huespedes T32,Calle,Talco,32,,,,,,28021,,HM-5222
Viviendas De Uso Turistico,Sin Categoria,,Calle,Del Príncipe,5,,,C,1,B2,28012,Madrid,VT-15276
Viviendas De Uso Turistico,Sin Categoria,,Calle,Del Príncipe,5,,,C,1,B3,28012,Madrid,VT-15277
Casa Huespedes,Casa Huespedes,Six Rooms Cortezo,Calle,Del Doctor Cortezo,17,,,,3,DCHA,28012,Madrid,HM-5353
Viviendas De Uso Turistico,Sin Categoria,"Vallehermoso, 32, Bajo F",Calle,De Vallehermoso,32,,,,BAJO,F,,Madrid,VT-8518
Hostal,1-hostal,Costanilla De Santiago 2,Costanilla,De Santiago,2,,,,3,IZ,28013,Madrid,HM-5278
Casa Huespedes,Casa Huespedes,Casa De Huespedes,Calle,Canapiare,10,,LOCAL,,0,2,28033,,HM-5269
Viviendas De Uso Turistico,Sin Categoria,,Calle,Del Gobernador,18,,,,Bajo,IZQ,28014,Madrid,VT-5267
Viviendas De Uso Turistico,Sin Categoria,,Calle,Vaqueras,44,,,,1,D,28801,Alcalá De Henares,VT-15327
Apart-turistico,1-apart-turistico,Laurel,Calle,Del Laurel,12,,,,,,28005,Madrid,AM-1424
Casa Huespedes,Casa Huespedes,Casa De Huéspedes,Calle,Gran Vía,59,,,,7,IZQUIE,28013,Madrid,HM-5296
Hotel,3-hotel,Byb Hotel Madrid Tres Cantos,Calle,De Santiago Ramón Y Cajal,21,,,,,,28760,Tres Cantos,HM-5318
Viviendas De Uso Turistico,Sin Categoria,"Augusto Figueroa, 47. Bajo A",Calle,De Augusto Figueroa,47,,,,BAJO,A,28004,Madrid,VT-6742
Viviendas De Uso Turistico,Sin Categoria,,Calle,Encinarejo,58,,,C,Bajo,C,28720,Bustarviejo,VT-15160
Hotel,1-hotel,Hotel Aym,Travesia,Móstoles,8,,,,,,28922,Alcorcón,HM-5284
Viviendas De Uso Turistico,Sin Categoria,"Lagasca, 21, Bajo Int. Dcha.",Calle,De Lagasca,21,,,Int.,Bajo,DCHA,28001,Madrid,VT-10806
Viviendas De Uso Turistico,Sin Categoria,"Mequinenza, 6, Bajo A",Calle,De Mequinenza,6,,,,BAJO,A,28022,Madrid,VT-10884
Casa Huespedes,Casa Huespedes,Essential Stays Madrid Getafe,Calle,Río Bembezar,8,,,,,,28906,Getafe,HM-5350
Viviendas De Uso Turistico,Sin Categoria,"López De Hoyos, 60, 7º4",Calle,De López De Hoyos,60,,,,7,4,,Madrid,VT-4463
Apart-turistico,1-apart-turistico,Apartamento Turistico,Calle,De Sófora,25,,local,,,,28020,Madrid,AM-1552
Viviendas De Uso Turistico,Sin Categoria,"Corregidor Diego De Valderrabano, 41",Calle,Del Corregidor Diego De Valderrábano,41,,,,1,IZQ,28030,Madrid,VT-5752
Viviendas De Uso Turistico,Sin Categoria,,Plaza,De Bami,29,,,,Bajo,13,28017,Madrid,VT-15387
Casa Rural,Casa Rural,El Jardín De Manuela,Paseo,De María Cristina,6,,,,,,28450,Collado Mediano,TR-498
Hostal,2-hostal,Bergantin,Calle,De La Victoria,1,,,,4,,28012,Madrid,HM-4088
Viviendas De Uso Turistico,Sin Categoria,,Calle,Teodosio,12,,,bajo,bajo,BAJO,28160,Talamanca De Jarama,VT-15245
Viviendas De Uso Turistico,Sin Categoria,,Calle,Dr Julio Gonzalez Villasante,26,,,NA,NA,N/A,28491,Navacerrada,VT-15337
Viviendas De Uso Turistico,Sin Categoria,,Calle,Robledo,51,,,,,,28214,Fresnedillas De La Oliva,VT-15341
Viviendas De Uso Turistico,Sin Categoria,"Ayala, 60-1º Centro",Calle,De Ayala,60,,,,1,CENTRO,,Madrid,VT-9748
Viviendas De Uso Turistico,Sin Categoria,,Calle,Coches,23,,,,,,28210,Valdemorillo,VT-15215
Viviendas De Uso Turistico,Sin Categoria,,Calle,San Bernardo,3,,,bajo,bajo,BAJO,28140,Fuente El Saz De Jarama,VT-15262
Apart-turistico,1-apart-turistico,Casa Bonita En Carolinas,Calle,De Las Carolinas,4,,A,,Bajo,,28039,Madrid,AM-1567
Casa Huespedes,Casa Huespedes,Castellana Norte Suites,Calle,De Marcelina,8,,,,,,28029,Madrid,HM-5299
Viviendas De Uso Turistico,Sin Categoria,"Jacometrezo, 15",Calle,De Jacometrezo,15,,,,9,F,28013,Madrid,VT-4650
Viviendas De Uso Turistico,Sin Categoria,"Santa Lucía, 19",Calle,De Santa Lucía,19,,,,BAJO,C,28004,Madrid,VT-5393
Viviendas De Uso Turistico,Sin Categoria,,Calle,Vica,2,,,,Bajo,,28743,Canencia,VT-15192
Viviendas De Uso Turistico,Sin Categoria,,Calle,De La Inmaculada Concepción,40,,,0,0,01,28019,Madrid,VT-15315
Viviendas De Uso Turistico,Sin Categoria,,Calle,Mayor,88,,,,3,,28801,Alcalá De Henares,VT-15257
Hostal,2-hostal,Hostal El Cruce,Calle,De Calderón De La Barca,4,ENTERO,,,,,28860,Paracuellos De Jarama,HM-4194
Casa Huespedes,Casa Huespedes,Top Iriarte Beddie & Brekkie Barrio Salamanca,Calle,De Iriarte,6,,,,,,28028,Madrid,HM-5259
Viviendas De Uso Turistico,Sin Categoria,,Calle,De Los Cerezos,6,,,,Bajo,,28391,Valdelaguna,VT-15366
Casa Huespedes,Casa Huespedes,Santa Maria De La Cabeza 129,Paseo,De Santa María De La Cabeza,129,,,,0,,28026,Madrid,HM-5313
Apart-turistico,1-apart-turistico,4 Apartamentos Turisticos De Una Llave,Carretera,M-607 A Navacerrada,3,,,,1,,28490,Moralzarzal,AM-1432
Viviendas De Uso Turistico,Sin Categoria,"Luchana, 13. 2º D",Calle,De Luchana,13,,,,2,D,28010,Madrid,VT-6682
Hotel,5-hotel,Nobu Hotel Madrid,Calle,De Alcalá,26,,,,,,28014,Madrid,HM-5321
Casa Huespedes,Casa Huespedes,Ch Alcalá Norte,Calle,De Zigia,3,,,,,,28027,Madrid,HM-5322
Apart-turistico,1-apart-turistico,Líbere Madrid Malasaña,Calle,Del Divino Pastor,9,,,,,,28004,Madrid,AM-1538
Viviendas De Uso Turistico,Sin Categoria,"Gravina, 4 2º Dcha.1",Calle,De Gravina,4,,,,2,DCHA.1,28004,Madrid,VT-10006
Viviendas De Uso Turistico,Sin Categoria,"Santa Ana, 5, 2º D",Plaza,De Santa Ana,5,,,,2,D,28012,Madrid,VT-5750
Casa Rural,Casa Rural,El Mirador De Chinchón,Cuesta,Del Hospital,4,,,,,,28370,Chinchón,TR-517
Casa Huespedes,Casa Huespedes,Dobo Alcorcon Vg29,Avenida,De Viñagrande,29,,,,,,28925,Alcorcón,HM-5306
Viviendas De Uso Turistico,Sin Categoria,,Calle,Presidente Adolfo Suárez,2,,,,,,28743,Garganta De Los Montes,VT-15254
Viviendas De Uso Turistico,Sin Categoria,,Avenida,Central,100,,P-198,,,,28294,Robledo De Chavela,VT-15293
Viviendas De Uso Turistico,Sin Categoria,,Calle,De Pérez Galdós,6,,,,5,B,28004,Madrid,VT-2409
Viviendas De Uso Turistico,Sin Categoria,,Calle,De Aldapa,4,,,IZQ,BAJO,DCHA,28025,Madrid,VT-15349
Viviendas De Uso Turistico,Sin Categoria,,Avenida,Del Galeón,80G,,,1,8,15,28680,San Martín De Valdeiglesias,VT-15362
Hotel,5-hotel,Nomade Temple Madrid,Calle,Gran Vía,11,,,,,,28013,Madrid,HM-4527
Pension,1-pension,Live It Gran Via,Calle,Gran Vía,36,,,,,,28013,Madrid,HM-5359
Viviendas De Uso Turistico,Sin Categoria,,Camino,De Los Rasos,6,,,,0,0,28492,"Boalo, El",VT-15307
Apart-turistico,1-apart-turistico,Miriam By Dozzze,Calle,Del Conde De La Cimera,6,,,,,,28040,Madrid,AM-1555
Viviendas De Uso Turistico,Sin Categoria,,Calle,De La Ventanilla,2,,,0,0,0,28450,Collado Mediano,VT-15388
Casa Huespedes,Casa Huespedes,Ch 35 Palacio Real - Hospital Moncloa,Avenida,De Valladolid,35,,,,Bajo,IZQ,28008,Madrid,HM-5327
Viviendas De Uso Turistico,Sin Categoria,"Bordadores, 11. 5 A",Calle,De Los Bordadores,11,,,,5,A,28013,Madrid,VT-6600
Hotel,2-hotel,Hotel Avenue Madrid,Calle,Fuensaviñan,3,,,,,,28022,Madrid,HM-4985
Hotel,3-hotel,Holiday Inn Express Madrid Airport,Avenida,De Aragón,402,,,,,,28022,Madrid,HM-5009
Apart-turistico,1-apart-turistico,The Madrid Studios,Calle,De Pico Mulhacén,7,,,,,,28038,Madrid,AM-1544
Pension,1-pension,Nuria,Calle,Del Almendro,5,ENTERO,,,,,28511,Valdilecha,HM-4904
Viviendas De Uso Turistico,Sin Categoria,,Calle,Encinarejo,56,,chalet,chalet,chalet,CHALET,28720,Bustarviejo,VT-15328
Viviendas De Uso Turistico,Sin Categoria,,Calle,De Martín De Los Heros,26,,,,BAJO,,28008,Madrid,VT-4984
Viviendas De Uso Turistico,Sin Categoria,"Montera, 43, 4 D",Calle,De La Montera,43,,,,4,D,28013,Madrid,VT-10863
Viviendas De Uso Turistico,Sin Categoria,,Calle,Del Agua,7,,,,1,1,28729,Navalafuente,VT-15206
Viviendas De Uso Turistico,Sin Categoria,,Calle,Pontevedra,46,,,,,,28600,Navalcarnero,VT-15210
Casa Huespedes,Casa Huespedes,Ch Plaza Castilla,Calle,De Las Magnolias,50,,,,,B,28029,Madrid,HM-5208
Viviendas De Uso Turistico,Sin Categoria,,Avenida,Del Galeón,80,8,,0,1,82B,28680,San Martín De Valdeiglesias,VT-15250
Casa Huespedes,Casa Huespedes,Hospedaje Colonia Vallecas,Calle,Sierra De La Cuerda Larga,37,,,3,0,A,28038,Madrid,HM-5018
Viviendas De Uso Turistico,Sin Categoria,,Calle,De Lope De Vega,26,,,,BAJO,A,28014,Madrid,VT-6575
Casa Huespedes,Casa Huespedes,Malasaña Luxury Suites,Calle,De Augusto Figueroa,3,,,,2,,28004,Madrid,HM-5316
Viviendas De Uso Turistico,Sin Categoria,,Calle,Colón,71,,,,,,28680,San Martín De Valdeiglesias,VT-15251
Casa Huespedes,Casa Huespedes,Casa De Huespedes,Calle,De Rafael Fernández Hijicos,42,,,,SM,05,28038,Madrid,HM-5326
Viviendas De Uso Turistico,Sin Categoria,,Calle,Críspulo Mingo Bravo,8,,,,,,28224,Pozuelo De Alarcón,VT-15256
Viviendas De Uso Turistico,Sin Categoria,,Calle,Del Príncipe,5,,,C,1,B4,28012,Madrid,VT-15278
Hostal,3-hostal,Bypillow Crosstown,Calle,Jesús Y María,12,,,,,,28012,Madrid,HM-5017
Casa Huespedes,Casa Huespedes,Casa De Huéspedes,Calle,De Carretas,14,,,,7,C2,28012,Madrid,HM-5342
Hotel,1-hotel,Nodis Madrid Arturo Soria,Calle,De Ramírez De Arellano,19,,,,,,28043,Madrid,HM-5343
Viviendas De Uso Turistico,Sin Categoria,"Juan Bravo 56, 2º B",Calle,De Juan Bravo,56,,,,2,B,28006,Madrid,VT-9649
Viviendas De Uso Turistico,Sin Categoria,,Calle,De San Bernardo,20,,,0,1,08,28015,Madrid,VT-15288
Pension,1-pension,Nuria,Calle,Del Espejo,25,,,,,,28511,Valdilecha,HM-5245
Viviendas De Uso Turistico,Sin Categoria,,Calle,De Valmojado,237,,,LC,BAJO,10,28047,Madrid,VT-15353
Viviendas De Uso Turistico,Sin Categoria,Vt-13745,Calle,De La Peña Del Cerro,4,,,,,,28729,Valdemanco,VT-13745
Viviendas De Uso Turistico,Sin Categoria,"Berruguete, 46",Calle,De Berruguete,46,,,,3,A,28039,Madrid,VT-9677
Casa Huespedes,Casa Huespedes,Puentelarra 24,Calle,De Puentelarra,24,,,,0,1,28031,Madrid,HM-5250
Casa Huespedes,Casa Huespedes,Casa De Huespedes Leon,Calle,Del León,30,,,,3,DCH,28014,Madrid,HM-5089
Pension,2-pension,Armesto,Calle,De San Agustín,6,,,,1,,28014,Madrid,HM-3252
Casa Huespedes,Casa Huespedes,Sin Determinar,Avenida,Río Duero,1,,,,,,28863,Cobeña,HM-5281
Casa Huespedes,Casa Huespedes,Casa Rural,Diseminado,La Cereda,s/n,,B,1,1,,28297,,HM-5293
Apart-turistico,1-apart-turistico,Urban Suite Live,Calle,Del Jazmín,56,,BAJO,2,BAJO,1,28033,Madrid,AM-1551
Viviendas De Uso Turistico,Sin Categoria,"Antonio Lopez 51, 4º D",Calle,De Antonio López,51,,,,4,D,,Madrid,VT-12856
Casa Huespedes,Casa Huespedes,El Gaitero 2,Calle,De Logroño,6,,,,,,28939,Arroyomolinos,HM-5270
Hotel,1-hotel,Golden Hotel Madrid,Plaza,De Cartaya,3,,,,,,28024,Madrid,HM-5176
Viviendas De Uso Turistico,Sin Categoria,,Calle,De Santuario,23,,00,00,0,B,28041,Madrid,VT-15241
Hotel,1-hotel,Hotel Bestprice Alegría,Calle,De Albasanz,30,,,,,,28037,Madrid,HM-5229
Casa Huespedes,Casa Huespedes,Ch Oporto,Glorieta,Rufino Novalvos,2,,,,,,28025,,HM-5266
Casa Huespedes,Casa Huespedes,Ch Madrid Sur,Calle,Simca,18,,,,,,28041,,HM-5267
Apart-turistico,1-apart-turistico,Apartamentos Turísticos,Calle,De San Claudio,117,,,,LC,1 A 4,28038,Madrid,AM-1564
Viviendas De Uso Turistico,Sin Categoria,"Almendro, 18 4º Izda.",Calle,Del Almendro,18,,,,4,IZQ,28005,Madrid,VT-6620
Viviendas De Uso Turistico,Sin Categoria,,Calle,Prados De Alderete,8,,,1,1,1,28440,Guadarrama,VT-15304
Hotel,5-hotel,Mercer Madrid,Calle,De Ruiz De Alarcón,5,,,,,,28014,Madrid,HM-5249
Viviendas De Uso Turistico,Sin Categoria,,Avenida,De La Condesa De Chinchón,15,,2,,1,C,28660,Boadilla Del Monte,VT-15352
Pension,2-pension,Garden House,Avenida,De Moratalaz,40FR,,,,,,28030,Madrid,HM-5039
Casa Rural,Casa Rural,Casas Rurales La Hiruela Servicios 2027,Calle,Pilón,22-24,,,,,,28191,"Hiruela, La",TR-516
Viviendas De Uso Turistico,Sin Categoria,,Calle,De José Bielsa,18,,,,BAJO,6,28026,Madrid,VT-15394
Viviendas De Uso Turistico,Sin Categoria,,Calle,Del Parque,12,,,,,,28293,Zarzalejo,VT-15205
Viviendas De Uso Turistico,Sin Categoria,"Josué Lillo, 29, 1 Int. Izq.",Calle,De Josué Lillo,29,,,Int.,1,IZQ,28053,Madrid,VT-7462
Viviendas De Uso Turistico,Sin Categoria,,Calle,De San José,10,,,,,,28470,Cercedilla,VT-15170
Apart-turistico,1-apart-turistico,Delicias 29,Paseo,Delicias,29,,,,B,L-20,28045,Madrid,AM-1481
Viviendas De Uso Turistico,Sin Categoria,,Calle,Bisques De La Jarosa,2,,,,,,28440,Guadarrama,VT-15299
Hostal,1-hostal,Pension Benamar,Calle,De San Mateo,20,,,,2-3,,28004,Madrid,HM-2683
Casa Huespedes,Casa Huespedes,Casa De Huéspedes Teverga,Calle,De Concejo De Teverga,17,,,,,,28053,Madrid,HM-5273
Casa Huespedes,Casa Huespedes,Barcelona 2,Calle,De Barcelona,2,,,,2,IZ,28012,Madrid,HM-5310
Hosterias,Sin Categoria,Hostels Palacio,Calle,De San Bernardo,63,,,,3,,28015,Madrid,HH-142
Viviendas De Uso Turistico,Sin Categoria,"Montera, 43, 2b",Calle,De La Montera,43,,,,2,B,28013,Madrid,VT-10847
Viviendas De Uso Turistico,Sin Categoria,,Calle,Prados Quemados,31,,,,,,28752,Lozoyuela-navas-sieteiglesias,VT-15200
Viviendas De Uso Turistico,Sin Categoria,"Arroyo De La Media Legua, 1 1º D",Calle,Del Arroyo De La Media Legua,1,,,,1,D,28030,Madrid,VT-10826
Casa Huespedes,Casa Huespedes,Casa De Huéspedes,Calle,De Sahagún,14,,,,BAJO,C,28925,Alcorcón,HM-5314
Casa Huespedes,Casa Huespedes,Casa De Huéspedes,Calle,Del Oriana,21,,,,PB,P3,28045,Madrid,HM-5348
Viviendas De Uso Turistico,Sin Categoria,,Calle,Puerto De Canencia,3,,,0,0,0,28729,Venturada,VT-15232
Viviendas De Uso Turistico,Sin Categoria,,Calle,De Coslada,24,,,,Bajo,LOCAL,28028,Madrid,VT-14028
Viviendas De Uso Turistico,Sin Categoria,,Calle,Río Duero,13,,,,,,28806,Alcalá De Henares,VT-15374
Casa Huespedes,Casa Huespedes,Casa Huéspedes,Calle,De Gutierre De Cetina,27,,,no,bajo,ESQUIN,28017,Madrid,HM-5308
Viviendas De Uso Turistico,Sin Categoria,"Pérez Galdós, 4, 2a",Calle,De Pérez Galdós,4,,,,2,A,28004,Madrid,VT-6911
Apart-turistico,1-apart-turistico,Apartamentos Turisticos,Calle,De La Argenta,1,,,,0,,28037,Madrid,AM-1562
Apart-turistico,2-apart-turistico,Leganes By Gaiarooms,Calle,Del Fútbol Sala,4,,,,,,28914,Leganés,AM-1563
Apart-turistico,1-apart-turistico,Apartamentos San Isidoro De Sevilla 4,Calle,San Isidoro De Sevilla,4,,,,0,A,28005,Madrid,AM-1453
Casa Huespedes,Casa Huespedes,Casa De Huespedes,Calle,De Sor María De Ágreda,30,,,,0,01,28017,Madrid,HM-5352
Viviendas De Uso Turistico,Sin Categoria,"Eros, 7, Portal D, 5 A",Calle,De Eros,7,,D,,5,A,28045,Madrid,VT-10995
Casa Huespedes,Casa Huespedes,Ópera Stays By Charming,Calle,De Los Caños Del Peral,9,,,,2,IZQ DCHA,28013,Madrid,HM-3260
Casa Huespedes,Casa Huespedes,Casa De Huéspedes,Calle,De Moratín,50,,,,3,DERECH,28014,Madrid,HM-5185
Hosterias,Sin Categoria,Far Home Bernabeu 1,Calle,De Asunción Castell,4,,,,,,28020,Madrid,HH-63
Hotel,3-hotel,Hotel Pax Atocha,Calle,De Las Canarias,51,,,,,,28045,Madrid,HM-5203
Casa Huespedes,Casa Huespedes,Ch Chamartín,Calle,De Las Magnolias,116,,,,,,28029,Madrid,HM-5237
Apart-turistico,1-apart-turistico,Casa Bonita Avenida De América,Calle,Del General Zabala,9,,,,Bajo,,28002,Madrid,AM-1573
Viviendas De Uso Turistico,Sin Categoria,"San Bartolome, 12-1º  Dcha",Calle,De San Bartolomé,12,,,,1,DCHA,28004,Madrid,VT-10768
Hostal,1-hostal,Hostal Las Vegas,Calle,De Almansa,6,,,,1-2-3,,28039,Madrid,HM-5311
Viviendas De Uso Turistico,Sin Categoria,,Calle,De Tánger,40,,,5,0,F,28006,Madrid,VT-15384
Apart-turistico,1-apart-turistico,Apartamentos Turísticos,Calle,De Andrés Borrego,7,,,,,,28004,Madrid,AM-1582
Viviendas De Uso Turistico,Sin Categoria,"Claudio Coello, 43, 1 Izq.",Calle,De Claudio Coello,43,,,,1,IZQ,28001,Madrid,VT-7987
Viviendas De Uso Turistico,Sin Categoria,"Presidente Carmona, 2 15º Dcha.",Avenida,Del Presidente Carmona,2,,,,15,DCHA,28020,Madrid,VT-10903
Viviendas De Uso Turistico,Sin Categoria,,Calle,De Alba De Tormes,7,,,,bajo,,28490,Becerril De La Sierra,VT-15208
Hotel Rural,3-hoja De Roble,Box Art Alpino,Avenida,De Madrid,58 BIS,,,,,,28491,Navacerrada,TR-433
Apart-turistico,1-apart-turistico,Feelathome Apartaments,Calle,De Roma,16,,,,,,28028,Madrid,AM-1415
Apart-turistico,2-apart-turistico,Prádena Del Rincón,Calle,Real,5,,,,,,28191,Prádena Del Rincón,AM-1408
Viviendas De Uso Turistico,Sin Categoria,"Segovia, 4, Portal A, Sótano A",Ronda,De Segovia,4,,,,SÓTANO,A,28005,Madrid,VT-4084
Viviendas De Uso Turistico,Sin Categoria,,Calle,Del Príncipe,5,,,C,1,B1,28012,Madrid,VT-15275
Viviendas De Uso Turistico,Sin Categoria,,Calle,De Pérez Galdós,6,,,,2,B,28004,Madrid,VT-1707
Apart-turistico,1-apart-turistico,Concepción Jerónima 3,Calle,De Concepción Jerónima,3,,,,1,,28012,Madrid,AM-1423
Hotel,3-hotel,Itaca Boutique Madrid,Calle,De Rufino González,10,,,,,,28037,Madrid,HM-5182
Viviendas De Uso Turistico,Sin Categoria,,Calle,Del Reventón,42,,,,,,28740,Rascafría,VT-15202
Viviendas De Uso Turistico,Sin Categoria,,Calle,De San Nicolás,11,,,1,SS,4,28701,San Sebastián De Los Reyes,VT-15252
Viviendas De Uso Turistico,Sin Categoria,,Avenida,De Los Linares,15,,,,Bajo,,28492,"Boalo, El",VT-15329
Hostal,1-hostal,Hostal,Calle,De Saldaña,5,,,,,,28019,Madrid,HM-5265
Hostal,3-hostal,Hostal Menoir Dorsett Madrid Usera,Calle,De Enrique Fuentes,122,,,,BAJO,,28026,Madrid,HM-5049
Casa Rural,Casa Rural,La Casa De La Rufi,Calle,De Jerónimo Mortal,46,,,,,,28380,Colmenar De Oreja,TR-467
Viviendas De Uso Turistico,Sin Categoria,,Camino,De Navahonda,SN,,,0,0,0,28214,Fresnedillas De La Oliva,VT-15375
Viviendas De Uso Turistico,Sin Categoria,,Calle,De Magallanes,3,,,0,0,0,28680,San Martín De Valdeiglesias,VT-15393
Viviendas De Uso Turistico,Sin Categoria,,Calle,De Campezo,14,,3,1,1,22,28022,Madrid,VT-2373
Viviendas De Uso Turistico,Sin Categoria,,Calle,De San Roque,5,,,,bajo,,28922,Alcorcón,VT-15165
Hostal,1-hostal,Hostal Quinta Santillan,Avenida,De La Coruña,3,,,,,,28830,San Fernando De Henares,HM-5007
Viviendas De Uso Turistico,Sin Categoria,,Calle,De San Bernardo,20,,,0,1,06,28015,Madrid,VT-15286
Casa Rural,Casa Rural,La Ventana Azul,Calle,Ave María,1,,,,,,3501,,TR-512
Apart-turistico,1-apart-turistico,Olala Cool Apartments,Calle,De Sierra Llerena,3,,,,,,28038,Madrid,AM-1429
Apart-turistico,1-apart-turistico,Sol,Calle,El Sol,13,,,,,,28911,Leganés,AM-1572
Casa Rural,Casa Rural,"Casa Rural ""la Torre""",Calle,San Esteban Baja,10,,,,,,28370,Chinchón,TR-502
Viviendas De Uso Turistico,Sin Categoria,,Calle,Colombia,16,,,0,0,0,28890,Loeches,VT-15309
Viviendas De Uso Turistico,Sin Categoria,,Calle,Del Doctor Fourquet,17,,,1,BAJA,L-30,28012,Madrid,VT-15263
Casa Huespedes,Casa Huespedes,Plaza España 2,Calle,Ronda Del Poniente,4,,,,bajo,IZQ,28850,Torrejón De Ardoz,HM-5058
Viviendas De Uso Turistico,Sin Categoria,,Calle,De Santa Cruz De Marcenado,8,,,,Bajo,IZQ,28015,Madrid,VT-15313
Casa Huespedes,Casa Huespedes,Lofts Torregrosa - Ifema,Calle,De Torregrosa,1,,,,,,28043,Madrid,HM-5231
Apart-turistico,1-apart-turistico,Dozzze - Madrid Río,Calle,Caramuel,38,,,,LC,2,28011,,AM-1547
Viviendas De Uso Turistico,Sin Categoria,,Calle,Linar,13,,,,0,0,28491,Navacerrada,VT-15320
Casa Rural,Casa Rural,Casa Dolly,Carretera,Santa Cruz De La Zarza,3,,,,,,28598,Villamanrique De Tajo,TR-513
Casa Rural,Casa Rural,La Casona De 1823,Calle,Olimillos,3,,,,,,28380,Colmenar De Oreja,TR-515
Viviendas De Uso Turistico,Sin Categoria,"Bercial, 3, 3b",Calle,De Bercial,3,,,,3,B,28005,Madrid,VT-10911
Viviendas De Uso Turistico,Sin Categoria,,Avenida,De José Hierro,94B,,4,,3,340,28521,Rivas-vaciamadrid,VT-14843
Viviendas De Uso Turistico,Sin Categoria,"Caridad, 3. 4º",Calle,De La Caridad,3,,,,4,,28007,Madrid,VT-6592
Viviendas De Uso Turistico,Sin Categoria,,Avenida,Del Galeón,80,,,0,1,213,28680,San Martín De Valdeiglesias,VT-15185
Viviendas De Uso Turistico,Sin Categoria,,Calle,Residencial Olma,8,,,2,Bajo,4,28794,Guadalix De La Sierra,VT-15204
Viviendas De Uso Turistico,Sin Categoria,,Calle,De Peña Gorbea,8,,,,BAJO,L1,28053,Madrid,VT-15213
Hostal,1-hostal,Le Petit Palu,Calle,De Fuencarral,31,,,,1,IZQ,,Madrid,HM-4836
Viviendas De Uso Turistico,Sin Categoria,,Calle,De Carare,6,,2,,BAJO,,28033,Madrid,VT-6717
Hosterias,Sin Categoria,Ronda9 Central Suites,Ronda,De Segovia,9,,,,,,28013,Madrid,HH-137
Apart-turistico,1-apart-turistico,Welcomer Apartments Salamanca,Calle,Del Conde De Vilches,16,,,,,,28028,Madrid,AM-1584
Hosterias,Sin Categoria,Hostel Wofy Bernabeu,Plaza,De San Amaro,7,,,,Bajo-L,,28020,Madrid,HH-128
Casa Huespedes,Casa Huespedes,Ch Plaza Elíptica,Calle,De Fermín Donaire,18,,,,,,28026,Madrid,HM-5276
Apart-turistico,1-apart-turistico,Apartamentos El Bosque De Usera,Calle,De Fermín Donaire,22,,,,,,28026,Madrid,AM-1568
Hosterias,Sin Categoria,Hostel,Calle,Del Puerto De Almansa,18,,,,L10,,28053,Madrid,HH-140
Hotel-apart.,1-hotel-apart.,Content Living,Avenida,De España,4,,,,,,28760,Tres Cantos,HM-5358
Viviendas De Uso Turistico,Sin Categoria,Vut,Calle,De Alburquerque,7,,,local,bajo,IZQ,28010,Madrid,VT-15211
Viviendas De Uso Turistico,Sin Categoria,"Arganzuela, 3-4º Pta. 2",Calle,De Arganzuela,3,,,,4,PTA. 2,28005,Madrid,VT-8423
Casa Huespedes,Casa Huespedes,San Bernardo 20,Calle,De San Bernardo,20,,,,1,,28015,Madrid,HM-5209
Viviendas De Uso Turistico,Sin Categoria,,Calle,De San Bernardo,20,,,0,1,10,28015,Madrid,VT-15290
Viviendas De Uso Turistico,Sin Categoria,,Calle,De San Bernardo,20,,,0,1,11,28015,Madrid,VT-15291
Viviendas De Uso Turistico,Sin Categoria,,Calle,De Ocaña,61,,,00,BAJO,06,28047,Madrid,VT-15342
Casa Huespedes,Casa Huespedes,Plaza 5 Rooms Vistalegre,Calle,De Juan Alonso,5,,,,0,1,28047,Madrid,HM-5279
Viviendas De Uso Turistico,Sin Categoria,,Calle,De La Botica,1,,,1,1,1,28470,Cercedilla,VT-15360
Viviendas De Uso Turistico,Sin Categoria,,Calle,De La Flor Alta,6,,,,3,F,28004,Madrid,VT-6962
Apart-turistico,1-apart-turistico,Paseo Talleres 70,Paseo,De Los Talleres,70,,,,,,28021,Madrid,AM-1540
Apart-turistico,1-apart-turistico,Eric Vãkel Ribera Suites,Calle,De Doña Berenguela,20,,,,,,28011,Madrid,AM-1566
Hotel,3-hotel,Byb Hotel Madrid San Fermín,Calle,De Magacela,6,,,,,,28041,Madrid,HM-5294
Hosterias,Sin Categoria,Atipico Alcala,Calle,De Alcalá,164,,,,,,28049,Madrid,HH-127
Viviendas De Uso Turistico,Sin Categoria,"Deyanira, 59, B, 4, 7",Calle,De Deyanira,59,,B,,4,7,28022,Madrid,VT-5466
Viviendas De Uso Turistico,Sin Categoria,"Deyanira, 59, A, 4, 23",Calle,De Deyanira,59,,A,,4,23,28022,Madrid,VT-5471
Hotel,1-hotel,Pleni Hotel,Calle,Del Otoño,47,,,,,,28022,Madrid,HM-5028
Viviendas De Uso Turistico,Sin Categoria,,Calle,Del Bonetillo,14,,,,1,1,28013,Madrid,VT-5170
Casa Huespedes,Casa Huespedes,Casa De Huéspedes,Calle,De La Aduana,33,,,,3,,28013,Madrid,HM-5303
Hotel,2-hotel,Hotel Velilla,Calle,Del Doctor Enrique Alcorta,34,,,,,,28891,Velilla De San Antonio,HM-4454
Casa Huespedes,Casa Huespedes,Casa De Huéspedes Boscán,Calle,De Juan Boscán,72,,,,,,28017,Madrid,HM-5305
Casa Huespedes,Casa Huespedes,Casa De Huéspedes,Calle,De La Aduana,33,,,,5,,28013,Madrid,HM-5354
Casa Huespedes,Casa Huespedes,Casa De Huéspedes,Calle,Del Marqués Viudo De Pontejos,3,,,,Bajo,,28012,Madrid,HM-5355
Casa Huespedes,Casa Huespedes,Casa De Huéspedes,Calle,Del Pez,9,,,,1,IZQUIE,28004,Madrid,HM-5356
Viviendas De Uso Turistico,Sin Categoria,,Calle,De La Arboleda,18,,,.,.,-,28293,Zarzalejo,VT-15219
Viviendas De Uso Turistico,Sin Categoria,,Calle,De La Paloma,13,,,0,0,0,28813,Pozuelo Del Rey,VT-15194
Hostal,3-hostal,Hostas Buenos Aires,Calle,Gran Vía,61,,,,2-3,,28013,Madrid,HM-3984
Hosterias,Sin Categoria,Multihostel,Calle,De Lavapiés,17,,,,BJ,IZQ,28012,Madrid,HH-82
Viviendas De Uso Turistico,Sin Categoria,"Zaragoza, 9, 5d",Calle,De Zaragoza,9,,,,5,D,28012,Madrid,VT-6773
Hotel-apart.,2-hotel-apart.,Apartahotel Golden Alcala,Paseo,Paseo De Los Pinos,2,,,,,,28806,Alcalá De Henares,HM-5004
Viviendas De Uso Turistico,Sin Categoria,,Calle,De Pérez Galdós,7,,1,1,1,A,28004,Madrid,VT-1695
Camping,4-camping,Monte Holiday,Finca,El Tercio Nuevo M-634,"0,200",,,,,,28739,Gargantilla Del Lozoya Y Pinilla De Buitrago,CM-24
Viviendas De Uso Turistico,Sin Categoria,,Calle,De La Flor,5,,,,Bajo,,28710,"Molar, El",VT-15371
Apart-turistico,1-apart-turistico,4 Apartamentos Turisticos Sambara 83,Calle,De Sambara,83,,,,LOCAL,,28027,Madrid,AM-1529
Viviendas De Uso Turistico,Sin Categoria,,Calle,De La Cruz De Los Caídos,6,,,,0,0,28752,Lozoyuela-navas-sieteiglesias,VT-15340
Casa Rural,Casa Rural,Finca El Endrinal,Carretera,M-539 (cebreros),44.800,,,,,,28294,Robledo De Chavela,TR-518
Viviendas De Uso Turistico,Sin Categoria,"Padilla, 56, 4e",Calle,De Padilla,56,,,,4,E,28006,Madrid,VT-11056
Viviendas De Uso Turistico,Sin Categoria,,Calle,Del Monte Jabalón,10,,,-,-,-,28660,Boadilla Del Monte,VT-15308
Viviendas De Uso Turistico,Sin Categoria,,Calle,De Ignacio,52,,,,Bajo,,28450,Collado Mediano,VT-15406
Casa Huespedes,Casa Huespedes,Casa De Huespedes,Calle,Del Arroyo De Las Pilillas,50,,,,,,28030,Madrid,HM-5361
Apartamento Rural,Apartamento Rural,El Esquileo,Calle,Del Infantado,10,,,,,,28730,Buitrago Del Lozoya,TR-452
Viviendas De Uso Turistico,Sin Categoria,,Avenida,Mirasierra,4,,,0,0,0,28440,Guadarrama,VT-15267
Apartamento Rural,Apartamento Rural,La Placita De La Hoya,Calle,Italia,1,,,,,,28297,Santa María De La Alameda,TR-500
Viviendas De Uso Turistico,Sin Categoria,,Calle,De Las Matas,51,,,,,,28294,Robledo De Chavela,VT-15188
Casa Huespedes,Casa Huespedes,Julian Besteiro 9,Calle,De Julián Besteiro,9,,,,BJ,,28020,Madrid,HM-5288
Viviendas De Uso Turistico,Sin Categoria,"Pza. Descubridor Diego Ordás, 2, Bloque 2, 4c",Plaza,Del Descubridor Diego De Ordás,2,2,,,4,C,28003,Madrid,VT-10886
Hotel-apart.,2-hotel-apart.,Hotel-apartamentos Atrium Centro Historico,Calle,Portilla,9,,,,VARIOS,,28801,Alcalá De Henares,HM-5221
Viviendas De Uso Turistico,Sin Categoria,,Calle,Del Doctor Santero,16,,,,local,B,28006,Madrid,VT-15322
Apart-turistico,1-apart-turistico,Olala Vallecano Apartments,Avenida,De La Albufera,135,,,,1-A-5,,28038,Madrid,AM-1440
Casa Rural,Casa Rural,Casa Rural La Vid,Calle,De La Iglesia,34,,,,,,28640,Cadalso De Los Vidrios,TR-317
Casa Huespedes,Casa Huespedes,Casa De Huéspedes,Calle,Delicias,5,,,,,,28944,Fuenlabrada,HM-5357
Hostal,2-hostal,Hostal El Torero,Avenida,De Madrid,18,ENTERO,,,,,28802,Alcalá De Henares,HM-3899
Hotel Rural,3-hoja De Roble,Hotel Spa La Casa Del Convento,Calle,De Zurita,7,,,,,,28370,Chinchón,TR-142
Casa Huespedes,Casa Huespedes,Dresgel,Calle,De Hilario Sangrador,4,,,,,,28011,Madrid,HM-5183
Apart-turistico,1-apart-turistico,Melquiades Biencinto 1,Calle,De Melquíades Biencinto,1,,,,,,28053,Madrid,AM-1421
Hosterias,Sin Categoria,Templo De Debod,Calle,Del Buen Suceso,23,,,,,,28008,Madrid,HH-83
Viviendas De Uso Turistico,Sin Categoria,"Alejandro Saint Aubin, 11, 2d",Calle,De Alejandro Saint Aubín,11,,,,2,D,28045,Madrid,VT-8435
Viviendas De Uso Turistico,Sin Categoria,,Calle,El Baile,16,,,,,,28729,Valdemanco,VT-15179
Casa Huespedes,Casa Huespedes,Ch Presidente Carmona 10,Avenida,Del Presidente Carmona,10,,,,,,28020,Madrid,HM-5340
Hostal,1-hostal,Hostal,Plaza,De La Puerta Del Sol,13,,,,3,DERECH,28013,Madrid,HM-5196
Casa Huespedes,Casa Huespedes,Jose Del Pino,Calle,José Del Pino,48,,,,0,IZQA,28021,Madrid,HM-5207
Hotel,4-hotel,Rafael Hoteles Atocha,Calle,De Méndez Álvaro,30,,,,,,28045,Madrid,HM-4232
Viviendas De Uso Turistico,Sin Categoria,,Calle,Del Doctor Cortezo,17,,,1,4,1,28012,Madrid,VT-15380
Hostal,1-hostal,By Pillow Callao,Calle,De Jacometrezo,1,,,,,,28013,Madrid,HM-5109
Viviendas De Uso Turistico,Sin Categoria,,Calle,De Bretón De Los Herreros,54,,,,1,3,28003,Madrid,VT-15368
Viviendas De Uso Turistico,Sin Categoria,,Calle,Tejar,2,,,,,,28296,Santa María De La Alameda,VT-15260
Hotel,4-hotel,Urban Hive Madrid,Calle,Del Fomento,2,,,,,,28013,Madrid,HM-5271
Viviendas De Uso Turistico,Sin Categoria,"Jardines, 23 Bajo Pta. Izq.",Calle,De Los Jardines,23,,,,BAJO,IZQ,28013,Madrid,VT-10767
Casa Huespedes,Casa Huespedes,Ch General Ricardos,Calle,Juanita,1,,,,,,28025,,HM-5337
Viviendas De Uso Turistico,Sin Categoria,,Calle,Los Navazos,11,,,,,,,Rascafría,VT-14218
Viviendas De Uso Turistico,Sin Categoria,"Núñez De Balboa, 114, 8 - 805",Calle,De Núñez De Balboa,114,,,,8,805,28006,Madrid,VT-7978
Apart-turistico,1-apart-turistico,Vistalegre Apartments,Calle,De Dolores Coca,9,,-,-,-,-,28025,Madrid,AM-1444
Casa Huespedes,Casa Huespedes,Ch Cuatro Torres,Calle,De La Virgen De Aránzazu,33,,,,BAJO,E,28034,Madrid,HM-5282
Pension,1-pension,Gengo Andevalo,Calle,De Andévalo,36,,,,En-Baj,A,28053,Madrid,HM-5301
Viviendas De Uso Turistico,Sin Categoria,"Lagasca, 21, Bajo Int. Izq.",Calle,De Lagasca,21,,,Int.,Bajo,IZQ,28001,Madrid,VT-10805
Viviendas De Uso Turistico,Sin Categoria,,Calle,De Peña Gorbea,8,,,,Bajo,L2,28053,Madrid,VT-15214
Casa Huespedes,Casa Huespedes,Ch Sarria,Calle,De Sarriá,28,,,,1,,28029,Madrid,HM-5218
Viviendas De Uso Turistico,Sin Categoria,,Calle,De Toledo,16,,,,1,DCHA,28005,Madrid,VT-519
Casa Huespedes,Casa Huespedes,Casa De Huéspedes,Calle,Gran Vía,55,,,,6,E,28013,Madrid,HM-5232
Pension,1-pension,Angelines,Calle,De Hilarión Eslava,12,,,,Bajo,C,28015,Madrid,HM-858
Casa Huespedes,Casa Huespedes,Madrid Urban Stay,Calle,De Achuri,15,,,,,,28017,Madrid,HM-5248
Apart-turistico,1-apart-turistico,Apartamentos Turisticos,Calle,Hermanos Fernández Carvajal,1,,,,,,28023,Pozuelo De Alarcón,AM-1580
Casa Huespedes,Casa Huespedes,Ch Antonio Machado,Calle,De Valderromán,4,,,,,,28035,Madrid,HM-5215
Casa Rural,Casa Rural,El Refugio De Maxi,Calle,De San Martín,1,,,,,,28695,Navas Del Rey,TR-504
Hotel,3-hotel,Hotel Aida,Avenida,Constitución,167,,,,,,28850,Torrejón De Ardoz,HM-4090
Viviendas De Uso Turistico,Sin Categoria,,Calle,Del Desengaño,11,,,Interi,3,B,28004,Madrid,VT-15271
Casa Huespedes,Casa Huespedes,Avenida De La Constitucion,Avenida,De La Constitución,74,,LOCAL,,,,28931,Móstoles,HM-5280
Casa Huespedes,Casa Huespedes,Casa De Huéspedes,Calle,De Antonio Velasco Zazo,41,,,,0,L-10,28026,Madrid,HM-5292
Viviendas De Uso Turistico,Sin Categoria,,Calle,Santa Ana,6,,,INT,BAJO,DCHA,28860,Madrid,VT-637
Casa Huespedes,Casa Huespedes,Casa De Huespedes,Calle,De Canapiare,10,,LOCAL,,,CASA 2,28033,Madrid,HM-5255
Pension,3-pension,Gv Hospitality,Calle,Gran Vía,59,,,,3,IZQUIE,28013,Madrid,HM-5317
Viviendas De Uso Turistico,Sin Categoria,"Montera, 43, 4 E",Calle,De La Montera,43,,,,4,E,28013,Madrid,VT-10864
Viviendas De Uso Turistico,Sin Categoria,"Augusto Figueroa, 47. 3º D",Calle,De Augusto Figueroa,47,,,,3,D,28004,Madrid,VT-6752
Casa Huespedes,Casa Huespedes,Casa Godeca,Calle,De Macuaje,5,,,,,L-20,28033,Madrid,HM-5226
Viviendas De Uso Turistico,Sin Categoria,,Avenida,De Pablo Neruda,80,,80,Única,2,B,28018,Madrid,VT-15270
Viviendas De Uso Turistico,Sin Categoria,,Calle,Península,38,,,,,361,28294,Robledo De Chavela,VT-15359
Hotel-apart.,2-hotel-apart.,Apartahotel Avenida De América Ii Tijcal,Calle,De María Teresa,11,,,,Local,9 Y 10,28028,Madrid,HM-5200
Viviendas De Uso Turistico,Sin Categoria,"Augusto Figueroa, 47. 2º A",Calle,De Augusto Figueroa,47,,,,2,A,28004,Madrid,VT-6746
Hostal,2-hostal,Miami,Calle,Gran Vía,44,,,,8,IZQ,28013,Madrid,HM-5330
Hotel,3-hotel,Password Atocha Rio,Paseo,De Santa María De La Cabeza,73,,,,,,28045,Madrid,HM-5344
